# Blender 4.3.2
# www.blender.org
mtllib old_radio — kopia.mtl
o front
v -13.785657 -1.012526 -2.874420
v 14.269128 -1.012526 -2.874420
v -13.785657 8.161797 -1.829006
v 14.269128 8.161797 -1.829006
v -13.407035 -7.577803 -1.798013
v 13.890506 -7.577803 -1.798013
v -13.407035 -1.397593 -2.872055
v 13.890506 -1.397593 -2.872055
v 7.720672 -1.012526 -2.874420
v 7.720672 8.161797 -1.829006
v 10.276245 -1.012526 -2.874420
v 10.276245 8.161797 -1.829006
v -13.785657 5.484699 -2.134061
v 14.269128 5.484699 -2.134061
v 7.720672 5.484699 -2.134061
v 10.276245 5.484699 -2.134061
v -13.785657 4.461987 -2.250599
v 14.269128 4.461987 -2.250599
v 7.720672 4.461988 -2.250599
v 10.276245 4.461988 -2.250599
v -3.032493 8.161797 -1.829006
v -3.032493 -1.012526 -2.874420
v -3.032493 5.484699 -2.134061
v -3.032493 4.461987 -2.250599
v 0.241735 -7.577803 -1.798013
v 0.241735 -1.397593 -2.872055
v 7.918015 4.548497 -2.560092
v 10.028903 4.548497 -2.560092
v 7.918015 5.299748 -2.466996
v 10.028903 5.299748 -2.466996
vn -0.0000 -0.1132 0.9936
vn -0.0000 0.1712 0.9852
vn -0.0000 -0.1230 0.9924
vt 0.849259 0.885529
vt 0.989212 0.885529
vt 0.989212 0.979971
vt 0.849259 0.979971
vt 0.497541 0.625470
vt 0.975942 0.625470
vt 0.975942 0.405602
vt 0.497541 0.405602
vt 0.382776 0.885529
vt 0.759684 0.885529
vt 0.759684 0.979971
vt 0.382776 0.979971
vt 0.382776 0.849450
vt 0.759684 0.849450
vt 0.849259 0.849450
vt 0.989213 0.849450
vt 0.849259 0.656322
vt 0.989213 0.656322
vt 0.382777 0.656322
vt 0.759684 0.656322
vt 0.005869 0.656322
vt 0.005869 0.849450
vt 0.005869 0.885529
vt 0.005869 0.979971
vt 0.019140 0.625470
vt 0.019140 0.405602
vt 0.531948 0.289432
vt 0.605936 0.289432
vt 0.605936 0.315966
vt 0.531948 0.315966
s 0
usemtl front
f 16/1/1 14/2/1 4/3/1 12/4/1
f 25/5/2 6/6/2 8/7/2 26/8/2
f 23/9/1 15/10/1 10/11/1 21/12/1
f 15/10/1 16/1/1 12/4/1 10/11/1
f 24/13/1 19/14/1 15/10/1 23/9/1
f 20/15/1 18/16/1 14/2/1 16/1/1
f 11/17/1 2/18/1 18/16/1 20/15/1
f 22/19/1 9/20/1 19/14/1 24/13/1
f 9/20/1 11/17/1 20/15/1 19/14/1
f 1/21/1 22/19/1 24/13/1 17/22/1
f 17/22/1 24/13/1 23/9/1 13/23/1
f 13/23/1 23/9/1 21/12/1 3/24/1
f 5/25/2 25/5/2 26/8/2 7/26/2
f 27/27/3 28/28/3 30/29/3 29/30/3
o base
v -12.135959 -9.597800 -1.456949
v -12.191045 -9.597800 -1.512035
v -10.784432 -9.597800 -1.512035
v -10.839519 -9.597800 -1.456949
v -12.191045 -9.597800 -2.808476
v -12.135959 -9.597800 -2.863562
v -10.839519 -9.597800 -2.863562
v -10.784432 -9.597800 -2.808476
v -12.024269 -10.888027 -1.678810
v -11.969184 -10.888027 -1.623725
v -11.962626 -10.942215 -1.685368
v -11.006293 -10.888027 -1.623725
v -10.951208 -10.888027 -1.678810
v -11.012851 -10.942215 -1.685368
v -12.024269 -10.888027 -2.641701
v -11.962626 -10.942215 -2.635143
v -11.969184 -10.888027 -2.696786
v -10.951208 -10.888027 -2.641701
v -11.006293 -10.888027 -2.696786
v -11.012851 -10.942215 -2.635143
v -12.029534 -10.847296 -2.646966
v -11.974448 -10.847296 -2.702051
v -10.945943 -10.847296 -2.646966
v -11.001029 -10.847296 -2.702051
v -10.945943 -10.847296 -1.673545
v -11.001029 -10.847296 -1.618460
v -12.029534 -10.847296 -1.673545
v -11.974448 -10.847296 -1.618460
v 10.711068 -9.597800 -1.456949
v 10.655982 -9.597800 -1.512035
v 12.062594 -9.597800 -1.512035
v 12.007510 -9.597800 -1.456949
v 10.655982 -9.597800 -2.808476
v 10.711068 -9.597800 -2.863562
v 12.007510 -9.597800 -2.863562
v 12.062594 -9.597800 -2.808476
v 10.822759 -10.888027 -1.678811
v 10.877843 -10.888027 -1.623725
v 10.884400 -10.942215 -1.685368
v 11.840732 -10.888027 -1.623725
v 11.895820 -10.888027 -1.678811
v 11.834176 -10.942215 -1.685368
v 10.822759 -10.888027 -2.641701
v 10.884400 -10.942215 -2.635143
v 10.877843 -10.888027 -2.696786
v 11.895820 -10.888027 -2.641701
v 11.840732 -10.888027 -2.696786
v 11.834176 -10.942215 -2.635143
v 10.817492 -10.847296 -2.646966
v 10.872579 -10.847296 -2.702051
v 11.901084 -10.847296 -2.646966
v 11.846000 -10.847296 -2.702051
v 11.901084 -10.847296 -1.673546
v 11.846000 -10.847296 -1.618460
v 10.817492 -10.847296 -1.673546
v 10.872579 -10.847296 -1.618460
v -12.135958 -9.597800 -10.632463
v -12.191043 -9.597800 -10.687550
v -10.784431 -9.597800 -10.687550
v -10.839517 -9.597800 -10.632463
v -12.191043 -9.597800 -11.983990
v -12.135958 -9.597800 -12.039076
v -10.839517 -9.597800 -12.039076
v -10.784431 -9.597800 -11.983990
v -12.024268 -10.888027 -10.854324
v -11.969182 -10.888027 -10.799239
v -11.962626 -10.942215 -10.860881
v -11.006292 -10.888027 -10.799239
v -10.951206 -10.888027 -10.854324
v -11.012850 -10.942215 -10.860881
v -12.024268 -10.888027 -11.817214
v -11.962626 -10.942215 -11.810658
v -11.969182 -10.888027 -11.872299
v -10.951206 -10.888027 -11.817214
v -11.006292 -10.888027 -11.872299
v -11.012850 -10.942215 -11.810658
v -12.029532 -10.847296 -11.822479
v -11.974447 -10.847296 -11.877564
v -10.945942 -10.847296 -11.822479
v -11.001027 -10.847296 -11.877564
v -10.945942 -10.847296 -10.849059
v -11.001027 -10.847296 -10.793974
v -12.029532 -10.847296 -10.849059
v -11.974447 -10.847296 -10.793974
v 10.711068 -9.597800 -10.632463
v 10.655982 -9.597800 -10.687550
v 12.062594 -9.597800 -10.687550
v 12.007510 -9.597800 -10.632463
v 10.655982 -9.597800 -11.983990
v 10.711068 -9.597800 -12.039076
v 12.007510 -9.597800 -12.039076
v 12.062594 -9.597800 -11.983990
v 10.822759 -10.888027 -10.854324
v 10.877843 -10.888027 -10.799239
v 10.884400 -10.942215 -10.860881
v 11.840732 -10.888027 -10.799239
v 11.895820 -10.888027 -10.854324
v 11.834176 -10.942215 -10.860881
v 10.822759 -10.888027 -11.817214
v 10.884400 -10.942215 -11.810658
v 10.877843 -10.888027 -11.872299
v 11.895820 -10.888027 -11.817214
v 11.840732 -10.888027 -11.872299
v 11.834176 -10.942215 -11.810658
v 10.817492 -10.847296 -11.822479
v 10.872579 -10.847296 -11.877564
v 11.901084 -10.847296 -11.822479
v 11.846000 -10.847296 -11.877564
v 11.901084 -10.847296 -10.849059
v 11.846000 -10.847296 -10.793974
v 10.817492 -10.847296 -10.849059
v 10.872579 -10.847296 -10.793974
v 11.767653 9.532557 0.000000
v 14.366937 -9.066326 -0.000000
v 12.048848 -9.798270 -0.000001
v 14.435700 8.372239 0.000000
v 15.137425 -5.055799 -0.000000
v 15.178815 -0.042330 -0.000000
v 15.073565 3.647429 0.000000
v 8.968953 -9.798270 -0.000001
v 8.885030 9.732635 0.000000
v 14.919244 6.070975 0.000000
v 14.999291 -7.231152 -0.000000
v 14.765895 7.282750 0.000000
v 14.765302 -8.219685 -0.000000
v 13.075776 -9.746480 -0.000000
v 13.110583 9.305871 0.000000
v 13.703012 -9.585363 -0.000000
v 13.796655 9.018857 0.000000
v 13.309222 8.305123 0.000000
v 12.980802 -8.017508 -0.000000
v 12.620149 8.602338 0.000000
v 12.388061 -8.135288 -0.000000
v 11.767653 9.532557 -13.190535
v 14.366937 -9.066326 -13.190535
v 12.048848 -9.798270 -13.190535
v 14.435700 8.372239 -13.190535
v 15.137425 -5.055799 -13.190535
v 15.178815 -0.042330 -13.190535
v 15.073565 3.647429 -13.190535
v 8.968953 -9.798270 -13.190535
v 8.885030 9.732636 -13.190535
v 14.919244 6.070977 -13.190535
v 14.999291 -7.231152 -13.190535
v 14.765895 7.282750 -13.190535
v 14.765302 -8.219685 -13.190535
v 13.075776 -9.746479 -13.190535
v 13.110583 9.305871 -13.190535
v 13.703012 -9.585363 -13.190535
v 13.796655 9.018857 -13.190535
v 13.756051 -7.252639 -0.000000
v 13.899404 7.191159 0.000000
v 13.937930 -6.460380 -0.000000
v 13.976190 5.841786 0.000000
v 8.698352 8.875852 0.000000
v 8.592019 -8.139957 -0.000000
v 14.086108 3.458293 0.000000
v 14.129785 -0.041884 -0.000000
v 14.020234 -4.972504 -0.000000
v 13.669776 7.893714 0.000000
v 11.537379 -8.138528 -0.000000
v 13.463372 -7.683910 -0.000000
v 11.332702 8.738479 0.000000
v 11.253701 9.018317 -13.190535
v 13.633475 -8.478794 -13.190535
v 11.495627 -9.247743 -13.190535
v 13.769219 7.874698 -13.190535
v 14.437654 -4.778816 -13.190535
v 14.547324 -0.054522 -13.190535
v 14.376821 3.422413 -13.190535
v 8.561870 -9.247743 -13.190535
v 8.561870 9.270036 -13.190535
v 14.229823 5.706171 -13.190535
v 14.220365 -6.700825 -13.190535
v 14.083747 6.848050 -13.190535
v 13.982026 -7.668477 -13.190535
v 12.473826 -9.198939 -13.190535
v 12.506980 8.754479 -13.190535
v 12.989810 -9.035997 -13.190535
v 13.160502 8.484019 -13.190535
v 11.253701 9.018317 -12.721034
v 13.633475 -8.478794 -12.721034
v 11.495627 -9.247743 -12.721034
v 13.769219 7.874698 -12.721034
v 14.437654 -4.778816 -12.721034
v 14.547324 -0.054522 -12.721034
v 14.376821 3.422413 -12.721034
v 8.561870 -9.247743 -12.721034
v 8.561870 9.270036 -12.721034
v 14.229823 5.706171 -12.721034
v 14.220365 -6.700825 -12.721034
v 14.083747 6.848050 -12.721034
v 13.982026 -7.668477 -12.721034
v 12.473826 -9.198939 -12.721034
v 12.506980 8.754479 -12.721034
v 12.989810 -9.035997 -12.721034
v 13.160502 8.484019 -12.721034
v 13.712375 -1.580232 -2.465020
v 13.712375 -1.077370 -2.465020
v 13.712375 -1.787058 -3.193778
v 13.712375 -0.870543 -3.193778
v 15.178815 -0.042330 -0.109547
v 15.073565 3.647429 -0.109547
v 14.765895 7.282750 -0.109547
v 14.435700 8.372239 -0.109547
v 13.075776 -9.746480 -0.109547
v 13.703012 -9.585363 -0.109547
v 8.968953 -9.798270 -0.109547
v 12.048848 -9.798270 -0.109547
v 13.796655 9.018857 -0.109547
v 11.767653 9.532557 -0.109547
v 8.885030 9.732635 -0.109547
v 13.110583 9.305871 -0.109547
v 14.366937 -9.066326 -0.109547
v 14.765302 -8.219685 -0.109547
v 14.919244 6.070975 -0.109547
v 14.999291 -7.231152 -0.109547
v 15.137425 -5.055799 -0.109547
v 15.178815 -0.042330 -13.108857
v 14.765895 7.282750 -13.108857
v 13.075776 -9.746479 -13.108857
v 11.767653 9.532557 -13.108857
v 13.110583 9.305871 -13.108857
v 14.366937 -9.066326 -13.108857
v 15.073565 3.647429 -13.108857
v 14.435700 8.372239 -13.108857
v 13.703012 -9.585363 -13.108857
v 8.968953 -9.798270 -13.108857
v 12.048848 -9.798270 -13.108857
v 13.796655 9.018857 -13.108857
v 8.885030 9.732636 -13.108857
v 14.765302 -8.219685 -13.108857
v 14.919244 6.070977 -13.108857
v 14.999291 -7.231152 -13.108857
v 15.137425 -5.055799 -13.108857
v 13.765195 7.872317 -12.721034
v 14.225661 5.704427 -12.721034
v 14.079625 6.845971 -12.721034
v 8.559367 -9.245111 -12.721034
v 8.559367 9.267249 -12.721034
v 11.250409 9.015603 -12.721034
v 12.986009 -9.033427 -12.721034
v 12.470181 -9.196321 -12.721034
v 14.372615 3.421338 -12.721034
v 12.503324 8.751842 -12.721034
v 13.156651 8.481462 -12.721034
v 13.977935 -7.666306 -12.721034
v 14.433431 -4.777491 -12.721034
v 13.629489 -8.476386 -12.721034
v 11.492265 -9.245111 -12.721034
v 14.543069 -0.054580 -12.721034
v 14.216207 -6.698938 -12.721034
v 14.220365 -6.700825 -13.148442
v 14.437654 -4.778816 -13.148442
v 13.633475 -8.478794 -13.148442
v 13.982026 -7.668477 -13.148442
v 14.547324 -0.054522 -13.148442
v 11.495627 -9.247743 -13.148442
v 12.473826 -9.198939 -13.148442
v 14.376821 3.422413 -13.148442
v 12.989810 -9.035997 -13.148442
v 13.160502 8.484019 -13.148442
v 12.506980 8.754479 -13.148442
v 8.561870 -9.247743 -13.148442
v 14.083747 6.848050 -13.148442
v 13.769219 7.874698 -13.148442
v 11.253701 9.018317 -13.148442
v 8.561870 9.270036 -13.148442
v 14.229823 5.706171 -13.148442
v 15.081841 -5.033797 -13.190535
v 15.122796 -0.043298 -13.190535
v 12.004905 -9.754539 -13.190535
v 13.027961 -9.702987 -13.190535
v 15.018220 3.629556 -13.190535
v 13.653152 -9.542664 -13.190535
v 14.314534 -9.026335 -13.190535
v 13.746125 8.976373 -13.190535
v 13.062634 9.262073 -13.190535
v 8.936616 -9.754539 -13.190535
v 14.711709 7.248221 -13.190535
v 14.382758 8.332717 -13.190535
v 11.724668 9.487475 -13.190535
v 8.852695 9.686330 -13.190535
v 14.864482 6.041999 -13.190535
v 14.711518 -8.183633 -13.190535
v 14.944566 -7.199805 -13.190535
v 14.471713 -4.792297 -13.190535
v 11.522553 -9.274539 -13.190535
v 13.020358 -9.062162 -13.190535
v 13.191464 8.510051 -13.190535
v 14.116950 6.869210 -13.190535
v 11.280042 9.045941 -13.190535
v 14.014981 -7.690567 -13.190535
v 14.581649 -0.053928 -13.190535
v 12.503127 -9.225591 -13.190535
v 14.410733 3.433366 -13.190535
v 13.665584 -8.503300 -13.190535
v 12.536357 8.781316 -13.190535
v 8.581685 -9.274539 -13.190535
v 13.801661 7.898913 -13.190535
v 8.581685 9.298409 -13.190535
v 14.263377 5.723927 -13.190535
v 14.253901 -6.720033 -13.190535
v 13.057103 9.228822 0.000000
v 11.712420 9.435821 0.000000
v 8.854968 9.624337 0.000000
v 13.743731 8.940692 0.000000
v 11.992440 -9.612099 -0.000001
v 8.926801 -9.612099 -0.000001
v 13.000209 -9.565949 -0.000000
v 14.351264 8.320603 0.000000
v 14.963925 3.627184 0.000000
v 13.633035 -9.411163 -0.000000
v 14.275058 -8.921743 -0.000000
v 15.053813 -0.042279 -0.000000
v 14.814952 6.047100 0.000000
v 14.669896 7.274871 0.000000
v 15.013215 -5.048231 -0.000000
v 14.665168 -8.123583 -0.000000
v 14.891315 -7.161540 -0.000000
v 13.305253 8.300599 0.007419
v 12.976890 -8.009125 0.007419
v 12.616717 8.596406 0.007420
v 12.387942 -8.125806 0.007419
v 13.749879 -7.249228 0.007419
v 13.892632 7.188172 0.007419
v 13.930274 -6.458704 0.007419
v 13.972531 5.840080 0.007419
v 8.695373 8.867017 0.007420
v 8.589141 -8.127844 0.007419
v 14.079349 3.456935 0.007419
v 14.122737 -0.041548 0.007419
v 14.014949 -4.971383 0.007419
v 13.665177 7.889361 0.007419
v 11.532958 -8.127844 0.007419
v 13.457767 -7.680133 0.007419
v 11.329894 8.731715 0.007420
v 13.162776 8.131328 0.007419
v 12.869294 -7.855588 0.007419
v 12.485469 8.410554 0.007419
v 12.274941 -7.960395 0.007419
v 13.587195 -7.124786 0.007419
v 13.733180 7.037061 0.007419
v 13.763505 -6.341755 0.007419
v 13.819524 5.685182 0.007419
v 8.599553 8.692607 0.007420
v 8.495406 -7.966271 0.007419
v 13.924249 3.365840 0.007419
v 13.966783 -0.038977 0.007419
v 13.861108 -4.836826 0.007419
v 13.514747 7.720698 0.007419
v 11.381486 -7.966271 0.007419
v 13.305737 -7.548530 0.007419
v 11.197772 8.557609 0.007420
v 13.305253 8.300599 -0.314222
v 12.976890 -8.009125 -0.314223
v 12.616717 8.596406 -0.314222
v 12.387942 -8.125806 -0.314223
v 13.749879 -7.249228 -0.314223
v 13.892632 7.188172 -0.314222
v 13.930274 -6.458704 -0.314223
v 13.972531 5.840080 -0.314223
v 8.695373 8.867017 -0.314222
v 8.589141 -8.127844 -0.314223
v 14.079349 3.456935 -0.314223
v 14.122737 -0.041548 -0.314223
v 14.014949 -4.971383 -0.314223
v 13.665177 7.889361 -0.314223
v 11.532958 -8.127844 -0.314223
v 13.457767 -7.680133 -0.314223
v 11.329894 8.731715 -0.314222
v 13.162776 8.131328 -0.418869
v 12.869294 -7.855588 -0.418869
v 12.485469 8.410554 -0.418869
v 12.274941 -7.960395 -0.418869
v 13.587195 -7.124786 -0.418869
v 13.733180 7.037061 -0.418869
v 13.763505 -6.341755 -0.418869
v 13.819524 5.685182 -0.418869
v 8.599553 8.692607 -0.418869
v 8.495406 -7.966271 -0.418869
v 13.924249 3.365840 -0.418869
v 13.966783 -0.038977 -0.418869
v 13.861108 -4.836826 -0.418869
v 13.514747 7.720698 -0.418869
v 11.381486 -7.966271 -0.418869
v 13.305737 -7.548530 -0.418869
v 11.197772 8.557609 -0.418869
v 13.309222 8.305123 -1.534756
v 12.980802 -8.017508 -1.534756
v 12.620149 8.602338 -1.534756
v 12.388061 -8.135288 -1.534756
v 13.756051 -7.252639 -1.534756
v 13.899404 7.191159 -1.534756
v 13.937930 -6.460380 -1.534757
v 13.976190 5.841786 -1.534756
v 8.698352 8.875852 -1.534756
v 8.592019 -8.139957 -1.534757
v 14.086108 3.458293 -1.534756
v 14.129785 -0.041884 -1.534756
v 14.020234 -4.972504 -1.534756
v 13.669776 7.893714 -1.534756
v 11.537379 -8.138528 -1.534757
v 13.463372 -7.683910 -1.534756
v 11.332702 8.738479 -1.534756
v 13.976190 5.841786 -0.059556
v 14.086108 3.458293 -0.059556
v 13.309222 8.305123 -0.059556
v 13.669776 7.893714 -0.059556
v 11.537379 -8.138528 -0.059556
v 8.592019 -8.139957 -0.059556
v 8.698352 8.875852 -0.059556
v 11.332702 8.738479 -0.059556
v 12.980802 -8.017508 -0.059556
v 12.388061 -8.135288 -0.059556
v 13.899404 7.191159 -0.059556
v 12.620149 8.602338 -0.059556
v 13.463372 -7.683910 -0.059556
v 14.129785 -0.041884 -0.059556
v 14.020234 -4.972504 -0.059556
v 13.756051 -7.252639 -0.059556
v 13.937930 -6.460380 -0.059556
v 8.716067 8.939675 0.000000
v 13.340411 8.351186 0.000000
v 11.570626 -8.248244 -0.000000
v 8.616862 -8.249674 -0.000000
v 13.719535 7.924144 0.000000
v 14.150722 3.470223 0.000000
v 13.517520 -7.769117 -0.000000
v 14.203452 -0.041914 -0.000000
v 13.955976 7.195804 0.000000
v 14.093436 -4.976964 -0.000000
v 14.001563 -6.501405 -0.000000
v 12.651668 8.647744 0.000000
v 11.365251 8.795487 0.000000
v 12.432593 -8.241680 -0.000000
v 13.022040 -8.120168 -0.000000
v 14.037648 5.855857 0.000000
v 13.815063 -7.309276 -0.000000
v 10.345622 9.657729 0.000000
v 10.345622 9.657729 -13.190535
v 10.054109 8.811975 0.000000
v 9.932736 9.194076 -13.190535
v 9.932736 9.194076 -12.721034
v 10.345622 9.657729 -0.109547
v 10.345622 9.657729 -13.108857
v 9.929839 9.191325 -12.721034
v 9.932736 9.194076 -13.148442
v 10.307961 9.612035 -13.190535
v 9.955813 9.222075 -13.190535
v 10.302974 9.555209 0.000000
v 10.054109 8.811975 -1.534756
v 10.054109 8.811975 -0.059556
v 10.079242 8.872392 0.000000
v 10.050817 8.803430 0.007420
v 9.929553 8.631223 0.007420
v 10.050817 8.803430 -0.314222
v 9.929553 8.631223 -0.418869
v 9.928279 8.621425 -0.049207
v 11.196736 8.548009 -0.049207
v 13.300227 -7.542409 -0.049208
v 11.378858 -7.960511 -0.049208
v 13.510287 7.716386 -0.049207
v 13.854621 -4.835437 -0.049208
v 13.959846 -0.039020 -0.049208
v 13.916623 3.363471 -0.049208
v 8.493356 -7.960632 -0.049208
v 8.598256 8.682469 -0.049207
v 13.816476 5.683835 -0.049207
v 13.755097 -6.337876 -0.049208
v 13.728957 7.036012 -0.049207
v 13.581067 -7.121390 -0.049208
v 12.270997 -7.952774 -0.049208
v 12.483836 8.404189 -0.049207
v 12.865512 -7.848367 -0.049208
v 13.158748 8.126355 -0.049207
v 4.477658 9.878934 0.000000
v 4.477658 9.878934 -13.190535
v 4.347334 9.027413 0.000000
v 4.291697 9.271724 -13.190535
v 4.291697 9.271724 -12.721034
v 4.477658 9.878934 -0.109547
v 4.477658 9.878934 -13.108857
v 4.290444 9.268907 -12.721034
v 4.291697 9.271724 -13.148442
v 4.461491 9.832164 -13.190535
v 4.301602 9.300382 -13.190535
v 4.462626 9.772353 0.000000
v 4.347334 9.027413 -1.534756
v 4.347334 9.027413 -0.059556
v 4.356192 9.090224 0.000000
v 4.343325 9.016007 0.007420
v 4.295416 8.838490 0.007420
v 4.343325 9.016007 -0.314222
v 4.295416 8.838490 -0.418869
v 4.295300 8.829951 -0.049207
v 9.928279 8.621425 -0.896325
v 11.196736 8.548009 -0.896325
v 13.300227 -7.542409 -0.896326
v 11.378858 -7.960511 -0.896326
v 13.510287 7.716386 -0.896326
v 13.854621 -4.835437 -0.896326
v 13.959846 -0.039020 -0.896326
v 13.916623 3.363471 -0.896326
v 8.493356 -7.960632 -0.896326
v 8.598256 8.682469 -0.896325
v 13.816476 5.683835 -0.896326
v 13.755097 -6.337876 -0.896326
v 13.728957 7.036012 -0.896326
v 13.581067 -7.121390 -0.896326
v 12.270997 -7.952774 -0.896326
v 12.483836 8.404189 -0.896326
v 12.865512 -7.848367 -0.896326
v 13.158748 8.126355 -0.896326
v 4.295300 8.829951 -0.896325
v 9.894626 8.383267 -0.049207
v 11.148787 8.313420 -0.049207
v 13.105718 -7.342469 -0.049208
v 11.268859 -7.712819 -0.049208
v 13.310321 7.570851 -0.049207
v 13.600583 -4.752415 -0.049208
v 13.724648 -0.025463 -0.049208
v 13.682738 3.329041 -0.049208
v 8.425422 -7.712819 -0.049208
v 8.575587 8.451644 -0.049207
v 13.584222 5.624502 -0.049207
v 13.518794 -6.178528 -0.049208
v 13.520720 6.919301 -0.049207
v 13.372115 -6.937175 -0.049208
v 12.109782 -7.704171 -0.049208
v 12.406842 8.180793 -0.049207
v 12.664208 -7.627731 -0.049208
v 12.987824 7.933991 -0.049207
v 4.287495 8.588078 -0.049207
v 9.393172 7.399802 -3.025733
v 10.727048 7.315469 -3.025733
v 12.483668 -7.003052 -3.025733
v 10.455878 -7.131497 -3.025733
v 12.669065 6.898156 -3.025733
v 12.712436 -4.518331 -3.025733
v 12.712436 0.079434 -3.025733
v 12.712436 3.040475 -3.025733
v 7.945964 -7.131497 -3.025733
v 7.888623 7.494182 -3.025733
v 12.712436 5.066691 -3.025733
v 12.712436 -5.833874 -3.025733
v 12.718698 6.481801 -3.025733
v 12.605411 -6.588593 -3.025733
v 11.501536 -7.127643 -3.025733
v 12.053014 7.221076 -3.025733
v 12.141198 -7.150898 -3.025733
v 12.486466 7.116633 -3.025733
v 3.838877 7.642018 -3.025733
v 11.378858 -7.960511 -0.058748
v 8.493356 -7.960632 -0.058748
v 12.483836 8.404189 -0.058747
v 13.158748 8.126355 -0.058747
v 4.295300 8.829951 -0.058747
v 13.510287 7.716386 -0.058747
v 12.865512 -7.848367 -0.058748
v 12.270997 -7.952774 -0.058748
v 13.854621 -4.835437 -0.058748
v 13.755097 -6.337876 -0.058748
v 8.598256 8.682469 -0.058747
v 9.928279 8.621425 -0.058747
v 13.916623 3.363471 -0.058747
v 13.959846 -0.039020 -0.058748
v 13.728957 7.036012 -0.058747
v 13.816476 5.683835 -0.058747
v 11.196736 8.548009 -0.058747
v 13.581067 -7.121390 -0.058748
v 13.300227 -7.542409 -0.058748
v 11.257792 -7.704906 -0.086449
v 8.418897 -7.704906 -0.086449
v 12.402024 8.167727 -0.086448
v 12.981000 7.922866 -0.086448
v 4.281388 8.575200 -0.086448
v 13.301589 7.561694 -0.086448
v 12.657088 -7.621241 -0.086449
v 12.101502 -7.696323 -0.086449
v 13.588494 -4.749228 -0.086448
v 13.507819 -6.173837 -0.086449
v 8.566237 8.438611 -0.086448
v 9.887799 8.369880 -0.086448
v 13.669528 3.325113 -0.086448
v 13.710872 -0.024035 -0.086448
v 13.509805 6.913346 -0.086448
v 13.572358 5.616908 -0.086448
v 11.143050 8.299838 -0.086448
v 13.361678 -6.932429 -0.086449
v 13.097249 -7.337849 -0.086449
v 8.432473 -7.734193 -0.049208
v 11.280213 -7.734193 -0.049208
v 13.000886 7.949660 -0.049207
v 12.408389 8.201493 -0.049207
v 4.288280 8.608880 -0.049207
v 13.327050 7.582028 -0.049207
v 12.120502 -7.726378 -0.049208
v 12.677596 -7.645339 -0.049208
v 13.541860 -6.189209 -0.049208
v 13.623775 -4.760936 -0.049208
v 9.896787 8.403836 -0.049207
v 8.576850 8.471318 -0.049207
v 13.745503 -0.026828 -0.049208
v 13.703526 3.332757 -0.049208
v 13.604274 5.630377 -0.049207
v 13.538945 6.926862 -0.049207
v 11.150437 8.334056 -0.049207
v 13.391473 -6.948921 -0.049208
v 13.122678 -7.355825 -0.049208
v 11.361821 -7.928452 -0.049208
v 12.481519 8.373134 -0.049207
v 12.845433 -7.821955 -0.049208
v 13.819839 -4.822655 -0.049208
v 8.596364 8.652959 -0.049207
v 13.885438 3.357899 -0.049208
v 13.701621 7.024671 -0.049207
v 11.194266 8.517056 -0.049207
v 8.482780 -7.928573 -0.049208
v 13.139157 8.102851 -0.049207
v 4.294120 8.798747 -0.049207
v 13.485192 7.699622 -0.049207
v 12.254918 -7.919463 -0.049208
v 13.720498 -6.321855 -0.049208
v 9.925038 8.590571 -0.049207
v 13.928563 -0.036973 -0.049208
v 13.786401 5.675021 -0.049207
v 13.552033 -7.103771 -0.049208
v 13.274787 -7.522375 -0.049208
v 13.712375 -1.053802 -2.548058
v 13.712375 -1.146290 -2.465020
v 13.712375 -1.522623 -2.465020
v 13.712375 -1.594497 -2.515279
v 12.923091 -7.932356 0.033887
v 12.331443 -8.043100 0.033887
v 13.589961 7.805030 0.033887
v 13.812907 7.112617 0.033887
v 8.542274 -8.047057 0.033887
v 12.551091 8.503480 0.033887
v 13.234014 8.215964 0.033887
v 13.381753 -7.614331 0.033887
v 14.001798 3.411387 0.033887
v 14.044761 -0.040262 0.033887
v 11.457223 -8.047057 0.033887
v 13.938027 -4.904104 0.033887
v 13.668538 -7.187008 0.033887
v 13.846889 -6.400229 0.033887
v 13.896029 5.762631 0.033887
v 8.647462 8.779811 0.033887
v 11.263833 8.644662 0.033887
v 9.990184 8.717326 0.033887
v 4.319370 8.927249 0.033887
v 14.220365 -6.700825 -12.781116
v 13.633475 -8.478794 -12.781116
v 11.495627 -9.247743 -12.781116
v 12.989810 -9.035997 -12.781116
v 13.160502 8.484019 -12.781116
v 14.083747 6.848050 -12.781116
v 11.253701 9.018317 -12.781116
v 14.437654 -4.778816 -12.781116
v 13.982026 -7.668477 -12.781116
v 14.547324 -0.054522 -12.781116
v 12.473826 -9.198939 -12.781116
v 14.376821 3.422413 -12.781116
v 12.506980 8.754479 -12.781116
v 8.561870 -9.247743 -12.781116
v 13.769219 7.874698 -12.781116
v 8.561870 9.270036 -12.781116
v 14.229823 5.706171 -12.781116
v 9.932736 9.194076 -12.781116
v 4.291697 9.271724 -12.781116
v -11.767653 9.532557 0.000000
v -14.366937 -9.066326 -0.000000
v -12.048847 -9.798270 -0.000001
v -14.435697 8.372239 0.000000
v 0.000001 -9.798270 -0.000001
v 0.000001 9.933370 0.000000
v -15.137424 -5.055799 -0.000000
v -15.178812 -0.042330 -0.000000
v -15.073562 3.647429 0.000000
v -8.968951 -9.798270 -0.000001
v -8.885029 9.732635 0.000000
v -14.919244 6.070975 0.000000
v -14.999290 -7.231152 -0.000000
v -14.765892 7.282750 0.000000
v -14.765301 -8.219685 -0.000000
v -13.075775 -9.746480 -0.000000
v -13.110580 9.305871 0.000000
v -13.703008 -9.585363 -0.000000
v -13.796654 9.018857 0.000000
v -13.309221 8.305123 0.000000
v -12.980801 -8.017508 -0.000000
v -12.620148 8.602338 0.000000
v -12.388058 -8.135288 -0.000000
v -11.767653 9.532557 -13.190535
v -14.366937 -9.066326 -13.190535
v -12.048847 -9.798270 -13.190535
v -14.435697 8.372239 -13.190535
v 0.000001 -9.798270 -13.190535
v 0.000001 9.933370 -13.190535
v -15.137424 -5.055799 -13.190535
v -15.178812 -0.042330 -13.190535
v -15.073562 3.647429 -13.190535
v -8.968951 -9.798270 -13.190535
v -8.885029 9.732636 -13.190535
v -14.919244 6.070977 -13.190535
v -14.999290 -7.231152 -13.190535
v -14.765892 7.282750 -13.190535
v -14.765301 -8.219685 -13.190535
v -13.075775 -9.746479 -13.190535
v -13.110580 9.305871 -13.190535
v -13.703008 -9.585363 -13.190535
v -13.796654 9.018857 -13.190535
v -13.756050 -7.252639 -0.000000
v -13.899403 7.191159 0.000000
v -13.937927 -6.460380 -0.000000
v -13.976186 5.841786 0.000000
v -8.698349 8.875852 0.000000
v -8.592018 -8.139957 -0.000000
v -14.086107 3.458293 0.000000
v -14.129785 -0.041884 -0.000000
v -14.020232 -4.972504 -0.000000
v 0.000001 9.087977 0.000000
v 0.000001 -8.129302 -0.000000
v -13.669773 7.893714 0.000000
v -11.537379 -8.138528 -0.000000
v -13.463369 -7.683910 -0.000000
v -11.332698 8.738479 0.000000
v -11.253698 9.018317 -13.190535
v -13.633472 -8.478794 -13.190535
v -11.495625 -9.247743 -13.190535
v -13.769218 7.874698 -13.190535
v 0.000001 -9.247743 -13.190535
v 0.000001 9.273408 -13.190535
v -14.437650 -4.778816 -13.190535
v -14.547324 -0.054522 -13.190535
v -14.376818 3.422413 -13.190535
v -8.561869 -9.247743 -13.190535
v -8.561869 9.270036 -13.190535
v -14.229820 5.706171 -13.190535
v -14.220365 -6.700825 -13.190535
v -14.083744 6.848050 -13.190535
v -13.982023 -7.668477 -13.190535
v -12.473825 -9.198939 -13.190535
v -12.506977 8.754479 -13.190535
v -12.989807 -9.035997 -13.190535
v -13.160500 8.484019 -13.190535
v -11.253698 9.018317 -12.721034
v -13.633472 -8.478794 -12.721034
v -11.495625 -9.247743 -12.721034
v -13.769218 7.874698 -12.721034
v 0.000001 -9.247743 -12.721034
v 0.000001 9.273408 -12.721034
v -14.437650 -4.778816 -12.721034
v -14.547324 -0.054522 -12.721034
v -14.376818 3.422413 -12.721034
v -8.561869 -9.247743 -12.721034
v -8.561869 9.270036 -12.721034
v -14.229820 5.706171 -12.721034
v -14.220365 -6.700825 -12.721034
v -14.083744 6.848050 -12.721034
v -13.982023 -7.668477 -12.721034
v -12.473825 -9.198939 -12.721034
v -12.506977 8.754479 -12.721034
v -12.989807 -9.035997 -12.721034
v -13.160500 8.484019 -12.721034
v 0.000001 -0.253706 -12.721039
v 0.000001 -1.580232 -2.465020
v -13.712374 -1.580232 -2.465020
v 0.000001 -1.077370 -2.465020
v -13.712374 -1.077370 -2.465020
v 0.000001 -1.787058 -3.193777
v -13.712374 -1.787058 -3.193778
v 0.000001 -0.870543 -3.193777
v -13.712374 -0.870543 -3.193778
v -15.178812 -0.042330 -0.109547
v -15.073562 3.647429 -0.109547
v -14.765892 7.282750 -0.109547
v -14.435697 8.372239 -0.109547
v -13.075775 -9.746480 -0.109547
v -13.703008 -9.585363 -0.109547
v 0.000001 -9.798270 -0.109547
v -8.968951 -9.798270 -0.109547
v -12.048847 -9.798270 -0.109547
v -13.796654 9.018857 -0.109547
v -11.767653 9.532557 -0.109547
v -8.885029 9.732635 -0.109547
v -13.110580 9.305871 -0.109547
v 0.000001 9.933370 -0.109547
v -14.366937 -9.066326 -0.109547
v -14.765301 -8.219685 -0.109547
v -14.919244 6.070975 -0.109547
v -14.999290 -7.231152 -0.109547
v -15.137424 -5.055799 -0.109547
v -15.178812 -0.042330 -13.108857
v -14.765892 7.282750 -13.108857
v -13.075775 -9.746479 -13.108857
v 0.000001 -9.798270 -13.108857
v -11.767653 9.532557 -13.108857
v -13.110580 9.305871 -13.108857
v -14.366937 -9.066326 -13.108857
v -15.073562 3.647429 -13.108857
v -14.435697 8.372239 -13.108857
v -13.703008 -9.585363 -13.108857
v -8.968951 -9.798270 -13.108857
v -12.048847 -9.798270 -13.108857
v -13.796654 9.018857 -13.108857
v -8.885029 9.732636 -13.108857
v 0.000001 9.933370 -13.108857
v -14.765301 -8.219685 -13.108857
v -14.919244 6.070977 -13.108857
v -14.999290 -7.231152 -13.108857
v -15.137424 -5.055799 -13.108857
v 0.000001 9.270564 -12.721034
v -13.765192 7.872317 -12.721034
v -14.225659 5.704427 -12.721034
v -14.079625 6.845971 -12.721034
v -8.559365 -9.245111 -12.721034
v -8.559365 9.267249 -12.721034
v -11.250407 9.015603 -12.721034
v 0.000001 -9.245111 -12.721034
v -12.986007 -9.033427 -12.721034
v -12.470178 -9.196321 -12.721034
v -14.372612 3.421338 -12.721034
v -12.503321 8.751842 -12.721034
v -13.156650 8.481462 -12.721034
v -13.977934 -7.666306 -12.721034
v -14.433429 -4.777491 -12.721034
v -13.629485 -8.476386 -12.721034
v -11.492264 -9.245111 -12.721034
v -14.543069 -0.054580 -12.721034
v -14.216206 -6.698938 -12.721034
v -14.220365 -6.700825 -13.148442
v -14.437650 -4.778816 -13.148442
v -13.633472 -8.478794 -13.148442
v -13.982023 -7.668477 -13.148442
v -14.547324 -0.054522 -13.148442
v -11.495625 -9.247743 -13.148442
v -12.473825 -9.198939 -13.148442
v -14.376818 3.422413 -13.148442
v -12.989807 -9.035997 -13.148442
v -13.160500 8.484019 -13.148442
v -12.506977 8.754479 -13.148442
v 0.000001 -9.247743 -13.148442
v -8.561869 -9.247743 -13.148442
v -14.083744 6.848050 -13.148442
v -13.769218 7.874698 -13.148442
v -11.253698 9.018317 -13.148442
v -8.561869 9.270036 -13.148442
v -14.229820 5.706171 -13.148442
v 0.000001 9.273408 -13.148442
v -15.081840 -5.033797 -13.190535
v -15.122793 -0.043298 -13.190535
v -12.004903 -9.754539 -13.190535
v -13.027961 -9.702987 -13.190535
v -15.018217 3.629556 -13.190535
v -13.653152 -9.542664 -13.190535
v -14.314533 -9.026335 -13.190535
v -13.746122 8.976373 -13.190535
v -13.062633 9.262073 -13.190535
v 0.000001 -9.754539 -13.190535
v -8.936615 -9.754539 -13.190535
v -14.711707 7.248221 -13.190535
v -14.382756 8.332717 -13.190535
v -11.724666 9.487475 -13.190535
v -8.852693 9.686330 -13.190535
v -14.864481 6.041999 -13.190535
v -14.711517 -8.183633 -13.190535
v -14.944564 -7.199805 -13.190535
v 0.000001 9.886136 -13.190535
v -14.471710 -4.792297 -13.190535
v -11.522552 -9.274539 -13.190535
v -13.020357 -9.062162 -13.190535
v -13.191463 8.510051 -13.190535
v 0.000001 -9.274539 -13.190535
v -14.116948 6.869210 -13.190535
v -11.280039 9.045941 -13.190535
v -14.014979 -7.690567 -13.190535
v -14.581650 -0.053928 -13.190535
v -12.503125 -9.225591 -13.190535
v -14.410729 3.433366 -13.190535
v -13.665583 -8.503300 -13.190535
v -12.536357 8.781316 -13.190535
v -8.581683 -9.274539 -13.190535
v -13.801659 7.898913 -13.190535
v -8.581683 9.298409 -13.190535
v -14.263377 5.723927 -13.190535
v -14.253899 -6.720033 -13.190535
v 0.000001 9.302352 -13.190535
v 0.000001 9.828506 0.000000
v -13.057101 9.228822 0.000000
v -11.712418 9.435821 0.000000
v -8.854965 9.624337 0.000000
v -13.743729 8.940692 0.000000
v -11.992437 -9.612099 -0.000001
v 0.000001 -9.610555 -0.000001
v -8.926799 -9.612099 -0.000001
v -13.000207 -9.565949 -0.000000
v -14.351262 8.320603 0.000000
v -14.963923 3.627184 0.000000
v -13.633034 -9.411163 -0.000000
v -14.275059 -8.921743 -0.000000
v -15.053812 -0.042279 -0.000000
v -14.814950 6.047100 0.000000
v -14.669895 7.274871 0.000000
v -15.013214 -5.048231 -0.000000
v -14.665168 -8.123583 -0.000000
v -14.891312 -7.161540 -0.000000
v -13.305250 8.300599 0.007419
v -12.976889 -8.009125 0.007419
v -12.616716 8.596406 0.007420
v -12.387940 -8.125806 0.007419
v -13.749876 -7.249228 0.007419
v -13.892632 7.188172 0.007419
v -13.930272 -6.458704 0.007419
v -13.972530 5.840080 0.007419
v -8.695370 8.867017 0.007420
v -8.589139 -8.127844 0.007419
v -14.079348 3.456935 0.007419
v -14.122735 -0.041548 0.007419
v -14.014947 -4.971383 0.007419
v 0.000001 9.076163 0.007420
v 0.000001 -8.114283 0.007419
v -13.665174 7.889361 0.007419
v -11.532957 -8.127844 0.007419
v -13.457766 -7.680133 0.007419
v -11.329894 8.731715 0.007420
v -13.162773 8.131328 0.007419
v -12.869294 -7.855588 0.007419
v -12.485466 8.410554 0.007419
v -12.274940 -7.960395 0.007419
v -13.587194 -7.124786 0.007419
v -13.733178 7.037061 0.007419
v -13.763504 -6.341755 0.007419
v -13.819523 5.685182 0.007419
v -8.599551 8.692607 0.007420
v -8.495404 -7.966271 0.007419
v -13.924245 3.365840 0.007419
v -13.966783 -0.038977 0.007419
v -13.861109 -4.836826 0.007419
v 0.000001 8.895537 0.007420
v 0.000001 -7.953073 0.007419
v -13.514745 7.720698 0.007419
v -11.381486 -7.966271 0.007419
v -13.305735 -7.548530 0.007419
v -11.197769 8.557609 0.007420
v -13.305250 8.300599 -0.314222
v -12.976889 -8.009125 -0.314223
v -12.616716 8.596406 -0.314222
v -12.387940 -8.125806 -0.314223
v -13.749876 -7.249228 -0.314223
v -13.892632 7.188172 -0.314222
v -13.930272 -6.458704 -0.314223
v -13.972530 5.840080 -0.314223
v -8.695370 8.867017 -0.314222
v -8.589139 -8.127844 -0.314223
v -14.079348 3.456935 -0.314223
v -14.122735 -0.041548 -0.314223
v -14.014947 -4.971383 -0.314223
v 0.000001 9.076163 -0.314222
v 0.000001 -8.114283 -0.314223
v -13.665174 7.889361 -0.314223
v -11.532957 -8.127844 -0.314223
v -13.457766 -7.680133 -0.314223
v -11.329894 8.731715 -0.314222
v -13.162773 8.131328 -0.418869
v -12.869294 -7.855588 -0.418869
v -12.485466 8.410554 -0.418869
v -12.274940 -7.960395 -0.418869
v -13.587194 -7.124786 -0.418869
v -13.733178 7.037061 -0.418869
v -13.763504 -6.341755 -0.418869
v -13.819523 5.685182 -0.418869
v -8.599551 8.692607 -0.418869
v -8.495404 -7.966271 -0.418869
v -13.924245 3.365840 -0.418869
v -13.966783 -0.038977 -0.418869
v -13.861109 -4.836826 -0.418869
v 0.000001 8.895537 -0.418869
v 0.000001 -7.953073 -0.418870
v -13.514745 7.720698 -0.418869
v -11.381486 -7.966271 -0.418869
v -13.305735 -7.548530 -0.418869
v -11.197769 8.557609 -0.418869
v -13.309221 8.305123 -1.534756
v -12.980801 -8.017508 -1.534756
v -12.620148 8.602338 -1.534756
v -12.388058 -8.135288 -1.534756
v -13.756050 -7.252639 -1.534756
v -13.899403 7.191159 -1.534756
v -13.937927 -6.460380 -1.534757
v -13.976186 5.841786 -1.534756
v -8.698349 8.875852 -1.534756
v -8.592018 -8.139957 -1.534757
v -14.086107 3.458293 -1.534756
v -14.129785 -0.041884 -1.534756
v -14.020232 -4.972504 -1.534756
v 0.000001 9.087977 -1.534756
v 0.000001 -8.129302 -1.534757
v -13.669773 7.893714 -1.534756
v -11.537379 -8.138528 -1.534757
v -13.463369 -7.683910 -1.534756
v -11.332698 8.738479 -1.534756
v -13.976186 5.841786 -0.059556
v -14.086107 3.458293 -0.059556
v -13.309221 8.305123 -0.059556
v -13.669773 7.893714 -0.059556
v -11.537379 -8.138528 -0.059556
v -8.592018 -8.139957 -0.059556
v -8.698349 8.875852 -0.059556
v -11.332698 8.738479 -0.059556
v -12.980801 -8.017508 -0.059556
v -12.388058 -8.135288 -0.059556
v -13.899403 7.191159 -0.059556
v 0.000001 -8.129302 -0.059556
v -12.620148 8.602338 -0.059556
v -13.463369 -7.683910 -0.059556
v -14.129785 -0.041884 -0.059556
v -14.020232 -4.972504 -0.059556
v -13.756050 -7.252639 -0.059556
v -13.937927 -6.460380 -0.059556
v 0.000001 9.087977 -0.059556
v 0.000001 9.149776 0.000000
v -8.716065 8.939675 0.000000
v -13.340411 8.351186 0.000000
v -11.570622 -8.248244 -0.000000
v -8.616860 -8.249674 -0.000000
v -13.719533 7.924144 0.000000
v -14.150721 3.470223 0.000000
v -13.517517 -7.769117 -0.000000
v -14.203451 -0.041914 -0.000000
v -13.955976 7.195804 0.000000
v -14.093433 -4.976964 -0.000000
v -14.001562 -6.501405 -0.000000
v -12.651665 8.647744 0.000000
v -11.365248 8.795487 0.000000
v 0.000001 -8.239928 -0.000000
v -12.432592 -8.241680 -0.000000
v -13.022038 -8.120168 -0.000000
v -14.037648 5.855857 0.000000
v -13.815061 -7.309276 -0.000000
v -10.345620 9.657729 0.000000
v -10.345620 9.657729 -13.190535
v -10.054107 8.811975 0.000000
v -9.932734 9.194076 -13.190535
v -9.932734 9.194076 -12.721034
v -10.345620 9.657729 -0.109547
v -10.345620 9.657729 -13.108857
v -9.929836 9.191325 -12.721034
v -9.932734 9.194076 -13.148442
v -10.307959 9.612035 -13.190535
v -9.955812 9.222075 -13.190535
v -10.302971 9.555209 0.000000
v -10.054107 8.811975 -1.534756
v -10.054107 8.811975 -0.059556
v -10.079241 8.872392 0.000000
v -10.050815 8.803430 0.007420
v -9.929550 8.631223 0.007420
v -10.050815 8.803430 -0.314222
v -9.929550 8.631223 -0.418869
v -9.928276 8.621425 -0.049207
v -11.196736 8.548009 -0.049207
v -13.300226 -7.542409 -0.049208
v -11.378855 -7.960511 -0.049208
v -13.510286 7.716386 -0.049207
v 0.000001 -7.945369 -0.049208
v 0.000001 8.886561 -0.049207
v -13.854621 -4.835437 -0.049208
v -13.959842 -0.039020 -0.049208
v -13.916620 3.363471 -0.049208
v -8.493354 -7.960632 -0.049208
v -8.598254 8.682469 -0.049207
v -13.816475 5.683835 -0.049207
v -13.755094 -6.337876 -0.049208
v -13.728955 7.036012 -0.049207
v -13.581066 -7.121390 -0.049208
v -12.270996 -7.952774 -0.049208
v -12.483833 8.404189 -0.049207
v -12.865508 -7.848367 -0.049208
v -13.158744 8.126355 -0.049207
v -4.477657 9.878934 0.000000
v -4.477657 9.878934 -13.190535
v -4.347332 9.027413 0.000000
v -4.291694 9.271724 -13.190535
v -4.291694 9.271724 -12.721034
v -4.477657 9.878934 -0.109547
v -4.477657 9.878934 -13.108857
v -4.290443 9.268907 -12.721034
v -4.291694 9.271724 -13.148442
v -4.461488 9.832164 -13.190535
v -4.301601 9.300382 -13.190535
v -4.462625 9.772353 0.000000
v -4.347332 9.027413 -1.534756
v -4.347332 9.027413 -0.059556
v -4.356190 9.090224 0.000000
v -4.343323 9.016007 0.007420
v -4.295414 8.838490 0.007420
v -4.343323 9.016007 -0.314222
v -4.295414 8.838490 -0.418869
v -4.295298 8.829951 -0.049207
v -9.928276 8.621425 -0.896325
v -11.196736 8.548009 -0.896325
v -13.300226 -7.542409 -0.896326
v -11.378855 -7.960511 -0.896326
v -13.510286 7.716386 -0.896326
v 0.000001 -7.945369 -0.896327
v 0.000001 8.886561 -0.896326
v -13.854621 -4.835437 -0.896326
v -13.959842 -0.039020 -0.896326
v -13.916620 3.363471 -0.896326
v -8.493354 -7.960632 -0.896326
v -8.598254 8.682469 -0.896325
v -13.816475 5.683835 -0.896326
v -13.755094 -6.337876 -0.896326
v -13.728955 7.036012 -0.896326
v -13.581066 -7.121390 -0.896326
v -12.270996 -7.952774 -0.896326
v -12.483833 8.404189 -0.896326
v -12.865508 -7.848367 -0.896326
v -13.158744 8.126355 -0.896326
v -4.295298 8.829951 -0.896325
v -9.894624 8.383267 -0.049207
v -11.148787 8.313420 -0.049207
v -13.105715 -7.342469 -0.049208
v -11.268856 -7.712819 -0.049208
v -13.310317 7.570851 -0.049207
v 0.000001 -7.699816 -0.049208
v 0.000001 8.644282 -0.049207
v -13.600581 -4.752415 -0.049208
v -13.724647 -0.025463 -0.049208
v -13.682735 3.329041 -0.049208
v -8.425421 -7.712819 -0.049208
v -8.575585 8.451644 -0.049207
v -13.584223 5.624502 -0.049207
v -13.518793 -6.178528 -0.049208
v -13.520720 6.919301 -0.049207
v -13.372113 -6.937175 -0.049208
v -12.109778 -7.704171 -0.049208
v -12.406839 8.180793 -0.049207
v -12.664207 -7.627731 -0.049208
v -12.987824 7.933991 -0.049207
v -4.287493 8.588078 -0.049207
v -9.393170 7.399802 -3.025733
v -10.727047 7.315469 -3.025733
v -12.483665 -7.003052 -3.025733
v -10.455877 -7.131497 -3.025733
v -12.669063 6.898156 -3.025733
v 0.000001 -7.120020 -3.025733
v 0.000001 7.698247 -3.025733
v -12.712434 -4.518331 -3.025733
v -12.712434 0.079434 -3.025733
v -12.712434 3.040475 -3.025733
v -7.945961 -7.131497 -3.025733
v -7.888620 7.494182 -3.025733
v -12.712434 5.066691 -3.025733
v -12.712434 -5.833874 -3.025733
v -12.718696 6.481801 -3.025733
v -12.605408 -6.588593 -3.025733
v -11.501534 -7.127643 -3.025733
v -12.053012 7.221076 -3.025733
v -12.141196 -7.150898 -3.025733
v -12.486465 7.116633 -3.025733
v -3.838874 7.642018 -3.025733
v -11.378855 -7.960511 -0.058748
v -8.493354 -7.960632 -0.058748
v -12.483833 8.404189 -0.058747
v -13.158744 8.126355 -0.058747
v 0.000001 8.886561 -0.058747
v -4.295298 8.829951 -0.058747
v -13.510286 7.716386 -0.058747
v -12.865508 -7.848367 -0.058748
v -12.270996 -7.952774 -0.058748
v -13.854621 -4.835437 -0.058748
v -13.755094 -6.337876 -0.058748
v -8.598254 8.682469 -0.058747
v -9.928276 8.621425 -0.058747
v -13.916620 3.363471 -0.058747
v -13.959842 -0.039020 -0.058748
v -13.728955 7.036012 -0.058747
v -13.816475 5.683835 -0.058747
v -11.196736 8.548009 -0.058747
v -13.581066 -7.121390 -0.058748
v 0.000001 -7.945369 -0.058748
v -13.300226 -7.542409 -0.058748
v -11.257790 -7.704906 -0.086449
v -8.418894 -7.704906 -0.086449
v -12.402024 8.167727 -0.086448
v -12.980999 7.922866 -0.086448
v 0.000001 8.631404 -0.086448
v -4.281387 8.575200 -0.086448
v -13.301588 7.561694 -0.086448
v -12.657087 -7.621241 -0.086449
v -12.101499 -7.696323 -0.086449
v -13.588490 -4.749228 -0.086448
v -13.507817 -6.173837 -0.086449
v -8.566235 8.438611 -0.086448
v -9.887798 8.369880 -0.086448
v -13.669528 3.325113 -0.086448
v -13.710869 -0.024035 -0.086448
v -13.509803 6.913346 -0.086448
v -13.572355 5.616908 -0.086448
v -11.143047 8.299838 -0.086448
v -13.361677 -6.932429 -0.086449
v 0.000001 -7.691923 -0.086449
v -13.097248 -7.337849 -0.086449
v -8.432472 -7.734193 -0.049208
v -11.280212 -7.734193 -0.049208
v -13.000883 7.949660 -0.049207
v -12.408385 8.201493 -0.049207
v -4.288279 8.608880 -0.049207
v 0.000001 8.665168 -0.049207
v -13.327049 7.582028 -0.049207
v -12.120500 -7.726378 -0.049208
v -12.677592 -7.645339 -0.049208
v -13.541859 -6.189209 -0.049208
v -13.623772 -4.760936 -0.049208
v -9.896784 8.403836 -0.049207
v -8.576847 8.471318 -0.049207
v -13.745501 -0.026828 -0.049208
v -13.703526 3.332757 -0.049208
v -13.604275 5.630377 -0.049207
v -13.538946 6.926862 -0.049207
v -11.150435 8.334056 -0.049207
v -13.391471 -6.948921 -0.049208
v 0.000001 -7.721169 -0.049208
v -13.122676 -7.355825 -0.049208
v -11.361819 -7.928452 -0.049208
v -12.481517 8.373134 -0.049207
v 0.000001 8.855227 -0.049207
v -12.845429 -7.821955 -0.049208
v -13.819836 -4.822655 -0.049208
v -8.596361 8.652959 -0.049207
v -13.885435 3.357899 -0.049208
v -13.701618 7.024671 -0.049207
v -11.194264 8.517056 -0.049207
v -8.482778 -7.928573 -0.049208
v -13.139154 8.102851 -0.049207
v -4.294118 8.798747 -0.049207
v -13.485189 7.699622 -0.049207
v -12.254916 -7.919463 -0.049208
v -13.720495 -6.321855 -0.049208
v -9.925036 8.590571 -0.049207
v -13.928562 -0.036973 -0.049208
v -13.786398 5.675021 -0.049207
v -13.552031 -7.103771 -0.049208
v 0.000001 -7.913339 -0.049208
v -13.274786 -7.522375 -0.049208
v -13.712374 -1.053802 -2.548058
v 0.000001 -1.053802 -2.548058
v 0.000001 -1.146290 -2.465020
v -13.712374 -1.146290 -2.465020
v 0.000001 -1.522623 -2.465020
v -13.712374 -1.522623 -2.465020
v -13.712374 -1.594497 -2.515279
v 0.000001 -1.594497 -2.515279
v -12.923091 -7.932356 0.033887
v -12.331440 -8.043100 0.033887
v -13.589960 7.805030 0.033887
v -13.812904 7.112617 0.033887
v -8.542273 -8.047057 0.033887
v 0.000001 -8.033678 0.033887
v -12.551091 8.503480 0.033887
v -13.234012 8.215964 0.033887
v -13.381750 -7.614331 0.033887
v -14.001796 3.411387 0.033887
v -14.044760 -0.040262 0.033887
v -11.457221 -8.047057 0.033887
v -13.938026 -4.904104 0.033887
v -13.668536 -7.187008 0.033887
v -13.846889 -6.400229 0.033887
v -13.896028 5.762631 0.033887
v 0.000001 8.985850 0.033887
v -8.647461 8.779811 0.033887
v -11.263832 8.644662 0.033887
v -9.990183 8.717326 0.033887
v -4.319368 8.927249 0.033887
v -14.220365 -6.700825 -12.781116
v -13.633472 -8.478794 -12.781116
v -11.495625 -9.247743 -12.781116
v -12.989807 -9.035997 -12.781116
v -13.160500 8.484019 -12.781116
v 0.000001 -9.247743 -12.781116
v -14.083744 6.848050 -12.781116
v -11.253698 9.018317 -12.781116
v -14.437650 -4.778816 -12.781116
v -13.982023 -7.668477 -12.781116
v -14.547324 -0.054522 -12.781116
v -12.473825 -9.198939 -12.781116
v -14.376818 3.422413 -12.781116
v -12.506977 8.754479 -12.781116
v -8.561869 -9.247743 -12.781116
v -13.769218 7.874698 -12.781116
v -8.561869 9.270036 -12.781116
v -14.229820 5.706171 -12.781116
v 0.000001 9.273408 -12.781116
v -9.932734 9.194076 -12.781116
v -4.291694 9.271724 -12.781116
vn -0.3916 -0.1676 0.9047
vn -0.9047 -0.1676 0.3916
vn 0.9047 -0.1676 0.3916
vn 0.3916 -0.1676 0.9047
vn -0.9047 -0.1676 -0.3916
vn -0.3916 -0.1676 -0.9047
vn 0.3916 -0.1676 -0.9047
vn 0.9047 -0.1676 -0.3916
vn -0.8338 -0.4499 0.3200
vn -0.3200 -0.4499 0.8338
vn -0.3081 -0.9001 0.3081
vn 0.3200 -0.4499 0.8338
vn 0.8338 -0.4499 0.3200
vn 0.3081 -0.9001 0.3081
vn -0.8338 -0.4499 -0.3200
vn -0.3081 -0.9001 -0.3081
vn -0.3200 -0.4499 -0.8338
vn 0.8338 -0.4499 -0.3200
vn 0.3200 -0.4499 -0.8338
vn 0.3081 -0.9001 -0.3081
vn -0.9116 -0.1664 -0.3758
vn -0.3758 -0.1664 -0.9116
vn 0.9116 -0.1664 -0.3758
vn 0.3758 -0.1664 -0.9116
vn 0.9116 -0.1664 0.3758
vn 0.3758 -0.1664 0.9116
vn -0.9116 -0.1664 0.3758
vn -0.3758 -0.1664 0.9116
vn 0.3917 -0.1676 0.9047
vn 0.3917 -0.1676 -0.9047
vn -0.3081 -0.9001 0.3080
vn 0.3080 -0.9001 0.3081
vn -0.3081 -0.9001 -0.3080
vn 0.3080 -0.9001 -0.3081
vn 0.0910 0.7100 0.6983
vn 0.5882 -0.4694 0.6585
vn 0.0180 -0.7125 0.7015
vn 0.6480 0.3857 0.6568
vn 0.7127 -0.0256 0.7010
vn 0.7112 0.0072 0.7030
vn 0.7103 0.0327 0.7032
vn -0.0000 -0.7071 0.7071
vn 0.0299 0.7085 0.7051
vn 0.7108 0.0675 0.7002
vn 0.7172 -0.1069 0.6886
vn 0.7091 0.1512 0.6887
vn 0.6882 -0.2404 0.6845
vn 0.1095 -0.7201 0.6852
vn 0.2033 0.7023 0.6823
vn 0.3303 -0.6710 0.6638
vn 0.4176 0.6187 0.6655
vn -0.3824 -0.5253 0.7602
vn -0.2553 0.6030 0.7558
vn -0.1698 -0.6479 0.7426
vn -0.0683 0.6807 0.7294
vn 0.0910 0.7100 -0.6983
vn 0.5882 -0.4694 -0.6585
vn 0.0180 -0.7125 -0.7015
vn 0.6480 0.3857 -0.6568
vn 0.7128 -0.0256 -0.7010
vn 0.7112 0.0072 -0.7030
vn 0.7103 0.0327 -0.7032
vn -0.0000 -0.7071 -0.7071
vn 0.0299 0.7085 -0.7051
vn 0.7108 0.0675 -0.7002
vn 0.7172 -0.1069 -0.6886
vn 0.7091 0.1512 -0.6887
vn 0.6882 -0.2404 -0.6845
vn 0.1095 -0.7201 -0.6852
vn 0.2032 0.7023 -0.6823
vn 0.3303 -0.6710 -0.6638
vn 0.4176 0.6187 -0.6655
vn -0.6053 0.2638 0.7510
vn -0.6638 -0.1252 0.7374
vn -0.6801 0.0962 0.7268
vn -0.7050 -0.0363 0.7083
vn -0.0289 -0.7051 0.7085
vn 0.0003 0.7069 0.7073
vn -0.7030 -0.0206 0.7109
vn -0.7032 0.0034 0.7110
vn -0.7028 0.0272 0.7108
vn -0.5696 -0.3245 0.7551
vn -0.0015 0.7067 0.7075
vn -0.4690 0.4650 0.7509
vn -0.0570 -0.6993 0.7125
vn -0.1181 -0.6884 -0.7157
vn -0.5235 0.3831 -0.7611
vn -0.0175 0.7012 -0.7128
vn -0.5513 -0.3313 -0.7657
vn -0.6952 0.0473 -0.7173
vn -0.6987 -0.0090 -0.7153
vn -0.7042 -0.0399 -0.7088
vn -0.0000 0.7071 -0.7071
vn -0.0195 -0.7005 -0.7133
vn -0.6967 -0.0669 -0.7143
vn -0.6812 0.1219 -0.7219
vn -0.6715 -0.1447 -0.7267
vn -0.6518 0.2188 -0.7261
vn -0.1196 0.6652 -0.7370
vn -0.2024 -0.6545 -0.7285
vn -0.3196 0.5717 -0.7556
vn -0.3651 -0.5463 -0.7539
vn -0.1209 -0.7051 -0.6987
vn -0.6062 0.4437 -0.6601
vn -0.0178 0.7124 -0.7015
vn -0.6465 -0.3885 -0.6566
vn -0.7152 0.0486 -0.6972
vn -0.7150 -0.0092 -0.6991
vn -0.7077 -0.0401 -0.7054
vn -0.0199 -0.7128 -0.7010
vn -0.7108 -0.0683 -0.7001
vn -0.7098 0.1270 -0.6929
vn -0.7090 -0.1528 -0.6885
vn -0.6870 0.2306 -0.6890
vn -0.1298 0.7221 -0.6795
vn -0.2147 -0.6943 -0.6869
vn -0.3647 0.6525 -0.6642
vn -0.4147 -0.6205 -0.6656
vn -0.0000 -0.6029 0.7978
vn -0.0000 0.6029 0.7978
vn -0.0000 -0.9620 0.2730
vn -0.0000 0.9620 0.2730
vn 0.9999 0.0101 -0.0000
vn 0.9989 0.0460 -0.0000
vn 0.9780 0.2085 -0.0000
vn 0.8593 0.5115 -0.0000
vn 0.1503 -0.9886 -0.0000
vn 0.4417 -0.8972 -0.0000
vn -0.0000 -1.0000 -0.0000
vn 0.0252 -0.9997 -0.0000
vn 0.5595 0.8288 -0.0000
vn 0.1272 0.9919 -0.0000
vn 0.0422 0.9991 -0.0000
vn 0.2780 0.9606 -0.0000
vn 0.7816 -0.6237 -0.0000
vn 0.9440 -0.3298 -0.0000
vn 0.9955 0.0946 -0.0000
vn 0.9891 -0.1474 -0.0000
vn 0.9994 -0.0358 -0.0000
vn -0.0000 -0.0000 -1.0000
vn -0.0000 -0.0001 -1.0000
vn -0.9844 0.1761 -0.0000
vn -0.9977 0.0678 -0.0000
vn -0.8070 0.5906 -0.0000
vn -0.9480 0.3182 -0.0000
vn -0.9999 -0.0129 -0.0000
vn -0.0249 0.9997 -0.0000
vn -0.1769 0.9842 -0.0000
vn -0.9984 -0.0566 -0.0000
vn -0.4879 0.8729 -0.0000
vn -0.5556 -0.8314 -0.0000
vn -0.2955 -0.9554 -0.0000
vn -0.0000 1.0000 -0.0000
vn -0.9776 -0.2107 -0.0000
vn -0.8571 -0.5151 -0.0000
vn -0.1691 -0.9856 -0.0000
vn -0.0279 -0.9996 -0.0000
vn -0.9954 -0.0956 -0.0000
vn -0.0000 -0.0000 1.0000
vn 0.4795 0.6572 0.5815
vn 0.3218 -0.7563 0.5697
vn 0.2084 0.7820 0.5874
vn 0.0851 -0.8115 0.5781
vn 0.7476 -0.3289 0.5770
vn 0.7987 0.1573 0.5809
vn 0.8028 -0.1174 0.5846
vn 0.8085 0.0428 0.5870
vn 0.0328 0.8017 0.5969
vn -0.0006 -0.8099 0.5866
vn 0.8132 0.0242 0.5815
vn 0.8148 -0.0039 0.5797
vn 0.8100 -0.0335 0.5855
vn 0.7052 0.4060 0.5812
vn 0.0012 -0.8090 0.5879
vn 0.5794 -0.5754 0.5772
vn 0.0659 0.7976 0.5996
vn -0.4340 -0.6025 0.6698
vn -0.2871 0.7065 0.6468
vn -0.1862 -0.7460 0.6394
vn -0.0668 0.7914 0.6077
vn -0.7051 0.2956 0.6446
vn -0.7726 -0.1364 0.6200
vn -0.7845 0.1082 0.6107
vn -0.8077 -0.0431 0.5881
vn -0.0317 -0.8000 0.5992
vn 0.0007 0.8097 0.5868
vn -0.8097 -0.0223 0.5864
vn -0.8105 0.0038 0.5858
vn -0.8073 0.0331 0.5892
vn -0.6634 -0.3614 0.6552
vn -0.0023 0.8089 0.5879
vn -0.5447 0.5336 0.6470
vn -0.0662 -0.7920 0.6069
vn 0.5882 0.8087 -0.0000
vn 0.3874 -0.9219 -0.0000
vn 0.2525 0.9676 -0.0000
vn 0.0988 -0.9951 -0.0000
vn 0.9171 -0.3987 -0.0000
vn 0.9827 0.1854 -0.0000
vn 0.9901 -0.1401 -0.0000
vn 0.9986 0.0520 -0.0000
vn 0.0405 0.9992 -0.0000
vn -0.0008 -1.0000 -0.0000
vn 0.9996 0.0286 -0.0000
vn 1.0000 -0.0047 -0.0000
vn 0.9992 -0.0394 -0.0000
vn 0.8696 0.4937 -0.0000
vn 0.0012 -1.0000 -0.0000
vn 0.7086 -0.7056 -0.0000
vn 0.0803 0.9968 -0.0000
vn -0.5864 -0.8100 -0.0000
vn -0.3837 0.9234 -0.0000
vn -0.2497 -0.9683 -0.0000
vn -0.0904 0.9959 -0.0000
vn -0.9195 0.3930 -0.0000
vn -0.9827 -0.1854 -0.0000
vn -0.9898 0.1426 -0.0000
vn -0.9985 -0.0544 -0.0000
vn -0.0400 -0.9992 -0.0000
vn 0.0008 1.0000 -0.0000
vn -0.9996 -0.0288 -0.0000
vn -1.0000 0.0048 -0.0000
vn -0.9991 0.0434 -0.0000
vn -0.8733 -0.4873 -0.0000
vn -0.0033 1.0000 -0.0000
vn -0.7165 0.6976 -0.0000
vn -0.0857 -0.9963 -0.0000
vn -0.5885 -0.8085 -0.0000
vn -0.3899 0.9209 -0.0000
vn -0.2535 -0.9673 -0.0000
vn -0.0998 0.9950 -0.0000
vn -0.9167 0.3995 -0.0000
vn -0.9827 -0.1853 -0.0000
vn -0.9902 0.1400 -0.0000
vn -0.9987 -0.0514 -0.0000
vn -0.0409 -0.9992 -0.0000
vn 0.0004 1.0000 -0.0000
vn -0.9996 -0.0293 -0.0000
vn -1.0000 0.0049 -0.0000
vn -0.9992 0.0387 -0.0000
vn -0.8689 -0.4949 -0.0000
vn -0.0021 1.0000 -0.0000
vn -0.7101 0.7041 -0.0000
vn -0.0813 -0.9967 -0.0000
vn 0.0494 0.7095 0.7030
vn 0.0494 0.7095 -0.7030
vn -0.0369 -0.7050 0.7083
vn -0.0654 -0.6952 -0.7159
vn -0.0670 -0.7124 -0.6986
vn 0.0695 0.9976 -0.0000
vn -0.0000 0.0001 -1.0000
vn -0.0937 -0.9956 -0.0000
vn -0.0522 -0.9986 -0.0000
vn 0.0415 0.8005 0.5979
vn -0.0413 -0.7993 0.5995
vn 0.0514 0.9987 -0.0000
vn -0.0520 -0.9986 -0.0000
vn 0.0367 0.7075 0.7058
vn 0.0602 0.7105 0.7011
vn 0.5327 -0.5196 0.6680
vn 0.0031 -0.7081 0.7061
vn 0.6517 0.3644 0.6652
vn 0.7113 -0.0313 0.7022
vn 0.7110 -0.0033 0.7032
vn 0.7102 0.0198 0.7037
vn -0.0006 -0.7073 0.7069
vn 0.0284 0.7078 0.7058
vn 0.7085 0.0382 0.7047
vn 0.7161 -0.1026 0.6904
vn 0.7199 0.1368 0.6805
vn 0.6844 -0.2921 0.6680
vn 0.0660 -0.7217 0.6890
vn 0.1827 0.7129 0.6771
vn 0.2877 -0.6929 0.6612
vn 0.4413 0.6100 0.6581
vn 0.0161 0.7093 0.7047
vn 0.0161 0.7093 -0.7048
vn -0.0172 -0.7045 0.7095
vn -0.0003 -0.7071 -0.7071
vn 0.0227 0.9997 -0.0000
vn -0.0004 -1.0000 -0.0000
vn -0.0244 -0.9997 -0.0000
vn 0.0195 0.8024 0.5965
vn -0.0186 -0.7995 0.6003
vn 0.0240 0.9997 -0.0000
vn -0.0236 -0.9997 -0.0000
vn 0.0168 0.7093 0.7047
vn 0.0518 0.9987 -0.0000
vn 0.0844 0.9964 -0.0000
vn 0.7159 -0.6982 -0.0000
vn 0.0044 -1.0000 -0.0000
vn 0.8728 0.4881 -0.0000
vn 0.9990 -0.0440 -0.0000
vn 1.0000 -0.0046 -0.0000
vn 0.9996 0.0279 -0.0000
vn -0.0009 -1.0000 -0.0000
vn 0.0401 0.9992 -0.0000
vn 0.9985 0.0539 -0.0000
vn 0.9899 -0.1419 -0.0000
vn 0.9824 0.1867 -0.0000
vn 0.9197 -0.3926 -0.0000
vn 0.0911 -0.9958 -0.0000
vn 0.2483 0.9687 -0.0000
vn 0.3835 -0.9235 -0.0000
vn 0.5861 0.8102 -0.0000
vn 0.0237 0.9997 -0.0000
vn -0.0308 -0.5706 0.8206
vn -0.0463 -0.5631 0.8251
vn -0.3939 0.3897 0.8324
vn -0.0038 0.6277 0.7784
vn -0.4570 -0.2682 0.8481
vn -0.5811 0.0246 0.8135
vn -0.5717 0.0042 0.8204
vn -0.5738 -0.0163 0.8188
vn 0.0004 0.6292 0.7772
vn -0.0247 -0.5718 0.8200
vn -0.5856 -0.0269 0.8101
vn -0.5713 0.0732 0.8174
vn -0.5469 -0.1044 0.8307
vn -0.5046 0.2059 0.8385
vn -0.0494 0.6097 0.7911
vn -0.1352 -0.5156 0.8461
vn -0.2035 0.5243 0.8269
vn -0.3004 -0.4207 0.8560
vn -0.0134 -0.5758 0.8174
vn -0.0554 -0.9455 0.3208
vn -0.0686 -0.9443 0.3219
vn -0.7006 0.6719 0.2403
vn -0.0027 0.9814 0.1918
vn -0.8585 -0.4240 0.2886
vn -0.9565 0.0200 0.2909
vn -0.9506 0.0029 0.3103
vn -0.9515 -0.0134 0.3075
vn 0.0008 0.9815 0.1913
vn -0.0421 -0.9486 0.3138
vn -0.9577 -0.0208 0.2871
vn -0.9577 0.0900 0.2733
vn -0.9551 -0.1158 0.2728
vn -0.9222 0.2836 0.2630
vn -0.0222 0.9820 0.1877
vn -0.1930 -0.9280 0.3188
vn -0.2454 0.9488 0.1988
vn -0.5324 -0.7864 0.3133
vn -0.0220 -0.9517 0.3063
vn -0.0039 0.9797 0.2002
vn 0.0007 0.9799 0.1995
vn -0.2165 -0.9177 0.3331
vn -0.5415 -0.7752 0.3255
vn -0.0220 -0.9476 0.3188
vn -0.8373 -0.4552 0.3030
vn -0.3019 0.9289 0.2146
vn -0.0452 0.9789 0.1992
vn -0.9526 0.0298 0.3027
vn -0.9525 0.1060 0.2854
vn -0.0415 -0.9443 0.3266
vn -0.0529 -0.9414 0.3332
vn -0.9472 -0.0197 0.3199
vn -0.9465 0.0047 0.3228
vn -0.9464 -0.1471 0.2875
vn -0.9537 -0.0318 0.2991
vn -0.0720 -0.9395 0.3348
vn -0.9046 0.3255 0.2754
vn -0.6942 0.6753 0.2494
vn 0.0073 -0.0376 0.9993
vn -0.0062 -0.0207 0.9998
vn 0.0343 0.0076 0.9994
vn 0.0324 -0.0073 0.9994
vn -0.0001 -0.0002 1.0000
vn -0.0016 0.0272 0.9996
vn 0.0178 0.0285 0.9994
vn 0.0198 -0.0236 0.9995
vn 0.0043 -0.0016 1.0000
vn 0.0035 -0.0000 1.0000
vn -0.0005 -0.0016 1.0000
vn 0.0084 0.0026 1.0000
vn 0.0319 -0.0058 0.9995
vn 0.0201 0.0045 0.9998
vn 0.0043 -0.0012 1.0000
vn -0.0004 0.0011 1.0000
vn -0.0023 0.0082 1.0000
vn -0.0005 0.0015 1.0000
vn -0.0004 0.0017 1.0000
vn -0.0910 0.7100 0.6983
vn -0.5882 -0.4694 0.6585
vn -0.0180 -0.7125 0.7015
vn -0.6480 0.3857 0.6568
vn -0.0000 0.7098 0.7044
vn -0.7127 -0.0256 0.7010
vn -0.7112 0.0072 0.7030
vn -0.7103 0.0327 0.7032
vn -0.0299 0.7085 0.7051
vn -0.7108 0.0675 0.7002
vn -0.7172 -0.1069 0.6886
vn -0.7091 0.1512 0.6887
vn -0.6882 -0.2404 0.6845
vn -0.1095 -0.7201 0.6852
vn -0.2033 0.7023 0.6823
vn -0.3303 -0.6710 0.6638
vn -0.4176 0.6187 0.6655
vn 0.3824 -0.5253 0.7602
vn 0.2553 0.6030 0.7558
vn 0.1698 -0.6479 0.7426
vn 0.0683 0.6807 0.7294
vn -0.0910 0.7100 -0.6983
vn -0.5882 -0.4694 -0.6585
vn -0.0180 -0.7125 -0.7015
vn -0.6480 0.3857 -0.6568
vn -0.0000 0.7098 -0.7044
vn -0.7128 -0.0256 -0.7010
vn -0.7112 0.0072 -0.7030
vn -0.7103 0.0327 -0.7032
vn -0.0299 0.7085 -0.7051
vn -0.7108 0.0675 -0.7002
vn -0.7172 -0.1069 -0.6886
vn -0.7091 0.1512 -0.6887
vn -0.6882 -0.2404 -0.6845
vn -0.1095 -0.7201 -0.6852
vn -0.2032 0.7023 -0.6823
vn -0.3303 -0.6710 -0.6638
vn -0.4176 0.6187 -0.6655
vn 0.6053 0.2638 0.7510
vn 0.6638 -0.1252 0.7374
vn 0.6801 0.0962 0.7268
vn 0.7050 -0.0363 0.7083
vn 0.0289 -0.7051 0.7085
vn -0.0003 0.7069 0.7073
vn 0.7030 -0.0206 0.7109
vn 0.7032 0.0034 0.7110
vn 0.7028 0.0272 0.7108
vn -0.0000 -0.7039 0.7103
vn -0.0000 0.7074 0.7068
vn 0.5696 -0.3245 0.7551
vn 0.0015 0.7067 0.7075
vn 0.4690 0.4650 0.7509
vn 0.0570 -0.6993 0.7125
vn 0.1181 -0.6884 -0.7157
vn 0.5235 0.3831 -0.7611
vn 0.0175 0.7012 -0.7128
vn 0.5513 -0.3313 -0.7657
vn -0.0000 -0.7070 -0.7072
vn 0.6952 0.0473 -0.7173
vn 0.6987 -0.0090 -0.7153
vn 0.7042 -0.0399 -0.7088
vn 0.0195 -0.7006 -0.7133
vn 0.6967 -0.0669 -0.7143
vn 0.6812 0.1219 -0.7219
vn 0.6715 -0.1447 -0.7267
vn 0.6518 0.2188 -0.7261
vn 0.1196 0.6652 -0.7370
vn 0.2024 -0.6545 -0.7285
vn 0.3196 0.5717 -0.7556
vn 0.3651 -0.5463 -0.7539
vn 0.1210 -0.7050 -0.6988
vn 0.6062 0.4436 -0.6601
vn 0.0178 0.7124 -0.7016
vn 0.6465 -0.3885 -0.6566
vn -0.0000 0.7072 -0.7070
vn 0.7152 0.0486 -0.6972
vn 0.7150 -0.0092 -0.6991
vn 0.7077 -0.0401 -0.7054
vn 0.0199 -0.7129 -0.7010
vn 0.7108 -0.0683 -0.7001
vn 0.7098 0.1270 -0.6929
vn 0.7090 -0.1528 -0.6885
vn 0.6870 0.2306 -0.6890
vn 0.1298 0.7222 -0.6794
vn 0.2147 -0.6943 -0.6869
vn 0.3647 0.6525 -0.6643
vn 0.4146 -0.6205 -0.6656
vn -0.9999 0.0101 -0.0000
vn -0.9989 0.0460 -0.0000
vn -0.9780 0.2085 -0.0000
vn -0.8593 0.5115 -0.0000
vn -0.1503 -0.9886 -0.0000
vn -0.4417 -0.8972 -0.0000
vn -0.0252 -0.9997 -0.0000
vn -0.5595 0.8288 -0.0000
vn -0.1272 0.9919 -0.0000
vn -0.0422 0.9991 -0.0000
vn -0.2780 0.9606 -0.0000
vn -0.7816 -0.6237 -0.0000
vn -0.9440 -0.3298 -0.0000
vn -0.9955 0.0946 -0.0000
vn -0.9891 -0.1474 -0.0000
vn -0.9994 -0.0358 -0.0000
vn 0.9844 0.1761 -0.0000
vn 0.9977 0.0678 -0.0000
vn 0.8070 0.5906 -0.0000
vn 0.9480 0.3182 -0.0000
vn 0.9999 -0.0129 -0.0000
vn 0.0249 0.9997 -0.0000
vn 0.1769 0.9842 -0.0000
vn 0.9984 -0.0566 -0.0000
vn 0.4879 0.8729 -0.0000
vn 0.5556 -0.8314 -0.0000
vn 0.2955 -0.9554 -0.0000
vn 0.9776 -0.2107 -0.0000
vn 0.8571 -0.5151 -0.0000
vn 0.1691 -0.9856 -0.0000
vn 0.0279 -0.9996 -0.0000
vn 0.9954 -0.0956 -0.0000
vn -0.4795 0.6572 0.5815
vn -0.3218 -0.7563 0.5697
vn -0.2084 0.7820 0.5874
vn -0.0851 -0.8115 0.5781
vn -0.7476 -0.3289 0.5770
vn -0.7987 0.1573 0.5809
vn -0.8028 -0.1174 0.5846
vn -0.8085 0.0428 0.5870
vn -0.0328 0.8017 0.5969
vn 0.0006 -0.8099 0.5866
vn -0.8132 0.0242 0.5815
vn -0.8148 -0.0039 0.5797
vn -0.8100 -0.0335 0.5855
vn -0.0000 0.8028 0.5962
vn -0.0000 -0.8097 0.5869
vn -0.7052 0.4060 0.5812
vn -0.0012 -0.8090 0.5879
vn -0.5794 -0.5754 0.5772
vn -0.0659 0.7976 0.5996
vn 0.4340 -0.6025 0.6698
vn 0.2871 0.7065 0.6468
vn 0.1862 -0.7460 0.6394
vn 0.0668 0.7914 0.6077
vn 0.7051 0.2956 0.6446
vn 0.7726 -0.1364 0.6200
vn 0.7845 0.1082 0.6107
vn 0.8077 -0.0431 0.5881
vn 0.0317 -0.8000 0.5992
vn -0.0007 0.8097 0.5868
vn 0.8097 -0.0223 0.5864
vn 0.8105 0.0038 0.5858
vn 0.8073 0.0331 0.5891
vn -0.0000 -0.7991 0.6012
vn -0.0000 0.8101 0.5863
vn 0.6634 -0.3614 0.6552
vn 0.0023 0.8089 0.5879
vn 0.5447 0.5336 0.6470
vn 0.0662 -0.7920 0.6069
vn -0.5882 0.8087 -0.0000
vn -0.3874 -0.9219 -0.0000
vn -0.2525 0.9676 -0.0000
vn -0.0988 -0.9951 -0.0000
vn -0.9171 -0.3987 -0.0000
vn -0.9827 0.1854 -0.0000
vn -0.9901 -0.1401 -0.0000
vn -0.9986 0.0520 -0.0000
vn -0.0405 0.9992 -0.0000
vn 0.0008 -1.0000 -0.0000
vn -0.9996 0.0286 -0.0000
vn -1.0000 -0.0047 -0.0000
vn -0.9992 -0.0394 -0.0000
vn -0.8696 0.4937 -0.0000
vn -0.0012 -1.0000 -0.0000
vn -0.7086 -0.7056 -0.0000
vn -0.0803 0.9968 -0.0000
vn 0.5864 -0.8100 -0.0000
vn 0.3837 0.9234 -0.0000
vn 0.2497 -0.9683 -0.0000
vn 0.0904 0.9959 -0.0000
vn 0.9195 0.3930 -0.0000
vn 0.9827 -0.1854 -0.0000
vn 0.9898 0.1426 -0.0000
vn 0.9985 -0.0544 -0.0000
vn 0.0400 -0.9992 -0.0000
vn -0.0008 1.0000 -0.0000
vn 0.9996 -0.0288 -0.0000
vn 1.0000 0.0048 -0.0000
vn 0.9991 0.0434 -0.0000
vn 0.8733 -0.4873 -0.0000
vn 0.0033 1.0000 -0.0000
vn 0.7165 0.6976 -0.0000
vn 0.0857 -0.9963 -0.0000
vn 0.5885 -0.8085 -0.0000
vn 0.3899 0.9209 -0.0000
vn 0.2535 -0.9673 -0.0000
vn 0.0998 0.9950 -0.0000
vn 0.9167 0.3995 -0.0000
vn 0.9827 -0.1853 -0.0000
vn 0.9902 0.1400 -0.0000
vn 0.9987 -0.0514 -0.0000
vn 0.0409 -0.9992 -0.0000
vn -0.0004 1.0000 -0.0000
vn 0.9996 -0.0293 -0.0000
vn 1.0000 0.0049 -0.0000
vn 0.9992 0.0387 -0.0000
vn 0.8689 -0.4949 -0.0000
vn 0.0021 1.0000 -0.0000
vn 0.7101 0.7041 -0.0000
vn 0.0813 -0.9967 -0.0000
vn -0.0494 0.7095 0.7030
vn -0.0494 0.7095 -0.7030
vn 0.0369 -0.7050 0.7083
vn 0.0654 -0.6952 -0.7159
vn 0.0670 -0.7123 -0.6987
vn -0.0695 0.9976 -0.0000
vn 0.0937 -0.9956 -0.0000
vn 0.0522 -0.9986 -0.0000
vn -0.0415 0.8005 0.5979
vn 0.0413 -0.7993 0.5995
vn -0.0514 0.9987 -0.0000
vn 0.0520 -0.9986 -0.0000
vn -0.0367 0.7075 0.7058
vn -0.0602 0.7105 0.7011
vn -0.5327 -0.5196 0.6680
vn -0.0031 -0.7081 0.7061
vn -0.6517 0.3644 0.6652
vn -0.0000 -0.7067 0.7075
vn -0.0000 0.7100 0.7042
vn -0.7113 -0.0313 0.7022
vn -0.7110 -0.0033 0.7032
vn -0.7102 0.0198 0.7037
vn 0.0006 -0.7073 0.7069
vn -0.0284 0.7078 0.7058
vn -0.7085 0.0382 0.7047
vn -0.7161 -0.1026 0.6904
vn -0.7199 0.1368 0.6805
vn -0.6844 -0.2921 0.6680
vn -0.0660 -0.7217 0.6890
vn -0.1827 0.7129 0.6771
vn -0.2877 -0.6929 0.6612
vn -0.4413 0.6100 0.6581
vn -0.0161 0.7093 0.7047
vn -0.0161 0.7093 -0.7048
vn 0.0172 -0.7045 0.7095
vn 0.0003 -0.7071 -0.7071
vn 0.0003 -0.7070 -0.7072
vn -0.0227 0.9997 -0.0000
vn 0.0004 -1.0000 -0.0000
vn 0.0244 -0.9997 -0.0000
vn -0.0195 0.8024 0.5965
vn 0.0186 -0.7995 0.6003
vn -0.0240 0.9997 -0.0000
vn 0.0236 -0.9997 -0.0000
vn -0.0168 0.7093 0.7047
vn -0.0518 0.9987 -0.0000
vn -0.0844 0.9964 -0.0000
vn -0.7159 -0.6982 -0.0000
vn -0.0044 -1.0000 -0.0000
vn -0.8728 0.4881 -0.0000
vn -0.9990 -0.0440 -0.0000
vn -1.0000 -0.0046 -0.0000
vn -0.9996 0.0279 -0.0000
vn 0.0009 -1.0000 -0.0000
vn -0.0401 0.9992 -0.0000
vn -0.9985 0.0539 -0.0000
vn -0.9899 -0.1419 -0.0000
vn -0.9824 0.1867 -0.0000
vn -0.9197 -0.3926 -0.0000
vn -0.0911 -0.9958 -0.0000
vn -0.2483 0.9687 -0.0000
vn -0.3835 -0.9235 -0.0000
vn -0.5861 0.8102 -0.0000
vn -0.0237 0.9997 -0.0000
vn 0.0308 -0.5706 0.8206
vn 0.0463 -0.5631 0.8251
vn 0.3939 0.3898 0.8324
vn 0.0038 0.6277 0.7784
vn 0.4570 -0.2682 0.8481
vn -0.0000 0.6299 0.7767
vn -0.0000 -0.5765 0.8171
vn 0.5811 0.0246 0.8135
vn 0.5717 0.0042 0.8204
vn 0.5738 -0.0163 0.8188
vn -0.0004 0.6292 0.7772
vn 0.0247 -0.5718 0.8200
vn 0.5856 -0.0269 0.8101
vn 0.5713 0.0732 0.8174
vn 0.5469 -0.1044 0.8307
vn 0.5046 0.2059 0.8385
vn 0.0494 0.6097 0.7911
vn 0.1352 -0.5156 0.8461
vn 0.2035 0.5243 0.8269
vn 0.3004 -0.4207 0.8560
vn 0.0134 -0.5758 0.8174
vn 0.0554 -0.9455 0.3208
vn 0.0686 -0.9443 0.3219
vn 0.7006 0.6719 0.2403
vn 0.0027 0.9814 0.1918
vn 0.8585 -0.4240 0.2886
vn -0.0000 0.9816 0.1911
vn -0.0000 -0.9528 0.3035
vn 0.9565 0.0200 0.2909
vn 0.9506 0.0029 0.3103
vn 0.9515 -0.0134 0.3075
vn -0.0008 0.9815 0.1913
vn 0.0421 -0.9486 0.3138
vn 0.9577 -0.0208 0.2871
vn 0.9577 0.0900 0.2733
vn 0.9551 -0.1158 0.2728
vn 0.9222 0.2836 0.2631
vn 0.0222 0.9820 0.1877
vn 0.1930 -0.9280 0.3188
vn 0.2454 0.9488 0.1988
vn 0.5324 -0.7864 0.3133
vn 0.0220 -0.9517 0.3063
vn 0.0039 0.9797 0.2002
vn -0.0007 0.9799 0.1995
vn 0.2165 -0.9177 0.3331
vn 0.5415 -0.7752 0.3255
vn -0.0000 -0.9489 0.3157
vn 0.0220 -0.9476 0.3188
vn 0.8373 -0.4552 0.3030
vn 0.3019 0.9289 0.2146
vn 0.0452 0.9789 0.1992
vn 0.9526 0.0298 0.3027
vn 0.9525 0.1060 0.2855
vn 0.0415 -0.9443 0.3266
vn 0.0529 -0.9414 0.3332
vn 0.9472 -0.0197 0.3199
vn 0.9465 0.0047 0.3228
vn 0.9464 -0.1471 0.2876
vn 0.9537 -0.0318 0.2991
vn 0.0720 -0.9395 0.3348
vn 0.9046 0.3255 0.2754
vn -0.0000 0.9799 0.1993
vn 0.6942 0.6753 0.2493
vn -0.0073 -0.0376 0.9993
vn 0.0062 -0.0207 0.9998
vn -0.0343 0.0076 0.9994
vn -0.0324 -0.0073 0.9994
vn 0.0001 -0.0002 1.0000
vn -0.0000 0.0003 1.0000
vn 0.0016 0.0272 0.9996
vn -0.0178 0.0285 0.9994
vn -0.0198 -0.0236 0.9995
vn -0.0043 -0.0016 1.0000
vn -0.0035 -0.0000 1.0000
vn 0.0005 -0.0016 1.0000
vn -0.0084 0.0026 1.0000
vn -0.0319 -0.0058 0.9995
vn -0.0201 0.0045 0.9998
vn -0.0043 -0.0012 1.0000
vn -0.0000 0.0024 1.0000
vn 0.0004 0.0011 1.0000
vn 0.0023 0.0082 1.0000
vn 0.0005 0.0015 1.0000
vn 0.0004 0.0017 1.0000
vt 0.287091 0.717532
vt 0.287091 0.728908
vt 0.275716 0.728908
vt 0.275716 0.717532
vt 0.626349 0.787666
vt 0.625907 0.787573
vt 0.625913 0.776101
vt 0.626353 0.776009
vt 0.275574 0.730383
vt 0.275637 0.729891
vt 0.287170 0.729891
vt 0.287233 0.730383
vt 0.287233 0.716057
vt 0.287170 0.716549
vt 0.275637 0.716549
vt 0.275574 0.716057
vt 0.748125 0.364957
vt 0.747153 0.364941
vt 0.747797 0.364105
vt 0.625577 0.788428
vt 0.624930 0.787587
vt 0.748119 0.376429
vt 0.747789 0.377283
vt 0.747142 0.376442
vt 0.624941 0.776086
vt 0.625585 0.775249
vt 0.748561 0.376522
vt 0.748358 0.377442
vt 0.626151 0.775091
vt 0.641336 0.773134
vt 0.641456 0.774065
vt 0.626146 0.788586
vt 0.748565 0.364865
vt 0.748363 0.363946
vt 0.763548 0.361990
vt 0.763668 0.362921
vt 0.763668 0.378468
vt 0.641456 0.789613
vt 0.641336 0.790544
vt 0.763548 0.379400
vt 0.289167 0.700968
vt 0.273640 0.700968
vt 0.273640 0.745472
vt 0.289167 0.745472
vt 0.275716 0.662060
vt 0.275716 0.650685
vt 0.287091 0.650685
vt 0.287091 0.662060
vt 0.704084 0.787673
vt 0.703642 0.787582
vt 0.703644 0.776107
vt 0.704084 0.776015
vt 0.287233 0.649210
vt 0.287170 0.649702
vt 0.275637 0.649702
vt 0.275574 0.649210
vt 0.275574 0.663535
vt 0.275637 0.663043
vt 0.287170 0.663043
vt 0.287233 0.663535
vt 0.312492 0.703935
vt 0.311520 0.703919
vt 0.312165 0.703083
vt 0.703315 0.788436
vt 0.702668 0.787598
vt 0.312486 0.715407
vt 0.312157 0.716261
vt 0.311510 0.715420
vt 0.702671 0.776092
vt 0.703316 0.775255
vt 0.312928 0.715500
vt 0.312726 0.716420
vt 0.703882 0.775096
vt 0.719068 0.773134
vt 0.719189 0.774065
vt 0.703882 0.788593
vt 0.312932 0.703843
vt 0.312731 0.702924
vt 0.327916 0.700968
vt 0.328036 0.701899
vt 0.328036 0.717446
vt 0.719189 0.789614
vt 0.719069 0.790545
vt 0.327916 0.718378
vt 0.273640 0.678625
vt 0.289167 0.678625
vt 0.289167 0.634120
vt 0.273640 0.634120
vt 0.313586 0.662060
vt 0.313586 0.650685
vt 0.324961 0.650685
vt 0.324961 0.662060
vt 0.690039 0.363824
vt 0.689599 0.363732
vt 0.689599 0.352260
vt 0.690039 0.352168
vt 0.325103 0.649210
vt 0.325040 0.649702
vt 0.313507 0.649702
vt 0.313444 0.649210
vt 0.313444 0.663535
vt 0.313507 0.663043
vt 0.325040 0.663043
vt 0.325103 0.663535
vt 0.664782 0.776101
vt 0.663810 0.776086
vt 0.664454 0.775249
vt 0.689271 0.364583
vt 0.688627 0.363746
vt 0.664775 0.787573
vt 0.664446 0.788428
vt 0.663799 0.787587
vt 0.688627 0.352246
vt 0.689271 0.351408
vt 0.665218 0.787666
vt 0.665015 0.788586
vt 0.689837 0.351249
vt 0.705022 0.349283
vt 0.705142 0.350219
vt 0.689837 0.364743
vt 0.665222 0.776009
vt 0.665020 0.775091
vt 0.680205 0.773134
vt 0.680325 0.774065
vt 0.680325 0.789612
vt 0.705142 0.365770
vt 0.705022 0.366706
vt 0.680205 0.790544
vt 0.311510 0.678625
vt 0.327037 0.678625
vt 0.327037 0.634120
vt 0.311510 0.634120
vt 0.301580 0.609701
vt 0.290204 0.609701
vt 0.290204 0.598326
vt 0.301580 0.598326
vt 0.628602 0.360359
vt 0.628162 0.360266
vt 0.628162 0.348795
vt 0.628602 0.348702
vt 0.288729 0.598184
vt 0.289221 0.598247
vt 0.289221 0.609780
vt 0.288729 0.609843
vt 0.303055 0.609843
vt 0.302563 0.609780
vt 0.302563 0.598247
vt 0.303055 0.598184
vt 0.312492 0.743687
vt 0.311520 0.743672
vt 0.312165 0.742835
vt 0.627834 0.361118
vt 0.627190 0.360281
vt 0.312486 0.755159
vt 0.312157 0.756014
vt 0.311510 0.755173
vt 0.627190 0.348780
vt 0.627834 0.347943
vt 0.312928 0.755253
vt 0.312726 0.756173
vt 0.628400 0.347784
vt 0.643585 0.345817
vt 0.643705 0.346753
vt 0.628400 0.361277
vt 0.312932 0.743595
vt 0.312731 0.742677
vt 0.327916 0.740720
vt 0.328036 0.741652
vt 0.328036 0.757199
vt 0.643705 0.362305
vt 0.643585 0.363241
vt 0.327916 0.758131
vt 0.318144 0.611777
vt 0.318144 0.596250
vt 0.273640 0.596250
vt 0.273640 0.611777
vt 0.446003 0.366593
vt 0.417802 0.365218
vt 0.417970 0.364492
vt 0.446143 0.365828
vt 0.579281 0.358127
vt 0.573837 0.361721
vt 0.573156 0.361025
vt 0.578260 0.357490
vt 0.378930 0.248636
vt 0.378119 0.195610
vt 0.378872 0.195610
vt 0.379693 0.248526
vt 0.388412 0.356918
vt 0.384847 0.348788
vt 0.385384 0.348410
vt 0.388955 0.356547
vt 0.443002 0.403531
vt 0.486569 0.402317
vt 0.486574 0.403282
vt 0.443048 0.404494
vt 0.386956 0.411447
vt 0.400004 0.407354
vt 0.400214 0.408297
vt 0.387442 0.412254
vt 0.599787 0.421266
vt 0.601823 0.428924
vt 0.600858 0.429079
vt 0.598930 0.421691
vt 0.602588 0.478580
vt 0.602588 0.587735
vt 0.601593 0.587734
vt 0.601596 0.478581
vt 0.602517 0.441317
vt 0.601532 0.441345
vt 0.379061 0.419197
vt 0.379850 0.419737
vt 0.370971 0.460723
vt 0.372618 0.443610
vt 0.373588 0.443743
vt 0.371955 0.460798
vt 0.375480 0.427518
vt 0.376411 0.427798
vt 0.367991 0.532482
vt 0.369941 0.478464
vt 0.370936 0.478511
vt 0.368993 0.532507
vt 0.583296 0.408161
vt 0.593468 0.413133
vt 0.592869 0.413866
vt 0.582964 0.409071
vt 0.414383 0.405448
vt 0.414479 0.406409
vt 0.571497 0.405237
vt 0.571344 0.406189
vt 0.545755 0.403310
vt 0.545711 0.404273
vt 0.382938 0.333460
vt 0.383617 0.333064
vt 0.584905 0.334796
vt 0.584851 0.345132
vt 0.583575 0.344603
vt 0.583587 0.334399
vt 0.381890 0.318021
vt 0.380980 0.301564
vt 0.381752 0.301346
vt 0.382615 0.317714
vt 0.393453 0.361376
vt 0.393812 0.360791
vt 0.584903 0.299305
vt 0.583584 0.299006
vt 0.584765 0.195556
vt 0.583433 0.195556
vt 0.583428 0.352189
vt 0.582199 0.351703
vt 0.402004 0.364190
vt 0.402061 0.363524
vt 0.487607 0.367101
vt 0.487602 0.366227
vt 0.546158 0.365312
vt 0.546097 0.364443
vt 0.564253 0.364036
vt 0.563757 0.363284
vt 0.951495 0.838992
vt 0.950961 0.782958
vt 0.951375 0.783086
vt 0.951900 0.838986
vt 0.950646 0.721509
vt 0.950737 0.709780
vt 0.951068 0.709465
vt 0.951018 0.721224
vt 0.951912 0.880154
vt 0.952317 0.880043
vt 0.950558 0.737841
vt 0.950568 0.727856
vt 0.951007 0.727698
vt 0.951024 0.737849
vt 0.982643 0.410869
vt 0.982715 0.402317
vt 0.983146 0.402546
vt 0.983056 0.411115
vt 0.950929 0.674332
vt 0.951506 0.570450
vt 0.951831 0.570452
vt 0.951254 0.674095
vt 0.952441 0.933085
vt 0.952318 0.920625
vt 0.952746 0.920460
vt 0.952898 0.933033
vt 0.982463 0.442535
vt 0.982557 0.426377
vt 0.982938 0.426637
vt 0.982824 0.442783
vt 0.952620 0.943065
vt 0.953087 0.943098
vt 0.952185 0.907131
vt 0.952595 0.906957
vt 0.950747 0.760015
vt 0.950641 0.748218
vt 0.951092 0.748338
vt 0.951178 0.760165
vt 0.982078 0.511002
vt 0.982372 0.459184
vt 0.982721 0.459416
vt 0.982424 0.511124
vt 0.956222 0.783043
vt 0.956032 0.760127
vt 0.956744 0.760122
vt 0.956933 0.783037
vt 0.955951 0.748308
vt 0.955898 0.737833
vt 0.956612 0.737831
vt 0.956664 0.748304
vt 0.956737 0.838939
vt 0.957446 0.838933
vt 0.955921 0.721242
vt 0.955992 0.709491
vt 0.956714 0.709496
vt 0.956640 0.721246
vt 0.957138 0.879995
vt 0.957846 0.879988
vt 0.955894 0.727702
vt 0.956610 0.727704
vt 0.988018 0.411159
vt 0.988101 0.402594
vt 0.988829 0.402601
vt 0.988746 0.411165
vt 0.956199 0.674122
vt 0.956790 0.570480
vt 0.957518 0.570484
vt 0.956925 0.674127
vt 0.957691 0.932962
vt 0.957541 0.920404
vt 0.958244 0.920397
vt 0.958393 0.932952
vt 0.987784 0.442816
vt 0.987897 0.426673
vt 0.988625 0.426679
vt 0.988512 0.442821
vt 0.957862 0.943017
vt 0.958563 0.943006
vt 0.957403 0.906907
vt 0.958108 0.906900
vt 0.987379 0.511152
vt 0.987679 0.459446
vt 0.988407 0.459450
vt 0.988106 0.511157
vt 0.736658 0.402367
vt 0.793225 0.403680
vt 0.739042 0.576553
vt 0.631181 0.426797
vt 0.634419 0.418972
vt 0.695026 0.404408
vt 0.846734 0.474035
vt 0.846734 0.576553
vt 0.624987 0.525164
vt 0.625007 0.474034
vt 0.846150 0.427195
vt 0.846735 0.438907
vt 0.816239 0.406282
vt 0.837528 0.413309
vt 0.844199 0.421016
vt 0.827825 0.409136
vt 0.654008 0.407917
vt 0.667681 0.406168
vt 0.628022 0.441803
vt 0.641715 0.411683
vt 0.625917 0.457620
vt 0.761414 0.175412
vt 0.761414 0.011171
vt 0.762239 0.011171
vt 0.762239 0.175412
vt 0.763273 0.011171
vt 0.771313 0.011171
vt 0.771312 0.175411
vt 0.763272 0.175412
vt 0.755592 0.175412
vt 0.747144 0.175412
vt 0.747142 0.011171
vt 0.755590 0.011171
vt 0.594747 0.368103
vt 0.600864 0.360253
vt 0.602024 0.360835
vt 0.595558 0.369099
vt 0.487674 0.378674
vt 0.547206 0.377704
vt 0.547264 0.379006
vt 0.487668 0.379975
vt 0.400924 0.373725
vt 0.415223 0.375628
vt 0.415094 0.376922
vt 0.400639 0.374993
vt 0.573040 0.375808
vt 0.573246 0.377098
vt 0.584766 0.372925
vt 0.585216 0.374161
vt 0.443908 0.377522
vt 0.443848 0.378820
vt 0.369344 0.250144
vt 0.371387 0.303670
vt 0.370060 0.303735
vt 0.368012 0.250178
vt 0.377105 0.354325
vt 0.380604 0.362335
vt 0.379549 0.363069
vt 0.375857 0.354713
vt 0.374169 0.338374
vt 0.372866 0.338560
vt 0.602833 0.352829
vt 0.603502 0.340538
vt 0.604822 0.340575
vt 0.604136 0.353043
vt 0.372456 0.321315
vt 0.371138 0.321421
vt 0.388186 0.369752
vt 0.387534 0.370835
vt 0.603529 0.303539
vt 0.604847 0.303540
vt 0.603528 0.195552
vt 0.604847 0.195552
vt 0.189208 0.185646
vt 0.189208 0.175553
vt 0.344901 0.175553
vt 0.344901 0.185646
vt 0.189208 0.295175
vt 0.189208 0.235126
vt 0.344901 0.235127
vt 0.344901 0.295175
vt 0.189208 0.383101
vt 0.189208 0.368471
vt 0.344901 0.368471
vt 0.344901 0.383101
vt 0.189208 0.209020
vt 0.344901 0.209020
vt 0.189208 0.196853
vt 0.344901 0.196853
vt 0.189208 0.339386
vt 0.344901 0.339386
vt 0.189208 0.520274
vt 0.189208 0.467457
vt 0.344901 0.467457
vt 0.344901 0.520274
vt 0.189208 0.416531
vt 0.189208 0.407624
vt 0.344901 0.407624
vt 0.344901 0.416531
vt 0.189208 0.432843
vt 0.344901 0.432843
vt 0.189208 0.167796
vt 0.189208 0.155481
vt 0.344901 0.155481
vt 0.344901 0.167796
vt 0.189208 0.449941
vt 0.344901 0.449941
vt 0.189208 0.396736
vt 0.344901 0.396735
vt 0.189208 0.118593
vt 0.344901 0.118593
vt 0.189208 0.011171
vt 0.344901 0.011171
vt 0.844230 0.420971
vt 0.846182 0.427151
vt 0.846765 0.438868
vt 0.846750 0.474020
vt 0.641686 0.411635
vt 0.653983 0.407867
vt 0.667660 0.406119
vt 0.695013 0.404357
vt 0.625884 0.457585
vt 0.627989 0.441764
vt 0.634389 0.418925
vt 0.816262 0.406232
vt 0.827851 0.409087
vt 0.631149 0.426753
vt 0.837556 0.413262
vt 0.793241 0.403629
vt 0.624955 0.525150
vt 0.624973 0.474003
vt 0.846750 0.576553
vt 0.736657 0.402317
vt 0.953089 0.906951
vt 0.953238 0.920454
vt 0.983231 0.459419
vt 0.982933 0.511127
vt 0.951591 0.748335
vt 0.951677 0.760161
vt 0.983567 0.411120
vt 0.983447 0.426640
vt 0.952812 0.880038
vt 0.953394 0.933025
vt 0.953574 0.943091
vt 0.951762 0.674097
vt 0.951574 0.709468
vt 0.983334 0.442787
vt 0.951522 0.721225
vt 0.951511 0.727698
vt 0.952340 0.570455
vt 0.983653 0.402551
vt 0.951527 0.737847
vt 0.952398 0.838981
vt 0.951873 0.783082
vt 0.592397 0.414471
vt 0.582529 0.409702
vt 0.570966 0.406830
vt 0.545445 0.404927
vt 0.414824 0.407054
vt 0.400627 0.408934
vt 0.371499 0.478907
vt 0.369566 0.532706
vt 0.376926 0.428373
vt 0.374124 0.444261
vt 0.443259 0.405147
vt 0.387905 0.412866
vt 0.380343 0.420333
vt 0.601063 0.478975
vt 0.601005 0.441876
vt 0.372503 0.461257
vt 0.600342 0.429653
vt 0.598434 0.422277
vt 0.601062 0.587733
vt 0.486583 0.403944
vt 0.586176 0.422069
vt 0.576632 0.417851
vt 0.565221 0.414909
vt 0.542527 0.412094
vt 0.418602 0.414120
vt 0.405126 0.415911
vt 0.376223 0.482230
vt 0.376089 0.534680
vt 0.382594 0.434643
vt 0.379374 0.449612
vt 0.445580 0.412305
vt 0.393026 0.419684
vt 0.385827 0.426887
vt 0.595239 0.483286
vt 0.595226 0.447696
vt 0.377193 0.465535
vt 0.594655 0.435908
vt 0.592732 0.429736
vt 0.595219 0.587728
vt 0.486678 0.410326
vt 0.572200 0.374533
vt 0.583606 0.371743
vt 0.547102 0.376227
vt 0.401030 0.372592
vt 0.415511 0.374394
vt 0.487666 0.377188
vt 0.593034 0.367040
vt 0.598815 0.359420
vt 0.444148 0.376222
vt 0.388788 0.368780
vt 0.600683 0.351910
vt 0.601290 0.303032
vt 0.601268 0.195553
vt 0.601266 0.339856
vt 0.381506 0.361707
vt 0.372697 0.303296
vt 0.373687 0.320788
vt 0.375320 0.337698
vt 0.378008 0.353672
vt 0.368578 0.195613
vt 0.369855 0.195613
vt 0.370640 0.249956
vt 0.872049 0.291158
vt 0.871996 0.275072
vt 0.873108 0.274536
vt 0.873156 0.290482
vt 0.905958 0.025124
vt 0.905980 0.018094
vt 0.907111 0.018366
vt 0.907037 0.025695
vt 0.244457 0.611417
vt 0.244565 0.602969
vt 0.245841 0.603453
vt 0.245586 0.612126
vt 0.906010 0.173242
vt 0.906025 0.070353
vt 0.907044 0.070918
vt 0.907032 0.173242
vt 0.872430 0.330392
vt 0.872116 0.321683
vt 0.873407 0.321185
vt 0.873695 0.329954
vt 0.906282 0.011627
vt 0.907424 0.011967
vt 0.244424 0.697202
vt 0.244431 0.655594
vt 0.245428 0.656116
vt 0.245417 0.697190
vt 0.906024 0.035475
vt 0.907038 0.036381
vt 0.244531 0.755989
vt 0.245540 0.755210
vt 0.244964 0.789622
vt 0.244636 0.783565
vt 0.245861 0.783229
vt 0.246165 0.789406
vt 0.244553 0.773993
vt 0.245681 0.773433
vt 0.871875 0.223051
vt 0.872994 0.222787
vt 0.872083 0.306367
vt 0.873224 0.305663
vt 0.244492 0.627423
vt 0.245496 0.628305
vt 0.244998 0.596728
vt 0.246269 0.597017
vt 0.871825 0.171057
vt 0.872958 0.171057
vt 0.904913 0.017841
vt 0.904899 0.024580
vt 0.901200 0.024583
vt 0.901287 0.017762
vt 0.243361 0.602519
vt 0.243348 0.610739
vt 0.239654 0.610739
vt 0.239768 0.602403
vt 0.905006 0.069788
vt 0.904988 0.173242
vt 0.901114 0.173242
vt 0.901146 0.069786
vt 0.870862 0.322165
vt 0.871157 0.330818
vt 0.867413 0.330941
vt 0.867127 0.322218
vt 0.905140 0.011290
vt 0.901502 0.011171
vt 0.243434 0.655071
vt 0.243431 0.697214
vt 0.239552 0.697217
vt 0.239575 0.655065
vt 0.905008 0.034577
vt 0.901202 0.034584
vt 0.243521 0.756764
vt 0.239659 0.756764
vt 0.243471 0.783881
vt 0.243758 0.789834
vt 0.240038 0.790003
vt 0.239768 0.783979
vt 0.243436 0.774536
vt 0.239652 0.774543
vt 0.243485 0.626549
vt 0.239677 0.626552
vt 0.870755 0.223316
vt 0.870885 0.275607
vt 0.867031 0.275620
vt 0.866889 0.223323
vt 0.870944 0.307062
vt 0.867148 0.307058
vt 0.243721 0.596449
vt 0.240101 0.596250
vt 0.870941 0.291832
vt 0.867108 0.291843
vt 0.878091 0.171057
vt 0.878122 0.222780
vt 0.250840 0.773363
vt 0.251041 0.783067
vt 0.878316 0.305620
vt 0.878508 0.321078
vt 0.250586 0.628327
vt 0.250551 0.656122
vt 0.251297 0.597301
vt 0.250937 0.603680
vt 0.912133 0.036384
vt 0.912162 0.070917
vt 0.878221 0.274524
vt 0.878253 0.290464
vt 0.912243 0.018509
vt 0.912146 0.025726
vt 0.250683 0.612214
vt 0.912167 0.173242
vt 0.878771 0.329801
vt 0.912491 0.012166
vt 0.250564 0.697184
vt 0.250689 0.755182
vt 0.251297 0.789191
vt 0.910546 0.455935
vt 0.910546 0.427357
vt 0.928215 0.427357
vt 0.928215 0.455935
vt 0.869821 0.924472
vt 0.869821 0.917920
vt 0.887490 0.917920
vt 0.887490 0.924472
vt 0.910546 0.650485
vt 0.910546 0.615208
vt 0.928215 0.615208
vt 0.928215 0.650485
vt 0.869821 0.878087
vt 0.869821 0.861831
vt 0.887490 0.861831
vt 0.887490 0.878087
vt 0.910546 0.605019
vt 0.910546 0.597781
vt 0.928215 0.597781
vt 0.928215 0.605019
vt 0.910546 0.411170
vt 0.910546 0.402317
vt 0.928215 0.402317
vt 0.928215 0.411170
vt 0.910546 0.753392
vt 0.928215 0.753392
vt 0.869821 0.908932
vt 0.887490 0.908932
vt 0.910546 0.590755
vt 0.928215 0.590755
vt 0.910546 0.497860
vt 0.928215 0.497860
vt 0.910546 0.556929
vt 0.928215 0.556929
vt 0.910546 0.584512
vt 0.928215 0.584512
vt 0.910546 0.574776
vt 0.928215 0.574776
vt 0.869821 0.809687
vt 0.869821 0.757614
vt 0.887490 0.757614
vt 0.887490 0.809687
vt 0.869821 0.893426
vt 0.887490 0.893426
vt 0.869108 0.908932
vt 0.869108 0.893426
vt 0.909833 0.584512
vt 0.909833 0.574776
vt 0.869108 0.809687
vt 0.869108 0.757614
vt 0.909833 0.427357
vt 0.909833 0.411170
vt 0.909833 0.556929
vt 0.909833 0.590755
vt 0.909833 0.497860
vt 0.909833 0.615208
vt 0.909833 0.605019
vt 0.909833 0.455935
vt 0.909833 0.597781
vt 0.869108 0.917920
vt 0.909833 0.753392
vt 0.909833 0.650485
vt 0.909833 0.402317
vt 0.869108 0.878087
vt 0.869108 0.861831
vt 0.869108 0.924472
vt 0.368828 0.587539
vt 0.376003 0.587544
vt 0.368248 0.587538
vt 0.982129 0.563039
vt 0.982638 0.563042
vt 0.624930 0.576552
vt 0.624967 0.576552
vt 0.189208 0.573907
vt 0.344901 0.573907
vt 0.367244 0.195614
vt 0.987078 0.563067
vt 0.987804 0.563072
vt 0.981780 0.563037
vt 0.367244 0.587537
vt 0.870693 0.171057
vt 0.866823 0.171057
vt 0.803712 0.069236
vt 0.793693 0.069237
vt 0.793739 0.034897
vt 0.803647 0.034899
vt 0.840868 0.327681
vt 0.830917 0.327866
vt 0.830755 0.319195
vt 0.840650 0.319074
vt 0.840488 0.221159
vt 0.830433 0.221171
vt 0.830384 0.169518
vt 0.840466 0.169518
vt 0.142087 0.602879
vt 0.132352 0.602595
vt 0.132597 0.596250
vt 0.142438 0.596629
vt 0.803545 0.024472
vt 0.793804 0.024401
vt 0.793955 0.017360
vt 0.803569 0.017642
vt 0.141818 0.771206
vt 0.131881 0.771278
vt 0.131806 0.753293
vt 0.141842 0.753285
vt 0.840580 0.288670
vt 0.830588 0.288695
vt 0.830537 0.272783
vt 0.840561 0.272763
vt 0.141896 0.695584
vt 0.131793 0.695573
vt 0.131914 0.654664
vt 0.141939 0.654689
vt 0.141978 0.627019
vt 0.132046 0.626983
vt 0.132163 0.610987
vt 0.141968 0.611096
vt 0.830647 0.303828
vt 0.840594 0.303786
vt 0.141897 0.780585
vt 0.132038 0.780815
vt 0.803766 0.171353
vt 0.793655 0.171353
vt 0.142213 0.786516
vt 0.132236 0.786844
vt 0.794216 0.011171
vt 0.803967 0.011582
vt 0.806522 0.036049
vt 0.806780 0.036184
vt 0.806794 0.070049
vt 0.806538 0.069965
vt 0.843197 0.318737
vt 0.843445 0.318774
vt 0.844000 0.326481
vt 0.843767 0.326571
vt 0.843280 0.169518
vt 0.843545 0.169518
vt 0.843509 0.221133
vt 0.843258 0.221137
vt 0.145570 0.597420
vt 0.145812 0.597495
vt 0.144907 0.603443
vt 0.144663 0.603405
vt 0.806364 0.018992
vt 0.806617 0.019087
vt 0.806761 0.026043
vt 0.806481 0.025937
vt 0.144793 0.752512
vt 0.145077 0.752421
vt 0.145006 0.769725
vt 0.144710 0.769817
vt 0.843212 0.272603
vt 0.843449 0.272597
vt 0.843566 0.288409
vt 0.843319 0.288423
vt 0.144614 0.654988
vt 0.144865 0.655025
vt 0.144965 0.695434
vt 0.144683 0.695450
vt 0.144499 0.611917
vt 0.144732 0.611968
vt 0.144936 0.627578
vt 0.144692 0.627520
vt 0.843320 0.303461
vt 0.843569 0.303462
vt 0.144910 0.779328
vt 0.144638 0.779392
vt 0.806995 0.171353
vt 0.806698 0.171353
vt 0.145811 0.785302
vt 0.145551 0.785364
vt 0.807357 0.012624
vt 0.807590 0.012745
vt 0.688627 0.068222
vt 0.688627 0.034220
vt 0.724495 0.043825
vt 0.724495 0.073886
vt 0.629850 0.323475
vt 0.628901 0.316006
vt 0.665884 0.311814
vt 0.666284 0.317139
vt 0.627394 0.218605
vt 0.627190 0.167323
vt 0.664126 0.167323
vt 0.664329 0.213306
vt 0.012555 0.601916
vt 0.013717 0.596250
vt 0.049140 0.606876
vt 0.048483 0.610223
vt 0.688647 0.024115
vt 0.688809 0.017402
vt 0.724452 0.023635
vt 0.724504 0.031301
vt 0.011915 0.766873
vt 0.011635 0.749785
vt 0.048367 0.746992
vt 0.048379 0.762748
vt 0.627891 0.269949
vt 0.664869 0.261839
vt 0.628144 0.285797
vt 0.665219 0.279891
vt 0.011171 0.693174
vt 0.011316 0.653058
vt 0.048340 0.656459
vt 0.048351 0.691924
vt 0.011657 0.625587
vt 0.011868 0.610043
vt 0.048320 0.615242
vt 0.048335 0.632191
vt 0.628402 0.300852
vt 0.665532 0.295896
vt 0.012400 0.776113
vt 0.048737 0.771871
vt 0.688657 0.169056
vt 0.724521 0.169056
vt 0.013276 0.781844
vt 0.049140 0.777029
vt 0.689511 0.011171
vt 0.724799 0.019181
vt 0.803573 0.017656
vt 0.804231 0.011622
vt 0.142454 0.786488
vt 0.141930 0.780577
vt 0.803922 0.171353
vt 0.803828 0.069236
vt 0.142070 0.611080
vt 0.142129 0.602892
vt 0.141933 0.771220
vt 0.803785 0.034896
vt 0.803654 0.024447
vt 0.840716 0.303791
vt 0.840697 0.288669
vt 0.840675 0.272762
vt 0.840602 0.221159
vt 0.142052 0.654689
vt 0.142109 0.627017
vt 0.840717 0.319072
vt 0.141967 0.753286
vt 0.142041 0.695584
vt 0.142666 0.596656
vt 0.840592 0.169518
vt 0.841045 0.327669
vt 0.808041 0.012871
vt 0.807083 0.019171
vt 0.145394 0.779289
vt 0.146286 0.785240
vt 0.807250 0.070127
vt 0.807493 0.171353
vt 0.145388 0.603529
vt 0.145210 0.612016
vt 0.145484 0.769688
vt 0.807229 0.026131
vt 0.807236 0.036315
vt 0.844042 0.288334
vt 0.844049 0.303408
vt 0.145406 0.627660
vt 0.145339 0.655068
vt 0.843928 0.318742
vt 0.145475 0.695417
vt 0.145551 0.752389
vt 0.843923 0.272490
vt 0.843983 0.221064
vt 0.146286 0.597614
vt 0.844032 0.169518
vt 0.844480 0.326423
vt 0.804728 0.011806
vt 0.803824 0.017778
vt 0.142240 0.780500
vt 0.142956 0.786397
vt 0.804212 0.069363
vt 0.804347 0.171353
vt 0.142405 0.602943
vt 0.142395 0.611135
vt 0.142367 0.771104
vt 0.804056 0.024568
vt 0.804192 0.035091
vt 0.841071 0.288649
vt 0.841093 0.303797
vt 0.840977 0.221154
vt 0.841030 0.272753
vt 0.142487 0.627100
vt 0.142428 0.654746
vt 0.841033 0.319129
vt 0.142448 0.695561
vt 0.142400 0.753153
vt 0.143127 0.596772
vt 0.840981 0.169518
vt 0.841449 0.327537
vt 0.756907 0.175412
vt 0.756906 0.011171
vt 0.756218 0.175412
vt 0.756216 0.011171
vt 0.445901 0.024579
vt 0.446042 0.025344
vt 0.417861 0.026694
vt 0.417693 0.025969
vt 0.579217 0.032985
vt 0.578197 0.033622
vt 0.573090 0.030089
vt 0.573771 0.029393
vt 0.378892 0.142582
vt 0.379656 0.142691
vt 0.388302 0.034286
vt 0.388845 0.034657
vt 0.385278 0.042798
vt 0.384741 0.042419
vt 0.442701 0.771665
vt 0.442748 0.770702
vt 0.486270 0.771986
vt 0.486263 0.772951
vt 0.386670 0.763657
vt 0.387157 0.762851
vt 0.399922 0.766829
vt 0.399711 0.767772
vt 0.599505 0.754192
vt 0.598649 0.753766
vt 0.600590 0.746382
vt 0.601554 0.746538
vt 0.602400 0.696886
vt 0.601409 0.696884
vt 0.602268 0.734147
vt 0.601283 0.734117
vt 0.378788 0.755895
vt 0.379578 0.755356
vt 0.370765 0.714356
vt 0.371749 0.714282
vt 0.373355 0.731340
vt 0.372385 0.731471
vt 0.376152 0.747290
vt 0.375221 0.747568
vt 0.367901 0.642594
vt 0.368903 0.642571
vt 0.370759 0.696569
vt 0.369764 0.696614
vt 0.582994 0.767268
vt 0.582664 0.766358
vt 0.592576 0.761579
vt 0.593173 0.762314
vt 0.414086 0.769701
vt 0.414184 0.768740
vt 0.571190 0.770172
vt 0.571039 0.769220
vt 0.545447 0.772057
vt 0.545404 0.771093
vt 0.383521 0.058146
vt 0.382841 0.057751
vt 0.584852 0.056314
vt 0.583534 0.056712
vt 0.583517 0.046508
vt 0.584793 0.045978
vt 0.381803 0.073191
vt 0.382529 0.073498
vt 0.381677 0.089868
vt 0.380905 0.089650
vt 0.393341 0.029825
vt 0.393700 0.030410
vt 0.584864 0.091807
vt 0.583545 0.092105
vt 0.582138 0.039407
vt 0.583367 0.038921
vt 0.401892 0.027006
vt 0.401949 0.027672
vt 0.487517 0.024051
vt 0.487513 0.024925
vt 0.546085 0.025814
vt 0.546024 0.026682
vt 0.564184 0.027082
vt 0.563689 0.027833
vt 0.981796 0.827369
vt 0.982202 0.827366
vt 0.982749 0.883326
vt 0.982338 0.883462
vt 0.952333 0.418959
vt 0.952705 0.419250
vt 0.952630 0.431102
vt 0.952300 0.430782
vt 0.981416 0.786019
vt 0.981825 0.786122
vt 0.952429 0.402317
vt 0.952902 0.402421
vt 0.952759 0.412704
vt 0.952313 0.412540
vt 0.980964 0.714241
vt 0.981369 0.714004
vt 0.981356 0.722417
vt 0.980906 0.722546
vt 0.952098 0.466400
vt 0.952421 0.466642
vt 0.980916 0.732597
vt 0.981378 0.732641
vt 0.981470 0.745369
vt 0.981035 0.745211
vt 0.981118 0.683025
vt 0.981479 0.682783
vt 0.981417 0.698730
vt 0.981039 0.698982
vt 0.981166 0.758840
vt 0.981583 0.759008
vt 0.982565 0.906381
vt 0.982992 0.906223
vt 0.983131 0.918019
vt 0.982682 0.918147
vt 0.981493 0.614979
vt 0.981839 0.614862
vt 0.981556 0.666297
vt 0.981207 0.666524
vt 0.983278 0.928455
vt 0.982818 0.928577
vt 0.987596 0.883277
vt 0.988307 0.883269
vt 0.988548 0.906160
vt 0.987837 0.906168
vt 0.987977 0.917957
vt 0.988687 0.917948
vt 0.988829 0.928379
vt 0.988118 0.928389
vt 0.987051 0.827321
vt 0.987763 0.827314
vt 0.957655 0.419288
vt 0.958381 0.419293
vt 0.958312 0.431136
vt 0.957585 0.431132
vt 0.986676 0.786078
vt 0.987387 0.786071
vt 0.957839 0.402483
vt 0.958563 0.402492
vt 0.958435 0.412764
vt 0.957709 0.412757
vt 0.986242 0.714017
vt 0.986957 0.714019
vt 0.986931 0.722417
vt 0.986219 0.722417
vt 0.957383 0.466671
vt 0.958111 0.466675
vt 0.986234 0.732621
vt 0.986945 0.732618
vt 0.987029 0.745328
vt 0.986318 0.745333
vt 0.986386 0.682806
vt 0.987106 0.682810
vt 0.987024 0.698753
vt 0.986307 0.698749
vt 0.986432 0.758966
vt 0.987144 0.758960
vt 0.986777 0.614890
vt 0.987502 0.614894
vt 0.987201 0.666328
vt 0.986479 0.666324
vt 0.736655 0.750740
vt 0.793223 0.749427
vt 0.631179 0.726308
vt 0.634417 0.734134
vt 0.695023 0.748698
vt 0.846734 0.679071
vt 0.624987 0.627940
vt 0.625006 0.679070
vt 0.846150 0.725912
vt 0.846734 0.714198
vt 0.816237 0.746826
vt 0.837526 0.739799
vt 0.844198 0.732091
vt 0.827823 0.743972
vt 0.654006 0.745188
vt 0.667678 0.746938
vt 0.628020 0.711302
vt 0.641713 0.741422
vt 0.625915 0.695484
vt 0.762239 0.339647
vt 0.761415 0.339647
vt 0.763274 0.339647
vt 0.771313 0.339647
vt 0.755592 0.339647
vt 0.747145 0.339647
vt 0.594682 0.023001
vt 0.595492 0.022005
vt 0.601962 0.030267
vt 0.600802 0.030849
vt 0.487579 0.012475
vt 0.487572 0.011171
vt 0.547186 0.012115
vt 0.547128 0.013418
vt 0.400806 0.017469
vt 0.400521 0.016201
vt 0.414978 0.014263
vt 0.415108 0.015557
vt 0.573174 0.014013
vt 0.572969 0.015303
vt 0.585147 0.016946
vt 0.584697 0.018182
vt 0.443740 0.012350
vt 0.443800 0.013648
vt 0.369305 0.141081
vt 0.367972 0.141048
vt 0.369983 0.087487
vt 0.371310 0.087551
vt 0.376995 0.036887
vt 0.375746 0.036500
vt 0.379434 0.028140
vt 0.380489 0.028873
vt 0.374068 0.052841
vt 0.372765 0.052656
vt 0.602773 0.038273
vt 0.604077 0.038059
vt 0.604768 0.050527
vt 0.603447 0.050565
vt 0.372367 0.069904
vt 0.371049 0.069799
vt 0.387415 0.020367
vt 0.388068 0.021449
vt 0.604807 0.087564
vt 0.603488 0.087565
vt 0.011171 0.399432
vt 0.166865 0.399432
vt 0.166865 0.409526
vt 0.011171 0.409526
vt 0.011171 0.289903
vt 0.166865 0.289903
vt 0.166865 0.349952
vt 0.011171 0.349952
vt 0.011171 0.201978
vt 0.166865 0.201978
vt 0.166865 0.216607
vt 0.011171 0.216607
vt 0.166865 0.376059
vt 0.011171 0.376059
vt 0.166865 0.388226
vt 0.011171 0.388226
vt 0.166865 0.245693
vt 0.011171 0.245693
vt 0.011171 0.064804
vt 0.166865 0.064805
vt 0.166865 0.117621
vt 0.011171 0.117621
vt 0.011171 0.168547
vt 0.166865 0.168547
vt 0.166865 0.177454
vt 0.011171 0.177455
vt 0.011171 0.152235
vt 0.166865 0.152235
vt 0.011171 0.417282
vt 0.166865 0.417282
vt 0.166865 0.429597
vt 0.011171 0.429597
vt 0.011171 0.135138
vt 0.166865 0.135138
vt 0.166865 0.188343
vt 0.011171 0.188343
vt 0.166865 0.466485
vt 0.011171 0.466485
vt 0.166865 0.573907
vt 0.011171 0.573907
vt 0.844229 0.732137
vt 0.846181 0.725955
vt 0.846765 0.714238
vt 0.846765 0.679100
vt 0.641685 0.741471
vt 0.653981 0.745238
vt 0.667657 0.746987
vt 0.695010 0.748748
vt 0.625882 0.695519
vt 0.627988 0.711341
vt 0.634387 0.734180
vt 0.816260 0.746876
vt 0.827849 0.744021
vt 0.631147 0.726352
vt 0.837555 0.739847
vt 0.793239 0.749478
vt 0.624952 0.627955
vt 0.624977 0.679096
vt 0.736655 0.750791
vt 0.981967 0.745366
vt 0.982081 0.759003
vt 0.982347 0.614865
vt 0.982062 0.666300
vt 0.983490 0.906217
vt 0.983630 0.918013
vt 0.981920 0.698731
vt 0.981870 0.714005
vt 0.982324 0.786117
vt 0.981857 0.722417
vt 0.981879 0.732639
vt 0.953139 0.431105
vt 0.952931 0.466645
vt 0.981983 0.682785
vt 0.953271 0.412709
vt 0.953214 0.419255
vt 0.953406 0.402428
vt 0.982701 0.827362
vt 0.983247 0.883321
vt 0.983774 0.928448
vt 0.582230 0.765726
vt 0.592105 0.760974
vt 0.545140 0.770439
vt 0.570663 0.768579
vt 0.400337 0.766192
vt 0.414530 0.768096
vt 0.369477 0.642372
vt 0.371323 0.696173
vt 0.373892 0.730823
vt 0.376668 0.746715
vt 0.442961 0.770050
vt 0.380071 0.754761
vt 0.387621 0.762240
vt 0.600758 0.733586
vt 0.600879 0.696490
vt 0.372299 0.713825
vt 0.598154 0.753179
vt 0.600074 0.745806
vt 0.486280 0.771324
vt 0.576347 0.757568
vt 0.585896 0.753366
vt 0.542234 0.763268
vt 0.564931 0.760490
vt 0.404846 0.759223
vt 0.418319 0.761036
vt 0.376003 0.640408
vt 0.376052 0.692858
vt 0.379150 0.725481
vt 0.382346 0.740454
vt 0.445293 0.762896
vt 0.385567 0.748216
vt 0.392753 0.755431
vt 0.594989 0.727756
vt 0.595062 0.692170
vt 0.376995 0.709555
vt 0.592465 0.745710
vt 0.594399 0.739542
vt 0.486386 0.764942
vt 0.583538 0.019365
vt 0.572129 0.016579
vt 0.547025 0.014895
vt 0.415397 0.016792
vt 0.400913 0.018602
vt 0.487571 0.013961
vt 0.598753 0.031683
vt 0.592969 0.024065
vt 0.444041 0.014948
vt 0.388671 0.022421
vt 0.600623 0.039193
vt 0.601249 0.088073
vt 0.601211 0.051247
vt 0.381391 0.029501
vt 0.373598 0.070430
vt 0.372620 0.087924
vt 0.377898 0.037539
vt 0.375220 0.053517
vt 0.370601 0.141268
vt 0.872048 0.050956
vt 0.873156 0.051631
vt 0.873108 0.067578
vt 0.871996 0.067042
vt 0.905951 0.321370
vt 0.907030 0.320800
vt 0.907108 0.328129
vt 0.905976 0.328402
vt 0.210369 0.774836
vt 0.211498 0.774126
vt 0.211753 0.782800
vt 0.210477 0.783284
vt 0.907033 0.275572
vt 0.906013 0.276137
vt 0.872429 0.011720
vt 0.873695 0.012158
vt 0.873407 0.020927
vt 0.872116 0.020430
vt 0.907425 0.334527
vt 0.906284 0.334869
vt 0.210336 0.689050
vt 0.211329 0.689063
vt 0.211340 0.730136
vt 0.210342 0.730659
vt 0.906014 0.311018
vt 0.907028 0.310112
vt 0.210443 0.630263
vt 0.211452 0.631043
vt 0.210876 0.596631
vt 0.212077 0.596848
vt 0.211773 0.603024
vt 0.210548 0.602688
vt 0.210465 0.612260
vt 0.211593 0.612820
vt 0.871875 0.119063
vt 0.872994 0.119328
vt 0.873224 0.036451
vt 0.872083 0.035746
vt 0.211408 0.757947
vt 0.210404 0.758829
vt 0.212181 0.789236
vt 0.210910 0.789525
vt 0.904909 0.328656
vt 0.901282 0.328737
vt 0.901192 0.321914
vt 0.904892 0.321915
vt 0.209273 0.783733
vt 0.205680 0.783849
vt 0.205566 0.775514
vt 0.209260 0.775514
vt 0.904994 0.276701
vt 0.901134 0.276704
vt 0.870862 0.019947
vt 0.867127 0.019895
vt 0.867413 0.011171
vt 0.871156 0.011295
vt 0.905142 0.335206
vt 0.901503 0.335330
vt 0.209346 0.731181
vt 0.205487 0.731187
vt 0.205463 0.689035
vt 0.209343 0.689038
vt 0.901191 0.311911
vt 0.904998 0.311917
vt 0.205571 0.629489
vt 0.209433 0.629488
vt 0.209383 0.602372
vt 0.205680 0.602274
vt 0.205950 0.596250
vt 0.209670 0.596419
vt 0.205564 0.611710
vt 0.209348 0.611717
vt 0.205589 0.759701
vt 0.209397 0.759704
vt 0.870755 0.118799
vt 0.866889 0.118792
vt 0.867031 0.066494
vt 0.870884 0.066507
vt 0.870943 0.035051
vt 0.867147 0.035055
vt 0.209633 0.789804
vt 0.206013 0.790003
vt 0.870941 0.050282
vt 0.867107 0.050271
vt 0.878122 0.119335
vt 0.216953 0.603186
vt 0.216752 0.612890
vt 0.878508 0.021035
vt 0.878316 0.036493
vt 0.216463 0.730131
vt 0.216498 0.757925
vt 0.216849 0.782573
vt 0.217209 0.788952
vt 0.912151 0.275573
vt 0.912123 0.310108
vt 0.878253 0.051650
vt 0.878221 0.067590
vt 0.912139 0.320766
vt 0.912239 0.327983
vt 0.216595 0.774039
vt 0.878771 0.012311
vt 0.912491 0.334326
vt 0.216476 0.689068
vt 0.216601 0.631071
vt 0.217209 0.597062
vt 0.869821 0.537137
vt 0.887490 0.537137
vt 0.887490 0.565715
vt 0.869821 0.565715
vt 0.869821 0.590755
vt 0.887490 0.590755
vt 0.887490 0.597307
vt 0.869821 0.597307
vt 0.910546 0.856299
vt 0.928215 0.856299
vt 0.928215 0.891576
vt 0.910546 0.891576
vt 0.869821 0.637140
vt 0.887490 0.637140
vt 0.887490 0.653396
vt 0.869821 0.653396
vt 0.910546 0.901764
vt 0.928215 0.901764
vt 0.928215 0.909002
vt 0.910546 0.909002
vt 0.869821 0.581903
vt 0.887490 0.581903
vt 0.887490 0.606295
vt 0.869821 0.606295
vt 0.928215 0.916029
vt 0.910546 0.916029
vt 0.869821 0.495212
vt 0.887490 0.495212
vt 0.869821 0.436143
vt 0.887490 0.436143
vt 0.869821 0.402317
vt 0.887490 0.402317
vt 0.887490 0.408560
vt 0.869821 0.408560
vt 0.869821 0.418296
vt 0.887490 0.418296
vt 0.869821 0.705540
vt 0.887490 0.705540
vt 0.887490 0.621801
vt 0.869821 0.621801
vt 0.869108 0.606295
vt 0.869108 0.621801
vt 0.869108 0.408560
vt 0.869108 0.418296
vt 0.869108 0.705540
vt 0.869108 0.565715
vt 0.869108 0.581903
vt 0.869108 0.436143
vt 0.869108 0.402317
vt 0.869108 0.495212
vt 0.909833 0.891576
vt 0.909833 0.901764
vt 0.869108 0.537137
vt 0.909833 0.909002
vt 0.909833 0.916029
vt 0.869108 0.597307
vt 0.909833 0.856299
vt 0.869108 0.590755
vt 0.869108 0.637140
vt 0.869108 0.653396
vt 0.011171 0.011171
vt 0.166865 0.011171
vt 0.803712 0.273472
vt 0.803647 0.307809
vt 0.793739 0.307811
vt 0.793692 0.273471
vt 0.840868 0.011357
vt 0.840650 0.019964
vt 0.830756 0.019843
vt 0.830917 0.011171
vt 0.840488 0.117877
vt 0.830433 0.117865
vt 0.178922 0.780213
vt 0.179273 0.786462
vt 0.169432 0.786842
vt 0.169187 0.780497
vt 0.803545 0.318237
vt 0.803569 0.325066
vt 0.793955 0.325349
vt 0.793804 0.318307
vt 0.178653 0.611887
vt 0.178677 0.629808
vt 0.168641 0.629800
vt 0.168716 0.611815
vt 0.840580 0.050367
vt 0.840561 0.066274
vt 0.830537 0.066254
vt 0.830588 0.050342
vt 0.178731 0.687508
vt 0.178774 0.728403
vt 0.168750 0.728428
vt 0.168628 0.687520
vt 0.178814 0.756073
vt 0.178804 0.771996
vt 0.168998 0.772104
vt 0.168881 0.756109
vt 0.840594 0.035251
vt 0.830647 0.035209
vt 0.178732 0.602508
vt 0.168873 0.602278
vt 0.179048 0.596577
vt 0.169071 0.596250
vt 0.803967 0.331126
vt 0.794216 0.331537
vt 0.806522 0.306659
vt 0.806538 0.272742
vt 0.806795 0.272658
vt 0.806779 0.306525
vt 0.843197 0.020301
vt 0.843767 0.012467
vt 0.844000 0.012556
vt 0.843445 0.020264
vt 0.843259 0.117899
vt 0.843509 0.117903
vt 0.182405 0.785672
vt 0.181498 0.779687
vt 0.181742 0.779649
vt 0.182647 0.785597
vt 0.806363 0.323717
vt 0.806481 0.316772
vt 0.806761 0.316665
vt 0.806617 0.323621
vt 0.181628 0.630581
vt 0.181545 0.613276
vt 0.181841 0.613368
vt 0.181912 0.630672
vt 0.843212 0.066433
vt 0.843319 0.050614
vt 0.843566 0.050628
vt 0.843448 0.066439
vt 0.181450 0.728104
vt 0.181518 0.687643
vt 0.181801 0.687658
vt 0.181701 0.728067
vt 0.181334 0.771175
vt 0.181528 0.755572
vt 0.181771 0.755514
vt 0.181567 0.771124
vt 0.843321 0.035577
vt 0.843570 0.035575
vt 0.181473 0.603702
vt 0.181745 0.603765
vt 0.182386 0.597729
vt 0.182646 0.597792
vt 0.807357 0.330084
vt 0.807590 0.329963
vt 0.688627 0.269889
vt 0.724495 0.264225
vt 0.724495 0.294286
vt 0.688627 0.303891
vt 0.629849 0.011171
vt 0.666284 0.017507
vt 0.665884 0.022832
vt 0.628901 0.018640
vt 0.627394 0.116041
vt 0.664329 0.121340
vt 0.072866 0.776178
vt 0.108794 0.767871
vt 0.109450 0.771217
vt 0.074028 0.781844
vt 0.688647 0.313997
vt 0.724504 0.306810
vt 0.724452 0.314477
vt 0.688809 0.320709
vt 0.072226 0.611221
vt 0.108690 0.615346
vt 0.108678 0.631102
vt 0.071946 0.628308
vt 0.627891 0.064697
vt 0.664869 0.072807
vt 0.628144 0.048849
vt 0.665219 0.054755
vt 0.071482 0.684919
vt 0.108661 0.686170
vt 0.108651 0.721634
vt 0.071627 0.725035
vt 0.071968 0.752507
vt 0.108645 0.745902
vt 0.108631 0.762851
vt 0.072179 0.768051
vt 0.665532 0.038750
vt 0.628402 0.033794
vt 0.072711 0.601981
vt 0.109047 0.606223
vt 0.073587 0.596250
vt 0.109450 0.601065
vt 0.724799 0.318931
vt 0.689511 0.326940
vt 0.803573 0.325052
vt 0.804231 0.331087
vt 0.179289 0.596605
vt 0.178765 0.602516
vt 0.803826 0.273472
vt 0.178905 0.772012
vt 0.178964 0.780200
vt 0.178768 0.611874
vt 0.803785 0.307812
vt 0.803654 0.318262
vt 0.840716 0.035246
vt 0.840698 0.050368
vt 0.840675 0.066274
vt 0.840602 0.117877
vt 0.178888 0.728403
vt 0.178944 0.756075
vt 0.840717 0.019965
vt 0.178802 0.629807
vt 0.178876 0.687508
vt 0.179501 0.786435
vt 0.841045 0.011369
vt 0.807083 0.323537
vt 0.808041 0.329838
vt 0.183121 0.597853
vt 0.182229 0.603805
vt 0.807250 0.272581
vt 0.182046 0.771075
vt 0.182223 0.779563
vt 0.182319 0.613405
vt 0.807236 0.306393
vt 0.807228 0.316577
vt 0.844049 0.035629
vt 0.844042 0.050703
vt 0.182175 0.728024
vt 0.182242 0.755432
vt 0.843928 0.020296
vt 0.182386 0.630704
vt 0.182311 0.687676
vt 0.843922 0.066546
vt 0.843983 0.117972
vt 0.183121 0.785478
vt 0.844480 0.012615
vt 0.804727 0.330902
vt 0.803824 0.324930
vt 0.179075 0.602594
vt 0.179791 0.596697
vt 0.804212 0.273344
vt 0.179240 0.780149
vt 0.179230 0.771956
vt 0.179202 0.611989
vt 0.804056 0.318140
vt 0.804191 0.307617
vt 0.841071 0.050388
vt 0.841093 0.035240
vt 0.840977 0.117882
vt 0.841030 0.066284
vt 0.179323 0.755992
vt 0.179263 0.728346
vt 0.841033 0.019908
vt 0.179284 0.687531
vt 0.179235 0.629940
vt 0.179962 0.786320
vt 0.841449 0.011501
vt 0.756908 0.339647
vt 0.756218 0.339647
s 1
usemtl base
f 41/31/14 46/32/19 50/33/23 44/34/17
f 55/35/28 43/36/16 48/37/21 53/38/26
f 54/39/27 49/40/22 47/41/20 52/42/25
f 58/43/31 40/44/13 42/45/15 56/46/29
f 39/47/12 41/48/14 40/49/13
f 42/50/15 44/51/17 43/36/16
f 45/52/18 47/53/20 46/54/19
f 48/37/21 50/55/23 49/56/22
f 45/52/18 46/54/19 41/48/14 39/47/12
f 40/44/13 41/31/14 44/34/17 42/45/15
f 43/36/16 44/51/17 50/55/23 48/37/21
f 49/40/22 50/33/23 46/32/19 47/41/20
f 51/57/24 52/58/25 47/53/20 45/52/18
f 53/38/26 54/59/27 37/60/10 38/61/11
f 55/35/28 56/62/29 42/50/15 43/36/16
f 57/63/30 58/64/31 31/65/4 32/66/5
f 51/57/24 45/52/18 39/47/12 57/63/30
f 35/67/8 51/57/24 57/63/30 32/66/5
f 39/47/12 40/49/13 58/64/31 57/63/30
f 33/68/6 34/69/7 56/62/29 55/35/28
f 48/37/21 49/56/22 54/59/27 53/38/26
f 35/67/8 36/70/9 52/58/25 51/57/24
f 31/71/4 58/43/31 56/46/29 34/72/7
f 37/73/10 54/39/27 52/42/25 36/74/9
f 33/68/6 55/35/28 53/38/26 38/61/11
f 69/75/34 74/76/36 78/77/37 72/78/35
f 83/79/28 71/80/16 76/81/21 81/82/26
f 82/83/27 77/84/22 75/85/20 80/86/25
f 86/87/31 68/88/13 70/89/15 84/90/29
f 67/91/12 69/92/34 68/93/13
f 70/94/15 72/95/35 71/80/16
f 73/96/18 75/97/20 74/98/36
f 76/81/21 78/99/37 77/100/22
f 73/96/18 74/98/36 69/92/34 67/91/12
f 68/88/13 69/75/34 72/78/35 70/89/15
f 71/80/16 72/95/35 78/99/37 76/81/21
f 77/84/22 78/77/37 74/76/36 75/85/20
f 79/101/24 80/102/25 75/97/20 73/96/18
f 81/82/26 82/103/27 65/104/33 66/105/11
f 83/79/28 84/106/29 70/94/15 71/80/16
f 85/107/30 86/108/31 59/109/4 60/110/5
f 79/101/24 73/96/18 67/91/12 85/107/30
f 63/111/8 79/101/24 85/107/30 60/110/5
f 67/91/12 68/93/13 86/108/31 85/107/30
f 61/112/6 62/113/32 84/106/29 83/79/28
f 76/81/21 77/100/22 82/103/27 81/82/26
f 63/111/8 64/114/9 80/102/25 79/101/24
f 59/115/4 86/87/31 84/90/29 62/116/32
f 65/117/33 82/83/27 80/86/25 64/118/9
f 61/112/6 83/79/28 81/82/26 66/105/11
f 97/119/14 102/120/19 106/121/23 100/122/17
f 111/123/28 99/124/16 104/125/21 109/126/26
f 110/127/27 105/128/22 103/129/20 108/130/25
f 114/131/31 96/132/13 98/133/15 112/134/29
f 95/135/12 97/136/14 96/137/13
f 98/138/15 100/139/17 99/124/16
f 101/140/18 103/141/20 102/142/19
f 104/125/21 106/143/23 105/144/22
f 101/140/18 102/142/19 97/136/14 95/135/12
f 96/132/13 97/119/14 100/122/17 98/133/15
f 99/124/16 100/139/17 106/143/23 104/125/21
f 105/128/22 106/121/23 102/120/19 103/129/20
f 107/145/24 108/146/25 103/141/20 101/140/18
f 109/126/26 110/147/27 93/148/10 94/149/11
f 111/123/28 112/150/29 98/138/15 99/124/16
f 113/151/30 114/152/31 87/153/4 88/154/5
f 107/145/24 101/140/18 95/135/12 113/151/30
f 91/155/8 107/145/24 113/151/30 88/154/5
f 95/135/12 96/137/13 114/152/31 113/151/30
f 89/156/6 90/157/7 112/150/29 111/123/28
f 104/125/21 105/144/22 110/147/27 109/126/26
f 91/155/8 92/158/9 108/146/25 107/145/24
f 87/159/4 114/131/31 112/134/29 90/160/7
f 93/161/10 110/127/27 108/130/25 92/162/9
f 89/156/6 111/123/28 109/126/26 94/149/11
f 125/163/14 130/164/36 134/165/37 128/166/35
f 139/167/28 127/168/16 132/169/21 137/170/26
f 138/171/27 133/172/22 131/173/20 136/174/25
f 142/175/31 124/176/13 126/177/15 140/178/29
f 123/179/12 125/180/14 124/181/13
f 126/182/15 128/183/35 127/168/16
f 129/184/18 131/185/20 130/186/36
f 132/169/21 134/187/37 133/188/22
f 129/184/18 130/186/36 125/180/14 123/179/12
f 124/176/13 125/163/14 128/166/35 126/177/15
f 127/168/16 128/183/35 134/187/37 132/169/21
f 133/172/22 134/165/37 130/164/36 131/173/20
f 135/189/24 136/190/25 131/185/20 129/184/18
f 137/170/26 138/191/27 121/192/33 122/193/11
f 139/167/28 140/194/29 126/182/15 127/168/16
f 141/195/30 142/196/31 115/197/4 116/198/5
f 135/189/24 129/184/18 123/179/12 141/195/30
f 119/199/8 135/189/24 141/195/30 116/198/5
f 123/179/12 124/181/13 142/196/31 141/195/30
f 117/200/6 118/201/32 140/194/29 139/167/28
f 132/169/21 133/188/22 138/191/27 137/170/26
f 119/199/8 120/202/9 136/190/25 135/189/24
f 115/203/4 142/175/31 140/178/29 118/204/32
f 121/205/33 138/171/27 136/174/25 120/206/9
f 117/200/6 139/167/28 137/170/26 122/193/11
f 458/207/162 468/208/162 184/209/79 187/210/82
f 459/211/162 469/212/162 181/213/76 192/214/87
f 521/215/162 1053/216/162 753/217/433 509/218/281
f 454/219/162 464/220/162 162/221/57 160/222/55
f 255/223/127 249/224/126 169/225/64 170/226/65
f 256/227/129 250/228/128 175/229/70 167/230/62
f 257/231/131 251/232/130 177/233/72 179/234/74
f 258/235/132 828/236/132 729/237/66 171/238/66
f 259/239/133 258/235/132 171/238/66 166/240/61
f 260/241/134 256/227/129 167/230/62 180/242/75
f 476/243/253 252/244/135 164/245/59 471/246/249
f 251/232/130 259/239/133 166/240/61 177/233/72
f 252/244/135 253/247/137 178/248/73 164/245/59
f 253/247/137 260/241/134 180/242/75 178/248/73
f 513/249/283 261/250/136 172/251/67 508/252/280
f 262/253/139 254/254/138 165/255/60 176/256/71
f 263/257/140 255/223/127 170/226/65 173/258/68
f 264/259/141 262/253/139 176/256/71 174/260/69
f 265/261/142 264/259/141 174/260/69 168/262/63
f 250/228/128 263/257/140 173/258/68 175/229/70
f 249/224/126 265/261/142 168/262/63 169/225/64
f 254/254/138 257/231/131 179/234/74 165/255/60
f 464/220/162 465/263/162 193/264/88 162/221/57
f 455/265/162 466/266/162 163/267/58 191/268/86
f 484/269/162 453/270/162 185/271/80 472/272/250
f 457/273/162 454/219/162 160/222/55 190/274/85
f 456/275/162 455/265/162 191/268/86 186/276/81
f 1067/277/162 456/275/162 186/276/81 754/278/434
f 466/266/162 467/279/162 161/280/56 163/267/58
f 461/281/162 457/273/162 190/274/85 182/282/77
f 460/283/162 458/207/162 187/210/82 188/284/83
f 467/279/162 459/211/162 192/214/87 161/280/56
f 462/285/162 460/283/162 188/284/83 189/286/84
f 468/208/162 461/281/162 182/282/77 184/209/79
f 463/287/162 462/285/162 189/286/84 183/288/78
f 469/212/162 463/287/162 183/288/78 181/213/76
f 324/289/143 317/290/143 198/291/93 199/292/94
f 325/293/143 318/294/143 196/295/91 207/296/102
f 326/297/143 324/289/143 199/292/94 200/298/95
f 327/299/143 319/300/143 209/301/104 195/302/90
f 328/303/143 320/304/143 210/305/105 208/306/103
f 329/307/143 905/308/143 763/309/96 201/310/96
f 330/311/143 321/312/143 205/313/100 197/314/92
f 319/300/143 325/293/143 207/296/102 209/301/104
f 480/315/143 322/316/143 194/317/89 473/318/251
f 318/294/143 329/307/143 201/310/96 196/295/91
f 320/319/143 330/311/143 197/314/92 210/320/105
f 332/321/143 326/297/143 200/298/95 203/322/98
f 322/316/143 328/303/143 208/306/103 194/317/89
f 333/323/143 323/324/143 206/325/101 204/326/99
f 517/327/143 331/328/143 202/329/97 510/330/282
f 321/312/143 332/321/143 203/322/98 205/313/100
f 317/290/143 333/323/143 204/326/99 198/291/93
f 323/324/143 327/299/143 195/302/90 206/325/101
f 690/331/146 683/332/145 221/333/115 215/334/110
f 691/335/148 684/336/147 212/337/107 223/338/117
f 692/339/149 690/331/146 215/334/110 216/340/111
f 693/341/151 685/342/150 213/343/108 224/344/118
f 694/345/152 692/339/149 216/340/111 217/346/112
f 684/336/147 686/347/153 226/348/120 212/337/107
f 695/349/155 687/350/154 227/351/121 225/352/119
f 696/353/156 1312/354/156 782/355/460 218/356/96
f 697/357/158 688/358/157 222/359/116 214/360/109
f 686/347/153 693/341/151 224/344/118 226/348/120
f 700/361/255 689/362/159 211/363/106 474/364/252
f 685/342/150 696/353/156 218/356/96 213/343/108
f 687/365/154 697/357/158 214/360/109 227/366/121
f 699/367/161 694/345/152 217/346/112 220/368/114
f 689/362/159 695/349/155 225/352/119 211/363/106
f 683/332/145 691/335/148 223/338/117 221/333/115
f 701/369/284 698/370/160 219/371/113 511/372/282
f 688/358/157 699/367/161 220/368/114 222/359/116
f 281/373/143 278/374/143 797/375/143
f 275/376/144 276/377/143 797/375/143
f 274/378/143 281/373/143 797/375/143
f 269/379/143 851/380/254 797/375/143
f 514/381/254 270/382/143 797/375/143
f 273/383/143 280/384/143 797/375/143
f 278/374/143 282/385/143 797/375/143
f 279/386/143 272/387/143 797/375/143
f 277/388/143 279/386/143 797/375/143
f 268/389/143 267/390/143 797/375/143
f 271/391/143 275/376/144 797/375/143
f 282/385/143 277/388/143 797/375/143
f 276/377/143 266/392/143 797/375/143
f 477/393/254 271/391/143 797/375/143
f 267/390/143 274/378/143 797/375/143
f 266/392/143 268/389/143 797/375/143
f 280/384/143 269/379/143 797/375/143
f 272/387/143 273/383/143 797/375/143
f 1280/394/162 661/395/162 229/396/123 800/397/123
f 660/398/125 231/399/125 804/400/125 1279/401/125
f 1285/402/124 802/403/124 230/404/124 663/405/124
f 144/406/39 158/407/53 237/408/131 244/409/138
f 148/410/43 147/411/42 248/412/142 232/413/126
f 154/414/49 152/415/47 246/416/140 234/417/128
f 147/411/42 153/418/48 247/419/141 248/412/142
f 153/418/48 155/420/50 245/421/139 247/419/141
f 152/415/47 149/422/44 233/423/127 246/416/140
f 155/420/50 144/406/39 244/409/138 245/421/139
f 507/424/279 151/425/46 242/426/136 512/427/283
f 157/428/52 159/429/54 240/430/134 243/431/137
f 143/432/38 157/428/52 243/431/137 241/433/135
f 156/434/51 145/435/40 239/436/133 236/437/130
f 470/438/248 143/432/38 241/433/135 475/439/253
f 159/429/54 146/440/41 235/441/129 240/430/134
f 145/435/40 150/442/45 238/443/132 239/436/133
f 150/442/45 706/444/45 812/445/132 238/443/132
f 158/407/53 156/434/51 236/437/130 237/408/131
f 146/440/41 154/414/49 234/417/128 235/441/129
f 149/422/44 148/410/43 232/413/126 233/423/127
f 244/446/138 237/447/131 257/448/131 254/449/138
f 232/450/126 248/451/142 265/452/142 249/453/126
f 234/454/128 246/455/140 263/456/140 250/457/128
f 248/451/142 247/458/141 264/459/141 265/452/142
f 247/458/141 245/460/139 262/461/139 264/459/141
f 246/455/140 233/462/127 255/463/127 263/456/140
f 245/460/139 244/446/138 254/449/138 262/461/139
f 512/464/283 242/465/136 261/466/136 513/467/283
f 243/468/137 240/469/134 260/470/134 253/471/137
f 241/472/135 243/468/137 253/471/137 252/473/135
f 236/474/130 239/475/133 259/476/133 251/477/130
f 475/478/253 241/472/135 252/473/135 476/479/253
f 240/469/134 235/480/129 256/481/129 260/470/134
f 239/475/133 238/482/132 258/483/132 259/476/133
f 238/482/132 812/484/132 828/485/132 258/483/132
f 237/447/131 236/474/130 251/477/130 257/448/131
f 235/480/129 234/454/128 250/457/128 256/481/129
f 233/462/127 232/450/126 249/453/126 255/463/127
f 226/486/120 224/487/118 273/383/143 272/387/143
f 213/488/108 218/489/96 269/379/143 280/384/143
f 214/490/109 222/491/116 268/389/143 266/392/143
f 220/492/114 217/493/112 274/378/143 267/390/143
f 474/494/252 211/495/106 271/391/143 477/393/254
f 227/496/121 214/490/109 266/392/143 276/377/143
f 221/497/115 223/498/117 277/388/143 282/385/143
f 211/495/106 225/499/119 275/376/144 271/391/143
f 222/491/116 220/492/114 267/390/143 268/389/143
f 223/498/117 212/500/107 279/386/143 277/388/143
f 212/500/107 226/486/120 272/387/143 279/386/143
f 215/501/110 221/497/115 282/385/143 278/374/143
f 224/487/118 213/488/108 280/384/143 273/383/143
f 511/502/282 219/503/113 270/382/143 514/381/254
f 218/489/96 782/504/460 851/380/254 269/379/143
f 217/493/112 216/505/111 281/373/143 274/378/143
f 225/499/119 227/496/121 276/377/143 275/376/144
f 216/505/111 215/501/110 278/374/143 281/373/143
f 205/313/100 203/322/98 299/506/161 295/507/157
f 510/330/282 202/329/97 298/508/160 515/509/284
f 204/326/99 206/325/101 286/510/148 283/511/145
f 194/317/89 208/306/103 293/512/155 297/513/159
f 203/322/98 200/298/95 290/514/152 299/506/161
f 210/320/105 197/314/92 296/515/158 292/516/154
f 196/295/91 201/310/96 294/517/156 288/518/150
f 473/318/251 194/317/89 297/513/159 478/519/255
f 209/301/104 207/296/102 289/520/151 291/521/153
f 197/314/92 205/313/100 295/507/157 296/515/158
f 201/310/96 763/309/96 874/522/156 294/517/156
f 208/306/103 210/305/105 292/523/154 293/512/155
f 195/302/90 209/301/104 291/521/153 285/524/147
f 200/298/95 199/292/94 287/525/149 290/514/152
f 207/296/102 196/295/91 288/518/150 289/520/151
f 199/292/94 198/291/93 284/526/146 287/525/149
f 206/325/101 195/302/90 285/524/147 286/510/148
f 198/291/93 204/326/99 283/511/145 284/526/146
f 176/256/71 165/255/60 306/527/143 315/528/143
f 168/262/63 174/260/69 316/529/143 300/530/143
f 175/229/70 173/258/68 314/531/143 310/532/143
f 508/252/280 172/251/67 313/533/143 516/534/143
f 174/260/69 176/256/71 315/528/143 316/529/143
f 164/245/59 178/248/73 308/535/143 312/536/143
f 173/258/68 170/226/65 304/537/143 314/531/143
f 180/242/75 167/230/62 311/538/143 307/539/143
f 166/240/61 171/238/66 309/540/143 302/541/143
f 471/246/249 164/245/59 312/536/143 479/542/143
f 179/234/74 177/233/72 303/543/143 305/544/143
f 167/230/62 175/229/70 310/532/143 311/538/143
f 171/238/66 729/237/66 891/545/143 309/540/143
f 178/248/73 180/242/75 307/539/143 308/535/143
f 165/255/60 179/234/74 305/544/143 306/527/143
f 170/226/65 169/225/64 301/546/143 304/537/143
f 177/233/72 166/240/61 302/541/143 303/543/143
f 169/225/64 168/262/63 300/530/143 301/546/143
f 315/528/143 306/527/143 327/547/143 323/548/143
f 300/530/143 316/529/143 333/549/143 317/550/143
f 310/532/143 314/531/143 332/551/143 321/552/143
f 516/534/143 313/533/143 331/553/143 517/554/143
f 316/529/143 315/528/143 323/548/143 333/549/143
f 312/536/143 308/535/143 328/555/143 322/556/143
f 314/531/143 304/537/143 326/557/143 332/551/143
f 307/539/143 311/538/143 330/558/143 320/559/143
f 302/541/143 309/540/143 329/560/143 318/561/143
f 479/542/143 312/536/143 322/556/143 480/562/143
f 305/544/143 303/543/143 325/563/143 319/564/143
f 311/538/143 310/532/143 321/552/143 330/558/143
f 309/540/143 891/545/143 905/565/143 329/560/143
f 308/535/143 307/539/143 320/559/143 328/555/143
f 306/527/143 305/544/143 319/564/143 327/547/143
f 304/537/143 301/546/143 324/566/143 326/557/143
f 303/543/143 302/541/143 318/561/143 325/563/143
f 301/546/143 300/530/143 317/550/143 324/566/143
f 155/420/50 153/418/48 350/567/162 349/568/162
f 153/418/48 147/411/42 348/569/162 350/567/162
f 152/415/47 154/414/49 347/570/162 346/571/162
f 147/411/42 148/410/43 345/572/162 348/569/162
f 158/407/53 144/406/39 344/573/162 343/574/162
f 148/410/43 149/422/44 342/575/162 345/572/162
f 154/414/49 146/440/41 341/576/162 347/570/162
f 156/434/51 158/407/53 343/574/162 340/577/162
f 706/444/45 150/442/45 339/578/162 926/579/162
f 150/442/45 145/435/40 338/580/162 339/578/162
f 146/440/41 159/429/54 337/581/162 341/576/162
f 470/438/248 151/425/46 336/582/162 481/583/162
f 145/435/40 156/434/51 340/577/162 338/580/162
f 157/428/52 143/432/38 335/584/162 334/585/162
f 159/429/54 157/428/52 334/585/162 337/581/162
f 507/424/279 707/586/390 920/587/162 518/588/162
f 144/406/39 155/420/50 349/568/162 344/573/162
f 149/422/44 152/415/47 346/571/162 342/575/162
f 681/589/384 679/590/382 376/591/188 486/592/258
f 665/593/368 664/594/367 369/595/181 371/596/183
f 667/597/370 666/598/369 381/599/193 373/600/185
f 1291/601/726 668/602/371 377/603/189 972/604/538
f 670/605/373 669/606/372 370/607/182 368/608/180
f 664/594/367 671/609/374 383/610/195 369/595/181
f 673/611/376 672/612/375 378/613/190 379/614/191
f 674/615/377 665/593/368 371/596/183 382/616/194
f 675/617/378 673/611/376 379/614/191 380/618/192
f 671/619/374 676/620/379 372/621/184 383/622/195
f 677/623/380 675/617/378 380/618/192 374/624/186
f 682/625/385 523/626/287 376/591/188 679/590/382
f 676/620/379 677/623/380 374/624/186 372/621/184
f 669/606/372 680/627/383 384/628/196 370/607/182
f 672/612/375 678/629/381 375/630/187 378/613/190
f 666/598/369 670/631/373 368/632/180 381/599/193
f 682/625/385 1302/633/737 971/634/537 523/626/287
f 352/635/164 354/636/166 388/637/200 386/638/198
f 364/639/176 356/640/168 390/641/202 398/642/210
f 360/643/172 953/644/519 991/645/132 394/646/206
f 353/647/165 351/648/163 385/649/197 387/650/199
f 366/651/178 352/635/164 386/638/198 400/652/212
f 361/653/173 362/654/174 396/655/208 395/656/207
f 354/636/166 365/657/177 399/658/211 388/637/200
f 362/654/174 363/659/175 397/660/209 396/655/208
f 355/661/167 366/662/178 400/663/212 389/664/201
f 363/659/175 357/665/169 391/666/203 397/660/209
f 356/640/168 358/667/170 392/668/204 390/641/202
f 522/669/286 359/670/171 393/671/205 524/672/288
f 357/665/169 355/661/167 389/664/201 391/666/203
f 367/673/179 353/647/165 387/650/199 401/674/213
f 358/667/170 361/653/173 395/656/207 392/668/204
f 351/675/163 364/639/176 398/642/210 385/676/197
f 365/657/177 360/643/172 394/646/206 399/658/211
f 485/677/257 367/673/179 401/674/213 487/678/259
f 523/626/287 971/634/537 1009/679/132 525/680/289
f 372/621/184 374/624/186 408/681/220 406/682/218
f 370/607/182 384/628/196 418/683/230 404/684/216
f 378/613/190 375/630/187 409/685/221 412/686/224
f 381/599/193 368/632/180 402/687/214 415/688/227
f 377/603/189 382/616/194 416/689/228 411/690/223
f 486/592/258 376/591/188 410/691/222 488/692/260
f 371/596/183 369/595/181 403/693/215 405/694/217
f 373/600/185 381/599/193 415/688/227 407/695/219
f 972/604/538 377/603/189 411/690/223 1010/696/156
f 368/608/180 370/607/182 404/684/216 402/697/214
f 369/595/181 383/610/195 417/698/229 403/693/215
f 379/614/191 378/613/190 412/686/224 413/699/225
f 382/616/194 371/596/183 405/694/217 416/689/228
f 380/618/192 379/614/191 413/699/225 414/700/226
f 383/622/195 372/621/184 406/682/218 417/701/229
f 374/624/186 380/618/192 414/700/226 408/681/220
f 375/630/187 373/600/185 407/695/219 409/685/221
f 437/702/241 436/703/238 426/704/238 429/705/241
f 439/706/244 438/707/231 419/708/231 432/709/244
f 441/710/240 440/711/245 433/712/245 428/713/240
f 483/714/256 442/715/239 427/716/239 482/717/256
f 445/718/234 444/719/232 420/720/232 422/721/234
f 446/722/236 439/723/244 432/724/244 424/725/236
f 1045/726/156 441/710/240 428/713/240 1029/727/156
f 438/707/231 447/728/233 421/729/233 419/708/231
f 444/719/232 448/730/246 434/731/246 420/720/232
f 449/732/242 437/702/241 429/705/241 430/733/242
f 440/711/245 445/718/234 422/721/234 433/712/245
f 450/734/243 449/732/242 430/733/242 431/735/243
f 448/730/246 451/736/235 423/737/235 434/731/246
f 452/738/237 450/734/243 431/735/243 425/739/237
f 436/703/238 446/722/236 424/725/236 426/704/238
f 520/740/285 1052/741/132 1028/742/132 519/743/285
f 451/736/235 452/738/237 425/739/237 423/737/235
f 447/728/233 443/744/247 435/745/247 421/729/233
f 162/746/57 193/747/88 443/744/247 447/728/233
f 181/748/76 183/749/78 452/738/237 451/736/235
f 509/750/281 753/751/433 1052/741/132 520/740/285
f 184/752/79 182/753/77 446/722/236 436/703/238
f 183/749/78 189/754/84 450/734/243 452/738/237
f 192/755/87 181/748/76 451/736/235 448/730/246
f 189/754/84 188/756/83 449/732/242 450/734/243
f 191/757/86 163/758/58 445/718/234 440/711/245
f 188/756/83 187/759/82 437/702/241 449/732/242
f 161/760/56 192/755/87 448/730/246 444/719/232
f 160/761/55 162/746/57 447/728/233 438/707/231
f 754/762/434 186/763/81 441/710/240 1045/726/156
f 182/753/77 190/764/85 439/723/244 446/722/236
f 163/758/58 161/760/56 444/719/232 445/718/234
f 472/765/250 185/766/80 442/715/239 483/714/256
f 186/763/81 191/757/86 440/711/245 441/710/240
f 190/767/85 160/761/55 438/707/231 439/706/244
f 187/759/82 184/752/79 436/703/238 437/702/241
f 349/568/162 350/567/162 463/287/162 469/212/162
f 350/567/162 348/569/162 462/285/162 463/287/162
f 346/571/162 347/570/162 461/281/162 468/208/162
f 348/569/162 345/572/162 460/283/162 462/285/162
f 343/574/162 344/573/162 459/211/162 467/279/162
f 345/572/162 342/575/162 458/207/162 460/283/162
f 347/570/162 341/576/162 457/273/162 461/281/162
f 340/577/162 343/574/162 467/279/162 466/266/162
f 926/579/162 339/578/162 456/275/162 1067/277/162
f 339/578/162 338/580/162 455/265/162 456/275/162
f 341/576/162 337/581/162 454/219/162 457/273/162
f 481/583/162 336/582/162 453/270/162 484/269/162
f 338/580/162 340/577/162 466/266/162 455/265/162
f 334/585/162 335/584/162 465/263/162 464/220/162
f 337/581/162 334/585/162 464/220/162 454/219/162
f 518/588/162 920/587/162 1053/216/162 521/215/162
f 344/573/162 349/568/162 469/212/162 459/211/162
f 342/575/162 346/571/162 468/208/162 458/207/162
f 335/584/162 481/583/162 484/269/162 465/263/162
f 193/747/88 472/765/250 483/714/256 443/744/247
f 443/744/247 483/714/256 482/717/256 435/745/247
f 143/432/38 470/438/248 481/583/162 335/584/162
f 313/533/143 479/542/143 480/562/143 331/553/143
f 172/251/67 471/246/249 479/542/143 313/533/143
f 202/329/97 473/318/251 478/519/255 298/508/160
f 219/503/113 474/494/252 477/393/254 270/382/143
f 242/465/136 475/478/253 476/479/253 261/466/136
f 151/425/46 470/438/248 475/439/253 242/426/136
f 270/382/143 477/393/254 797/375/143
f 698/370/160 700/361/255 474/364/252 219/371/113
f 331/328/143 480/315/143 473/318/251 202/329/97
f 465/263/162 484/269/162 472/272/250 193/264/88
f 261/250/136 476/243/253 471/246/249 172/251/67
f 668/602/371 674/615/377 382/616/194 377/603/189
f 384/628/196 486/592/258 488/692/260 418/683/230
f 359/670/171 485/677/257 487/678/259 393/671/205
f 336/582/162 518/588/162 521/215/162 453/270/162
f 185/766/80 509/750/281 520/740/285 442/715/239
f 442/715/239 520/740/285 519/743/285 427/716/239
f 151/425/46 507/424/279 518/588/162 336/582/162
f 900/768/143 516/534/143 517/554/143 919/769/143
f 730/770/411 508/252/280 516/534/143 900/768/143
f 764/771/443 510/330/282 515/509/284 881/772/132
f 783/773/66 511/502/282 514/381/254 844/774/254
f 819/775/156 512/464/283 513/467/283 839/776/156
f 707/586/390 507/424/279 512/427/283 819/777/156
f 844/774/254 514/381/254 797/375/143
f 1325/778/132 701/369/284 511/372/282 783/779/66
f 919/780/143 517/327/143 510/330/282 764/771/443
f 839/781/156 513/249/283 508/252/280 730/770/411
f 453/270/162 521/215/162 509/218/281 185/271/80
f 678/629/381 667/597/370 373/600/185 375/630/187
f 376/591/188 523/626/287 525/680/289 410/691/222
f 952/782/518 522/669/286 524/672/288 990/783/156
f 585/784/299 535/785/299 530/786/294 584/787/294
f 587/788/308 544/789/308 542/790/306 586/791/306
f 588/792/309 545/793/309 1137/794/156 1198/795/156
f 589/796/295 531/797/295 544/798/308 587/799/308
f 591/800/305 541/801/305 543/802/307 590/803/307
f 593/804/302 538/805/302 532/806/296 592/807/296
f 595/808/291 527/809/291 536/810/300 594/811/300
f 597/812/297 533/813/297 534/814/298 596/815/298
f 599/816/301 537/817/301 539/818/303 598/819/303
f 592/807/296 532/806/296 533/813/297 597/812/297
f 586/791/306 542/790/306 528/820/292 600/821/292
f 596/815/298 534/814/298 537/817/301 599/816/301
f 594/811/300 536/810/300 545/793/309 588/792/309
f 600/821/292 528/820/292 527/809/291 595/808/291
f 584/787/294 530/786/294 541/801/305 591/800/305
f 601/822/304 540/823/304 538/805/302 593/804/302
f 598/819/303 539/818/303 531/797/295 589/796/295
f 1213/824/132 1136/825/132 535/785/299 585/784/299
f 602/826/293 529/827/293 540/823/304 601/822/304
f 590/803/307 543/802/307 529/828/293 602/829/293
f 623/830/162 549/831/313 554/832/318 622/833/162
f 625/834/162 561/835/325 563/836/327 624/837/162
f 1241/838/162 1158/839/664 564/840/328 626/841/162
f 624/842/162 563/843/327 550/844/314 627/845/162
f 629/846/162 562/847/326 560/848/324 628/849/162
f 631/850/162 551/851/315 557/852/321 630/853/162
f 633/854/162 555/855/319 546/856/310 632/857/162
f 635/858/162 553/859/317 552/860/316 634/861/162
f 637/862/162 558/863/322 556/864/320 636/865/162
f 634/861/162 552/860/316 551/851/315 631/850/162
f 638/866/162 547/867/311 561/835/325 625/834/162
f 636/865/162 556/864/320 553/859/317 635/858/162
f 626/841/162 564/840/328 555/855/319 633/854/162
f 632/857/162 546/856/310 547/867/311 638/866/162
f 628/849/162 560/848/324 549/831/313 623/830/162
f 630/853/162 557/852/321 559/868/323 639/869/162
f 627/845/162 550/844/314 558/863/322 637/862/162
f 622/833/162 554/832/318 1157/870/663 1255/871/162
f 639/869/162 559/868/323 548/872/312 640/873/162
f 640/874/162 548/875/312 562/847/326 629/846/162
f 604/876/349 603/877/348 568/878/332 573/879/337
f 606/880/351 605/881/350 580/882/344 582/883/346
f 607/884/352 1219/885/704 1179/886/685 583/887/347
f 608/888/353 606/889/351 582/890/346 569/891/333
f 610/892/355 609/893/354 581/894/345 579/895/343
f 612/896/357 611/897/356 570/898/334 576/899/340
f 613/900/358 607/884/352 583/887/347 574/901/338
f 614/902/359 613/900/358 574/901/338 565/903/329
f 616/904/361 615/905/360 572/906/336 571/907/335
f 618/908/363 617/909/362 577/910/341 575/911/339
f 611/897/356 616/904/361 571/907/335 570/898/334
f 605/881/350 619/912/364 566/913/330 580/882/344
f 615/905/360 618/908/363 575/911/339 572/906/336
f 619/912/364 614/902/359 565/903/329 566/913/330
f 603/877/348 610/892/355 579/895/343 568/878/332
f 620/914/365 612/896/357 576/899/340 578/915/342
f 617/909/362 608/888/353 569/891/333 577/910/341
f 1234/916/719 604/876/349 573/879/337 1178/917/684
f 621/918/366 620/914/365 578/915/342 567/919/331
f 609/893/354 621/920/366 567/921/331 581/894/345
f 505/922/277 590/803/307 602/829/293 491/923/263
f 491/924/263 602/826/293 601/822/304 502/925/274
f 1096/926/611 1213/824/132 585/784/299 497/927/269
f 501/928/273 598/819/303 589/796/295 493/929/265
f 502/925/274 601/822/304 593/804/302 500/930/272
f 492/931/264 584/787/294 591/800/305 503/932/275
f 490/933/262 600/821/292 595/808/291 489/934/261
f 498/935/270 594/811/300 588/792/309 526/936/290
f 496/937/268 596/815/298 599/816/301 499/938/271
f 504/939/276 586/791/306 600/821/292 490/933/262
f 494/940/266 592/807/296 597/812/297 495/941/267
f 499/938/271 599/816/301 598/819/303 501/928/273
f 495/941/267 597/812/297 596/815/298 496/937/268
f 489/934/261 595/808/291 594/811/300 498/935/270
f 500/930/272 593/804/302 592/807/296 494/940/266
f 503/932/275 591/800/305 590/803/307 505/922/277
f 493/929/265 589/796/295 587/799/308 506/942/278
f 526/936/290 588/792/309 1198/795/156 1097/943/612
f 506/944/278 587/788/308 586/791/306 504/939/276
f 497/927/269 585/784/299 584/787/294 492/931/264
f 562/847/326 548/875/312 621/945/366 609/946/354
f 548/872/312 559/868/323 620/947/365 621/948/366
f 1157/870/663 554/832/318 604/949/349 1234/950/719
f 558/863/322 550/844/314 608/951/353 617/952/362
f 559/868/323 557/852/321 612/953/357 620/947/365
f 549/831/313 560/848/324 610/954/355 603/955/348
f 547/867/311 546/856/310 614/956/359 619/957/364
f 553/859/317 556/864/320 618/958/363 615/959/360
f 561/835/325 547/867/311 619/957/364 605/960/350
f 551/851/315 552/860/316 616/961/361 611/962/356
f 556/864/320 558/863/322 617/952/362 618/958/363
f 552/860/316 553/859/317 615/959/360 616/961/361
f 546/856/310 555/855/319 613/963/358 614/956/359
f 555/855/319 564/840/328 607/964/352 613/963/358
f 557/852/321 551/851/315 611/962/356 612/953/357
f 560/848/324 562/847/326 609/946/354 610/954/355
f 550/844/314 563/843/327 606/965/351 608/951/353
f 564/840/328 1158/839/664 1219/966/704 607/964/352
f 563/836/327 561/835/325 605/960/350 606/967/351
f 554/832/318 549/831/313 603/955/348 604/949/349
f 659/968/162 640/874/162 629/846/162 643/969/162
f 658/970/162 639/869/162 640/873/162 659/971/162
f 649/972/162 622/833/162 1255/871/162 1276/973/162
f 652/974/162 627/845/162 637/862/162 647/975/162
f 654/976/162 630/853/162 639/869/162 658/970/162
f 653/977/162 628/849/162 623/830/162 641/978/162
f 655/979/162 632/857/162 638/866/162 648/980/162
f 651/981/162 626/841/162 633/854/162 645/982/162
f 657/983/162 636/865/162 635/858/162 646/984/162
f 648/980/162 638/866/162 625/834/162 642/985/162
f 656/986/162 634/861/162 631/850/162 644/987/162
f 647/975/162 637/862/162 636/865/162 657/983/162
f 646/984/162 635/858/162 634/861/162 656/986/162
f 645/982/162 633/854/162 632/857/162 655/979/162
f 644/987/162 631/850/162 630/853/162 654/976/162
f 643/969/162 629/846/162 628/849/162 653/977/162
f 650/988/162 624/842/162 627/845/162 652/974/162
f 1259/989/162 1241/838/162 626/841/162 651/981/162
f 642/985/162 625/834/162 624/837/162 650/990/162
f 641/978/162 623/830/162 622/833/162 649/972/162
f 492/931/264 641/978/162 649/972/162 497/927/269
f 504/939/276 642/985/162 650/990/162 506/944/278
f 1097/943/612 1259/989/162 651/981/162 526/936/290
f 506/942/278 650/988/162 652/974/162 493/929/265
f 505/922/277 643/969/162 653/977/162 503/932/275
f 494/940/266 644/987/162 654/976/162 500/930/272
f 498/935/270 645/982/162 655/979/162 489/934/261
f 496/937/268 646/984/162 656/986/162 495/941/267
f 501/928/273 647/975/162 657/983/162 499/938/271
f 495/941/267 656/986/162 644/987/162 494/940/266
f 490/933/262 648/980/162 642/985/162 504/939/276
f 499/938/271 657/983/162 646/984/162 496/937/268
f 526/936/290 651/981/162 645/982/162 498/935/270
f 489/934/261 655/979/162 648/980/162 490/933/262
f 503/932/275 653/977/162 641/978/162 492/931/264
f 500/930/272 654/976/162 658/970/162 502/925/274
f 493/929/265 652/974/162 647/975/162 501/928/273
f 497/927/269 649/972/162 1276/973/162 1096/926/611
f 502/925/274 658/970/162 659/971/162 491/924/263
f 491/923/263 659/968/162 643/969/162 505/922/277
f 229/396/123 660/398/125 1279/401/125 800/397/123
f 1282/991/162 662/992/162 661/395/162 1280/394/162
f 798/993/122 228/994/122 662/992/162 1282/991/162
f 798/993/122 1285/402/124 663/405/124 228/994/122
f 681/589/384 486/592/258 384/628/196 680/627/383
f 485/677/257 681/589/384 680/627/383 367/673/179
f 358/667/170 356/640/168 667/597/370 678/629/381
f 360/643/172 365/657/177 674/615/377 668/602/371
f 522/669/286 952/782/518 1302/633/737 682/625/385
f 364/639/176 351/675/163 670/631/373 666/598/369
f 361/653/173 358/667/170 678/629/381 672/612/375
f 353/647/165 367/673/179 680/627/383 669/606/372
f 355/661/167 357/665/169 677/623/380 676/620/379
f 522/669/286 682/625/385 679/590/382 359/670/171
f 357/665/169 363/659/175 675/617/378 677/623/380
f 366/662/178 355/661/167 676/620/379 671/619/374
f 363/659/175 362/654/174 673/611/376 675/617/378
f 365/657/177 354/636/166 665/593/368 674/615/377
f 362/654/174 361/653/173 672/612/375 673/611/376
f 352/635/164 366/651/178 671/609/374 664/594/367
f 351/648/163 353/647/165 669/606/372 670/605/373
f 953/644/519 360/643/172 668/602/371 1291/601/726
f 356/640/168 364/639/176 666/598/369 667/597/370
f 354/636/166 352/635/164 664/594/367 665/593/368
f 485/677/257 359/670/171 679/590/382 681/589/384
f 881/772/132 515/509/284 701/369/284 1325/778/132
f 298/508/160 478/519/255 700/361/255 698/370/160
f 295/507/157 299/506/161 699/367/161 688/358/157
f 515/509/284 298/508/160 698/370/160 701/369/284
f 283/511/145 286/510/148 691/335/148 683/332/145
f 297/513/159 293/512/155 695/349/155 689/362/159
f 299/506/161 290/514/152 694/345/152 699/367/161
f 292/516/154 296/515/158 697/357/158 687/365/154
f 288/518/150 294/517/156 696/353/156 685/342/150
f 478/519/255 297/513/159 689/362/159 700/361/255
f 291/521/153 289/520/151 693/341/151 686/347/153
f 296/515/158 295/507/157 688/358/157 697/357/158
f 294/517/156 874/522/156 1312/354/156 696/353/156
f 293/512/155 292/523/154 687/350/154 695/349/155
f 285/524/147 291/521/153 686/347/153 684/336/147
f 290/514/152 287/525/149 692/339/149 694/345/152
f 289/520/151 288/518/150 685/342/150 693/341/151
f 287/525/149 284/526/146 690/331/146 692/339/149
f 286/510/148 285/524/147 684/336/147 691/335/148
f 284/526/146 283/511/145 683/332/145 690/331/146
f 1059/995/162 750/996/430 747/997/427 1070/998/162
f 1060/999/162 757/1000/437 744/1001/424 1071/1002/162
f 1125/1003/162 1113/1004/628 753/217/433 1053/216/162
f 1055/1005/162 721/1006/403 723/1007/405 1065/1008/162
f 832/1009/474 733/1010/414 732/1011/413 825/1012/473
f 833/1013/476 728/1014/410 738/1015/418 826/1016/475
f 834/1017/478 742/1018/422 740/1019/420 827/1020/477
f 835/1021/132 734/1022/66 729/237/66 828/236/132
f 836/1023/479 727/1024/409 734/1022/66 835/1021/132
f 837/1025/480 743/1026/423 728/1014/410 833/1013/476
f 1078/1027/599 1073/1028/595 725/1029/407 829/1030/481
f 827/1020/477 740/1019/420 727/1024/409 836/1023/479
f 829/1030/481 725/1029/407 741/1031/421 830/1032/483
f 830/1032/483 741/1031/421 743/1026/423 837/1025/480
f 1117/1033/631 1112/1034/627 735/1035/415 838/1036/482
f 840/1037/485 739/1038/419 726/1039/408 831/1040/484
f 841/1041/486 736/1042/416 733/1010/414 832/1009/474
f 842/1043/487 737/1044/417 739/1038/419 840/1037/485
f 843/1045/488 731/1046/412 737/1044/417 842/1043/487
f 826/1016/475 738/1015/418 736/1042/416 841/1041/486
f 825/1012/473 732/1011/413 731/1046/412 843/1045/488
f 831/1040/484 726/1039/408 742/1018/422 834/1017/478
f 1065/1008/162 723/1007/405 758/1047/438 1066/1048/162
f 1056/1049/162 756/1050/436 724/1051/406 1068/1052/162
f 1086/1053/162 1074/1054/596 748/1055/428 1054/1056/162
f 1058/1057/162 755/1058/435 721/1006/403 1055/1005/162
f 1057/1059/162 749/1060/429 756/1050/436 1056/1049/162
f 1067/277/162 754/278/434 749/1060/429 1057/1059/162
f 1068/1052/162 724/1051/406 722/1061/404 1069/1062/162
f 1062/1063/162 745/1064/425 755/1058/435 1058/1057/162
f 1061/1065/162 751/1066/431 750/996/430 1059/995/162
f 1069/1062/162 722/1061/404 757/1000/437 1060/999/162
f 1063/1067/162 752/1068/432 751/1066/431 1061/1065/162
f 1070/998/162 747/997/427 745/1064/425 1062/1063/162
f 1064/1069/162 746/1070/426 752/1068/432 1063/1067/162
f 1071/1002/162 744/1001/424 746/1070/426 1064/1069/162
f 909/1071/143 766/1072/445 765/1073/444 901/1074/143
f 910/1075/143 774/1076/452 761/1077/441 902/1078/143
f 911/1079/143 767/1080/446 766/1072/445 909/1071/143
f 912/1081/143 760/1082/440 776/1083/454 903/1084/143
f 913/1085/143 775/1086/453 777/1087/455 904/1088/143
f 914/1089/143 768/1090/96 763/309/96 905/308/143
f 915/1091/143 762/1092/442 772/1093/450 906/1094/143
f 903/1084/143 776/1083/454 774/1076/452 910/1075/143
f 1082/1095/143 1075/1096/597 759/1097/439 907/1098/143
f 902/1078/143 761/1077/441 768/1090/96 914/1089/143
f 904/1088/143 777/1087/455 762/1092/442 915/1091/143
f 917/1099/143 770/1100/448 767/1080/446 911/1079/143
f 907/1098/143 759/1097/439 775/1086/453 913/1085/143
f 918/1101/143 771/1102/449 773/1103/451 908/1104/143
f 1121/1105/143 1114/1106/629 769/1107/447 916/1108/143
f 906/1094/143 772/1093/450 770/1100/448 917/1099/143
f 901/1074/143 765/1073/444 771/1102/449 918/1101/143
f 908/1104/143 773/1103/451 760/1109/440 912/1110/143
f 1315/1111/490 784/1112/461 790/1113/466 1307/1114/489
f 1316/1115/492 792/1116/468 779/1117/457 1308/1118/491
f 1317/1119/493 785/1120/462 784/1112/461 1315/1111/490
f 1318/1121/495 793/1122/469 780/1123/458 1309/1124/494
f 1319/1125/496 786/1126/463 785/1120/462 1317/1119/493
f 1308/1127/491 779/1128/457 795/1129/471 1310/1130/497
f 1320/1131/499 794/1132/470 796/1133/472 1311/1134/498
f 1321/1135/156 787/1136/460 782/355/460 1312/354/156
f 1322/1137/501 781/1138/459 791/1139/467 1313/1140/500
f 1310/1130/497 795/1129/471 793/1122/469 1318/1121/495
f 1326/1141/600 1076/1142/598 778/1143/456 1314/1144/502
f 1309/1124/494 780/1123/458 787/1136/460 1321/1135/156
f 1311/1134/498 796/1133/472 781/1138/459 1322/1137/501
f 1324/1145/504 789/1146/465 786/1126/463 1319/1125/496
f 1314/1144/502 778/1143/456 794/1132/470 1320/1131/499
f 1307/1114/489 790/1113/466 792/1116/468 1316/1115/492
f 1327/1147/632 1115/1148/630 788/1149/464 1323/1150/503
f 1313/1140/500 791/1139/467 789/1146/465 1324/1145/504
f 861/1151/143 797/375/143 858/1152/143
f 855/1153/143 797/375/143 856/1154/143
f 854/1155/143 797/375/143 861/1151/143
f 848/1156/254 797/375/143 851/380/254
f 1118/1157/143 797/375/143 849/1158/254
f 853/1159/144 797/375/143 860/1160/143
f 858/1152/143 797/375/143 862/1161/143
f 859/1162/143 797/375/143 852/1163/143
f 857/1164/143 797/375/143 859/1162/143
f 847/1165/143 797/375/143 846/1166/143
f 850/1167/254 797/375/143 855/1153/143
f 862/1161/143 797/375/143 857/1164/143
f 856/1154/143 797/375/143 845/1168/143
f 1079/1169/254 797/375/143 850/1167/254
f 846/1166/143 797/375/143 854/1155/143
f 845/1168/143 797/375/143 847/1165/143
f 860/1160/143 797/375/143 848/1156/254
f 852/1163/143 797/375/143 853/1159/144
f 1280/394/162 800/397/123 801/1170/123 1281/1171/162
f 1278/1172/125 1279/401/125 804/400/125 805/1173/125
f 1285/402/124 1284/1174/124 803/1175/124 802/403/124
f 703/1176/387 820/1177/484 811/1178/478 719/1179/401
f 709/1180/392 806/1181/473 824/1182/488 708/1183/391
f 715/1184/397 808/1185/475 822/1186/486 713/1187/395
f 708/1183/391 824/1182/488 823/1188/487 714/1189/396
f 714/1189/396 823/1188/487 821/1190/485 716/1191/398
f 713/1187/395 822/1186/486 807/1192/474 710/1193/393
f 716/1191/398 821/1190/485 820/1177/484 703/1176/387
f 1111/1194/626 1116/1195/631 817/1196/482 712/1197/394
f 718/1198/400 818/1199/483 815/1200/480 720/1201/402
f 702/1202/386 816/1203/481 818/1199/483 718/1198/400
f 717/1204/399 810/1205/477 814/1206/479 704/1207/388
f 1072/1208/594 1077/1209/599 816/1203/481 702/1202/386
f 720/1201/402 815/1200/480 809/1210/476 705/1211/389
f 704/1207/388 814/1206/479 813/1212/132 711/1213/45
f 711/1213/45 813/1212/132 812/445/132 706/444/45
f 719/1179/401 811/1178/478 810/1205/477 717/1204/399
f 705/1211/389 809/1210/476 808/1185/475 715/1184/397
f 710/1193/393 807/1192/474 806/1181/473 709/1180/392
f 820/1214/484 831/1215/484 834/1216/478 811/1217/478
f 806/1218/473 825/1219/473 843/1220/488 824/1221/488
f 808/1222/475 826/1223/475 841/1224/486 822/1225/486
f 824/1221/488 843/1220/488 842/1226/487 823/1227/487
f 823/1227/487 842/1226/487 840/1228/485 821/1229/485
f 822/1225/486 841/1224/486 832/1230/474 807/1231/474
f 821/1229/485 840/1228/485 831/1215/484 820/1214/484
f 1116/1232/631 1117/1233/631 838/1234/482 817/1235/482
f 818/1236/483 830/1237/483 837/1238/480 815/1239/480
f 816/1240/481 829/1241/481 830/1237/483 818/1236/483
f 810/1242/477 827/1243/477 836/1244/479 814/1245/479
f 1077/1246/599 1078/1247/599 829/1241/481 816/1240/481
f 815/1239/480 837/1238/480 833/1248/476 809/1249/476
f 814/1245/479 836/1244/479 835/1250/132 813/1251/132
f 813/1251/132 835/1250/132 828/1252/132 812/1253/132
f 811/1217/478 834/1216/478 827/1243/477 810/1242/477
f 809/1249/476 833/1248/476 826/1223/475 808/1222/475
f 807/1231/474 832/1230/474 825/1219/473 806/1218/473
f 795/1254/471 852/1163/143 853/1159/144 793/1255/469
f 780/1256/458 860/1160/143 848/1156/254 787/1257/460
f 781/1258/459 845/1168/143 847/1165/143 791/1259/467
f 789/1260/465 846/1166/143 854/1155/143 786/1261/463
f 1076/1262/598 1079/1169/254 850/1167/254 778/1263/456
f 796/1264/472 856/1154/143 845/1168/143 781/1258/459
f 790/1265/466 862/1161/143 857/1164/143 792/1266/468
f 778/1263/456 850/1167/254 855/1153/143 794/1267/470
f 791/1259/467 847/1165/143 846/1166/143 789/1260/465
f 792/1266/468 857/1164/143 859/1162/143 779/1268/457
f 779/1268/457 859/1162/143 852/1163/143 795/1254/471
f 784/1269/461 858/1152/143 862/1161/143 790/1265/466
f 793/1255/469 853/1159/144 860/1160/143 780/1256/458
f 1115/1270/630 1118/1157/143 849/1158/254 788/1271/464
f 787/1257/460 848/1156/254 851/380/254 782/504/460
f 786/1261/463 854/1155/143 861/1151/143 785/1272/462
f 794/1267/470 855/1153/143 856/1154/143 796/1264/472
f 785/1272/462 861/1151/143 858/1152/143 784/1269/461
f 772/1093/450 876/1273/500 880/1274/504 770/1100/448
f 1114/1106/629 1119/1275/632 879/1276/503 769/1107/447
f 771/1102/449 863/1277/489 866/1278/492 773/1103/451
f 759/1097/439 878/1279/502 873/1280/499 775/1086/453
f 770/1100/448 880/1274/504 870/1281/496 767/1080/446
f 777/1087/455 872/1282/498 877/1283/501 762/1092/442
f 761/1077/441 868/1284/494 875/1285/156 768/1090/96
f 1075/1096/597 1080/1286/600 878/1279/502 759/1097/439
f 776/1083/454 871/1287/497 869/1288/495 774/1076/452
f 762/1092/442 877/1283/501 876/1273/500 772/1093/450
f 768/1090/96 875/1285/156 874/522/156 763/309/96
f 775/1086/453 873/1280/499 872/1282/498 777/1087/455
f 760/1082/440 865/1289/491 871/1287/497 776/1083/454
f 767/1080/446 870/1281/496 867/1290/493 766/1072/445
f 774/1076/452 869/1288/495 868/1284/494 761/1077/441
f 766/1072/445 867/1290/493 864/1291/490 765/1073/444
f 773/1103/451 866/1278/492 865/1292/491 760/1109/440
f 765/1073/444 864/1291/490 863/1277/489 771/1102/449
f 739/1038/419 898/1293/143 888/1294/143 726/1039/408
f 731/1046/412 882/1295/143 899/1296/143 737/1044/417
f 738/1015/418 893/1297/143 897/1298/143 736/1042/416
f 1112/1034/627 1120/1299/143 896/1300/143 735/1035/415
f 737/1044/417 899/1296/143 898/1293/143 739/1038/419
f 725/1029/407 895/1301/143 890/1302/143 741/1031/421
f 736/1042/416 897/1298/143 886/1303/143 733/1010/414
f 743/1026/423 889/1304/143 894/1305/143 728/1014/410
f 727/1024/409 884/1306/143 892/1307/143 734/1022/66
f 1073/1028/595 1081/1308/143 895/1301/143 725/1029/407
f 742/1018/422 887/1309/143 885/1310/143 740/1019/420
f 728/1014/410 894/1305/143 893/1297/143 738/1015/418
f 734/1022/66 892/1307/143 891/545/143 729/237/66
f 741/1031/421 890/1302/143 889/1304/143 743/1026/423
f 726/1039/408 888/1294/143 887/1309/143 742/1018/422
f 733/1010/414 886/1303/143 883/1311/143 732/1011/413
f 740/1019/420 885/1310/143 884/1306/143 727/1024/409
f 732/1011/413 883/1311/143 882/1295/143 731/1046/412
f 898/1293/143 908/1312/143 912/1313/143 888/1294/143
f 882/1295/143 901/1314/143 918/1315/143 899/1296/143
f 893/1297/143 906/1316/143 917/1317/143 897/1298/143
f 1120/1299/143 1121/1318/143 916/1319/143 896/1300/143
f 899/1296/143 918/1315/143 908/1312/143 898/1293/143
f 895/1301/143 907/1320/143 913/1321/143 890/1302/143
f 897/1298/143 917/1317/143 911/1322/143 886/1303/143
f 889/1304/143 904/1323/143 915/1324/143 894/1305/143
f 884/1306/143 902/1325/143 914/1326/143 892/1307/143
f 1081/1308/143 1082/1327/143 907/1320/143 895/1301/143
f 887/1309/143 903/1328/143 910/1329/143 885/1310/143
f 894/1305/143 915/1324/143 906/1316/143 893/1297/143
f 892/1307/143 914/1326/143 905/565/143 891/545/143
f 890/1302/143 913/1321/143 904/1323/143 889/1304/143
f 888/1294/143 912/1313/143 903/1328/143 887/1309/143
f 886/1303/143 911/1322/143 909/1330/143 883/1311/143
f 885/1310/143 910/1329/143 902/1325/143 884/1306/143
f 883/1311/143 909/1330/143 901/1314/143 882/1295/143
f 716/1191/398 937/1331/162 938/1332/162 714/1189/396
f 714/1189/396 938/1332/162 936/1333/162 708/1183/391
f 713/1187/395 934/1334/162 935/1335/162 715/1184/397
f 708/1183/391 936/1333/162 933/1336/162 709/1180/392
f 719/1179/401 931/1337/162 932/1338/162 703/1176/387
f 709/1180/392 933/1336/162 930/1339/162 710/1193/393
f 715/1184/397 935/1335/162 929/1340/162 705/1211/389
f 717/1204/399 928/1341/162 931/1337/162 719/1179/401
f 706/444/45 926/579/162 927/1342/162 711/1213/45
f 711/1213/45 927/1342/162 925/1343/162 704/1207/388
f 705/1211/389 929/1340/162 924/1344/162 720/1201/402
f 1072/1208/594 1083/1345/162 923/1346/162 712/1197/394
f 704/1207/388 925/1343/162 928/1341/162 717/1204/399
f 718/1198/400 921/1347/162 922/1348/162 702/1202/386
f 720/1201/402 924/1344/162 921/1347/162 718/1198/400
f 1111/1194/626 1122/1349/162 920/587/162 707/586/390
f 703/1176/387 932/1338/162 937/1331/162 716/1191/398
f 710/1193/393 930/1339/162 934/1334/162 713/1187/395
f 1305/1350/740 1088/1351/603 966/1352/532 1303/1353/738
f 1287/1354/722 961/1355/527 959/1356/525 1286/1357/721
f 1289/1358/724 963/1359/529 973/1360/539 1288/1361/723
f 1291/601/726 972/604/538 967/1362/533 1290/1363/725
f 1293/1364/728 958/1365/524 960/1366/526 1292/1367/727
f 1286/1357/721 959/1356/525 975/1368/541 1294/1369/729
f 1296/1370/731 969/1371/535 968/1372/534 1295/1373/730
f 1297/1374/732 974/1375/540 961/1355/527 1287/1354/722
f 1298/1376/733 970/1377/536 969/1371/535 1296/1370/731
f 1294/1378/729 975/1379/541 962/1380/528 1299/1381/734
f 1300/1382/735 964/1383/530 970/1377/536 1298/1376/733
f 1306/1384/741 1303/1353/738 966/1352/532 1127/1385/635
f 1299/1381/734 962/1380/528 964/1383/530 1300/1382/735
f 1292/1367/727 960/1366/526 976/1386/542 1304/1387/739
f 1295/1373/730 968/1372/534 965/1388/531 1301/1389/736
f 1288/1361/723 973/1360/539 958/1390/524 1293/1391/728
f 1306/1384/741 1127/1385/635 971/634/537 1302/633/737
f 940/1392/506 978/1393/544 980/1394/546 942/1395/508
f 954/1396/520 992/1397/556 982/1398/548 944/1399/510
f 948/1400/514 986/1401/552 991/645/132 953/644/519
f 941/1402/507 979/1403/545 977/1404/543 939/1405/505
f 956/1406/522 994/1407/558 978/1393/544 940/1392/506
f 949/1408/515 987/1409/553 988/1410/554 950/1411/516
f 942/1395/508 980/1394/546 993/1412/557 955/1413/521
f 950/1411/516 988/1410/554 989/1414/555 951/1415/517
f 943/1416/509 981/1417/547 994/1418/558 956/1419/522
f 951/1415/517 989/1414/555 983/1420/549 945/1421/511
f 944/1399/510 982/1398/548 984/1422/550 946/1423/512
f 1126/1424/634 1128/1425/636 985/1426/551 947/1427/513
f 945/1421/511 983/1420/549 981/1417/547 943/1416/509
f 957/1428/523 995/1429/559 979/1403/545 941/1402/507
f 946/1423/512 984/1422/550 987/1409/553 949/1408/515
f 939/1430/505 977/1431/543 992/1397/556 954/1396/520
f 955/1413/521 993/1412/557 986/1401/552 948/1400/514
f 1087/1432/602 1089/1433/604 995/1429/559 957/1428/523
f 1127/1385/635 1129/1434/637 1009/679/132 971/634/537
f 962/1380/528 1000/1435/564 1002/1436/566 964/1383/530
f 960/1366/526 998/1437/562 1014/1438/576 976/1386/542
f 968/1372/534 1006/1439/570 1003/1440/567 965/1388/531
f 973/1360/539 1011/1441/573 996/1442/560 958/1390/524
f 967/1362/533 1005/1443/569 1012/1444/574 974/1375/540
f 1088/1351/603 1090/1445/605 1004/1446/568 966/1352/532
f 961/1355/527 999/1447/563 997/1448/561 959/1356/525
f 963/1359/529 1001/1449/565 1011/1441/573 973/1360/539
f 972/604/538 1010/696/156 1005/1443/569 967/1362/533
f 958/1365/524 996/1450/560 998/1437/562 960/1366/526
f 959/1356/525 997/1448/561 1013/1451/575 975/1368/541
f 969/1371/535 1007/1452/571 1006/1439/570 968/1372/534
f 974/1375/540 1012/1444/574 999/1447/563 961/1355/527
f 970/1377/536 1008/1453/572 1007/1452/571 969/1371/535
f 975/1379/541 1013/1454/575 1000/1435/564 962/1380/528
f 964/1383/530 1002/1436/566 1008/1453/572 970/1377/536
f 965/1388/531 1003/1440/567 1001/1449/565 963/1359/529
f 1035/1455/587 1025/1456/587 1022/1457/584 1034/1458/584
f 1037/1459/590 1030/1460/590 1015/1461/577 1036/1462/577
f 1039/1463/586 1024/1464/586 1031/1465/591 1038/1466/591
f 1085/1467/601 1084/1468/601 1023/1469/585 1040/1470/585
f 1043/1471/580 1018/1472/580 1016/1473/578 1042/1474/578
f 1044/1475/582 1020/1476/582 1030/1460/590 1037/1459/590
f 1045/726/156 1029/727/156 1024/1464/586 1039/1463/586
f 1036/1462/577 1015/1461/577 1017/1477/579 1046/1478/579
f 1042/1474/578 1016/1473/578 1032/1479/592 1047/1480/592
f 1048/1481/588 1026/1482/588 1025/1456/587 1035/1455/587
f 1038/1466/591 1031/1465/591 1018/1472/580 1043/1471/580
f 1049/1483/589 1027/1484/589 1026/1482/588 1048/1481/588
f 1047/1485/592 1032/1486/592 1019/1487/581 1050/1488/581
f 1051/1489/583 1021/1490/583 1027/1484/589 1049/1483/589
f 1034/1458/584 1022/1457/584 1020/1476/582 1044/1475/582
f 1124/1491/633 1123/1492/633 1028/742/132 1052/741/132
f 1050/1488/581 1019/1487/581 1021/1490/583 1051/1489/583
f 1046/1478/579 1017/1477/579 1033/1493/593 1041/1494/593
f 723/1495/405 1046/1478/579 1041/1494/593 758/1496/438
f 744/1497/424 1050/1488/581 1051/1489/583 746/1498/426
f 1113/1499/628 1124/1491/633 1052/741/132 753/751/433
f 747/1500/427 1034/1458/584 1044/1475/582 745/1501/425
f 746/1498/426 1051/1489/583 1049/1483/589 752/1502/432
f 757/1503/437 1047/1485/592 1050/1488/581 744/1497/424
f 752/1502/432 1049/1483/589 1048/1481/588 751/1504/431
f 756/1505/436 1038/1466/591 1043/1471/580 724/1506/406
f 751/1504/431 1048/1481/588 1035/1455/587 750/1507/430
f 722/1508/404 1042/1474/578 1047/1480/592 757/1509/437
f 721/1510/403 1036/1462/577 1046/1478/579 723/1495/405
f 754/762/434 1045/726/156 1039/1463/586 749/1511/429
f 745/1501/425 1044/1475/582 1037/1459/590 755/1512/435
f 724/1506/406 1043/1471/580 1042/1474/578 722/1508/404
f 1074/1513/596 1085/1467/601 1040/1470/585 748/1514/428
f 749/1511/429 1039/1463/586 1038/1466/591 756/1505/436
f 755/1512/435 1037/1459/590 1036/1462/577 721/1510/403
f 750/1507/430 1035/1455/587 1034/1458/584 747/1500/427
f 937/1331/162 1071/1002/162 1064/1069/162 938/1332/162
f 938/1332/162 1064/1069/162 1063/1067/162 936/1333/162
f 934/1334/162 1070/998/162 1062/1063/162 935/1335/162
f 936/1333/162 1063/1067/162 1061/1065/162 933/1336/162
f 931/1337/162 1069/1062/162 1060/999/162 932/1338/162
f 933/1336/162 1061/1065/162 1059/995/162 930/1339/162
f 935/1335/162 1062/1063/162 1058/1057/162 929/1340/162
f 928/1341/162 1068/1052/162 1069/1062/162 931/1337/162
f 926/579/162 1067/277/162 1057/1059/162 927/1342/162
f 927/1342/162 1057/1059/162 1056/1049/162 925/1343/162
f 929/1340/162 1058/1057/162 1055/1005/162 924/1344/162
f 1083/1345/162 1086/1053/162 1054/1056/162 923/1346/162
f 925/1343/162 1056/1049/162 1068/1052/162 928/1341/162
f 921/1347/162 1065/1008/162 1066/1048/162 922/1348/162
f 924/1344/162 1055/1005/162 1065/1008/162 921/1347/162
f 1122/1349/162 1125/1003/162 1053/216/162 920/587/162
f 932/1338/162 1060/999/162 1071/1002/162 937/1331/162
f 930/1339/162 1059/995/162 1070/998/162 934/1334/162
f 922/1348/162 1066/1048/162 1086/1053/162 1083/1345/162
f 758/1496/438 1041/1494/593 1085/1467/601 1074/1513/596
f 1041/1494/593 1033/1493/593 1084/1468/601 1085/1467/601
f 702/1202/386 922/1348/162 1083/1345/162 1072/1208/594
f 896/1300/143 916/1319/143 1082/1327/143 1081/1308/143
f 735/1035/415 896/1300/143 1081/1308/143 1073/1028/595
f 769/1107/447 879/1276/503 1080/1286/600 1075/1096/597
f 788/1271/464 849/1158/254 1079/1169/254 1076/1262/598
f 817/1235/482 838/1234/482 1078/1247/599 1077/1246/599
f 712/1197/394 817/1196/482 1077/1209/599 1072/1208/594
f 849/1158/254 797/375/143 1079/1169/254
f 1323/1150/503 788/1149/464 1076/1142/598 1326/1141/600
f 916/1108/143 769/1107/447 1075/1096/597 1082/1095/143
f 1066/1048/162 758/1047/438 1074/1054/596 1086/1053/162
f 838/1036/482 735/1035/415 1073/1028/595 1078/1027/599
f 1290/1363/725 967/1362/533 974/1375/540 1297/1374/732
f 976/1386/542 1014/1438/576 1090/1445/605 1088/1351/603
f 947/1427/513 985/1426/551 1089/1433/604 1087/1432/602
f 923/1346/162 1054/1056/162 1125/1003/162 1122/1349/162
f 748/1514/428 1040/1470/585 1124/1491/633 1113/1499/628
f 1040/1470/585 1023/1469/585 1123/1492/633 1124/1491/633
f 712/1197/394 923/1346/162 1122/1349/162 1111/1194/626
f 900/768/143 919/769/143 1121/1318/143 1120/1299/143
f 730/770/411 900/768/143 1120/1299/143 1112/1034/627
f 764/771/443 881/772/132 1119/1275/632 1114/1106/629
f 783/773/66 844/774/254 1118/1157/143 1115/1270/630
f 819/1515/156 839/1516/156 1117/1233/631 1116/1232/631
f 707/586/390 819/777/156 1116/1195/631 1111/1194/626
f 844/774/254 797/375/143 1118/1157/143
f 1325/778/132 783/779/66 1115/1148/630 1327/1147/632
f 919/780/143 764/771/443 1114/1106/629 1121/1105/143
f 839/781/156 730/770/411 1112/1034/627 1117/1033/631
f 1054/1056/162 748/1055/428 1113/1004/628 1125/1003/162
f 1301/1389/736 965/1388/531 963/1359/529 1289/1358/724
f 966/1352/532 1004/1446/568 1129/1434/637 1127/1385/635
f 952/782/518 990/783/156 1128/1425/636 1126/1424/634
f 1195/1517/647 1194/1518/642 1134/1519/642 1141/1520/647
f 1197/1521/656 1196/1522/654 1148/1523/654 1150/1524/656
f 1199/1525/657 1198/795/156 1137/794/156 1151/1526/657
f 1200/1527/643 1197/1528/656 1150/1529/656 1135/1530/643
f 1202/1531/653 1201/1532/655 1149/1533/655 1147/1534/653
f 1204/1535/650 1203/1536/644 1138/1537/644 1144/1538/650
f 1206/1539/639 1205/1540/648 1142/1541/648 1131/1542/639
f 1208/1543/645 1207/1544/646 1140/1545/646 1139/1546/645
f 1210/1547/649 1209/1548/651 1145/1549/651 1143/1550/649
f 1203/1536/644 1208/1543/645 1139/1546/645 1138/1537/644
f 1196/1522/654 1211/1551/640 1132/1552/640 1148/1523/654
f 1207/1544/646 1210/1547/649 1143/1550/649 1140/1545/646
f 1205/1540/648 1199/1525/657 1151/1526/657 1142/1541/648
f 1211/1551/640 1206/1539/639 1131/1542/639 1132/1552/640
f 1194/1518/642 1202/1531/653 1147/1534/653 1134/1519/642
f 1212/1553/652 1204/1535/650 1144/1538/650 1146/1554/652
f 1209/1548/651 1200/1527/643 1135/1530/643 1145/1549/651
f 1213/824/132 1195/1517/647 1141/1520/647 1136/825/132
f 1214/1555/641 1212/1553/652 1146/1554/652 1133/1556/641
f 1201/1532/655 1214/1557/641 1133/1558/641 1149/1533/655
f 1237/1559/162 1236/1560/162 1162/1561/668 1155/1562/661
f 1239/1563/162 1238/1564/162 1171/1565/677 1169/1566/675
f 1241/838/162 1240/1567/162 1172/1568/678 1158/839/664
f 1238/1569/162 1242/1570/162 1156/1571/662 1171/1572/677
f 1244/1573/162 1243/1574/162 1168/1575/674 1170/1576/676
f 1246/1577/162 1245/1578/162 1165/1579/671 1159/1580/665
f 1248/1581/162 1247/1582/162 1152/1583/658 1163/1584/669
f 1250/1585/162 1249/1586/162 1160/1587/666 1161/1588/667
f 1252/1589/162 1251/1590/162 1164/1591/670 1166/1592/672
f 1249/1586/162 1246/1577/162 1159/1580/665 1160/1587/666
f 1253/1593/162 1239/1563/162 1169/1566/675 1153/1594/659
f 1251/1590/162 1250/1585/162 1161/1588/667 1164/1591/670
f 1240/1567/162 1248/1581/162 1163/1584/669 1172/1568/678
f 1247/1582/162 1253/1593/162 1153/1594/659 1152/1583/658
f 1243/1574/162 1237/1559/162 1155/1562/661 1168/1575/674
f 1245/1578/162 1254/1595/162 1167/1596/673 1165/1579/671
f 1242/1570/162 1252/1589/162 1166/1592/672 1156/1571/662
f 1236/1560/162 1255/871/162 1157/870/663 1162/1561/668
f 1254/1595/162 1256/1597/162 1154/1598/660 1167/1596/673
f 1256/1599/162 1244/1573/162 1170/1576/676 1154/1600/660
f 1216/1601/701 1183/1602/689 1176/1603/682 1215/1604/700
f 1218/1605/703 1192/1606/698 1190/1607/696 1217/1608/702
f 1220/1609/705 1193/1610/699 1179/886/685 1219/885/704
f 1221/1611/706 1177/1612/683 1192/1613/698 1218/1614/703
f 1223/1615/708 1189/1616/695 1191/1617/697 1222/1618/707
f 1225/1619/710 1186/1620/692 1180/1621/686 1224/1622/709
f 1226/1623/711 1184/1624/690 1193/1610/699 1220/1609/705
f 1227/1625/712 1173/1626/679 1184/1624/690 1226/1623/711
f 1229/1627/714 1181/1628/687 1182/1629/688 1228/1630/713
f 1231/1631/716 1185/1632/691 1187/1633/693 1230/1634/715
f 1224/1622/709 1180/1621/686 1181/1628/687 1229/1627/714
f 1217/1608/702 1190/1607/696 1174/1635/680 1232/1636/717
f 1228/1630/713 1182/1629/688 1185/1632/691 1231/1631/716
f 1232/1636/717 1174/1635/680 1173/1626/679 1227/1625/712
f 1215/1604/700 1176/1603/682 1189/1616/695 1223/1615/708
f 1233/1637/718 1188/1638/694 1186/1620/692 1225/1619/710
f 1230/1634/715 1187/1633/693 1177/1612/683 1221/1611/706
f 1234/916/719 1178/917/684 1183/1602/689 1216/1601/701
f 1235/1639/720 1175/1640/681 1188/1638/694 1233/1637/718
f 1222/1618/707 1191/1617/697 1175/1641/681 1235/1642/720
f 1109/1643/624 1093/1644/608 1214/1557/641 1201/1532/655
f 1093/1645/608 1106/1646/621 1212/1553/652 1214/1555/641
f 1096/926/611 1101/1647/616 1195/1517/647 1213/824/132
f 1105/1648/620 1095/1649/610 1200/1527/643 1209/1548/651
f 1106/1646/621 1104/1650/619 1204/1535/650 1212/1553/652
f 1094/1651/609 1107/1652/622 1202/1531/653 1194/1518/642
f 1092/1653/607 1091/1654/606 1206/1539/639 1211/1551/640
f 1102/1655/617 1130/1656/638 1199/1525/657 1205/1540/648
f 1100/1657/615 1103/1658/618 1210/1547/649 1207/1544/646
f 1108/1659/623 1092/1653/607 1211/1551/640 1196/1522/654
f 1098/1660/613 1099/1661/614 1208/1543/645 1203/1536/644
f 1103/1658/618 1105/1648/620 1209/1548/651 1210/1547/649
f 1099/1661/614 1100/1657/615 1207/1544/646 1208/1543/645
f 1091/1654/606 1102/1655/617 1205/1540/648 1206/1539/639
f 1104/1650/619 1098/1660/613 1203/1536/644 1204/1535/650
f 1107/1652/622 1109/1643/624 1201/1532/655 1202/1531/653
f 1095/1649/610 1110/1662/625 1197/1528/656 1200/1527/643
f 1130/1656/638 1097/943/612 1198/795/156 1199/1525/657
f 1110/1663/625 1108/1659/623 1196/1522/654 1197/1521/656
f 1101/1647/616 1094/1651/609 1194/1518/642 1195/1517/647
f 1170/1576/676 1222/1664/707 1235/1665/720 1154/1600/660
f 1154/1598/660 1235/1666/720 1233/1667/718 1167/1596/673
f 1157/870/663 1234/950/719 1216/1668/701 1162/1561/668
f 1166/1592/672 1230/1669/715 1221/1670/706 1156/1571/662
f 1167/1596/673 1233/1667/718 1225/1671/710 1165/1579/671
f 1155/1562/661 1215/1672/700 1223/1673/708 1168/1575/674
f 1153/1594/659 1232/1674/717 1227/1675/712 1152/1583/658
f 1161/1588/667 1228/1676/713 1231/1677/716 1164/1591/670
f 1169/1566/675 1217/1678/702 1232/1674/717 1153/1594/659
f 1159/1580/665 1224/1679/709 1229/1680/714 1160/1587/666
f 1164/1591/670 1231/1677/716 1230/1669/715 1166/1592/672
f 1160/1587/666 1229/1680/714 1228/1676/713 1161/1588/667
f 1152/1583/658 1227/1675/712 1226/1681/711 1163/1584/669
f 1163/1584/669 1226/1681/711 1220/1682/705 1172/1568/678
f 1165/1579/671 1225/1671/710 1224/1679/709 1159/1580/665
f 1168/1575/674 1223/1673/708 1222/1664/707 1170/1576/676
f 1156/1571/662 1221/1670/706 1218/1683/703 1171/1572/677
f 1172/1568/678 1220/1682/705 1219/966/704 1158/839/664
f 1171/1565/677 1218/1684/703 1217/1678/702 1169/1566/675
f 1162/1561/668 1216/1668/701 1215/1672/700 1155/1562/661
f 1277/1685/162 1260/1686/162 1244/1573/162 1256/1599/162
f 1275/1687/162 1277/1688/162 1256/1597/162 1254/1595/162
f 1266/1689/162 1276/973/162 1255/871/162 1236/1560/162
f 1269/1690/162 1264/1691/162 1252/1589/162 1242/1570/162
f 1271/1692/162 1275/1687/162 1254/1595/162 1245/1578/162
f 1270/1693/162 1257/1694/162 1237/1559/162 1243/1574/162
f 1272/1695/162 1265/1696/162 1253/1593/162 1247/1582/162
f 1268/1697/162 1262/1698/162 1248/1581/162 1240/1567/162
f 1274/1699/162 1263/1700/162 1250/1585/162 1251/1590/162
f 1265/1696/162 1258/1701/162 1239/1563/162 1253/1593/162
f 1273/1702/162 1261/1703/162 1246/1577/162 1249/1586/162
f 1264/1691/162 1274/1699/162 1251/1590/162 1252/1589/162
f 1263/1700/162 1273/1702/162 1249/1586/162 1250/1585/162
f 1262/1698/162 1272/1695/162 1247/1582/162 1248/1581/162
f 1261/1703/162 1271/1692/162 1245/1578/162 1246/1577/162
f 1260/1686/162 1270/1693/162 1243/1574/162 1244/1573/162
f 1267/1704/162 1269/1690/162 1242/1570/162 1238/1569/162
f 1259/989/162 1268/1697/162 1240/1567/162 1241/838/162
f 1258/1701/162 1267/1705/162 1238/1564/162 1239/1563/162
f 1257/1694/162 1266/1689/162 1236/1560/162 1237/1559/162
f 1094/1651/609 1101/1647/616 1266/1689/162 1257/1694/162
f 1108/1659/623 1110/1663/625 1267/1705/162 1258/1701/162
f 1097/943/612 1130/1656/638 1268/1697/162 1259/989/162
f 1110/1662/625 1095/1649/610 1269/1690/162 1267/1704/162
f 1109/1643/624 1107/1652/622 1270/1693/162 1260/1686/162
f 1098/1660/613 1104/1650/619 1271/1692/162 1261/1703/162
f 1102/1655/617 1091/1654/606 1272/1695/162 1262/1698/162
f 1100/1657/615 1099/1661/614 1273/1702/162 1263/1700/162
f 1105/1648/620 1103/1658/618 1274/1699/162 1264/1691/162
f 1099/1661/614 1098/1660/613 1261/1703/162 1273/1702/162
f 1092/1653/607 1108/1659/623 1258/1701/162 1265/1696/162
f 1103/1658/618 1100/1657/615 1263/1700/162 1274/1699/162
f 1130/1656/638 1102/1655/617 1262/1698/162 1268/1697/162
f 1091/1654/606 1092/1653/607 1265/1696/162 1272/1695/162
f 1107/1652/622 1094/1651/609 1257/1694/162 1270/1693/162
f 1104/1650/619 1106/1646/621 1275/1687/162 1271/1692/162
f 1095/1649/610 1105/1648/620 1264/1691/162 1269/1690/162
f 1101/1647/616 1096/926/611 1276/973/162 1266/1689/162
f 1106/1646/621 1093/1645/608 1277/1688/162 1275/1687/162
f 1093/1644/608 1109/1643/624 1260/1686/162 1277/1685/162
f 801/1170/123 800/397/123 1279/401/125 1278/1172/125
f 1282/991/162 1280/394/162 1281/1171/162 1283/1706/162
f 798/993/122 1282/991/162 1283/1706/162 799/1707/122
f 798/993/122 799/1707/122 1284/1174/124 1285/402/124
f 1305/1350/740 1304/1387/739 976/1386/542 1088/1351/603
f 1087/1432/602 957/1428/523 1304/1387/739 1305/1350/740
f 946/1423/512 1301/1389/736 1289/1358/724 944/1399/510
f 948/1400/514 1290/1363/725 1297/1374/732 955/1413/521
f 1126/1424/634 1306/1384/741 1302/633/737 952/782/518
f 954/1396/520 1288/1361/723 1293/1391/728 939/1430/505
f 949/1408/515 1295/1373/730 1301/1389/736 946/1423/512
f 941/1402/507 1292/1367/727 1304/1387/739 957/1428/523
f 943/1416/509 1299/1381/734 1300/1382/735 945/1421/511
f 1126/1424/634 947/1427/513 1303/1353/738 1306/1384/741
f 945/1421/511 1300/1382/735 1298/1376/733 951/1415/517
f 956/1419/522 1294/1378/729 1299/1381/734 943/1416/509
f 951/1415/517 1298/1376/733 1296/1370/731 950/1411/516
f 955/1413/521 1297/1374/732 1287/1354/722 942/1395/508
f 950/1411/516 1296/1370/731 1295/1373/730 949/1408/515
f 940/1392/506 1286/1357/721 1294/1369/729 956/1406/522
f 939/1405/505 1293/1364/728 1292/1367/727 941/1402/507
f 953/644/519 1291/601/726 1290/1363/725 948/1400/514
f 944/1399/510 1289/1358/724 1288/1361/723 954/1396/520
f 942/1395/508 1287/1354/722 1286/1357/721 940/1392/506
f 1087/1432/602 1305/1350/740 1303/1353/738 947/1427/513
f 881/772/132 1325/778/132 1327/1147/632 1119/1275/632
f 879/1276/503 1323/1150/503 1326/1141/600 1080/1286/600
f 876/1273/500 1313/1140/500 1324/1145/504 880/1274/504
f 1119/1275/632 1327/1147/632 1323/1150/503 879/1276/503
f 863/1277/489 1307/1114/489 1316/1115/492 866/1278/492
f 878/1279/502 1314/1144/502 1320/1131/499 873/1280/499
f 880/1274/504 1324/1145/504 1319/1125/496 870/1281/496
f 872/1282/498 1311/1134/498 1322/1137/501 877/1283/501
f 868/1284/494 1309/1124/494 1321/1135/156 875/1285/156
f 1080/1286/600 1326/1141/600 1314/1144/502 878/1279/502
f 871/1287/497 1310/1130/497 1318/1121/495 869/1288/495
f 877/1283/501 1322/1137/501 1313/1140/500 876/1273/500
f 875/1285/156 1321/1135/156 1312/354/156 874/522/156
f 873/1280/499 1320/1131/499 1311/1134/498 872/1282/498
f 865/1289/491 1308/1127/491 1310/1130/497 871/1287/497
f 870/1281/496 1319/1125/496 1317/1119/493 867/1290/493
f 869/1288/495 1318/1121/495 1309/1124/494 868/1284/494
f 867/1290/493 1317/1119/493 1315/1111/490 864/1291/490
f 866/1278/492 1316/1115/492 1308/1118/491 865/1292/491
f 864/1291/490 1315/1111/490 1307/1114/489 863/1277/489
o other
v -9.044566 -2.505821 -2.646538
v -9.762114 -2.646468 -2.622244
v -10.370421 -3.046995 -2.553061
v -10.776879 -3.646426 -2.449521
v -10.919609 -4.353503 -2.327386
v -10.776879 -5.060580 -2.205252
v -10.370421 -5.660011 -2.101712
v -9.762114 -6.060537 -2.032528
v -9.044566 -6.201184 -2.008234
v -8.327019 -6.060538 -2.032528
v -7.718711 -5.660011 -2.101712
v -7.312253 -5.060580 -2.205252
v -7.169524 -4.353503 -2.327386
v -7.312253 -3.646425 -2.449521
v -7.718711 -3.046994 -2.553061
v -8.327020 -2.646467 -2.622245
v -9.044566 -2.453716 -2.344882
v -9.762114 -2.594362 -2.320588
v -10.370421 -2.994889 -2.251405
v -10.776879 -3.594320 -2.147864
v -10.919609 -4.301397 -2.025730
v -10.776879 -5.008474 -1.903596
v -10.370421 -5.607905 -1.800056
v -9.762114 -6.008432 -1.730872
v -9.044566 -6.149078 -1.706578
v -8.327019 -6.008432 -1.730872
v -7.718711 -5.607906 -1.800056
v -7.312253 -5.008474 -1.903596
v -7.169524 -4.301397 -2.025730
v -7.312253 -3.594320 -2.147864
v -7.718711 -2.994889 -2.251405
v -8.327020 -2.594362 -2.320588
v -9.044566 -2.959416 -2.257532
v -9.565725 -3.061568 -2.239887
v -10.007543 -3.352473 -2.189639
v -10.302755 -3.787843 -2.114437
v -10.406420 -4.301397 -2.025730
v -10.302755 -4.814952 -1.937023
v -10.007543 -5.250322 -1.861821
v -9.565725 -5.541226 -1.811573
v -9.044566 -5.643379 -1.793928
v -8.523407 -5.541227 -1.811573
v -8.081590 -5.250322 -1.861821
v -7.786377 -4.814952 -1.937023
v -7.682712 -4.301397 -2.025730
v -7.786377 -3.787843 -2.114437
v -8.081590 -3.352473 -2.189639
v -8.523408 -3.061568 -2.239887
v -9.044566 -2.747123 -1.028498
v -9.565725 -2.849276 -1.010853
v -10.007543 -3.140181 -0.960605
v -10.302755 -3.575551 -0.885403
v -10.406420 -4.089105 -0.796696
v -10.302755 -4.602659 -0.707989
v -10.007543 -5.038029 -0.632787
v -9.565725 -5.328934 -0.582539
v -9.044566 -5.431087 -0.564894
v -8.523407 -5.328935 -0.582539
v -8.081590 -5.038030 -0.632787
v -7.786377 -4.602659 -0.707989
v -7.682712 -4.089105 -0.796696
v -7.786377 -3.575551 -0.885403
v -8.081590 -3.140180 -0.960605
v -8.523408 -2.849275 -1.010853
v -9.044566 -2.908257 -1.000665
v -9.503149 -2.998144 -0.985139
v -9.891916 -3.254119 -0.940924
v -10.151683 -3.637214 -0.874752
v -10.242900 -4.089105 -0.796696
v -10.151683 -4.540996 -0.718640
v -9.891916 -4.924090 -0.652468
v -9.503149 -5.180066 -0.608253
v -9.044566 -5.269953 -0.592727
v -8.585983 -5.180067 -0.608253
v -8.197216 -4.924091 -0.652468
v -7.937449 -4.540996 -0.718640
v -7.846231 -4.089105 -0.796696
v -7.937449 -3.637214 -0.874752
v -8.197216 -3.254119 -0.940924
v -8.585983 -2.998143 -0.985139
v -9.044566 -2.996532 -1.008798
v -9.470390 -3.079998 -0.994381
v -9.831386 -3.317688 -0.953324
v -10.072596 -3.673416 -0.891879
v -10.157297 -4.093027 -0.819399
v -10.072596 -4.512637 -0.746920
v -9.831386 -4.868365 -0.685474
v -9.470390 -5.106055 -0.644418
v -9.044566 -5.189521 -0.630000
v -8.618742 -5.106055 -0.644418
v -8.257746 -4.868365 -0.685474
v -8.016536 -4.512637 -0.746920
v -7.931834 -4.093027 -0.819399
v -8.016536 -3.673416 -0.891879
v -8.257746 -3.317688 -0.953324
v -8.618742 -3.079998 -0.994381
v -9.044565 -3.588145 -1.114239
v -9.254161 -3.629228 -1.107143
v -9.431847 -3.746222 -1.086934
v -9.550573 -3.921315 -1.056690
v -9.592264 -4.127852 -1.021015
v -9.550573 -4.334389 -0.985340
v -9.431847 -4.509482 -0.955096
v -9.254161 -4.626476 -0.934887
v -9.044565 -4.667559 -0.927791
v -8.834970 -4.626476 -0.934887
v -8.657284 -4.509482 -0.955096
v -8.538557 -4.334389 -0.985340
v -8.496866 -4.127852 -1.021015
v -8.538557 -3.921315 -1.056690
v -8.657284 -3.746221 -1.086934
v -8.834970 -3.629228 -1.107143
v -9.044564 -4.127852 -1.021014
v -9.631617 -3.537482 -1.052128
v -9.811584 -3.802893 -1.006283
v -8.457515 -4.694451 -0.852283
v -8.277547 -4.429040 -0.898128
v -9.874781 -4.115966 -0.952206
v -8.214350 -4.115966 -0.952206
v -9.811584 -4.429040 -0.898128
v -8.277547 -3.802893 -1.006283
v -9.631617 -4.694451 -0.852283
v -8.457515 -3.537482 -1.052128
v -9.362275 -4.871793 -0.821651
v -8.726856 -3.360140 -1.082760
v -9.044565 -4.934067 -0.810894
v -9.044565 -3.297866 -1.093517
v -9.362275 -3.360140 -1.082760
v -8.726856 -4.871793 -0.821651
v -7.312253 -3.598460 -2.171835
v -7.718711 -2.999029 -2.275375
v -10.370421 -5.612046 -1.824026
v -9.762114 -6.012573 -1.754843
v -8.327020 -2.598503 -2.344559
v -9.044566 -6.153219 -1.730549
v -9.044566 -2.457857 -2.368853
v -9.762114 -2.598503 -2.344559
v -8.327019 -6.012573 -1.754843
v -10.370421 -2.999030 -2.275375
v -7.718711 -5.612046 -1.824026
v -10.776879 -3.598461 -2.171835
v -7.312253 -5.012615 -1.927567
v -10.919609 -4.305538 -2.049701
v -7.169524 -4.305538 -2.049701
v -10.776879 -5.012615 -1.927567
v -10.893585 -4.301397 -2.025730
v -10.752836 -4.998661 -1.905291
v -7.195548 -4.301397 -2.025730
v -7.336296 -3.604134 -2.146169
v -10.352020 -5.589772 -1.803188
v -7.737113 -3.013022 -2.248273
v -9.752155 -5.984740 -1.734964
v -8.336978 -2.618054 -2.316496
v -9.044566 -6.123435 -1.711008
v -9.044566 -2.479360 -2.340453
v -9.752155 -2.618054 -2.316496
v -8.336978 -5.984740 -1.734964
v -10.352020 -3.013022 -2.248273
v -7.737113 -5.589773 -1.803188
v -10.752836 -3.604134 -2.146169
v -7.336296 -4.998661 -1.905291
v -10.431289 -4.301397 -2.025730
v -7.657843 -4.301397 -2.025730
v -9.044566 -2.934910 -2.261765
v -10.325731 -4.824330 -1.935403
v -7.763401 -3.778465 -2.116057
v -10.025127 -5.267650 -1.858828
v -8.064005 -3.335145 -2.192632
v -9.575242 -5.563867 -1.807662
v -8.513891 -3.038927 -2.243798
v -9.044566 -5.667885 -1.789695
v -9.575242 -3.038928 -2.243798
v -8.513890 -5.563868 -1.807662
v -10.025127 -3.335145 -2.192632
v -8.064005 -5.267650 -1.858828
v -10.325731 -3.778465 -2.116057
v -7.763401 -4.824330 -1.935403
v -8.523407 -5.537860 -1.792080
v -8.081590 -5.246955 -1.842329
v -10.007543 -3.349106 -2.170146
v -10.302755 -3.784476 -2.094944
v -7.786377 -4.811584 -1.917531
v -10.406420 -4.298030 -2.006237
v -7.682712 -4.298030 -2.006237
v -10.302755 -4.811584 -1.917531
v -7.786377 -3.784476 -2.094944
v -10.007543 -5.246955 -1.842329
v -8.081590 -3.349106 -2.170146
v -9.565725 -5.537860 -1.792080
v -8.523408 -3.058201 -2.220395
v -9.044566 -5.640012 -1.774435
v -9.044566 -2.956049 -2.238039
v -9.565725 -3.058201 -2.220394
v -8.523407 -5.330438 -0.591244
v -10.007543 -3.141684 -0.969310
v -9.044566 -2.748627 -1.037203
v -8.081590 -5.039533 -0.641492
v -10.302755 -3.577055 -0.894108
v -7.786377 -4.604163 -0.716694
v -10.406420 -4.090609 -0.805401
v -7.682712 -4.090609 -0.805401
v -10.302755 -4.604163 -0.716694
v -7.786377 -3.577054 -0.894108
v -10.007543 -5.039533 -0.641492
v -8.081590 -3.141684 -0.969310
v -9.565725 -5.330438 -0.591244
v -8.523408 -2.850779 -1.019558
v -9.044566 -5.432590 -0.573599
v -9.565725 -2.850780 -1.019558
v -8.093184 -3.151605 -0.958631
v -8.529682 -2.864203 -1.008275
v -9.559450 -5.314007 -0.585117
v -9.044566 -5.414929 -0.567685
v -9.044566 -2.763281 -1.025707
v -9.559450 -2.864203 -1.008274
v -8.529682 -5.314007 -0.585117
v -9.995948 -3.151606 -0.958631
v -8.093184 -5.026605 -0.634760
v -10.287607 -3.581734 -0.884335
v -7.801525 -4.596476 -0.709057
v -10.390023 -4.089105 -0.796696
v -7.699109 -4.089105 -0.796696
v -10.287607 -4.596476 -0.709057
v -7.801526 -3.581734 -0.884335
v -9.995948 -5.026604 -0.634760
v -8.186723 -3.243779 -0.942710
v -9.508827 -5.193576 -0.605919
v -9.044566 -2.893634 -1.003191
v -8.580305 -2.984634 -0.987472
v -9.044566 -5.284575 -0.590201
v -9.508827 -2.984634 -0.987472
v -8.580305 -5.193576 -0.605919
v -9.902410 -3.243780 -0.942710
v -8.186723 -4.934431 -0.650682
v -10.165392 -3.631618 -0.875718
v -7.923740 -4.546592 -0.717674
v -10.257739 -4.089105 -0.796696
v -7.831392 -4.089105 -0.796696
v -10.165392 -4.546592 -0.717674
v -7.923740 -3.631618 -0.875718
v -9.902410 -4.934430 -0.650682
v 9.042201 -2.505822 -2.646538
v 8.324653 -2.646468 -2.622244
v 7.716346 -3.046995 -2.553061
v 7.309886 -3.646426 -2.449521
v 7.167157 -4.353503 -2.327386
v 7.309886 -5.060580 -2.205252
v 7.716346 -5.660011 -2.101712
v 8.324653 -6.060538 -2.032528
v 9.042201 -6.201185 -2.008234
v 9.759748 -6.060538 -2.032528
v 10.368054 -5.660012 -2.101712
v 10.774514 -5.060581 -2.205252
v 10.917243 -4.353503 -2.327386
v 10.774514 -3.646426 -2.449521
v 10.368054 -3.046995 -2.553061
v 9.759748 -2.646468 -2.622244
v 9.042201 -2.453716 -2.344882
v 8.324653 -2.594363 -2.320588
v 7.716346 -2.994890 -2.251405
v 7.309886 -3.594321 -2.147864
v 7.167157 -4.301398 -2.025730
v 7.309886 -5.008475 -1.903596
v 7.716346 -5.607906 -1.800056
v 8.324653 -6.008433 -1.730872
v 9.042201 -6.149079 -1.706578
v 9.759748 -6.008433 -1.730872
v 10.368054 -5.607906 -1.800055
v 10.774514 -5.008475 -1.903596
v 10.917243 -4.301398 -2.025730
v 10.774514 -3.594320 -2.147864
v 10.368054 -2.994889 -2.251405
v 9.759748 -2.594362 -2.320588
v 9.042201 -2.959416 -2.257532
v 8.521041 -3.061569 -2.239887
v 8.079225 -3.352473 -2.189639
v 7.784013 -3.787844 -2.114437
v 7.680346 -4.301398 -2.025730
v 7.784013 -4.814952 -1.937023
v 8.079225 -5.250322 -1.861821
v 8.521041 -5.541227 -1.811573
v 9.042201 -5.643379 -1.793928
v 9.563359 -5.541227 -1.811573
v 10.005176 -5.250322 -1.861821
v 10.300389 -4.814952 -1.937023
v 10.404056 -4.301398 -2.025730
v 10.300389 -3.787843 -2.114437
v 10.005176 -3.352473 -2.189639
v 9.563357 -3.061568 -2.239887
v 9.042201 -2.747124 -1.028497
v 8.521041 -2.849276 -1.010853
v 8.079225 -3.140181 -0.960604
v 7.784013 -3.575551 -0.885402
v 7.680346 -4.089105 -0.796695
v 7.784013 -4.602660 -0.707989
v 8.079225 -5.038030 -0.632787
v 8.521041 -5.328935 -0.582538
v 9.042201 -5.431087 -0.564893
v 9.563359 -5.328935 -0.582538
v 10.005176 -5.038030 -0.632787
v 10.300389 -4.602660 -0.707989
v 10.404056 -4.089105 -0.796695
v 10.300389 -3.575551 -0.885402
v 10.005176 -3.140181 -0.960604
v 9.563357 -2.849276 -1.010853
v 9.042201 -2.908257 -1.000665
v 8.583617 -2.998144 -0.985139
v 8.194850 -3.254120 -0.940924
v 7.935084 -3.637214 -0.874751
v 7.843865 -4.089105 -0.796696
v 7.935084 -4.540997 -0.718640
v 8.194850 -4.924091 -0.652468
v 8.583617 -5.180067 -0.608253
v 9.042201 -5.269953 -0.592726
v 9.500783 -5.180067 -0.608253
v 9.889550 -4.924091 -0.652468
v 10.149318 -4.540997 -0.718640
v 10.240535 -4.089105 -0.796696
v 10.149316 -3.637214 -0.874751
v 9.889550 -3.254119 -0.940924
v 9.500783 -2.998144 -0.985139
v 9.042201 -2.996532 -1.008798
v 8.616378 -3.079998 -0.994380
v 8.255380 -3.317688 -0.953324
v 8.014171 -3.673417 -0.891879
v 7.929469 -4.093027 -0.819399
v 8.014171 -4.512637 -0.746919
v 8.255380 -4.868366 -0.685474
v 8.616378 -5.106056 -0.644417
v 9.042201 -5.189521 -0.630000
v 9.468024 -5.106056 -0.644417
v 9.829021 -4.868366 -0.685474
v 10.070230 -4.512637 -0.746919
v 10.154933 -4.093027 -0.819399
v 10.070230 -3.673416 -0.891879
v 9.829021 -3.317688 -0.953324
v 9.468024 -3.079998 -0.994381
v 9.042203 -3.588145 -1.114239
v 8.832606 -3.629228 -1.107143
v 8.654920 -3.746222 -1.086934
v 8.536193 -3.921315 -1.056690
v 8.494502 -4.127852 -1.021015
v 8.536193 -4.334389 -0.985339
v 8.654920 -4.509482 -0.955095
v 8.832606 -4.626476 -0.934887
v 9.042203 -4.667559 -0.927791
v 9.251796 -4.626476 -0.934887
v 9.429482 -4.509483 -0.955095
v 9.548209 -4.334389 -0.985339
v 9.589900 -4.127852 -1.021015
v 9.548209 -3.921315 -1.056690
v 9.429482 -3.746222 -1.086934
v 9.251796 -3.629228 -1.107143
v 9.042203 -4.127853 -1.021014
v 8.455150 -3.537482 -1.052128
v 8.275182 -3.802893 -1.006283
v 9.629252 -4.694451 -0.852283
v 9.809220 -4.429040 -0.898128
v 8.211986 -4.115967 -0.952205
v 9.872416 -4.115967 -0.952205
v 8.275182 -4.429040 -0.898128
v 9.809220 -3.802893 -1.006283
v 8.455150 -4.694451 -0.852283
v 9.629252 -3.537482 -1.052128
v 8.724490 -4.871793 -0.821651
v 9.359910 -3.360140 -1.082760
v 9.042201 -4.934067 -0.810894
v 9.042201 -3.297866 -1.093517
v 8.724490 -3.360140 -1.082760
v 9.359910 -4.871793 -0.821651
v 10.774514 -3.598461 -2.171835
v 10.368054 -2.999030 -2.275375
v 7.716346 -5.612046 -1.824026
v 8.324653 -6.012573 -1.754843
v 9.759748 -2.598503 -2.344559
v 9.042201 -6.153220 -1.730549
v 9.042201 -2.457857 -2.368853
v 8.324653 -2.598503 -2.344559
v 9.759748 -6.012574 -1.754843
v 7.716346 -2.999030 -2.275375
v 10.368054 -5.612047 -1.824026
v 7.309886 -3.598461 -2.171835
v 10.774514 -5.012616 -1.927566
v 7.167157 -4.305538 -2.049701
v 10.917243 -4.305538 -2.049701
v 7.309886 -5.012616 -1.927566
v 7.193181 -4.301398 -2.025730
v 7.333930 -4.998662 -1.905291
v 10.891219 -4.301398 -2.025730
v 10.750470 -3.604134 -2.146169
v 7.734748 -5.589773 -1.803188
v 10.349652 -3.013022 -2.248273
v 8.334613 -5.984741 -1.734964
v 9.749789 -2.618054 -2.316496
v 9.042201 -6.123435 -1.711007
v 9.042201 -2.479360 -2.340453
v 8.334613 -2.618055 -2.316496
v 9.749789 -5.984741 -1.734964
v 7.734748 -3.013023 -2.248273
v 10.349652 -5.589773 -1.803188
v 7.333930 -3.604134 -2.146169
v 10.750470 -4.998662 -1.905291
v 7.655478 -4.301398 -2.025730
v 10.428924 -4.301398 -2.025730
v 9.042201 -2.934910 -2.261765
v 7.761035 -4.824330 -1.935403
v 10.323365 -3.778466 -2.116057
v 8.061639 -5.267651 -1.858828
v 10.022761 -3.335145 -2.192632
v 8.511523 -5.563868 -1.807662
v 9.572875 -3.038928 -2.243798
v 9.042201 -5.667885 -1.789695
v 8.511523 -3.038928 -2.243798
v 9.572877 -5.563868 -1.807662
v 8.061639 -3.335145 -2.192632
v 10.022761 -5.267651 -1.858828
v 7.761035 -3.778466 -2.116057
v 10.323365 -4.824330 -1.935403
v 9.563359 -5.537860 -1.792080
v 10.005176 -5.246955 -1.842328
v 8.079225 -3.349107 -2.170146
v 7.784013 -3.784477 -2.094944
v 10.300389 -4.811585 -1.917530
v 7.680346 -4.298031 -2.006237
v 10.404056 -4.298031 -2.006237
v 7.784013 -4.811585 -1.917530
v 10.300389 -3.784477 -2.094944
v 8.079225 -5.246955 -1.842328
v 10.005176 -3.349106 -2.170146
v 8.521041 -5.537860 -1.792080
v 9.563357 -3.058201 -2.220394
v 9.042201 -5.640012 -1.774435
v 9.042201 -2.956049 -2.238039
v 8.521041 -3.058202 -2.220394
v 9.563359 -5.330439 -0.591244
v 8.079225 -3.141685 -0.969309
v 9.042201 -2.748627 -1.037203
v 10.005176 -5.039534 -0.641492
v 7.784013 -3.577055 -0.894107
v 10.300389 -4.604163 -0.716694
v 7.680346 -4.090609 -0.805401
v 10.404056 -4.090609 -0.805401
v 7.784013 -4.604163 -0.716694
v 10.300389 -3.577055 -0.894107
v 8.079225 -5.039534 -0.641492
v 10.005176 -3.141684 -0.969309
v 8.521041 -5.330438 -0.591244
v 9.563357 -2.850779 -1.019558
v 9.042201 -5.432590 -0.573599
v 8.521041 -2.850780 -1.019558
v 9.993581 -3.151606 -0.958631
v 9.557084 -2.864203 -1.008274
v 8.527316 -5.314007 -0.585117
v 9.042201 -5.414929 -0.567684
v 9.042201 -2.763281 -1.025707
v 8.527316 -2.864203 -1.008274
v 9.557086 -5.314008 -0.585117
v 8.090819 -3.151606 -0.958631
v 9.993581 -5.026605 -0.634760
v 7.799159 -3.581734 -0.884334
v 10.285241 -4.596477 -0.709057
v 7.696744 -4.089105 -0.796695
v 10.387658 -4.089105 -0.796695
v 7.799159 -4.596477 -0.709057
v 10.285241 -3.581734 -0.884334
v 8.090819 -5.026605 -0.634760
v 9.900044 -3.243780 -0.942710
v 8.577939 -5.193576 -0.605919
v 9.042201 -2.893635 -1.003191
v 9.506461 -2.984634 -0.987472
v 9.042201 -5.284576 -0.590201
v 8.577939 -2.984635 -0.987472
v 9.506461 -5.193576 -0.605919
v 8.184358 -3.243780 -0.942710
v 9.900044 -4.934431 -0.650682
v 7.921374 -3.631618 -0.875718
v 10.163026 -4.546592 -0.717673
v 7.829028 -4.089105 -0.796696
v 10.255374 -4.089105 -0.796696
v 7.921374 -4.546592 -0.717673
v 10.163026 -3.631618 -0.875718
v 8.184358 -4.934431 -0.650682
v -4.574493 -7.741952 -1.020612
v -3.122750 -7.741952 -1.020612
v -3.122750 -7.529162 -1.033716
v -4.574494 -7.529162 -1.033716
v -4.574494 -7.223311 -1.079585
v -3.122750 -7.223311 -1.079585
v -3.122750 -7.074427 -1.126449
v -4.574494 -7.074427 -1.126449
v -4.574494 -6.984833 -1.202547
v -3.122750 -6.984833 -1.202547
v -4.574494 -6.991009 -0.735105
v -4.558524 -6.969461 -0.730201
v -3.122750 -6.991009 -0.735105
v -3.138720 -6.969461 -0.730201
v -4.574494 -6.862483 -1.819429
v -4.558524 -6.840274 -1.819613
v -4.558524 -6.859439 -1.841429
v -3.122750 -6.862483 -1.819429
v -3.138720 -6.859439 -1.841429
v -3.138720 -6.840274 -1.819613
v -4.558524 -7.741952 -0.199795
v -4.574493 -7.741952 -0.225228
v -3.122750 -7.741952 -0.225228
v -3.138720 -7.741952 -0.199795
v -4.574493 -7.741952 -1.819429
v -4.558524 -7.741952 -1.841429
v -3.138720 -7.741952 -1.841429
v -3.122750 -7.741952 -1.819429
v -4.558524 -7.609185 -0.226002
v -4.574494 -7.606603 -0.252065
v -4.574494 -7.451319 -1.819429
v -4.558524 -7.449140 -1.841429
v -3.138720 -7.449140 -1.841429
v -3.122750 -7.451319 -1.819429
v -3.122750 -7.606603 -0.252065
v -3.138720 -7.609185 -0.226002
v -4.574494 -7.145600 -1.819429
v -4.558524 -7.143289 -1.841429
v -3.138720 -7.143289 -1.841429
v -3.122750 -7.145600 -1.819429
v -4.558524 -7.303334 -0.317741
v -4.574494 -7.300553 -0.344216
v -3.122750 -7.300553 -0.344216
v -3.138720 -7.303334 -0.317741
v -4.574494 -6.992950 -1.819429
v -4.558524 -6.990364 -1.841429
v -3.138720 -6.990364 -1.841429
v -3.122750 -6.992950 -1.819429
v -4.558524 -7.158490 -0.394634
v -4.574494 -7.155279 -0.421948
v -3.122750 -7.155279 -0.421948
v -3.138720 -7.158490 -0.394634
v -4.558524 -6.913901 -1.841429
v -4.574494 -6.916344 -1.819429
v -3.122750 -6.916344 -1.819429
v -3.138720 -6.913901 -1.841429
v -4.558524 -7.055764 -0.506142
v -4.574494 -7.073456 -0.515009
v -3.122750 -7.073456 -0.515009
v -3.138720 -7.055764 -0.506142
v -4.558524 -6.903450 -1.294233
v -4.574494 -6.931502 -1.249089
v -3.138720 -6.903450 -1.294233
v -3.122750 -6.931502 -1.249089
v -4.540063 -6.859439 -1.841429
v -4.540063 -6.840274 -1.819613
v -4.540063 -6.969461 -0.730201
v -4.540063 -6.903450 -1.294233
v -4.540063 -7.055764 -0.506142
v -4.540063 -6.913901 -1.841429
v -4.540063 -7.741952 -0.199795
v -4.540063 -7.609185 -0.226002
v -4.540063 -7.741952 -1.841429
v -4.540063 -7.449140 -1.841429
v -4.540063 -7.303334 -0.317741
v -4.540063 -7.143289 -1.841429
v -4.540063 -6.990364 -1.841429
v -4.540063 -7.158490 -0.394634
v -3.151821 -6.840274 -1.819613
v -3.151821 -6.969461 -0.730201
v -3.151821 -7.055764 -0.506142
v -3.151821 -7.741952 -0.199795
v -3.151821 -7.449140 -1.841429
v -3.151821 -7.143289 -1.841429
v -3.151821 -6.990364 -1.841429
v -3.151821 -6.859439 -1.841429
v -3.151821 -6.903450 -1.294233
v -3.151821 -6.913901 -1.841429
v -3.151821 -7.609185 -0.226002
v -3.151821 -7.741952 -1.841429
v -3.151821 -7.303334 -0.317741
v -3.151821 -7.158490 -0.394634
v -3.021128 -7.741952 -1.020612
v -1.569385 -7.741952 -1.020612
v -1.569385 -7.529162 -1.033716
v -3.021128 -7.529162 -1.033716
v -3.021128 -7.223311 -1.079585
v -1.569385 -7.223311 -1.079585
v -1.569385 -7.074427 -1.126449
v -3.021128 -7.074427 -1.126449
v -3.021128 -6.984833 -1.202547
v -1.569385 -6.984833 -1.202547
v -3.021128 -6.991009 -0.735105
v -3.005158 -6.969461 -0.730201
v -1.569385 -6.991009 -0.735105
v -1.585354 -6.969461 -0.730201
v -3.021128 -6.862483 -1.819429
v -3.005158 -6.840274 -1.819613
v -3.005158 -6.859439 -1.841429
v -1.569385 -6.862483 -1.819429
v -1.585354 -6.859439 -1.841429
v -1.585354 -6.840274 -1.819613
v -3.005158 -7.741952 -0.199795
v -3.021128 -7.741952 -0.225228
v -1.569385 -7.741952 -0.225228
v -1.585354 -7.741952 -0.199795
v -3.021128 -7.741952 -1.819429
v -3.005158 -7.741952 -1.841429
v -1.585354 -7.741952 -1.841429
v -1.569385 -7.741952 -1.819429
v -3.005158 -7.609185 -0.226002
v -3.021128 -7.606603 -0.252065
v -3.021128 -7.451319 -1.819429
v -3.005158 -7.449140 -1.841429
v -1.585354 -7.449140 -1.841429
v -1.569385 -7.451319 -1.819429
v -1.569385 -7.606603 -0.252065
v -1.585354 -7.609185 -0.226002
v -3.021128 -7.145600 -1.819429
v -3.005158 -7.143289 -1.841429
v -1.585354 -7.143289 -1.841429
v -1.569385 -7.145600 -1.819429
v -3.005158 -7.303334 -0.317741
v -3.021128 -7.300553 -0.344216
v -1.569385 -7.300553 -0.344216
v -1.585354 -7.303334 -0.317741
v -3.021128 -6.992950 -1.819429
v -3.005158 -6.990364 -1.841429
v -1.585354 -6.990364 -1.841429
v -1.569385 -6.992950 -1.819429
v -3.005158 -7.158490 -0.394634
v -3.021128 -7.155279 -0.421948
v -1.569385 -7.155279 -0.421948
v -1.585354 -7.158490 -0.394634
v -3.005158 -6.913901 -1.841429
v -3.021128 -6.916344 -1.819429
v -1.569385 -6.916344 -1.819429
v -1.585354 -6.913901 -1.841429
v -3.005158 -7.055764 -0.506142
v -3.021128 -7.073456 -0.515009
v -1.569385 -7.073456 -0.515009
v -1.585354 -7.055764 -0.506142
v -3.005158 -6.903450 -1.294233
v -3.021128 -6.931502 -1.249089
v -1.585354 -6.903450 -1.294233
v -1.569385 -6.931502 -1.249089
v -2.986698 -6.859439 -1.841429
v -2.986698 -6.840274 -1.819613
v -2.986698 -6.969461 -0.730201
v -2.986698 -6.903450 -1.294233
v -2.986698 -7.055764 -0.506142
v -2.986698 -6.913901 -1.841429
v -2.986698 -7.741952 -0.199795
v -2.986698 -7.609185 -0.226002
v -2.986698 -7.741952 -1.841429
v -2.986698 -7.449140 -1.841429
v -2.986698 -7.303334 -0.317741
v -2.986698 -7.143289 -1.841429
v -2.986698 -6.990364 -1.841429
v -2.986698 -7.158490 -0.394634
v -1.598456 -6.840274 -1.819613
v -1.598456 -6.969461 -0.730201
v -1.598456 -7.055764 -0.506142
v -1.598456 -7.741952 -0.199795
v -1.598456 -7.449140 -1.841429
v -1.598456 -7.143289 -1.841429
v -1.598456 -6.990364 -1.841429
v -1.598456 -6.859439 -1.841429
v -1.598456 -6.903450 -1.294233
v -1.598456 -6.913901 -1.841429
v -1.598456 -7.609185 -0.226002
v -1.598456 -7.741952 -1.841429
v -1.598456 -7.303334 -0.317741
v -1.598456 -7.158490 -0.394634
v -1.467762 -8.085241 -1.020612
v -0.016020 -8.085241 -1.020612
v -0.016020 -7.872451 -1.033716
v -1.467762 -7.872451 -1.033716
v -1.467762 -7.566601 -1.079585
v -0.016020 -7.566601 -1.079585
v -0.016020 -7.417716 -1.126449
v -1.467762 -7.417716 -1.126449
v -1.467762 -7.328122 -1.202547
v -0.016020 -7.328122 -1.202547
v -1.467762 -7.334298 -0.735105
v -1.451793 -7.312750 -0.730201
v -0.016020 -7.334298 -0.735105
v -0.031988 -7.312750 -0.730201
v -1.467762 -7.205772 -1.819429
v -1.451793 -7.183563 -1.819613
v -1.451793 -7.202727 -1.841429
v -0.016020 -7.205772 -1.819429
v -0.031988 -7.202727 -1.841429
v -0.031988 -7.183563 -1.819613
v -1.451793 -8.085241 -0.199795
v -1.467762 -8.085241 -0.225228
v -0.016020 -8.085241 -0.225228
v -0.031988 -8.085241 -0.199795
v -1.467762 -8.085241 -1.819429
v -1.451793 -8.085241 -1.841429
v -0.031988 -8.085241 -1.841429
v -0.016020 -8.085241 -1.819429
v -1.451793 -7.952474 -0.226002
v -1.467762 -7.949892 -0.252065
v -1.467762 -7.794608 -1.819429
v -1.451793 -7.792429 -1.841429
v -0.031988 -7.792429 -1.841429
v -0.016020 -7.794608 -1.819429
v -0.016020 -7.949892 -0.252065
v -0.031988 -7.952474 -0.226002
v -1.467762 -7.488889 -1.819429
v -1.451793 -7.486578 -1.841429
v -0.031988 -7.486578 -1.841429
v -0.016020 -7.488889 -1.819429
v -1.451793 -7.646624 -0.317741
v -1.467762 -7.643843 -0.344216
v -0.016020 -7.643843 -0.344216
v -0.031988 -7.646624 -0.317741
v -1.467762 -7.336240 -1.819430
v -1.451793 -7.333652 -1.841429
v -0.031988 -7.333652 -1.841429
v -0.016020 -7.336240 -1.819430
v -1.451793 -7.501779 -0.394634
v -1.467762 -7.498568 -0.421948
v -0.016020 -7.498568 -0.421948
v -0.031988 -7.501779 -0.394634
v -1.451793 -7.257190 -1.841429
v -1.467762 -7.259633 -1.819429
v -0.016020 -7.259633 -1.819429
v -0.031988 -7.257190 -1.841429
v -1.451793 -7.399053 -0.506143
v -1.467762 -7.416745 -0.515009
v -0.016020 -7.416745 -0.515009
v -0.031988 -7.399053 -0.506143
v -1.451793 -7.246739 -1.294233
v -1.467762 -7.274791 -1.249089
v -0.031988 -7.246739 -1.294233
v -0.016020 -7.274791 -1.249089
v -1.433331 -7.202727 -1.841429
v -1.433331 -7.183563 -1.819613
v -1.433331 -7.312750 -0.730201
v -1.433331 -7.246739 -1.294233
v -1.433331 -7.399053 -0.506143
v -1.433331 -7.257190 -1.841429
v -1.433331 -8.085241 -0.199795
v -1.433331 -7.952474 -0.226002
v -1.433331 -8.085241 -1.841429
v -1.433331 -7.792429 -1.841429
v -1.433331 -7.646624 -0.317741
v -1.433331 -7.486578 -1.841429
v -1.433331 -7.333652 -1.841429
v -1.433331 -7.501779 -0.394634
v -0.045090 -7.183563 -1.819613
v -0.045090 -7.312750 -0.730201
v -0.045090 -7.399053 -0.506143
v -0.045090 -8.085241 -0.199795
v -0.045090 -7.792429 -1.841429
v -0.045090 -7.486578 -1.841429
v -0.045090 -7.333652 -1.841429
v -0.045090 -7.202727 -1.841429
v -0.045090 -7.246739 -1.294233
v -0.045090 -7.257190 -1.841429
v -0.045090 -7.952474 -0.226002
v -0.045090 -8.085241 -1.841429
v -0.045090 -7.646624 -0.317741
v -0.045090 -7.501779 -0.394634
v 0.085604 -7.741952 -1.020612
v 1.537347 -7.741952 -1.020612
v 1.537347 -7.529162 -1.033716
v 0.085603 -7.529162 -1.033716
v 0.085603 -7.223311 -1.079585
v 1.537347 -7.223311 -1.079585
v 1.537347 -7.074427 -1.126449
v 0.085603 -7.074427 -1.126449
v 0.085603 -6.984833 -1.202547
v 1.537347 -6.984833 -1.202547
v 0.085603 -6.991009 -0.735105
v 0.101573 -6.969461 -0.730201
v 1.537347 -6.991009 -0.735105
v 1.521378 -6.969461 -0.730201
v 0.085603 -6.862483 -1.819429
v 0.101573 -6.840274 -1.819613
v 0.101573 -6.859439 -1.841429
v 1.537347 -6.862483 -1.819429
v 1.521378 -6.859439 -1.841429
v 1.521378 -6.840274 -1.819613
v 0.101573 -7.741952 -0.199795
v 0.085604 -7.741952 -0.225228
v 1.537347 -7.741952 -0.225228
v 1.521378 -7.741952 -0.199795
v 0.085604 -7.741952 -1.819429
v 0.101573 -7.741952 -1.841429
v 1.521378 -7.741952 -1.841429
v 1.537347 -7.741952 -1.819429
v 0.101573 -7.609185 -0.226002
v 0.085603 -7.606603 -0.252065
v 0.085603 -7.451319 -1.819429
v 0.101573 -7.449140 -1.841429
v 1.521378 -7.449140 -1.841429
v 1.537347 -7.451319 -1.819429
v 1.537347 -7.606603 -0.252065
v 1.521378 -7.609185 -0.226002
v 0.085603 -7.145600 -1.819429
v 0.101573 -7.143289 -1.841429
v 1.521378 -7.143289 -1.841429
v 1.537347 -7.145600 -1.819429
v 0.101573 -7.303334 -0.317741
v 0.085603 -7.300553 -0.344216
v 1.537347 -7.300553 -0.344216
v 1.521378 -7.303334 -0.317741
v 0.085603 -6.992950 -1.819429
v 0.101573 -6.990364 -1.841429
v 1.521378 -6.990364 -1.841429
v 1.537347 -6.992950 -1.819429
v 0.101573 -7.158490 -0.394634
v 0.085603 -7.155279 -0.421948
v 1.537347 -7.155279 -0.421948
v 1.521378 -7.158490 -0.394634
v 0.101573 -6.913901 -1.841429
v 0.085603 -6.916344 -1.819429
v 1.537347 -6.916344 -1.819429
v 1.521378 -6.913901 -1.841429
v 0.101573 -7.055764 -0.506142
v 0.085603 -7.073456 -0.515009
v 1.537347 -7.073456 -0.515009
v 1.521378 -7.055764 -0.506142
v 0.101573 -6.903450 -1.294233
v 0.085603 -6.931502 -1.249089
v 1.521378 -6.903450 -1.294233
v 1.537347 -6.931502 -1.249089
v 0.120034 -6.859439 -1.841429
v 0.120034 -6.840274 -1.819613
v 0.120034 -6.969461 -0.730201
v 0.120034 -6.903450 -1.294233
v 0.120034 -7.055764 -0.506142
v 0.120034 -6.913901 -1.841429
v 0.120034 -7.741952 -0.199795
v 0.120034 -7.609185 -0.226002
v 0.120034 -7.741952 -1.841429
v 0.120034 -7.449140 -1.841429
v 0.120034 -7.303334 -0.317741
v 0.120034 -7.143289 -1.841429
v 0.120034 -6.990364 -1.841429
v 0.120034 -7.158490 -0.394634
v 1.508275 -6.840274 -1.819613
v 1.508275 -6.969461 -0.730201
v 1.508275 -7.055764 -0.506142
v 1.508275 -7.741952 -0.199795
v 1.508275 -7.449140 -1.841429
v 1.508275 -7.143289 -1.841429
v 1.508275 -6.990364 -1.841429
v 1.508275 -6.859439 -1.841429
v 1.508275 -6.903450 -1.294233
v 1.508275 -6.913901 -1.841429
v 1.508275 -7.609185 -0.226002
v 1.508275 -7.741952 -1.841429
v 1.508275 -7.303334 -0.317741
v 1.508275 -7.158490 -0.394634
v 1.638969 -7.741952 -1.020612
v 3.090713 -7.741952 -1.020612
v 3.090713 -7.529162 -1.033716
v 1.638968 -7.529162 -1.033716
v 1.638968 -7.223311 -1.079585
v 3.090713 -7.223311 -1.079585
v 3.090713 -7.074427 -1.126449
v 1.638968 -7.074427 -1.126449
v 1.638968 -6.984833 -1.202547
v 3.090713 -6.984833 -1.202547
v 1.638968 -6.991009 -0.735105
v 1.654938 -6.969461 -0.730201
v 3.090713 -6.991009 -0.735105
v 3.074743 -6.969461 -0.730201
v 1.638968 -6.862483 -1.819429
v 1.654938 -6.840274 -1.819613
v 1.654938 -6.859439 -1.841429
v 3.090713 -6.862483 -1.819429
v 3.074743 -6.859439 -1.841429
v 3.074743 -6.840274 -1.819613
v 1.654938 -7.741952 -0.199795
v 1.638969 -7.741952 -0.225228
v 3.090713 -7.741952 -0.225228
v 3.074743 -7.741952 -0.199795
v 1.638969 -7.741952 -1.819429
v 1.654938 -7.741952 -1.841429
v 3.074743 -7.741952 -1.841429
v 3.090713 -7.741952 -1.819429
v 1.654938 -7.609185 -0.226002
v 1.638968 -7.606603 -0.252065
v 1.638968 -7.451319 -1.819429
v 1.654938 -7.449140 -1.841429
v 3.074743 -7.449140 -1.841429
v 3.090713 -7.451319 -1.819429
v 3.090713 -7.606603 -0.252065
v 3.074743 -7.609185 -0.226002
v 1.638968 -7.145600 -1.819429
v 1.654938 -7.143289 -1.841429
v 3.074743 -7.143289 -1.841429
v 3.090713 -7.145600 -1.819429
v 1.654938 -7.303334 -0.317741
v 1.638968 -7.300553 -0.344216
v 3.090713 -7.300553 -0.344216
v 3.074743 -7.303334 -0.317741
v 1.638968 -6.992950 -1.819429
v 1.654938 -6.990364 -1.841429
v 3.074743 -6.990364 -1.841429
v 3.090713 -6.992950 -1.819429
v 1.654938 -7.158490 -0.394634
v 1.638968 -7.155279 -0.421948
v 3.090713 -7.155279 -0.421948
v 3.074743 -7.158490 -0.394634
v 1.654938 -6.913901 -1.841429
v 1.638968 -6.916344 -1.819429
v 3.090713 -6.916344 -1.819429
v 3.074743 -6.913901 -1.841429
v 1.654938 -7.055764 -0.506142
v 1.638968 -7.073456 -0.515009
v 3.090713 -7.073456 -0.515009
v 3.074743 -7.055764 -0.506142
v 1.654938 -6.903450 -1.294233
v 1.638968 -6.931502 -1.249089
v 3.074743 -6.903450 -1.294233
v 3.090713 -6.931502 -1.249089
v 1.673399 -6.859439 -1.841429
v 1.673399 -6.840274 -1.819613
v 1.673399 -6.969461 -0.730201
v 1.673399 -6.903450 -1.294233
v 1.673399 -7.055764 -0.506142
v 1.673399 -6.913901 -1.841429
v 1.673399 -7.741952 -0.199795
v 1.673399 -7.609185 -0.226002
v 1.673399 -7.741952 -1.841429
v 1.673399 -7.449140 -1.841429
v 1.673399 -7.303334 -0.317741
v 1.673399 -7.143289 -1.841429
v 1.673399 -6.990364 -1.841429
v 1.673399 -7.158490 -0.394634
v 3.061642 -6.840274 -1.819613
v 3.061642 -6.969461 -0.730201
v 3.061642 -7.055764 -0.506142
v 3.061642 -7.741952 -0.199795
v 3.061642 -7.449140 -1.841429
v 3.061642 -7.143289 -1.841429
v 3.061642 -6.990364 -1.841429
v 3.061642 -6.859439 -1.841429
v 3.061642 -6.903450 -1.294233
v 3.061642 -6.913901 -1.841429
v 3.061642 -7.609185 -0.226002
v 3.061642 -7.741952 -1.841429
v 3.061642 -7.303334 -0.317741
v 3.061642 -7.158490 -0.394634
v 3.192334 -7.741952 -1.020612
v 4.644078 -7.741952 -1.020612
v 4.644078 -7.529162 -1.033716
v 3.192334 -7.529162 -1.033716
v 3.192334 -7.223311 -1.079585
v 4.644078 -7.223311 -1.079585
v 4.644078 -7.074427 -1.126449
v 3.192334 -7.074427 -1.126449
v 3.192334 -6.984833 -1.202547
v 4.644078 -6.984833 -1.202547
v 3.192334 -6.991009 -0.735105
v 3.208304 -6.969461 -0.730201
v 4.644078 -6.991009 -0.735105
v 4.628109 -6.969461 -0.730201
v 3.192334 -6.862483 -1.819429
v 3.208304 -6.840274 -1.819613
v 3.208304 -6.859439 -1.841429
v 4.644078 -6.862483 -1.819429
v 4.628109 -6.859439 -1.841429
v 4.628109 -6.840274 -1.819613
v 3.208304 -7.741952 -0.199795
v 3.192334 -7.741952 -0.225228
v 4.644078 -7.741952 -0.225228
v 4.628109 -7.741952 -0.199795
v 3.192334 -7.741952 -1.819429
v 3.208304 -7.741952 -1.841429
v 4.628109 -7.741952 -1.841429
v 4.644078 -7.741952 -1.819429
v 3.208304 -7.609185 -0.226002
v 3.192334 -7.606603 -0.252065
v 3.192334 -7.451319 -1.819429
v 3.208304 -7.449140 -1.841429
v 4.628109 -7.449140 -1.841429
v 4.644078 -7.451319 -1.819429
v 4.644078 -7.606603 -0.252065
v 4.628109 -7.609185 -0.226002
v 3.192334 -7.145600 -1.819429
v 3.208304 -7.143289 -1.841429
v 4.628109 -7.143289 -1.841429
v 4.644078 -7.145600 -1.819429
v 3.208304 -7.303334 -0.317741
v 3.192334 -7.300553 -0.344216
v 4.644078 -7.300553 -0.344216
v 4.628109 -7.303334 -0.317741
v 3.192334 -6.992950 -1.819429
v 3.208304 -6.990364 -1.841429
v 4.628109 -6.990364 -1.841429
v 4.644078 -6.992950 -1.819429
v 3.208304 -7.158490 -0.394634
v 3.192334 -7.155279 -0.421948
v 4.644078 -7.155279 -0.421948
v 4.628109 -7.158490 -0.394634
v 3.208304 -6.913901 -1.841429
v 3.192334 -6.916344 -1.819429
v 4.644078 -6.916344 -1.819429
v 4.628109 -6.913901 -1.841429
v 3.208304 -7.055764 -0.506142
v 3.192334 -7.073456 -0.515009
v 4.644078 -7.073456 -0.515009
v 4.628109 -7.055764 -0.506142
v 3.208304 -6.903450 -1.294233
v 3.192334 -6.931502 -1.249089
v 4.628109 -6.903450 -1.294233
v 4.644078 -6.931502 -1.249089
v 3.226765 -6.859439 -1.841429
v 3.226765 -6.840274 -1.819613
v 3.226765 -6.969461 -0.730201
v 3.226765 -6.903450 -1.294233
v 3.226765 -7.055764 -0.506142
v 3.226765 -6.913901 -1.841429
v 3.226765 -7.741952 -0.199795
v 3.226765 -7.609185 -0.226002
v 3.226765 -7.741952 -1.841429
v 3.226765 -7.449140 -1.841429
v 3.226765 -7.303334 -0.317741
v 3.226765 -7.143289 -1.841429
v 3.226765 -6.990364 -1.841429
v 3.226765 -7.158490 -0.394634
v 4.615006 -6.840274 -1.819613
v 4.615006 -6.969461 -0.730201
v 4.615006 -7.055764 -0.506142
v 4.615006 -7.741952 -0.199795
v 4.615006 -7.449140 -1.841429
v 4.615006 -7.143289 -1.841429
v 4.615006 -6.990364 -1.841429
v 4.615006 -6.859439 -1.841429
v 4.615006 -6.903450 -1.294233
v 4.615006 -6.913901 -1.841429
v 4.615006 -7.609185 -0.226002
v 4.615006 -7.741952 -1.841429
v 4.615006 -7.303334 -0.317741
v 4.615006 -7.158490 -0.394634
v -7.156235 -6.495729 -1.826447
v -7.652004 -6.594344 -1.826447
v -8.072297 -6.875175 -1.826447
v -8.353127 -7.295467 -1.826447
v -8.451742 -7.791237 -1.826447
v -8.353127 -8.287006 -1.826447
v -8.072297 -8.707298 -1.826448
v -7.652005 -8.988130 -1.826447
v -7.156236 -9.086744 -1.826448
v -6.660466 -8.988130 -1.826448
v -6.240173 -8.707298 -1.826447
v -5.959343 -8.287006 -1.826447
v -5.860728 -7.791237 -1.826447
v -5.959343 -7.295467 -1.826447
v -6.240173 -6.875175 -1.826447
v -6.660467 -6.594344 -1.826447
v -7.156235 -6.788524 -1.186265
v -7.539957 -6.864851 -1.186265
v -7.865260 -7.082211 -1.186265
v -8.082621 -7.407515 -1.186265
v -8.158948 -7.791237 -1.186265
v -8.082621 -8.174958 -1.186265
v -7.865260 -8.500261 -1.186266
v -7.539957 -8.717623 -1.186266
v -7.156236 -8.793949 -1.186265
v -6.772514 -8.717623 -1.186266
v -6.447210 -8.500261 -1.186265
v -6.229850 -8.174958 -1.186265
v -6.153522 -7.791237 -1.186265
v -6.229850 -7.407515 -1.186265
v -6.447210 -7.082211 -1.186265
v -6.772514 -6.864850 -1.186265
v -7.156235 -7.791236 -1.186265
v -7.156235 -6.779374 -1.206271
v -7.543458 -6.856397 -1.206271
v -6.769012 -6.856397 -1.206271
v -7.156236 -8.803099 -1.206271
v -6.769012 -8.726076 -1.206271
v -7.871730 -7.075742 -1.206271
v -6.440741 -8.506731 -1.206271
v -8.091074 -7.404014 -1.206271
v -6.221396 -8.178459 -1.206271
v -8.168097 -7.791237 -1.206271
v -6.144373 -7.791237 -1.206271
v -8.091074 -8.178459 -1.206271
v -6.221396 -7.404014 -1.206271
v -7.871730 -8.506731 -1.206271
v -6.440741 -7.075741 -1.206271
v -7.543458 -8.726076 -1.206271
v -7.156235 -7.791236 -1.826447
v -7.650257 -6.598562 -1.816465
v -6.662214 -8.983912 -1.816465
v -8.069069 -6.878403 -1.816465
v -6.243402 -8.704071 -1.816465
v -8.348909 -7.297215 -1.816465
v -5.963561 -8.285258 -1.816465
v -8.447177 -7.791237 -1.816465
v -5.865294 -7.791237 -1.816465
v -8.348909 -8.285258 -1.816465
v -5.963561 -7.297215 -1.816465
v -8.069069 -8.704070 -1.816465
v -6.243402 -6.878403 -1.816465
v -7.650257 -8.983912 -1.816465
v -7.156235 -6.500295 -1.816465
v -6.662214 -6.598562 -1.816465
v -7.156236 -9.082178 -1.816465
v -6.459505 -7.094505 -1.186265
v -6.779168 -6.880914 -1.186265
v -7.533303 -8.701559 -1.186265
v -7.156236 -8.776562 -1.186266
v -7.156235 -6.805910 -1.186265
v -7.533303 -6.880914 -1.186265
v -6.779168 -8.701559 -1.186265
v -7.852966 -7.094506 -1.186265
v -6.459505 -8.487967 -1.186265
v -8.066558 -7.414168 -1.186265
v -6.245913 -8.168304 -1.186265
v -8.141562 -7.791237 -1.186265
v -6.170909 -7.791237 -1.186265
v -8.066558 -8.168304 -1.186265
v -6.245913 -7.414168 -1.186265
v -7.852966 -8.487967 -1.186265
v 7.217992 -6.495729 -1.826447
v 6.722223 -6.594344 -1.826447
v 6.301931 -6.875175 -1.826447
v 6.021099 -7.295467 -1.826447
v 5.922484 -7.791237 -1.826447
v 6.021099 -8.287006 -1.826447
v 6.301931 -8.707298 -1.826448
v 6.722223 -8.988130 -1.826447
v 7.217992 -9.086744 -1.826448
v 7.713761 -8.988130 -1.826448
v 8.134053 -8.707298 -1.826447
v 8.414886 -8.287006 -1.826447
v 8.513499 -7.791237 -1.826447
v 8.414886 -7.295467 -1.826447
v 8.134053 -6.875175 -1.826447
v 7.713761 -6.594344 -1.826447
v 7.217992 -6.788524 -1.186265
v 6.834270 -6.864851 -1.186265
v 6.508968 -7.082211 -1.186265
v 6.291606 -7.407515 -1.186265
v 6.215280 -7.791237 -1.186265
v 6.291606 -8.174958 -1.186265
v 6.508968 -8.500261 -1.186266
v 6.834270 -8.717623 -1.186266
v 7.217992 -8.793949 -1.186265
v 7.601714 -8.717623 -1.186266
v 7.927016 -8.500261 -1.186265
v 8.144378 -8.174958 -1.186265
v 8.220706 -7.791237 -1.186265
v 8.144378 -7.407515 -1.186265
v 7.927016 -7.082211 -1.186265
v 7.601714 -6.864850 -1.186265
v 7.217992 -7.791236 -1.186265
v 7.217992 -6.779374 -1.206271
v 6.830770 -6.856397 -1.206271
v 7.605216 -6.856397 -1.206271
v 7.217992 -8.803099 -1.206271
v 7.605216 -8.726076 -1.206271
v 6.502497 -7.075742 -1.206271
v 7.933488 -8.506731 -1.206271
v 6.283154 -7.404014 -1.206271
v 8.152831 -8.178459 -1.206271
v 6.206129 -7.791237 -1.206271
v 8.229856 -7.791237 -1.206271
v 6.283154 -8.178459 -1.206271
v 8.152831 -7.404014 -1.206271
v 6.502497 -8.506731 -1.206271
v 7.933486 -7.075741 -1.206271
v 6.830770 -8.726076 -1.206271
v 7.217992 -7.791236 -1.826447
v 6.723970 -6.598562 -1.816465
v 7.712014 -8.983912 -1.816465
v 6.305159 -6.878403 -1.816465
v 8.130826 -8.704071 -1.816465
v 6.025317 -7.297215 -1.816465
v 8.410666 -8.285258 -1.816465
v 5.927051 -7.791237 -1.816465
v 8.508933 -7.791237 -1.816465
v 6.025317 -8.285258 -1.816465
v 8.410666 -7.297215 -1.816465
v 6.305159 -8.704070 -1.816465
v 8.130826 -6.878403 -1.816465
v 6.723970 -8.983912 -1.816465
v 7.217992 -6.500295 -1.816465
v 7.712012 -6.598562 -1.816465
v 7.217992 -9.082178 -1.816465
v 7.914723 -7.094505 -1.186265
v 7.595061 -6.880914 -1.186265
v 6.840924 -8.701559 -1.186265
v 7.217992 -8.776562 -1.186266
v 7.217992 -6.805910 -1.186265
v 6.840924 -6.880914 -1.186265
v 7.595061 -8.701559 -1.186265
v 6.521262 -7.094506 -1.186265
v 7.914723 -8.487967 -1.186265
v 6.307670 -7.414168 -1.186265
v 8.128316 -8.168304 -1.186265
v 6.232666 -7.791237 -1.186265
v 8.203319 -7.791237 -1.186265
v 6.307670 -8.168304 -1.186265
v 8.128316 -7.414168 -1.186265
v 6.521262 -8.487967 -1.186265
v 11.066621 0.522448 -2.651877
v 11.328696 1.877471 -2.495443
v 10.903600 0.446151 -2.660685
v 11.145055 1.987057 -2.482792
v 11.292905 1.511156 -2.537733
v 10.945830 1.526502 -2.537867
v 11.173236 0.833446 -2.615973
v 10.948853 0.829725 -2.614529
v 11.322038 1.676154 -2.518685
v 11.050563 1.699904 -2.515943
v 11.144872 0.672814 -2.634517
v 10.970975 0.660530 -2.635936
v 10.985110 0.463288 -2.658707
v 11.236875 1.953276 -2.486692
v 11.153768 1.522606 -2.536411
v 11.103288 0.827094 -2.616706
v 11.205682 1.691939 -2.516862
v 11.075831 0.662242 -2.635738
v 11.335258 1.787872 -2.505787
v 11.115716 1.849975 -2.498618
v 11.239951 1.828821 -2.501060
v 11.115636 0.586571 -2.644474
v 10.953191 0.547027 -2.649039
v 11.047050 0.556593 -2.647935
v 11.268619 1.373621 -2.553611
v 10.973233 1.398720 -2.551926
v 11.143523 1.381459 -2.552706
v 11.192470 0.942359 -2.603399
v 10.968669 0.926145 -2.603920
v 11.111400 0.938869 -2.603802
v 10.975881 2.002752 -2.480980
v 10.811810 1.551963 -2.535066
v 10.888810 1.707218 -2.515098
v 10.948850 1.861611 -2.497274
v 10.771403 0.441240 -2.661252
v 10.832242 0.806572 -2.617076
v 10.834123 0.658296 -2.636194
v 10.817567 0.543413 -2.649457
v 11.166612 0.475246 -2.713066
v 11.434579 1.936424 -2.544377
v 10.999927 0.392973 -2.722564
v 11.246808 2.054595 -2.530735
v 11.397983 1.541410 -2.589980
v 11.275624 0.810608 -2.674349
v 11.427772 1.719335 -2.569440
v 11.246623 0.637393 -2.694347
v 11.083268 0.411452 -2.720431
v 11.340695 2.018167 -2.534940
v 11.441287 1.839805 -2.555532
v 11.216729 0.544394 -2.705083
v 11.373151 1.393101 -2.607102
v 11.295289 0.928054 -2.660791
v 11.073834 2.071519 -2.528781
v 10.864758 0.387677 -2.723176
v 9.210225 2.178114 -2.460735
v 9.195817 1.553599 -2.534886
v 9.202699 1.785068 -2.506111
v 9.208289 1.985445 -2.482978
v 9.216647 2.260639 -2.506948
v 9.173903 0.803785 -2.617383
v 9.172349 0.630586 -2.639393
v 9.171033 0.498599 -2.654630
v 9.166789 0.371994 -2.669246
v 9.171987 0.313027 -2.731794
v 10.930099 1.524783 -2.689575
v 10.933097 0.866085 -2.765620
v 10.957280 1.403984 -2.703521
v 10.952752 0.957234 -2.755097
v 10.797156 1.548852 -2.686797
v 10.817424 0.844197 -2.768147
v 9.194165 1.550399 -2.686618
v 9.172427 0.841562 -2.768451
v 8.990541 0.375082 -2.668890
v 6.914460 0.522448 -2.651877
v 8.990541 2.186941 -2.459716
v 6.652384 1.877471 -2.495443
v 7.077479 0.446151 -2.660685
v 6.836025 1.987057 -2.482792
v 8.990541 1.556365 -2.534581
v 6.688175 1.511156 -2.537733
v 7.035251 1.526502 -2.537867
v 8.990541 0.803545 -2.617409
v 6.807843 0.833446 -2.615973
v 7.032226 0.829725 -2.614529
v 6.659041 1.676154 -2.518685
v 6.930517 1.699904 -2.515943
v 8.990541 1.793059 -2.505188
v 8.990541 0.628196 -2.639668
v 6.836206 0.672814 -2.634517
v 7.010104 0.660530 -2.635936
v 6.995969 0.463288 -2.658707
v 6.744204 1.953276 -2.486692
v 6.827312 1.522606 -2.536411
v 6.877793 0.827094 -2.616706
v 6.775398 1.691939 -2.516862
v 6.905249 0.662242 -2.635738
v 6.645823 1.787872 -2.505787
v 6.865363 1.849975 -2.498618
v 8.990541 1.998157 -2.481511
v 6.741130 1.828821 -2.501060
v 8.990541 0.494733 -2.655076
v 6.865443 0.586571 -2.644474
v 7.027888 0.547027 -2.649039
v 6.934030 0.556593 -2.647935
v 6.712461 1.373621 -2.553611
v 7.007846 1.398720 -2.551926
v 6.837557 1.381459 -2.552706
v 6.788612 0.942359 -2.603399
v 7.012410 0.926145 -2.603920
v 6.869679 0.938869 -2.603802
v 7.005198 2.002752 -2.480980
v 7.169271 1.551963 -2.535066
v 7.092269 1.707218 -2.515098
v 7.032231 1.861611 -2.497274
v 7.209676 0.441240 -2.661252
v 7.148839 0.806572 -2.617076
v 7.146956 0.658296 -2.636194
v 7.163514 0.543413 -2.649457
v 8.990541 0.316335 -2.731412
v 6.814468 0.475246 -2.713066
v 8.990541 2.270137 -2.505851
v 6.546500 1.936424 -2.544377
v 6.981153 0.392973 -2.722564
v 6.734272 2.054595 -2.530735
v 6.583097 1.541410 -2.589980
v 6.705455 0.810608 -2.674349
v 6.553308 1.719335 -2.569440
v 6.734456 0.637393 -2.694347
v 6.897812 0.411452 -2.720431
v 6.640385 2.018167 -2.534940
v 6.539793 1.839805 -2.555532
v 6.764351 0.544394 -2.705083
v 6.607929 1.393101 -2.607102
v 6.685791 0.928054 -2.660791
v 6.907246 2.071519 -2.528781
v 7.116323 0.387677 -2.723176
v 8.770854 2.178114 -2.460735
v 8.785262 1.553599 -2.534886
v 8.778380 1.785068 -2.506111
v 8.772792 1.985445 -2.482978
v 8.764432 2.260639 -2.506948
v 8.807176 0.803785 -2.617383
v 8.808730 0.630586 -2.639393
v 8.810046 0.498599 -2.654630
v 8.814290 0.371994 -2.669246
v 8.809093 0.313027 -2.731794
v 8.990541 1.553014 -2.686316
v 7.050982 1.524783 -2.689575
v 8.990541 0.841335 -2.768477
v 7.047982 0.866085 -2.765620
v 7.023799 1.403984 -2.703521
v 7.028327 0.957234 -2.755097
v 7.183925 1.548852 -2.686797
v 7.163657 0.844197 -2.768147
v 8.786914 1.550399 -2.686618
v 8.808652 0.841562 -2.768451
v 11.184604 0.662376 -2.639034
v 11.213449 0.826268 -2.620113
v 11.233008 0.937391 -2.607284
v 11.310451 1.377403 -2.556486
v 11.154870 0.574384 -2.649192
v 11.364778 1.686075 -2.520851
v 11.378219 1.800060 -2.507691
v 11.335149 1.517729 -2.540286
v 11.105023 0.508959 -2.656745
v 11.022130 0.448599 -2.663714
v 8.990541 0.358602 -2.674103
v 10.804797 0.426104 -2.666311
v 11.184789 2.003287 -2.484230
v 11.012746 2.019300 -2.482381
v 11.371549 1.891478 -2.497138
v 8.990541 2.207227 -2.460685
v 10.939237 0.431115 -2.665732
v 11.278169 1.968821 -2.488209
v 9.214042 2.198222 -2.461725
v 9.169854 0.355454 -2.674467
v 6.796475 0.662376 -2.639034
v 6.767631 0.826268 -2.620113
v 6.748071 0.937391 -2.607284
v 6.670629 1.377403 -2.556486
v 6.826209 0.574384 -2.649192
v 6.616302 1.686075 -2.520851
v 6.602860 1.800060 -2.507691
v 6.645930 1.517729 -2.540286
v 6.876057 0.508959 -2.656745
v 6.958949 0.448599 -2.663714
v 7.176284 0.426104 -2.666311
v 6.796291 2.003287 -2.484230
v 6.968333 2.019300 -2.482381
v 6.609532 1.891478 -2.497138
v 7.041842 0.431115 -2.665732
v 6.702910 1.968821 -2.488209
v 8.767037 2.198222 -2.461725
v 8.811225 0.355454 -2.674467
v 9.194165 1.533686 -2.541851
v 10.797156 1.532139 -2.542030
v 10.930099 1.508070 -2.544808
v 10.957280 1.387271 -2.558754
v 9.172427 0.824850 -2.623684
v 8.990541 0.824623 -2.623711
v 10.952752 0.940521 -2.610330
v 10.933097 0.849372 -2.620853
v 8.990541 1.536301 -2.541549
v 10.817424 0.827485 -2.623380
v 8.786914 1.533686 -2.541851
v 7.183925 1.532139 -2.542030
v 7.050982 1.508070 -2.544808
v 7.023799 1.387271 -2.558754
v 8.808652 0.824850 -2.623684
v 7.028327 0.940521 -2.610330
v 7.047982 0.849372 -2.620853
v 7.163657 0.827485 -2.623380
v 10.895459 1.455299 -2.395720
v 10.898376 0.865649 -2.463794
v 10.921899 1.347164 -2.408205
v 10.917497 0.947244 -2.454374
v 10.766145 1.476845 -2.393233
v 10.785859 0.846056 -2.466056
v 9.724441 1.455299 -2.395720
v 9.721288 0.865649 -2.463794
v 9.697999 1.347164 -2.408205
v 9.702168 0.947244 -2.454374
v 9.853755 1.476845 -2.393233
v 9.833804 0.846056 -2.466056
v 10.786620 1.357008 -2.407068
v 9.833037 1.357008 -2.407068
v 10.793485 0.928232 -2.456569
v 9.825931 0.928232 -2.456569
v 10.911771 1.507652 -2.716495
v 10.914767 0.888107 -2.788019
v 10.938952 1.394033 -2.729611
v 10.934426 0.973838 -2.778122
v 10.778827 1.530290 -2.713881
v 10.799096 0.867521 -2.790396
v 9.707887 1.507652 -2.716495
v 9.704646 0.888107 -2.788019
v 9.680703 1.394033 -2.729611
v 9.684991 0.973838 -2.778122
v 9.840831 1.530290 -2.713881
v 9.820319 0.867521 -2.790396
v 10.340512 1.476845 -2.393233
v 10.340512 0.846056 -2.466056
v 10.341249 1.357008 -2.407068
v 10.341249 0.928232 -2.456569
v 10.341249 1.530290 -2.713881
v 10.341249 0.867521 -2.790396
v 9.603967 1.451221 -2.396191
v 9.606824 0.869636 -2.463334
v 9.630294 1.344564 -2.408505
v 9.625863 0.950114 -2.454043
v 9.475204 1.472473 -2.393738
v 9.494786 0.850310 -2.465565
v 9.498731 1.357008 -2.407068
v 9.505546 0.928232 -2.456569
v 9.623881 1.507652 -2.716495
v 9.626832 0.888107 -2.788019
v 9.651063 1.394033 -2.729611
v 9.646487 0.973838 -2.778122
v 9.490937 1.530290 -2.713881
v 9.511157 0.867521 -2.790396
v 7.093907 1.450316 -2.396296
v 7.091033 0.870520 -2.463232
v 7.067843 1.343987 -2.408571
v 7.072185 0.950751 -2.453969
v 7.221377 1.471502 -2.393850
v 7.201943 0.851254 -2.465456
v 8.248229 1.450316 -2.396296
v 8.251336 0.870520 -2.463232
v 8.274293 1.343987 -2.408571
v 8.270185 0.950751 -2.453969
v 8.120759 1.471502 -2.393850
v 8.140426 0.851254 -2.465456
v 7.194459 1.357008 -2.407068
v 8.148042 1.357008 -2.407068
v 7.187594 0.928232 -2.456569
v 8.155149 0.928232 -2.456569
v 7.069308 1.507652 -2.716495
v 7.066312 0.888107 -2.788019
v 7.042127 1.394033 -2.729611
v 7.046655 0.973838 -2.778122
v 7.202252 1.530290 -2.713881
v 7.181983 0.867521 -2.790396
v 8.273194 1.507652 -2.716495
v 8.276433 0.888107 -2.788019
v 8.300376 1.394033 -2.729611
v 8.296090 0.973838 -2.778122
v 8.140250 1.530290 -2.713881
v 8.160760 0.867521 -2.790396
v 7.640943 1.471502 -2.393850
v 7.640943 0.851254 -2.465456
v 7.639831 1.357008 -2.407068
v 7.639831 0.928232 -2.456569
v 7.639831 1.530290 -2.713881
v 7.639831 0.867521 -2.790396
v 8.377114 1.451221 -2.396191
v 8.374257 0.869636 -2.463334
v 8.350787 1.344564 -2.408505
v 8.355218 0.950114 -2.454043
v 8.505877 1.472473 -2.393738
v 8.486293 0.850310 -2.465565
v 8.482348 1.357008 -2.407068
v 8.475533 0.928232 -2.456569
v 8.357198 1.507652 -2.716495
v 8.354249 0.888107 -2.788019
v 8.330016 1.394033 -2.729611
v 8.334592 0.973838 -2.778122
v 8.490142 1.530290 -2.713881
v 8.469922 0.867521 -2.790396
v 8.990541 1.472473 -2.393738
v 8.990541 0.850310 -2.465565
v 8.990541 1.357008 -2.407068
v 8.990541 0.928232 -2.456569
v 8.990541 1.530290 -2.713881
v 8.990541 0.867521 -2.790396
v 10.914767 0.853705 -2.490032
v 10.934426 0.939436 -2.480135
v 9.704646 0.853705 -2.490032
v 9.820319 0.833119 -2.492409
v 9.680703 1.359632 -2.431624
v 9.684991 0.939436 -2.480135
v 10.911771 1.473250 -2.418508
v 10.778827 1.495888 -2.415894
v 9.840831 1.495888 -2.415894
v 10.938952 1.359632 -2.431624
v 10.799096 0.833119 -2.492409
v 9.707887 1.473250 -2.418508
v 10.341249 0.833119 -2.492409
v 10.341249 1.495888 -2.415894
v 9.626832 0.853693 -2.489933
v 9.646487 0.939425 -2.480036
v 9.623881 1.473239 -2.418408
v 9.490937 1.495877 -2.415795
v 9.651063 1.359620 -2.431525
v 9.511157 0.833107 -2.492310
v 8.990541 0.833107 -2.492310
v 8.990541 1.495877 -2.415795
v 8.354249 0.853693 -2.489933
v 8.334592 0.939425 -2.480036
v 8.357198 1.473239 -2.418408
v 8.490142 1.495877 -2.415795
v 8.330016 1.359620 -2.431525
v 8.469922 0.833107 -2.492310
v 7.066312 0.853693 -2.489933
v 7.046655 0.939425 -2.480036
v 8.276433 0.853693 -2.489933
v 8.160760 0.833107 -2.492310
v 8.300376 1.359620 -2.431525
v 8.296090 0.939425 -2.480036
v 7.069308 1.473239 -2.418408
v 7.202252 1.495877 -2.415795
v 8.140250 1.495877 -2.415795
v 7.042127 1.359620 -2.431525
v 7.181983 0.833107 -2.492310
v 8.273194 1.473239 -2.418408
v 7.639831 0.833107 -2.492310
v 7.639831 1.495877 -2.415795
v 9.982825 4.868931 -2.324531
v 9.981303 4.933320 -2.317295
v 9.981303 4.960513 -2.314239
v 9.978639 4.848329 -2.326846
v 9.982825 5.032781 -2.306118
v 9.978639 5.059469 -2.303119
v 9.964107 4.833011 -2.328567
v 9.918796 4.818880 -2.330155
v 9.794694 4.813612 -2.330747
v 9.873481 5.107050 -2.297772
v 9.794694 5.110799 -2.297351
v 10.257464 4.374110 -2.270499
v 10.468011 5.508363 -2.143037
v 10.090779 4.291809 -2.279747
v 10.280240 5.626574 -2.129753
v 10.461204 5.291198 -2.167441
v 10.337478 4.536312 -2.252271
v 10.174121 4.310294 -2.277670
v 10.374125 5.590133 -2.133848
v 10.474719 5.411710 -2.153898
v 10.307582 4.443281 -2.262726
v 10.406583 4.964855 -2.204114
v 10.386142 4.827074 -2.219597
v 10.107265 5.643504 -2.127851
v 9.955611 4.286511 -2.280343
v 9.964107 5.080872 -2.300714
v 9.873481 4.814785 -2.330615
v 9.918796 5.098980 -2.298679
v 9.216647 5.699844 -2.121520
v 9.221421 5.130852 -2.295097
v 9.198678 4.805565 -2.331651
v 9.161908 4.323497 -2.178866
v 9.204251 5.590677 -2.036467
v 9.171987 4.248507 -2.284613
v 10.264621 5.501286 -2.046512
v 9.995070 4.360511 -2.174707
v 10.354016 5.428599 -2.054681
v 10.010524 5.548728 -2.041181
v 10.175227 5.533679 -2.042872
v 9.866366 4.355802 -2.175236
v 10.074426 4.376943 -2.172860
v 10.153781 4.433671 -2.166485
v 10.360404 5.342683 -2.064335
v 10.347533 5.235561 -2.076373
v 10.201503 4.495157 -2.159576
v 10.295527 4.945468 -2.108972
v 10.276303 4.836314 -2.121239
v 10.229966 4.577853 -2.150283
v 10.287057 4.550809 -2.153322
v 10.335509 4.828846 -2.122078
v 10.355607 4.946268 -2.108882
v 10.257291 4.461852 -2.163319
v 10.409989 5.258330 -2.073815
v 10.423446 5.373567 -2.060865
v 10.207395 4.395708 -2.170751
v 10.124417 4.334684 -2.177609
v 9.906861 4.311942 -2.180164
v 10.229817 5.579026 -2.037776
v 10.057601 5.595215 -2.035957
v 10.416766 5.465988 -2.050479
v 10.041440 4.317008 -2.179595
v 10.323291 5.544181 -2.041692
v 9.214528 5.643260 -2.030558
v 9.170253 4.277192 -2.184070
v 9.982825 4.891757 -2.527647
v 9.981303 4.956145 -2.520412
v 9.981303 4.983338 -2.517356
v 9.978639 4.871155 -2.529963
v 9.982825 5.055607 -2.509235
v 9.978639 5.082294 -2.506236
v 9.964107 4.855837 -2.531684
v 9.918796 4.841706 -2.533272
v 9.794694 4.836439 -2.533864
v 9.873481 5.129876 -2.500889
v 9.794694 5.133625 -2.500468
v 9.964107 5.103697 -2.503831
v 9.873481 4.837613 -2.533732
v 9.918796 5.121806 -2.501796
v 9.221421 5.153677 -2.498214
v 9.198678 4.828391 -2.534768
v 9.159925 4.335365 -2.182627
v 10.344417 5.420040 -2.060737
v 10.223884 4.585019 -2.154572
v 10.338557 5.230568 -2.082029
v 10.196015 4.503851 -2.163693
v 10.269042 4.838702 -2.126065
v 10.070596 4.387823 -2.176732
v 10.256108 5.491382 -2.052720
v 10.005212 5.537947 -2.047487
v 10.287791 4.945838 -2.114025
v 9.864602 4.367072 -2.179064
v 10.167798 5.523176 -2.049147
v 10.149112 4.443500 -2.170475
v 10.351005 5.335711 -2.070213
v 9.992078 4.371693 -2.178545
v 9.201787 5.578409 -2.042941
v 9.873481 4.815567 -2.337559
v 9.794694 4.814394 -2.337691
v 9.964107 4.833792 -2.335511
v 9.918796 4.819660 -2.337099
v 9.982825 4.869712 -2.331475
v 9.221421 5.131632 -2.302041
v 9.981303 4.961294 -2.321183
v 9.981303 4.934100 -2.324239
v 9.873481 5.107831 -2.304716
v 9.918796 5.099761 -2.305623
v 9.794694 5.111580 -2.304295
v 9.198678 4.806345 -2.338595
v 9.982825 5.033562 -2.313062
v 9.964107 5.081652 -2.307658
v 9.978639 5.060250 -2.310063
v 9.978639 4.849110 -2.333790
v 9.200221 4.796326 -2.328723
v 9.982907 4.841561 -2.323640
v 9.921777 4.810410 -2.327141
v 9.987325 4.960225 -2.310305
v 9.879264 5.115226 -2.292887
v 9.985953 5.064897 -2.298543
v 9.223340 5.140403 -2.290058
v 9.971580 5.087535 -2.295999
v 9.987561 4.863352 -2.321191
v 9.989814 5.036668 -2.301715
v 9.986957 4.931461 -2.313538
v 9.925422 5.106691 -2.293846
v 9.798829 5.119193 -2.292442
v 9.796067 4.804840 -2.327767
v 9.967742 4.825359 -2.325461
v 9.875810 4.806079 -2.327627
v 10.291270 4.549247 -2.158472
v 10.339740 4.828347 -2.127108
v 10.261497 4.459948 -2.168507
v 10.414271 5.260726 -2.078519
v 10.211579 4.393551 -2.175968
v 10.128572 4.332296 -2.182852
v 10.234033 5.582650 -2.042343
v 10.045564 4.314552 -2.184845
v 9.214705 5.647640 -2.035040
v 9.170398 4.274443 -2.189353
v 10.359868 4.947470 -2.113721
v 10.427730 5.376404 -2.065520
v 9.910937 4.309466 -2.185417
v 10.061753 5.598901 -2.040517
v 10.421050 5.469180 -2.055094
v 10.327542 5.547671 -2.046274
v 10.224444 5.574563 -2.038278
v 10.349694 4.946188 -2.108891
v 10.403842 5.256088 -2.074066
v 10.036876 4.321290 -2.179114
v 9.169431 4.281749 -2.183558
v 10.410590 5.462307 -2.050893
v 10.052968 5.590640 -2.036471
v 10.417239 5.370527 -2.061207
v 10.317517 5.539958 -2.042167
v 10.119496 4.338845 -2.177142
v 10.251800 4.465129 -2.162950
v 10.329680 4.829581 -2.121995
v 9.213517 5.638084 -2.031140
v 9.902877 4.316259 -2.179679
v 10.281436 4.553472 -2.153023
v 10.202117 4.399444 -2.170332
v 10.182136 5.539418 -2.042228
v 10.000937 4.355006 -2.175325
v 10.361957 5.433330 -2.054149
v 10.368381 5.346592 -2.063896
v 10.208562 4.490942 -2.160049
v 10.283795 4.835369 -2.121345
v 9.205552 5.597332 -2.035719
v 10.237191 4.574431 -2.150668
v 10.160565 4.428867 -2.167025
v 10.303130 4.945570 -2.108961
v 10.355437 5.238442 -2.076050
v 9.162963 4.317638 -2.179525
v 10.016482 5.554611 -2.040520
v 10.272046 5.506714 -2.045902
v 10.080752 4.371595 -2.173461
v 9.871491 4.350252 -2.175860
v 7.998254 4.868931 -2.324531
v 7.999778 4.933320 -2.317295
v 7.999778 4.960513 -2.314239
v 8.002442 4.848329 -2.326846
v 7.998254 5.032781 -2.306118
v 8.002442 5.059469 -2.303119
v 8.016973 4.833011 -2.328567
v 8.062285 4.818880 -2.330155
v 8.990541 4.806303 -2.331569
v 8.186387 4.813612 -2.330747
v 8.107598 5.107050 -2.297772
v 8.186387 5.110799 -2.297351
v 7.723615 4.374110 -2.270499
v 7.513068 5.508363 -2.143037
v 7.890300 4.291809 -2.279747
v 7.700841 5.626574 -2.129753
v 7.519876 5.291198 -2.167441
v 7.643601 4.536312 -2.252271
v 7.806958 4.310294 -2.277670
v 7.606954 5.590133 -2.133848
v 7.506362 5.411710 -2.153898
v 7.673497 4.443281 -2.262726
v 7.574496 4.964855 -2.204114
v 7.594937 4.827074 -2.219597
v 7.873815 5.643504 -2.127851
v 8.025468 4.286511 -2.280343
v 8.016973 5.080872 -2.300714
v 8.990541 5.132960 -2.294860
v 8.107598 4.814785 -2.330615
v 8.062285 5.098980 -2.298679
v 8.764432 5.699844 -2.121520
v 8.759660 5.130852 -2.295097
v 8.782401 4.805565 -2.331651
v 8.819171 4.323497 -2.178866
v 8.776830 5.590677 -2.036467
v 8.809093 4.248507 -2.284613
v 7.716458 5.501286 -2.046512
v 7.986009 4.360511 -2.174707
v 8.990541 5.599136 -2.035517
v 7.627063 5.428599 -2.054681
v 7.970555 5.548728 -2.041181
v 7.805852 5.533679 -2.042872
v 8.114713 4.355802 -2.175236
v 8.990541 4.326453 -2.178534
v 7.906653 4.376943 -2.172860
v 7.827298 4.433671 -2.166485
v 7.620677 5.342683 -2.064335
v 7.633546 5.235561 -2.076373
v 7.779578 4.495157 -2.159576
v 7.685554 4.945468 -2.108972
v 7.704776 4.836314 -2.121239
v 8.990541 4.251816 -2.284241
v 8.990541 5.709344 -2.120452
v 7.751113 4.577853 -2.150283
v 7.694024 4.550809 -2.153322
v 7.645572 4.828846 -2.122078
v 7.625472 4.946268 -2.108882
v 7.723788 4.461852 -2.163319
v 7.571090 5.258330 -2.073815
v 7.557633 5.373567 -2.060865
v 7.773685 4.395708 -2.170751
v 7.856662 4.334684 -2.177609
v 8.990541 4.280371 -2.183712
v 8.074218 4.311942 -2.180164
v 7.751262 5.579026 -2.037776
v 7.923480 5.595215 -2.035957
v 7.564313 5.465988 -2.050479
v 8.990541 5.652360 -2.029535
v 7.939639 4.317008 -2.179595
v 7.657788 5.544181 -2.041692
v 8.766551 5.643260 -2.030558
v 8.810826 4.277192 -2.184070
v 7.998254 4.891757 -2.527647
v 7.999778 4.956145 -2.520412
v 7.999778 4.983338 -2.517356
v 8.002442 4.871155 -2.529963
v 7.998254 5.055607 -2.509235
v 8.002442 5.082294 -2.506236
v 8.016973 4.855837 -2.531684
v 8.062285 4.841706 -2.533272
v 8.990541 4.829127 -2.534686
v 8.186387 4.836439 -2.533864
v 8.107598 5.129876 -2.500889
v 8.186387 5.133625 -2.500468
v 8.016973 5.103697 -2.503831
v 8.990541 5.155785 -2.497977
v 8.107598 4.837613 -2.533732
v 8.062285 5.121806 -2.501796
v 8.759660 5.153677 -2.498214
v 8.782401 4.828391 -2.534768
v 8.821155 4.335365 -2.182627
v 7.636662 5.420040 -2.060737
v 8.990541 4.338266 -2.182301
v 7.757197 4.585019 -2.154572
v 7.642522 5.230568 -2.082029
v 7.785064 4.503851 -2.163693
v 7.712037 4.838702 -2.126065
v 7.910485 4.387823 -2.176732
v 7.724971 5.491382 -2.052720
v 7.975867 5.537947 -2.047487
v 7.693288 4.945838 -2.114025
v 8.116477 4.367072 -2.179064
v 7.813281 5.523176 -2.049147
v 7.831967 4.443500 -2.170475
v 7.630075 5.335711 -2.070213
v 7.989001 4.371693 -2.178545
v 8.779294 5.578409 -2.042941
v 8.990541 5.586711 -2.042007
v 8.107598 4.815567 -2.337559
v 8.186387 4.814394 -2.337691
v 8.016973 4.833792 -2.335511
v 8.062285 4.819660 -2.337099
v 7.998254 4.869712 -2.331475
v 8.990541 5.133741 -2.301805
v 8.759660 5.131632 -2.302041
v 7.999778 4.961294 -2.321183
v 7.999778 4.934100 -2.324239
v 8.107598 5.107831 -2.304716
v 8.062285 5.099761 -2.305623
v 8.186387 5.111580 -2.304295
v 8.782401 4.806345 -2.338595
v 7.998254 5.033562 -2.313062
v 8.990541 4.807083 -2.338512
v 8.016973 5.081652 -2.307658
v 8.002442 5.060250 -2.310063
v 8.002442 4.849110 -2.333790
v 8.780858 4.796326 -2.328723
v 7.998172 4.841561 -2.323640
v 8.059302 4.810410 -2.327141
v 7.993754 4.960225 -2.310305
v 8.101817 5.115226 -2.292887
v 7.995126 5.064897 -2.298543
v 8.757741 5.140403 -2.290058
v 8.990541 5.142632 -2.289807
v 8.009500 5.087535 -2.295999
v 8.990541 4.797105 -2.328636
v 7.993518 4.863352 -2.321191
v 7.991265 5.036668 -2.301715
v 7.994123 4.931461 -2.313538
v 8.055657 5.106691 -2.293846
v 8.182250 5.119193 -2.292442
v 8.185014 4.804840 -2.327767
v 8.013337 4.825359 -2.325461
v 8.105269 4.806079 -2.327627
v 7.689809 4.549247 -2.158472
v 7.641341 4.828347 -2.127108
v 7.719584 4.459948 -2.168507
v 7.566810 5.260726 -2.078519
v 7.769502 4.393551 -2.175968
v 7.852508 4.332296 -2.182852
v 8.990541 4.277633 -2.188994
v 7.747046 5.582650 -2.042343
v 7.935515 4.314552 -2.184845
v 8.766374 5.647640 -2.035040
v 8.810681 4.274443 -2.189353
v 7.621211 4.947470 -2.113721
v 7.553349 5.376404 -2.065520
v 8.070142 4.309466 -2.185417
v 7.919328 5.598901 -2.040517
v 7.560029 5.469180 -2.055094
v 8.990541 5.656774 -2.034014
v 7.653537 5.547671 -2.046274
v 7.756635 5.574563 -2.038278
v 8.990541 5.647122 -2.030124
v 7.631385 4.946188 -2.108891
v 7.577237 5.256088 -2.074066
v 7.944203 4.321290 -2.179114
v 8.811648 4.281749 -2.183558
v 7.570489 5.462307 -2.050893
v 7.928113 5.590640 -2.036471
v 7.563840 5.370527 -2.061207
v 8.990541 4.284907 -2.183203
v 7.663562 5.539958 -2.042167
v 7.861583 4.338845 -2.177142
v 7.729280 4.465129 -2.162950
v 7.651399 4.829581 -2.121995
v 8.767562 5.638084 -2.031140
v 8.078204 4.316259 -2.179679
v 7.699643 4.553472 -2.153023
v 7.778962 4.399444 -2.170332
v 7.798944 5.539418 -2.042228
v 8.990541 5.605872 -2.034760
v 7.980142 4.355006 -2.175325
v 7.619123 5.433330 -2.054149
v 7.612699 5.346592 -2.063896
v 7.772517 4.490942 -2.160049
v 7.697284 4.835369 -2.121345
v 8.775527 5.597332 -2.035719
v 7.743888 4.574431 -2.150668
v 7.820514 4.428867 -2.167025
v 7.677949 4.945570 -2.108961
v 7.625642 5.238442 -2.076050
v 8.818116 4.317638 -2.179525
v 7.964597 5.554611 -2.040520
v 8.990541 4.320622 -2.179189
v 7.709033 5.506714 -2.045902
v 7.900329 4.371595 -2.173461
v 8.109588 4.350252 -2.175860
v 15.131856 -0.042329 -2.365338
v 15.026605 3.647430 -2.365337
v 14.872287 5.972845 -2.459298
v 15.090466 -4.957666 -2.459298
v 15.131856 -0.042329 -10.853067
v 15.026605 3.647430 -10.853067
v 14.872287 5.972844 -10.759108
v 15.090466 -4.957666 -10.759108
v 15.356597 -0.042329 -2.365338
v 15.251349 3.647430 -2.365337
v 15.097032 5.972845 -2.459298
v 15.315209 -4.957666 -2.459298
v 15.356597 -0.042329 -10.853067
v 15.251349 3.647430 -10.853067
v 15.097032 5.972844 -10.759108
v 15.315209 -4.957666 -10.759108
v 14.872287 6.070977 -10.437862
v 14.872287 6.070977 -2.780542
v 15.090466 -5.055799 -10.437862
v 15.090466 -5.055799 -2.780544
v 15.313411 -4.828918 -10.620884
v 15.100089 5.858207 -10.620882
v 15.097032 6.070977 -10.437862
v 15.097032 6.070977 -2.780542
v 15.315209 -5.055799 -10.437862
v 15.315209 -5.055799 -2.780544
v 15.250972 3.584572 -10.711714
v 15.353877 -0.023029 -10.711714
v 14.899667 5.640994 -2.365337
v 14.899667 5.640993 -10.853067
v 15.124410 5.640994 -2.365337
v 15.124410 5.640993 -10.853067
v 15.313411 -4.828918 -2.597522
v 15.100089 5.858206 -2.597521
v 15.093564 -4.680776 -2.365338
v 15.093564 -4.680776 -10.853067
v 15.318307 -4.680776 -2.365338
v 15.318307 -4.680776 -10.853067
v 15.250972 3.584572 -2.506691
v 15.353877 -0.023029 -2.506691
v 15.100089 5.954155 -10.310337
v 15.100089 5.954155 -2.908066
v 15.313411 -4.924867 -10.310339
v 15.313411 -4.924866 -2.908067
v 15.126857 5.533745 -2.506691
v 15.126857 5.533746 -10.711714
v 15.316440 -4.558193 -2.506691
v 15.316440 -4.558193 -10.711714
v 15.206016 -4.828918 -10.620884
v 14.992692 5.858207 -10.620882
v 15.143573 3.584572 -10.711714
v 15.246480 -0.023029 -10.711714
v 15.206016 -4.828918 -2.597522
v 14.992692 5.858206 -2.597521
v 15.143573 3.584572 -2.506691
v 15.246480 -0.023029 -2.506691
v 14.992692 5.954155 -10.310337
v 14.992692 5.954155 -2.908066
v 15.206016 -4.924867 -10.310339
v 15.206016 -4.924866 -2.908067
v 15.019462 5.533745 -2.506691
v 15.019462 5.533746 -10.711714
v 15.209043 -4.558193 -2.506691
v 15.209043 -4.558193 -10.711714
v 15.195243 -4.058240 -9.544682
v 15.011001 5.171999 -9.544682
v 15.141313 3.208310 -9.611145
v 15.230193 0.092502 -9.611145
v 15.195243 -4.058240 -3.673724
v 15.011001 5.171999 -3.673724
v 15.141313 3.208309 -3.607260
v 15.230193 0.092502 -3.607260
v 15.011001 5.254867 -9.317444
v 15.011001 5.254866 -3.900960
v 15.195243 -4.141109 -9.317448
v 15.195243 -4.141108 -3.900961
v 15.034122 4.891768 -3.607260
v 15.034122 4.891769 -9.611145
v 15.197858 -3.824421 -3.607261
v 15.197858 -3.824420 -9.611145
v 15.208854 -4.545999 -10.693424
v 15.205834 -4.816111 -10.602999
v 14.992997 5.846802 -2.615407
v 14.992997 5.942534 -2.924567
v 15.143538 3.578320 -10.693424
v 15.246209 -0.021109 -10.693424
v 15.205834 -4.816110 -2.615407
v 15.208854 -4.545999 -2.524982
v 14.992997 5.846802 -10.602997
v 15.019704 5.523077 -10.693424
v 15.143538 3.578319 -2.524981
v 15.019704 5.523077 -2.524981
v 15.246209 -0.021109 -2.524981
v 15.205834 -4.911841 -10.293838
v 15.205834 -4.911840 -2.924568
v 14.992997 5.942534 -10.293837
v 15.230193 0.092502 -9.286106
v 15.230193 0.092502 -3.932299
v 15.141313 3.208308 -9.286106
v 15.141313 3.208308 -3.932299
v 15.034122 4.891768 -9.286105
v 15.034122 4.891768 -3.932299
v 15.197858 -3.824421 -9.286106
v 15.197858 -3.824421 -3.932300
v 15.276448 -4.957666 -2.459298
v 15.317836 -0.042329 -2.365338
v 15.058267 5.972845 -2.459298
v 15.058267 5.972844 -10.759108
v 15.212584 3.647430 -10.853067
v 15.212584 3.647430 -2.365337
v 15.276448 -4.957666 -10.759108
v 15.317836 -0.042329 -10.853067
v 15.276448 -5.055799 -2.780544
v 15.276448 -5.055799 -10.437862
v 15.058267 6.070977 -10.437862
v 15.058267 6.070977 -2.780542
v 15.085645 5.640994 -2.365337
v 15.085645 5.640993 -10.853067
v 15.279546 -4.680776 -10.853067
v 15.279546 -4.680776 -2.365338
v 15.141706 5.915526 -2.528409
v 15.141706 5.915527 -10.689995
v 15.360518 -4.619484 -10.782391
v 15.398383 -0.032679 -10.782391
v 15.294307 3.616001 -10.782391
v 15.168782 5.587369 -10.782391
v 15.141706 6.012566 -2.844305
v 15.357457 -4.893292 -2.528410
v 15.360518 -4.619484 -2.436015
v 15.141706 6.012565 -10.374100
v 15.357457 -4.990332 -2.844306
v 15.357457 -4.893292 -10.689995
v 15.398383 -0.032679 -2.436015
v 15.357457 -4.990333 -10.374102
v 15.168782 5.587369 -2.436014
v 15.294307 3.616001 -2.436015
v -15.131857 -0.042329 -2.365338
v -15.026608 3.647430 -2.365337
v -14.872289 5.972845 -2.459298
v -15.090468 -4.957666 -2.459298
v -15.131857 -0.042329 -10.853067
v -15.026608 3.647430 -10.853067
v -14.872289 5.972844 -10.759108
v -15.090468 -4.957666 -10.759108
v -15.356600 -0.042329 -2.365338
v -15.251350 3.647430 -2.365337
v -15.097033 5.972845 -2.459298
v -15.315212 -4.957666 -2.459298
v -15.356600 -0.042329 -10.853067
v -15.251350 3.647430 -10.853067
v -15.097033 5.972844 -10.759108
v -15.315212 -4.957666 -10.759108
v -14.872289 6.070977 -10.437862
v -14.872289 6.070977 -2.780542
v -15.090468 -5.055799 -10.437862
v -15.090468 -5.055799 -2.780544
v -15.313414 -4.828918 -10.620884
v -15.100090 5.858207 -10.620882
v -15.097033 6.070977 -10.437862
v -15.097033 6.070977 -2.780542
v -15.315212 -5.055799 -10.437862
v -15.315212 -5.055799 -2.780544
v -15.250974 3.584572 -10.711714
v -15.353880 -0.023029 -10.711714
v -14.899668 5.640994 -2.365337
v -14.899668 5.640993 -10.853067
v -15.124412 5.640994 -2.365337
v -15.124412 5.640993 -10.853067
v -15.313414 -4.828918 -2.597522
v -15.100090 5.858206 -2.597521
v -15.093565 -4.680776 -2.365338
v -15.093565 -4.680776 -10.853067
v -15.318310 -4.680776 -2.365338
v -15.318310 -4.680776 -10.853067
v -15.250974 3.584572 -2.506691
v -15.353880 -0.023029 -2.506691
v -15.100090 5.954155 -10.310337
v -15.100090 5.954155 -2.908066
v -15.313414 -4.924867 -10.310339
v -15.313414 -4.924866 -2.908067
v -15.126860 5.533745 -2.506691
v -15.126860 5.533746 -10.711714
v -15.316441 -4.558193 -2.506691
v -15.316441 -4.558193 -10.711714
v -15.206017 -4.828918 -10.620884
v -14.992695 5.858207 -10.620882
v -15.143576 3.584572 -10.711714
v -15.246481 -0.023029 -10.711714
v -15.206017 -4.828918 -2.597522
v -14.992695 5.858206 -2.597521
v -15.143576 3.584572 -2.506691
v -15.246481 -0.023029 -2.506691
v -14.992695 5.954155 -10.310337
v -14.992695 5.954155 -2.908066
v -15.206017 -4.924867 -10.310339
v -15.206017 -4.924866 -2.908067
v -15.019463 5.533745 -2.506691
v -15.019463 5.533746 -10.711714
v -15.209044 -4.558193 -2.506691
v -15.209044 -4.558193 -10.711714
v -15.195245 -4.058240 -9.544682
v -15.011002 5.171999 -9.544682
v -15.141315 3.208310 -9.611145
v -15.230195 0.092502 -9.611145
v -15.195245 -4.058240 -3.673724
v -15.011002 5.171999 -3.673724
v -15.141315 3.208309 -3.607260
v -15.230195 0.092502 -3.607260
v -15.011002 5.254867 -9.317444
v -15.011002 5.254866 -3.900960
v -15.195245 -4.141109 -9.317448
v -15.195245 -4.141108 -3.900961
v -15.034122 4.891768 -3.607260
v -15.034122 4.891769 -9.611145
v -15.197859 -3.824421 -3.607261
v -15.197859 -3.824420 -9.611145
v -15.208857 -4.545999 -10.693424
v -15.205836 -4.816111 -10.602999
v -14.992998 5.846802 -2.615407
v -14.992998 5.942534 -2.924567
v -15.143539 3.578320 -10.693424
v -15.246212 -0.021109 -10.693424
v -15.205836 -4.816110 -2.615407
v -15.208857 -4.545999 -2.524982
v -14.992998 5.846802 -10.602997
v -15.019707 5.523077 -10.693424
v -15.143539 3.578319 -2.524981
v -15.019707 5.523077 -2.524981
v -15.246212 -0.021109 -2.524981
v -15.205836 -4.911841 -10.293838
v -15.205836 -4.911840 -2.924568
v -14.992998 5.942534 -10.293837
v -15.230195 0.092502 -9.286106
v -15.230195 0.092502 -3.932299
v -15.141315 3.208308 -9.286106
v -15.141315 3.208308 -3.932299
v -15.034122 4.891768 -9.286105
v -15.034122 4.891768 -3.932299
v -15.197859 -3.824421 -9.286106
v -15.197859 -3.824421 -3.932300
v -15.276449 -4.957666 -2.459298
v -15.317837 -0.042329 -2.365338
v -15.058269 5.972845 -2.459298
v -15.058269 5.972844 -10.759108
v -15.212587 3.647430 -10.853067
v -15.212587 3.647430 -2.365337
v -15.276449 -4.957666 -10.759108
v -15.317837 -0.042329 -10.853067
v -15.276449 -5.055799 -2.780544
v -15.276449 -5.055799 -10.437862
v -15.058269 6.070977 -10.437862
v -15.058269 6.070977 -2.780542
v -15.085648 5.640994 -2.365337
v -15.085648 5.640993 -10.853067
v -15.279547 -4.680776 -10.853067
v -15.279547 -4.680776 -2.365338
v -15.141706 5.915526 -2.528409
v -15.141706 5.915527 -10.689995
v -15.360521 -4.619484 -10.782391
v -15.398386 -0.032679 -10.782391
v -15.294308 3.616001 -10.782391
v -15.168783 5.587369 -10.782391
v -15.141706 6.012566 -2.844305
v -15.357460 -4.893292 -2.528410
v -15.360521 -4.619484 -2.436015
v -15.141706 6.012565 -10.374100
v -15.357460 -4.990332 -2.844306
v -15.357460 -4.893292 -10.689995
v -15.398386 -0.032679 -2.436015
v -15.357460 -4.990333 -10.374102
v -15.168783 5.587369 -2.436014
v -15.294308 3.616001 -2.436015
v -9.409715 -2.544220 -2.637845
v -9.409715 -2.492238 -2.336905
v -9.309775 -2.987334 -2.251386
v -9.309775 -2.775546 -1.025270
v -9.277931 -2.933300 -0.998021
v -9.261261 -3.019797 -1.006405
v -9.149363 -3.608686 -1.110691
v -9.203421 -3.329003 -1.088139
v -9.409715 -2.496369 -2.360818
v -9.404647 -2.517344 -2.332568
v -9.314618 -2.963342 -2.255531
v -9.309775 -2.983975 -2.231940
v -9.309775 -2.777046 -1.033955
v -9.306582 -2.791364 -1.022538
v -9.280821 -2.918984 -1.000494
v -8.679419 -2.544219 -2.637845
v -8.679419 -2.492238 -2.336905
v -8.779357 -2.987334 -2.251386
v -8.779357 -2.775545 -1.025270
v -8.811201 -2.933300 -0.998021
v -8.827871 -3.019797 -1.006405
v -8.939768 -3.608686 -1.110691
v -8.885711 -3.329003 -1.088139
v -8.679419 -2.496369 -2.360819
v -8.684486 -2.517344 -2.332568
v -8.774514 -2.963342 -2.255531
v -8.779357 -2.983975 -2.231940
v -8.779357 -2.777045 -1.033955
v -8.782550 -2.791364 -1.022538
v -8.808311 -2.918984 -1.000494
v -8.004712 -2.819614 -2.590276
v -8.004712 -2.767632 -2.289336
v -8.289314 -3.187354 -2.216837
v -8.289314 -2.975566 -0.990720
v -8.379998 -3.109304 -0.967620
v -8.427471 -3.183228 -0.978176
v -8.746127 -3.687724 -1.097039
v -8.592185 -3.448811 -1.067444
v -8.004712 -2.771763 -2.313249
v -8.019144 -2.788916 -2.285659
v -8.275522 -3.167015 -2.220350
v -8.289314 -3.183995 -2.197390
v -8.289314 -2.977066 -0.999405
v -8.298408 -2.988976 -0.988404
v -8.371769 -3.097167 -0.969716
v -7.488314 -3.328476 -2.502379
v -7.488314 -3.276495 -2.201439
v -7.914251 -3.556944 -2.152997
v -7.914251 -3.345155 -0.926881
v -8.049970 -3.434516 -0.911445
v -8.121018 -3.485209 -0.926014
v -8.597920 -3.833768 -1.071812
v -8.367531 -3.670187 -1.029205
v -7.488314 -3.280625 -2.225353
v -7.509913 -3.290716 -2.198983
v -7.893610 -3.543354 -2.155344
v -7.914251 -3.553585 -2.133550
v -7.914251 -3.346655 -0.935565
v -7.927860 -3.354116 -0.925333
v -8.037653 -3.426407 -0.912846
v -7.208841 -3.993337 -2.387537
v -7.208841 -3.941355 -2.086597
v -7.711269 -4.039836 -2.069587
v -7.711269 -3.828048 -0.843470
v -7.871359 -3.859427 -0.838050
v -7.955167 -3.879766 -0.857862
v -8.517712 -4.024583 -1.038853
v -8.245949 -3.959429 -0.979244
v -7.208841 -3.945486 -2.110511
v -7.234320 -3.946349 -2.085735
v -7.686921 -4.035064 -2.070411
v -7.711269 -4.036477 -2.050140
v -7.711269 -3.829548 -0.852154
v -7.727322 -3.831194 -0.842927
v -7.856832 -3.856579 -0.838542
v -7.208841 -4.712977 -2.263233
v -7.208841 -4.660995 -1.962293
v -7.711268 -4.562515 -1.979304
v -7.711268 -4.350726 -0.753187
v -7.871359 -4.319347 -0.758608
v -7.955167 -4.306832 -0.784095
v -8.517712 -4.231120 -1.003177
v -8.245948 -4.272503 -0.925167
v -7.208841 -4.665126 -1.986207
v -7.234320 -4.656002 -1.963156
v -7.686921 -4.567287 -1.978479
v -7.711268 -4.559156 -1.959857
v -7.711268 -4.352226 -0.761872
v -7.727322 -4.347580 -0.753731
v -7.856832 -4.322195 -0.758116
v -7.488314 -5.377838 -2.148391
v -7.488314 -5.325856 -1.847451
v -7.914251 -5.045407 -1.895893
v -7.914251 -4.833619 -0.669777
v -8.049970 -4.744257 -0.685212
v -8.121018 -4.701389 -0.715942
v -8.597920 -4.421936 -0.970217
v -8.367531 -4.561746 -0.875206
v -7.488314 -5.329987 -1.871364
v -7.509913 -5.311635 -1.849907
v -7.893610 -5.058998 -1.893546
v -7.914251 -5.042048 -1.876446
v -7.914251 -4.835119 -0.678461
v -7.927860 -4.824658 -0.671325
v -8.037653 -4.752367 -0.683812
v -8.004712 -5.886700 -2.060494
v -8.004712 -5.834719 -1.759554
v -8.289314 -5.414997 -1.832053
v -8.289314 -5.203208 -0.605937
v -8.379998 -5.069470 -0.629038
v -8.427471 -5.003370 -0.663781
v -8.746126 -4.567979 -0.944991
v -8.592185 -4.783122 -0.836967
v -8.004712 -5.838849 -1.783468
v -8.019144 -5.813434 -1.763231
v -8.275522 -5.435336 -1.828540
v -8.289314 -5.411637 -1.812607
v -8.289314 -5.204708 -0.614622
v -8.298408 -5.189798 -0.608254
v -8.371769 -5.081606 -0.626942
v -8.679419 -6.162094 -2.012925
v -8.679419 -6.110112 -1.711985
v -8.779357 -5.615017 -1.797504
v -8.779357 -5.403229 -0.571387
v -8.811201 -5.245474 -0.598637
v -8.827871 -5.166801 -0.635551
v -8.939768 -4.647017 -0.931339
v -8.885711 -4.902930 -0.816272
v -8.679419 -6.114243 -1.735899
v -8.684486 -6.085006 -1.716322
v -8.774514 -5.639009 -1.793360
v -8.779357 -5.611658 -1.778057
v -8.779357 -5.404729 -0.580072
v -8.782550 -5.387410 -0.574120
v -8.808311 -5.259789 -0.596164
v -9.409715 -6.162094 -2.012925
v -9.409715 -6.110112 -1.711985
v -9.309775 -5.615017 -1.797504
v -9.309775 -5.403229 -0.571387
v -9.277931 -5.245474 -0.598637
v -9.261261 -5.166801 -0.635551
v -9.149363 -4.647017 -0.931339
v -9.203421 -4.902930 -0.816272
v -9.409715 -6.114243 -1.735899
v -9.404647 -6.085006 -1.716322
v -9.314618 -5.639009 -1.793360
v -9.309775 -5.611658 -1.778057
v -9.309775 -5.404728 -0.580072
v -9.306582 -5.387410 -0.574120
v -9.280821 -5.259789 -0.596164
v -10.084421 -5.886700 -2.060494
v -10.084421 -5.834718 -1.759554
v -9.799818 -5.414996 -1.832053
v -9.799818 -5.203208 -0.605937
v -9.709134 -5.069470 -0.629038
v -9.661661 -5.003370 -0.663781
v -9.343003 -4.567979 -0.944991
v -9.496945 -4.783122 -0.836967
v -10.084421 -5.838849 -1.783468
v -10.069988 -5.813434 -1.763231
v -9.813610 -5.435336 -1.828540
v -9.799818 -5.411637 -1.812607
v -9.799818 -5.204708 -0.614622
v -9.790725 -5.189798 -0.608254
v -9.717363 -5.081606 -0.626942
v -10.600819 -5.377838 -2.148391
v -10.600819 -5.325856 -1.847451
v -10.174881 -5.045407 -1.895893
v -10.174881 -4.833619 -0.669777
v -10.039163 -4.744257 -0.685212
v -9.968114 -4.701389 -0.715942
v -9.491210 -4.421936 -0.970217
v -9.721601 -4.561745 -0.875206
v -10.600819 -5.329987 -1.871364
v -10.579219 -5.311635 -1.849907
v -10.195521 -5.058997 -1.893546
v -10.174881 -5.042048 -1.876446
v -10.174881 -4.835119 -0.678461
v -10.161272 -4.824658 -0.671325
v -10.051478 -4.752367 -0.683812
v -10.880291 -4.712977 -2.263233
v -10.880291 -4.660995 -1.962293
v -10.377863 -4.562515 -1.979304
v -10.377863 -4.350726 -0.753187
v -10.217772 -4.319347 -0.758608
v -10.133965 -4.306832 -0.784095
v -9.571419 -4.231120 -1.003177
v -9.843183 -4.272503 -0.925167
v -10.880291 -4.665126 -1.986207
v -10.854813 -4.656002 -1.963156
v -10.402210 -4.567287 -1.978479
v -10.377863 -4.559156 -1.959857
v -10.377863 -4.352226 -0.761872
v -10.361811 -4.347580 -0.753731
v -10.232300 -4.322195 -0.758116
v -10.880291 -3.993337 -2.387537
v -10.880291 -3.941355 -2.086597
v -10.377863 -4.039836 -2.069587
v -10.377863 -3.828048 -0.843470
v -10.217772 -3.859427 -0.838050
v -10.133965 -3.879766 -0.857862
v -9.571419 -4.024583 -1.038853
v -9.843183 -3.959430 -0.979244
v -10.880291 -3.945486 -2.110511
v -10.854813 -3.946349 -2.085735
v -10.402210 -4.035064 -2.070411
v -10.377863 -4.036477 -2.050140
v -10.377863 -3.829548 -0.852154
v -10.361811 -3.831194 -0.842927
v -10.232300 -3.856579 -0.838542
v -10.600819 -3.328476 -2.502379
v -10.600819 -3.276495 -2.201439
v -10.174881 -3.556944 -2.152997
v -10.174881 -3.345155 -0.926881
v -10.039163 -3.434516 -0.911445
v -9.968114 -3.485209 -0.926014
v -9.491210 -3.833768 -1.071812
v -9.721601 -3.670187 -1.029205
v -10.600819 -3.280626 -2.225353
v -10.579219 -3.290716 -2.198983
v -10.195521 -3.543354 -2.155344
v -10.174881 -3.553585 -2.133550
v -10.174881 -3.346656 -0.935565
v -10.161272 -3.354116 -0.925333
v -10.051478 -3.426407 -0.912846
v -10.084420 -2.819614 -2.590276
v -10.084420 -2.767633 -2.289336
v -9.799818 -3.187355 -2.216836
v -9.799818 -2.975566 -0.990720
v -9.709134 -3.109304 -0.967620
v -9.661661 -3.183228 -0.978176
v -9.343003 -3.687725 -1.097039
v -9.496945 -3.448811 -1.067444
v -10.084420 -2.771763 -2.313249
v -10.069988 -2.788917 -2.285659
v -9.813610 -3.167015 -2.220350
v -9.799818 -3.183996 -2.197390
v -9.799818 -2.977066 -0.999405
v -9.790725 -2.988976 -0.988404
v -9.717363 -3.097167 -0.969716
v 9.408038 -2.540646 -2.637462
v 9.408038 -2.488724 -2.336870
v 9.307908 -2.984752 -2.251190
v 9.307908 -2.773209 -1.026489
v 9.276006 -2.931260 -0.999189
v 9.259303 -3.017908 -1.007520
v 9.147000 -3.608686 -1.110691
v 9.201055 -3.329003 -1.088138
v 9.408038 -2.492850 -2.360756
v 9.402959 -2.513878 -2.332525
v 9.312760 -2.960715 -2.255342
v 9.307908 -2.981397 -2.231766
v 9.307908 -2.774707 -1.035164
v 9.304709 -2.789057 -1.023752
v 9.278901 -2.916917 -1.001667
v 10.084012 -2.816559 -2.589803
v 10.084012 -2.764637 -2.289211
v 9.798873 -3.185149 -2.216575
v 9.798873 -2.973605 -0.991875
v 9.708020 -3.107595 -0.968730
v 9.660457 -3.181647 -0.979238
v 9.340638 -3.687725 -1.097039
v 9.494580 -3.448811 -1.067444
v 10.084012 -2.768763 -2.313097
v 10.069554 -2.785961 -2.285528
v 9.812692 -3.164772 -2.220095
v 9.798873 -3.181794 -2.197151
v 9.798873 -2.975104 -1.000549
v 9.789763 -2.987041 -0.989554
v 9.716264 -3.095436 -0.970831
v 10.601382 -3.326379 -2.501742
v 10.601382 -3.274457 -2.201149
v 10.174644 -3.555435 -2.152616
v 10.174644 -3.343891 -0.927915
v 10.038669 -3.433420 -0.912450
v 9.967486 -3.484196 -0.926978
v 9.488847 -3.833768 -1.071812
v 9.719235 -3.670187 -1.029205
v 10.601382 -3.278583 -2.225035
v 10.579741 -3.288706 -2.198688
v 10.195321 -3.541819 -2.154967
v 10.174644 -3.552080 -2.133192
v 10.174644 -3.345389 -0.936589
v 10.161008 -3.352868 -0.926364
v 10.051009 -3.425296 -0.913854
v 10.881383 -3.992492 -2.386683
v 10.881383 -3.940570 -2.086091
v 10.378009 -4.039237 -2.069048
v 10.378009 -3.827693 -0.844347
v 10.217614 -3.859131 -0.838917
v 10.133649 -3.879497 -0.858697
v 9.569055 -4.024584 -1.038852
v 9.840817 -3.959430 -0.979244
v 10.881383 -3.944696 -2.109977
v 10.855855 -3.945574 -2.085227
v 10.402402 -4.034455 -2.069874
v 10.378009 -4.035882 -2.049624
v 10.378009 -3.829191 -0.853022
v 10.361926 -3.830845 -0.843802
v 10.232169 -3.856278 -0.839409
v 10.881383 -4.713488 -2.262145
v 10.881383 -4.661566 -1.961552
v 10.378009 -4.562900 -1.978595
v 10.378009 -4.351356 -0.753894
v 10.217616 -4.319917 -0.759325
v 10.133649 -4.307367 -0.784791
v 9.569055 -4.231121 -1.003177
v 9.840817 -4.272503 -0.925167
v 10.881383 -4.665692 -1.985438
v 10.855855 -4.656562 -1.962417
v 10.402402 -4.567681 -1.977769
v 10.378009 -4.559545 -1.959171
v 10.378009 -4.352854 -0.762568
v 10.361926 -4.348203 -0.754439
v 10.232169 -4.322770 -0.758832
v 10.601382 -5.379601 -2.147087
v 10.601382 -5.327679 -1.846494
v 10.174644 -5.046701 -1.895027
v 10.174644 -4.835157 -0.670327
v 10.038669 -4.745628 -0.685791
v 9.967486 -4.702667 -0.716510
v 9.488847 -4.421936 -0.970217
v 9.719235 -4.561746 -0.875205
v 10.601382 -5.331804 -1.870380
v 10.579741 -5.313430 -1.848955
v 10.195321 -5.060317 -1.892676
v 10.174644 -5.043346 -1.875603
v 10.174644 -4.836656 -0.679001
v 10.161008 -4.826180 -0.671877
v 10.051009 -4.753753 -0.684388
v 10.084012 -5.889421 -2.059025
v 10.084012 -5.837499 -1.758432
v 9.798875 -5.416987 -1.831068
v 9.798875 -5.205443 -0.606367
v 9.708020 -5.071453 -0.629511
v 9.660457 -5.005217 -0.664250
v 9.340638 -4.567979 -0.944991
v 9.494580 -4.783123 -0.836967
v 10.084012 -5.841625 -1.782318
v 10.069554 -5.816175 -1.762115
v 9.812692 -5.437365 -1.827548
v 9.798875 -5.413632 -1.811643
v 9.798875 -5.206942 -0.615041
v 9.789765 -5.192008 -0.608687
v 9.716264 -5.083612 -0.627411
v 9.408038 -6.165334 -2.011366
v 9.408038 -6.113412 -1.710773
v 9.307910 -5.617384 -1.796453
v 9.307910 -5.405840 -0.571752
v 9.276006 -5.247788 -0.599053
v 9.259303 -5.168956 -0.635967
v 9.147000 -4.647017 -0.931339
v 9.201055 -4.902930 -0.816272
v 9.408038 -6.117537 -1.734659
v 9.402959 -6.088258 -1.715118
v 9.312760 -5.641421 -1.792301
v 9.307910 -5.614029 -1.777029
v 9.307910 -5.407338 -0.580426
v 9.304711 -5.389992 -0.574489
v 9.278901 -5.262131 -0.596575
v 8.676364 -6.165334 -2.011366
v 8.676364 -6.113412 -1.710773
v 8.776492 -5.617383 -1.796453
v 8.776492 -5.405840 -0.571752
v 8.808396 -5.247788 -0.599053
v 8.825099 -5.168955 -0.635967
v 8.937406 -4.647017 -0.931339
v 8.883346 -4.902930 -0.816272
v 8.676364 -6.117537 -1.734659
v 8.681443 -6.088258 -1.715118
v 8.771640 -5.641421 -1.792301
v 8.776492 -5.614028 -1.777029
v 8.776492 -5.407338 -0.580426
v 8.779691 -5.389991 -0.574489
v 8.805501 -5.262131 -0.596575
v 8.000388 -5.889421 -2.059025
v 8.000388 -5.837499 -1.758432
v 8.285527 -5.416986 -1.831068
v 8.285527 -5.205443 -0.606367
v 8.376380 -5.071453 -0.629511
v 8.423945 -5.005217 -0.664250
v 8.743764 -4.567979 -0.944991
v 8.589820 -4.783122 -0.836967
v 8.000388 -5.841625 -1.782318
v 8.014848 -5.816175 -1.762115
v 8.271707 -5.437365 -1.827548
v 8.285527 -5.413631 -1.811643
v 8.285527 -5.206941 -0.615041
v 8.294637 -5.192007 -0.608687
v 8.368136 -5.083612 -0.627411
v 7.483018 -5.379600 -2.147087
v 7.483018 -5.327679 -1.846494
v 7.909759 -5.046701 -1.895027
v 7.909759 -4.835157 -0.670327
v 8.045732 -4.745628 -0.685791
v 8.116912 -4.702667 -0.716510
v 8.595555 -4.421936 -0.970217
v 8.365167 -4.561746 -0.875205
v 7.483018 -5.331804 -1.870380
v 7.504659 -5.313430 -1.848955
v 7.889075 -5.060317 -1.892676
v 7.909759 -5.043346 -1.875603
v 7.909759 -4.836656 -0.679001
v 7.923392 -4.826180 -0.671877
v 8.033391 -4.753753 -0.684388
v 7.203019 -4.713488 -2.262145
v 7.203019 -4.661566 -1.961552
v 7.706393 -4.562900 -1.978595
v 7.706393 -4.351356 -0.753894
v 7.866784 -4.319917 -0.759325
v 7.950751 -4.307367 -0.784791
v 8.515347 -4.231121 -1.003177
v 8.243585 -4.272503 -0.925167
v 7.203019 -4.665692 -1.985438
v 7.228543 -4.656562 -1.962417
v 7.682000 -4.567681 -1.977769
v 7.706393 -4.559545 -1.959171
v 7.706393 -4.352854 -0.762568
v 7.722476 -4.348203 -0.754439
v 7.852231 -4.322770 -0.758832
v 7.203019 -3.992492 -2.386683
v 7.203019 -3.940570 -2.086091
v 7.706393 -4.039237 -2.069048
v 7.706393 -3.827693 -0.844347
v 7.866784 -3.859131 -0.838917
v 7.950751 -3.879497 -0.858697
v 8.515347 -4.024584 -1.038852
v 8.243585 -3.959430 -0.979244
v 7.203019 -3.944696 -2.109977
v 7.228543 -3.945574 -2.085227
v 7.682000 -4.034455 -2.069874
v 7.706393 -4.035882 -2.049624
v 7.706393 -3.829191 -0.853022
v 7.722476 -3.830845 -0.843802
v 7.852231 -3.856278 -0.839409
v 7.483018 -3.326380 -2.501742
v 7.483018 -3.274458 -2.201149
v 7.909759 -3.555435 -2.152616
v 7.909759 -3.343891 -0.927915
v 8.045732 -3.433420 -0.912450
v 8.116912 -3.484197 -0.926978
v 8.595555 -3.833768 -1.071812
v 8.365167 -3.670187 -1.029205
v 7.483018 -3.278584 -2.225035
v 7.504659 -3.288706 -2.198688
v 7.889075 -3.541819 -2.154967
v 7.909759 -3.552080 -2.133192
v 7.909759 -3.345390 -0.936589
v 7.923392 -3.352869 -0.926364
v 8.033391 -3.425296 -0.913854
v 8.000388 -2.816559 -2.589803
v 8.000388 -2.764637 -2.289211
v 8.285527 -3.185150 -2.216575
v 8.285527 -2.973606 -0.991875
v 8.376380 -3.107596 -0.968730
v 8.423945 -3.181647 -0.979238
v 8.743764 -3.687725 -1.097039
v 8.589820 -3.448811 -1.067444
v 8.000388 -2.768763 -2.313097
v 8.014848 -2.785961 -2.285528
v 8.271707 -3.164772 -2.220095
v 8.285527 -3.181795 -2.197151
v 8.285527 -2.975104 -1.000549
v 8.294637 -2.987041 -0.989554
v 8.368136 -3.095436 -0.970830
v 8.676364 -2.540646 -2.637462
v 8.676364 -2.488724 -2.336870
v 8.776492 -2.984753 -2.251190
v 8.776492 -2.773209 -1.026489
v 8.808396 -2.931261 -0.999189
v 8.825099 -3.017909 -1.007520
v 8.937406 -3.608687 -1.110691
v 8.883346 -3.329003 -1.088138
v 8.676364 -2.492850 -2.360756
v 8.681443 -2.513878 -2.332525
v 8.771640 -2.960715 -2.255342
v 8.776492 -2.981398 -2.231766
v 8.776492 -2.774707 -1.035164
v 8.779691 -2.789057 -1.023752
v 8.805501 -2.916918 -1.001666
vn -0.0000 0.9854 -0.1702
vn -0.3827 0.9104 -0.1573
vn -0.7071 0.6968 -0.1204
vn -0.9239 0.3771 -0.0651
vn -1.0000 -0.0000 -0.0000
vn -0.9239 -0.3771 0.0651
vn -0.7071 -0.6968 0.1204
vn -0.3827 -0.9104 0.1573
vn -0.0000 -0.9854 0.1702
vn 0.3827 -0.9104 0.1573
vn 0.7071 -0.6968 0.1204
vn 0.9239 -0.3771 0.0651
vn 1.0000 -0.0000 -0.0000
vn 0.9239 0.3771 -0.0651
vn 0.7071 0.6968 -0.1204
vn 0.3827 0.9104 -0.1573
vn -0.0000 0.8361 0.5485
vn -0.2796 0.7813 0.5580
vn -0.5166 0.6253 0.5850
vn -0.6749 0.3917 0.6253
vn -0.7306 0.1162 0.6729
vn -0.6749 -0.1593 0.7205
vn -0.5166 -0.3928 0.7608
vn -0.2796 -0.5489 0.7878
vn -0.0000 -0.6037 0.7972
vn 0.2796 -0.5489 0.7878
vn 0.5166 -0.3928 0.7608
vn 0.6749 -0.1593 0.7205
vn 0.7306 0.1162 0.6729
vn 0.6749 0.3917 0.6253
vn 0.5166 0.6253 0.5850
vn 0.2796 0.7813 0.5580
vn -0.0000 0.7952 0.6064
vn -0.2604 0.7441 0.6152
vn -0.4811 0.5988 0.6403
vn -0.6286 0.3813 0.6779
vn -0.6804 0.1247 0.7222
vn -0.6286 -0.1318 0.7665
vn -0.4811 -0.3493 0.8041
vn -0.2604 -0.4946 0.8292
vn -0.0000 -0.5457 0.8380
vn 0.2604 -0.4946 0.8292
vn 0.4811 -0.3493 0.8041
vn 0.6286 -0.1318 0.7665
vn 0.6804 0.1247 0.7222
vn 0.6286 0.3813 0.6779
vn 0.4811 0.5988 0.6403
vn 0.2604 0.7441 0.6152
vn -0.0000 0.8342 0.5515
vn -0.2786 0.7796 0.5609
vn -0.5149 0.6240 0.5878
vn -0.6727 0.3912 0.6280
vn -0.7281 0.1167 0.6754
vn -0.6727 -0.1579 0.7229
vn -0.5149 -0.3907 0.7631
vn -0.2786 -0.5462 0.7899
vn -0.0000 -0.6008 0.7994
vn 0.2786 -0.5462 0.7899
vn 0.5149 -0.3907 0.7631
vn 0.6727 -0.1579 0.7229
vn 0.7281 0.1167 0.6754
vn 0.6727 0.3912 0.6280
vn 0.5149 0.6240 0.5878
vn 0.2786 0.7796 0.5609
vn -0.0000 0.0480 0.9988
vn 0.0470 0.0572 0.9973
vn 0.0868 0.0834 0.9927
vn 0.1134 0.1226 0.9860
vn 0.1227 0.1689 0.9780
vn 0.1134 0.2152 0.9700
vn 0.0868 0.2544 0.9632
vn 0.0470 0.2807 0.9587
vn -0.0000 0.2899 0.9571
vn -0.0470 0.2807 0.9587
vn -0.0868 0.2544 0.9632
vn -0.1134 0.2152 0.9700
vn -0.1227 0.1689 0.9780
vn -0.1134 0.1226 0.9860
vn -0.0868 0.0834 0.9927
vn -0.0470 0.0572 0.9973
vn -0.0000 -0.1702 0.9854
vn 0.1284 -0.1450 0.9811
vn 0.2372 -0.0734 0.9687
vn 0.3099 0.0339 0.9502
vn 0.3354 0.1604 0.9283
vn 0.3099 0.2868 0.9065
vn 0.2372 0.3941 0.8880
vn 0.1284 0.4657 0.8756
vn -0.0000 0.4909 0.8712
vn -0.1284 0.4657 0.8756
vn -0.2372 0.3941 0.8880
vn -0.3099 0.2868 0.9065
vn -0.3354 0.1604 0.9283
vn -0.3099 0.0339 0.9502
vn -0.2372 -0.0734 0.9687
vn -0.1284 -0.1450 0.9811
vn -0.0000 0.0349 0.9994
vn 0.0519 0.0451 0.9976
vn 0.0959 0.0741 0.9926
vn 0.1254 0.1175 0.9851
vn 0.1357 0.1686 0.9763
vn 0.1254 0.2198 0.9675
vn 0.0959 0.2632 0.9600
vn 0.0519 0.2922 0.9550
vn -0.0000 0.3023 0.9532
vn -0.0519 0.2922 0.9550
vn -0.0959 0.2632 0.9600
vn -0.1254 0.2198 0.9675
vn -0.1357 0.1686 0.9763
vn -0.1254 0.1175 0.9851
vn -0.0959 0.0741 0.9926
vn -0.0519 0.0451 0.9976
vn -0.0000 0.1702 0.9854
vn 0.2413 -0.0778 0.9673
vn 0.3153 0.0313 0.9485
vn -0.2413 0.3978 0.8852
vn -0.3153 0.2887 0.9040
vn 0.3413 0.1600 0.9262
vn -0.3413 0.1600 0.9262
vn 0.3153 0.2887 0.9040
vn -0.3153 0.0313 0.9485
vn 0.2413 0.3978 0.8852
vn -0.2413 -0.0778 0.9673
vn 0.1306 0.4707 0.8726
vn -0.1306 -0.1507 0.9799
vn -0.0000 0.4963 0.8682
vn -0.0000 -0.1763 0.9843
vn 0.1306 -0.1507 0.9799
vn -0.1306 0.4707 0.8726
vn -0.0004 0.1702 0.9854
vn -0.0003 0.1701 0.9854
vn 0.0004 0.1702 0.9854
vn 0.0003 0.1704 0.9854
vn -0.0003 0.1699 0.9855
vn 0.0003 0.1705 0.9854
vn -0.0001 0.1699 0.9855
vn 0.0001 0.1706 0.9853
vn -0.0000 0.1698 0.9855
vn -0.0000 0.1706 0.9853
vn -0.0001 0.1706 0.9853
vn 0.0001 0.1699 0.9855
vn -0.0003 0.1705 0.9854
vn 0.0003 0.1699 0.9855
vn -0.0003 0.1704 0.9854
vn 0.0003 0.1701 0.9854
vn -0.0004 0.1700 0.9854
vn 0.0004 0.1704 0.9854
vn -0.0002 0.1698 0.9855
vn 0.0002 0.1706 0.9853
vn -0.0002 0.1706 0.9853
vn 0.0002 0.1698 0.9855
vn -0.0004 0.1704 0.9854
vn 0.0004 0.1700 0.9854
vn -0.0004 0.1698 0.9855
vn -0.0002 0.1696 0.9855
vn 0.0002 0.1708 0.9853
vn -0.0000 0.1708 0.9853
vn -0.0000 0.1696 0.9855
vn 0.0002 0.1696 0.9855
vn -0.0002 0.1708 0.9853
vn 0.0004 0.1698 0.9855
vn -0.0004 0.1706 0.9853
vn 0.0006 0.1700 0.9854
vn -0.0006 0.1704 0.9854
vn 0.0006 0.1702 0.9854
vn -0.0006 0.1702 0.9854
vn 0.0006 0.1704 0.9854
vn -0.0006 0.1700 0.9854
vn 0.0004 0.1706 0.9853
vn -0.0005 0.1697 0.9855
vn 0.0003 0.1708 0.9853
vn -0.0000 0.1695 0.9855
vn -0.0003 0.1696 0.9855
vn -0.0000 0.1709 0.9853
vn 0.0003 0.1696 0.9855
vn -0.0003 0.1708 0.9853
vn 0.0005 0.1697 0.9855
vn -0.0005 0.1707 0.9853
vn 0.0006 0.1700 0.9855
vn -0.0006 0.1705 0.9854
vn 0.0007 0.1702 0.9854
vn -0.0007 0.1702 0.9854
vn 0.0006 0.1705 0.9854
vn -0.0006 0.1700 0.9855
vn 0.0005 0.1707 0.9853
vn -0.0000 0.8350 0.5503
vn -0.2790 0.7803 0.5598
vn -0.5155 0.6245 0.5867
vn -0.6736 0.3914 0.6269
vn -0.7291 0.1165 0.6744
vn -0.6736 -0.1584 0.7219
vn -0.5156 -0.3915 0.7622
vn -0.2790 -0.5473 0.7891
vn -0.0000 -0.6020 0.7985
vn 0.2790 -0.5473 0.7891
vn 0.5155 -0.3915 0.7622
vn 0.6736 -0.1585 0.7219
vn 0.7291 0.1165 0.6744
vn 0.6736 0.3914 0.6269
vn 0.5155 0.6245 0.5867
vn 0.2790 0.7803 0.5598
vn -0.0000 0.7968 0.6042
vn -0.2611 0.7456 0.6131
vn -0.4825 0.5999 0.6382
vn -0.6304 0.3817 0.6759
vn -0.6823 0.1244 0.7204
vn -0.6304 -0.1329 0.7648
vn -0.4825 -0.3510 0.8025
vn -0.2611 -0.4968 0.8277
vn -0.0000 -0.5479 0.8365
vn 0.2611 -0.4968 0.8277
vn 0.4825 -0.3510 0.8025
vn 0.6304 -0.1329 0.7648
vn 0.6823 0.1244 0.7204
vn 0.6304 0.3817 0.6759
vn 0.4825 0.5999 0.6382
vn 0.2611 0.7456 0.6131
vn -0.0000 0.8320 0.5547
vn -0.2776 0.7776 0.5641
vn -0.5130 0.6227 0.5909
vn -0.6702 0.3907 0.6310
vn -0.7255 0.1171 0.6782
vn -0.6702 -0.1564 0.7255
vn -0.5130 -0.3884 0.7655
vn -0.2776 -0.5433 0.7923
vn -0.0000 -0.5978 0.8017
vn 0.2776 -0.5433 0.7923
vn 0.5130 -0.3884 0.7655
vn 0.6702 -0.1564 0.7255
vn 0.7255 0.1171 0.6782
vn 0.6703 0.3907 0.6310
vn 0.5130 0.6227 0.5909
vn 0.2776 0.7776 0.5641
vn -0.0000 0.0470 0.9989
vn 0.0474 0.0563 0.9973
vn 0.0875 0.0827 0.9927
vn 0.1143 0.1223 0.9859
vn 0.1237 0.1689 0.9778
vn 0.1143 0.2156 0.9698
vn 0.0875 0.2551 0.9629
vn 0.0474 0.2816 0.9584
vn -0.0000 0.2908 0.9568
vn -0.0474 0.2816 0.9584
vn -0.0875 0.2551 0.9629
vn -0.1143 0.2156 0.9698
vn -0.1237 0.1689 0.9778
vn -0.1143 0.1222 0.9859
vn -0.0875 0.0827 0.9927
vn -0.0474 0.0563 0.9973
vn -0.0000 -0.1697 0.9855
vn 0.1282 -0.1446 0.9812
vn 0.2369 -0.0730 0.9688
vn 0.3095 0.0341 0.9503
vn 0.3350 0.1604 0.9285
vn 0.3095 0.2867 0.9067
vn 0.2369 0.3938 0.8882
vn 0.1282 0.4653 0.8758
vn -0.0000 0.4905 0.8715
vn -0.1282 0.4653 0.8758
vn -0.2369 0.3938 0.8882
vn -0.3095 0.2867 0.9067
vn -0.3350 0.1604 0.9285
vn -0.3095 0.0341 0.9503
vn -0.2369 -0.0730 0.9688
vn -0.1282 -0.1446 0.9812
vn 0.2406 -0.0770 0.9676
vn 0.3143 0.0318 0.9488
vn -0.2406 0.3971 0.8857
vn -0.3143 0.2883 0.9045
vn 0.3402 0.1601 0.9266
vn -0.3402 0.1601 0.9266
vn 0.3143 0.2883 0.9045
vn -0.3143 0.0318 0.9488
vn 0.2406 0.3971 0.8857
vn -0.2406 -0.0770 0.9676
vn 0.1302 0.4698 0.8731
vn -0.1302 -0.1497 0.9801
vn -0.0000 0.4953 0.8687
vn -0.0000 -0.1752 0.9845
vn 0.1302 -0.1497 0.9801
vn -0.1302 0.4698 0.8731
vn 0.7071 0.6968 -0.1203
vn -0.7071 -0.6968 0.1203
vn -0.0005 0.1700 0.9854
vn 0.0005 0.1704 0.9854
vn -0.0002 0.1697 0.9855
vn 0.0002 0.1707 0.9853
vn -0.0000 0.1697 0.9855
vn -0.0002 0.1707 0.9853
vn 0.0002 0.1697 0.9855
vn -0.0005 0.1704 0.9854
vn 0.0005 0.1700 0.9854
vn -0.0005 0.1698 0.9855
vn 0.0005 0.1698 0.9855
vn 0.3827 -0.9104 0.1572
vn 0.7071 -0.6968 0.1203
vn -0.9239 -0.3771 0.0652
vn 0.9239 -0.3771 0.0652
vn -0.0007 0.1696 0.9855
vn -0.0004 0.1694 0.9856
vn 0.0004 0.1711 0.9853
vn -0.0000 0.1711 0.9852
vn -0.0000 0.1693 0.9856
vn 0.0004 0.1694 0.9856
vn -0.0004 0.1711 0.9853
vn 0.0007 0.1696 0.9855
vn -0.0007 0.1709 0.9853
vn 0.0009 0.1699 0.9855
vn -0.0009 0.1706 0.9853
vn 0.0009 0.1702 0.9854
vn -0.0009 0.1702 0.9854
vn 0.0009 0.1706 0.9853
vn -0.0009 0.1699 0.9855
vn 0.0007 0.1709 0.9853
vn -0.0007 0.1695 0.9855
vn -0.0000 0.1692 0.9856
vn -0.0004 0.1693 0.9856
vn -0.0000 0.1712 0.9852
vn 0.0004 0.1693 0.9856
vn 0.0007 0.1695 0.9855
vn 0.0009 0.1698 0.9855
vn 0.0010 0.1702 0.9854
vn -0.0010 0.1702 0.9854
vn -0.0009 0.1698 0.9855
vn -0.9427 0.3237 0.0803
vn -0.4373 0.8732 0.2153
vn 0.9427 0.3237 0.0803
vn 0.4373 0.8732 0.2153
vn -0.9232 0.2870 -0.2556
vn -0.4096 0.8754 -0.2568
vn -0.4084 0.3635 -0.8373
vn 0.9232 0.2870 -0.2556
vn 0.4084 0.3635 -0.8373
vn 0.4097 0.8754 -0.2568
vn -0.4537 0.1727 0.8743
vn -0.9498 0.0607 0.3068
vn 0.9498 0.0607 0.3068
vn 0.4537 0.1727 0.8743
vn -0.9511 -0.0000 -0.3088
vn -0.4542 -0.0000 -0.8909
vn 0.4542 -0.0000 -0.8909
vn 0.9511 -0.0000 -0.3088
vn -0.4726 0.2097 0.8559
vn -0.9566 0.0729 0.2821
vn 0.9566 0.0729 0.2821
vn 0.4726 0.2097 0.8559
vn -0.4582 0.3309 0.8250
vn -0.9494 0.1278 0.2870
vn 0.9494 0.1277 0.2870
vn 0.4582 0.3308 0.8250
vn -0.4280 0.5362 0.7276
vn -0.9270 0.2532 0.2768
vn 0.9270 0.2532 0.2768
vn 0.4280 0.5362 0.7275
vn -0.4089 0.7764 0.4796
vn -0.9282 0.3143 0.1990
vn 0.9282 0.3143 0.1990
vn 0.4089 0.7764 0.4796
vn -0.4567 0.8834 0.1052
vn -0.9522 0.3033 0.0355
vn 0.4567 0.8834 0.1052
vn 0.9522 0.3033 0.0355
vn -0.0000 0.4123 -0.9110
vn -0.0000 0.9552 -0.2960
vn -0.0000 0.9708 0.2397
vn -0.0000 0.9930 0.1178
vn -0.0000 0.8493 0.5278
vn -0.0000 -0.0000 -1.0000
vn -0.0000 0.1937 0.9811
vn -0.0000 0.2408 0.9706
vn -0.0000 0.3799 0.9250
vn -0.0000 0.6109 0.7917
vn -0.4097 0.8754 -0.2568
vn 0.9499 0.0607 0.3068
vn 0.4537 0.1727 0.8742
vn -0.4582 0.3308 0.8250
vn -0.9494 0.1277 0.2870
vn 0.4582 0.3309 0.8250
vn -0.0000 0.8494 0.5278
vn 0.9428 0.3237 0.0803
vn -0.4537 0.1727 0.8742
vn -0.9499 0.0607 0.3068
vn 0.9499 0.0607 0.3067
vn -0.4084 0.3634 -0.8373
vn 0.4280 0.5362 0.7276
vn -0.0000 0.9552 -0.2961
vn -0.0000 0.8674 -0.4976
vn -0.3319 0.8014 -0.4976
vn -0.6133 0.6133 -0.4976
vn -0.8014 0.3319 -0.4976
vn -0.8674 -0.0000 -0.4976
vn -0.8014 -0.3319 -0.4976
vn -0.6133 -0.6133 -0.4976
vn -0.3319 -0.8014 -0.4976
vn -0.0000 -0.8674 -0.4976
vn 0.3319 -0.8014 -0.4976
vn 0.6133 -0.6133 -0.4976
vn 0.8014 -0.3319 -0.4976
vn 0.8674 -0.0000 -0.4976
vn 0.8014 0.3319 -0.4976
vn 0.6133 0.6133 -0.4976
vn 0.3319 0.8014 -0.4976
vn -0.0000 0.5848 0.8112
vn -0.2238 0.5403 0.8112
vn -0.4135 0.4135 0.8112
vn -0.5403 0.2238 0.8112
vn -0.5848 -0.0000 0.8112
vn -0.5403 -0.2238 0.8112
vn -0.4135 -0.4135 0.8112
vn -0.2238 -0.5403 0.8112
vn -0.0000 -0.5848 0.8112
vn 0.2238 -0.5403 0.8112
vn 0.4135 -0.4135 0.8112
vn 0.5403 -0.2238 0.8112
vn 0.5848 -0.0000 0.8112
vn 0.5403 0.2238 0.8112
vn 0.4135 0.4135 0.8112
vn 0.2238 0.5403 0.8112
vn -0.0000 -0.0000 1.0000
vn -0.0000 0.9094 0.4159
vn -0.3480 0.8402 0.4159
vn 0.3480 0.8402 0.4159
vn -0.0000 -0.9094 0.4159
vn 0.3480 -0.8402 0.4159
vn -0.6430 0.6430 0.4159
vn 0.6430 -0.6430 0.4159
vn -0.8402 0.3480 0.4159
vn 0.8402 -0.3480 0.4159
vn -0.9094 -0.0000 0.4159
vn 0.9094 -0.0000 0.4159
vn -0.8402 -0.3480 0.4159
vn 0.8402 0.3480 0.4159
vn -0.6430 -0.6430 0.4159
vn 0.6430 0.6430 0.4159
vn -0.3480 -0.8402 0.4159
vn -0.3319 0.8013 -0.4977
vn -0.6133 0.6133 -0.4977
vn -0.6133 -0.6133 -0.4977
vn 0.3320 0.8014 -0.4976
vn -0.6431 0.6430 0.4159
vn -0.9094 -0.0000 0.4160
vn 0.9094 -0.0000 0.4160
vn 0.3480 0.8402 0.4160
vn 0.0331 -0.1513 0.9879
vn 0.0403 -0.0906 0.9951
vn 0.0061 -0.2099 0.9777
vn 0.0112 -0.0322 0.9994
vn 0.0399 -0.1215 0.9918
vn -0.0476 -0.1605 0.9859
vn 0.0395 -0.1215 0.9918
vn -0.0670 -0.0426 0.9968
vn 0.0405 -0.1207 0.9919
vn -0.0020 -0.1175 0.9931
vn 0.0405 -0.1248 0.9914
vn 0.0023 -0.1189 0.9929
vn 0.0214 -0.1838 0.9827
vn 0.0245 -0.0625 0.9977
vn -0.0035 -0.1151 0.9933
vn 0.0044 -0.1157 0.9933
vn -0.0011 -0.1153 0.9933
vn 0.0020 -0.1162 0.9932
vn 0.0410 -0.1163 0.9924
vn -0.0000 -0.1147 0.9934
vn 0.0391 -0.1362 0.9899
vn 0.0397 -0.1215 0.9918
vn -0.1442 -0.1284 0.9812
vn -0.0019 -0.1135 0.9935
vn 0.0396 -0.1215 0.9918
vn -0.1851 -0.0829 0.9792
vn 0.0025 -0.1137 0.9935
vn 0.0080 -0.0337 0.9994
vn -0.0127 -0.2178 0.9759
vn -0.0006 -0.1200 0.9928
vn 0.0040 -0.2084 0.9780
vn -0.0219 0.0569 0.9981
vn 0.0005 -0.1207 0.9927
vn 0.4219 -0.4965 0.7586
vn 0.5071 0.1678 0.8454
vn 0.1117 -0.7676 0.6311
vn 0.1773 0.5380 0.8241
vn 0.6540 -0.1966 0.7305
vn 0.6158 -0.1938 0.7637
vn 0.6570 -0.1737 0.7336
vn 0.5898 -0.2407 0.7708
vn 0.2858 -0.6353 0.7175
vn 0.3225 0.4076 0.8543
vn 0.6352 -0.0879 0.7673
vn 0.5212 -0.3620 0.7729
vn 0.6425 -0.1958 0.7408
vn 0.6263 -0.1946 0.7549
vn 0.0684 0.6142 0.7862
vn 0.0296 -0.8127 0.5819
vn 0.0056 -0.0322 0.9995
vn -0.0009 -0.2287 0.9735
vn -0.0001 -0.1194 0.9928
vn 0.0485 0.5917 0.8047
vn -0.0002 0.0820 0.9966
vn 0.0001 -0.1206 0.9927
vn 0.0009 -0.2106 0.9776
vn 0.0099 -0.8061 0.5917
vn -0.6930 -0.7162 -0.0827
vn -0.6990 0.7104 0.0820
vn -0.9945 -0.1040 -0.0120
vn -0.9939 0.1096 0.0127
vn -0.0905 -0.9893 -0.1142
vn -0.0948 0.9889 0.1142
vn -0.0069 -0.9934 -0.1147
vn -0.0014 0.9934 0.1147
vn -0.0000 -0.2081 0.9781
vn -0.0331 -0.1513 0.9879
vn -0.0000 -0.0315 0.9995
vn -0.0403 -0.0906 0.9951
vn -0.0061 -0.2099 0.9777
vn -0.0112 -0.0322 0.9994
vn -0.0000 -0.2265 0.9740
vn -0.0399 -0.1215 0.9918
vn 0.0476 -0.1605 0.9859
vn -0.0000 0.0819 0.9966
vn -0.0395 -0.1215 0.9918
vn 0.0670 -0.0426 0.9968
vn -0.0405 -0.1207 0.9919
vn 0.0020 -0.1175 0.9931
vn -0.0000 -0.1189 0.9929
vn -0.0000 -0.1203 0.9927
vn -0.0405 -0.1248 0.9914
vn -0.0023 -0.1189 0.9929
vn -0.0214 -0.1838 0.9827
vn -0.0245 -0.0625 0.9977
vn 0.0035 -0.1151 0.9933
vn -0.0044 -0.1157 0.9933
vn 0.0011 -0.1153 0.9933
vn -0.0020 -0.1162 0.9932
vn -0.0409 -0.1163 0.9924
vn -0.0391 -0.1362 0.9899
vn -0.0397 -0.1215 0.9918
vn 0.1442 -0.1284 0.9812
vn 0.0019 -0.1135 0.9935
vn -0.0396 -0.1215 0.9918
vn 0.1850 -0.0829 0.9792
vn -0.0025 -0.1137 0.9935
vn -0.0080 -0.0337 0.9994
vn 0.0127 -0.2178 0.9759
vn 0.0006 -0.1200 0.9928
vn -0.0040 -0.2084 0.9780
vn 0.0219 0.0569 0.9981
vn -0.0005 -0.1207 0.9927
vn -0.0000 -0.8044 0.5941
vn -0.4219 -0.4965 0.7586
vn -0.0000 0.5846 0.8113
vn -0.5071 0.1678 0.8454
vn -0.1117 -0.7676 0.6311
vn -0.1773 0.5380 0.8241
vn -0.6540 -0.1966 0.7305
vn -0.6158 -0.1938 0.7637
vn -0.6570 -0.1737 0.7336
vn -0.5898 -0.2407 0.7708
vn -0.2858 -0.6353 0.7175
vn -0.3225 0.4075 0.8543
vn -0.6352 -0.0879 0.7673
vn -0.5212 -0.3620 0.7729
vn -0.6425 -0.1958 0.7408
vn -0.6263 -0.1946 0.7549
vn -0.0684 0.6142 0.7862
vn -0.0296 -0.8127 0.5819
vn -0.0056 -0.0322 0.9995
vn 0.0009 -0.2287 0.9735
vn 0.0001 -0.1194 0.9928
vn -0.0485 0.5917 0.8047
vn 0.0002 0.0820 0.9966
vn -0.0001 -0.1206 0.9927
vn -0.0009 -0.2106 0.9776
vn -0.0099 -0.8061 0.5917
vn -0.0000 -0.9934 -0.1147
vn 0.6929 -0.7162 -0.0827
vn -0.0000 0.9934 0.1147
vn 0.6990 0.7104 0.0820
vn 0.9945 -0.1040 -0.0120
vn 0.9939 0.1096 0.0127
vn 0.0905 -0.9893 -0.1142
vn 0.0948 0.9889 0.1142
vn 0.0069 -0.9934 -0.1147
vn 0.0014 0.9934 0.1147
vn 0.3618 -0.1926 0.9121
vn 0.3636 -0.1684 0.9162
vn 0.3700 -0.1691 0.9135
vn 0.3781 -0.1701 0.9100
vn 0.3309 -0.2737 0.9031
vn 0.3931 -0.1634 0.9049
vn 0.3944 -0.1223 0.9107
vn 0.3856 -0.1710 0.9067
vn 0.2603 -0.3691 0.8922
vn 0.1563 -0.4941 0.8552
vn -0.0000 -0.5790 0.8153
vn 0.0203 -0.5849 0.8108
vn 0.0850 0.3289 0.9405
vn 0.0443 0.3426 0.9384
vn 0.3554 0.0606 0.9327
vn -0.0000 0.3360 0.9419
vn 0.0488 -0.5714 0.8192
vn 0.1881 0.2332 0.9541
vn 0.0320 0.3386 0.9404
vn 0.0065 -0.5865 0.8099
vn -0.3618 -0.1926 0.9121
vn -0.3636 -0.1684 0.9162
vn -0.3700 -0.1691 0.9135
vn -0.3781 -0.1701 0.9100
vn -0.3309 -0.2737 0.9031
vn -0.3931 -0.1634 0.9049
vn -0.3944 -0.1223 0.9108
vn -0.3856 -0.1710 0.9067
vn -0.2603 -0.3691 0.8922
vn -0.1563 -0.4941 0.8552
vn -0.0203 -0.5849 0.8108
vn -0.0850 0.3289 0.9405
vn -0.0443 0.3426 0.9384
vn -0.3554 0.0606 0.9327
vn -0.0488 -0.5714 0.8192
vn -0.1881 0.2332 0.9541
vn -0.0320 0.3386 0.9404
vn -0.0065 -0.5865 0.8099
vn -0.0055 -0.8481 0.5298
vn -0.0652 -0.8307 0.5529
vn -0.4558 -0.5336 0.7124
vn -0.8026 -0.1381 0.5803
vn -0.0012 0.7665 0.6422
vn -0.0000 0.7662 0.6425
vn -0.8187 0.0185 0.5739
vn -0.5075 0.4164 0.7544
vn -0.0000 -0.8454 0.5342
vn -0.0705 0.7470 0.6611
vn 0.0055 -0.8481 0.5298
vn 0.0652 -0.8307 0.5529
vn 0.4558 -0.5336 0.7124
vn 0.8026 -0.1381 0.5803
vn 0.0012 0.7665 0.6422
vn 0.8187 0.0185 0.5739
vn 0.5074 0.4164 0.7544
vn 0.0705 0.7470 0.6611
vn 0.3442 0.2841 0.8949
vn 0.3478 -0.4798 0.8055
vn 0.4787 -0.0569 0.8761
vn 0.4758 -0.1474 0.8671
vn 0.0310 0.3796 0.9246
vn 0.0323 -0.5853 0.8102
vn -0.3420 0.2837 0.8959
vn -0.3455 -0.4796 0.8066
vn -0.4757 -0.0572 0.8777
vn -0.4729 -0.1472 0.8687
vn -0.0308 0.3794 0.9247
vn -0.0321 -0.5852 0.8103
vn 0.6843 0.7244 0.0836
vn 0.6904 -0.7187 -0.0830
vn 0.9938 0.1104 0.0127
vn 0.9931 -0.1163 -0.0134
vn 0.0848 0.9898 0.1143
vn 0.0885 -0.9895 -0.1142
vn -0.6843 0.7244 0.0836
vn -0.6904 -0.7186 -0.0830
vn -0.9938 0.1106 0.0128
vn -0.9932 -0.1160 -0.0134
vn -0.0848 0.9898 0.1143
vn -0.0885 -0.9895 -0.1142
vn -0.0000 0.3695 0.9292
vn -0.0000 -0.5767 0.8170
vn 0.3069 0.2365 0.9219
vn 0.3102 -0.4401 0.8427
vn 0.4334 -0.0654 0.8988
vn 0.4307 -0.1442 0.8909
vn 0.0264 0.3238 0.9458
vn 0.0275 -0.5363 0.8435
vn 0.6904 -0.7186 -0.0830
vn 0.9938 0.1103 0.0127
vn -0.2718 0.2216 0.9365
vn -0.2748 -0.4290 0.8605
vn -0.3846 -0.0714 0.9203
vn -0.3821 -0.1427 0.9130
vn -0.0241 0.3113 0.9500
vn -0.0249 -0.5253 0.8506
vn 0.2694 0.2211 0.9373
vn 0.2724 -0.4287 0.8614
vn 0.3812 -0.0717 0.9217
vn 0.3788 -0.1425 0.9144
vn 0.0239 0.3112 0.9500
vn 0.0247 -0.5251 0.8507
vn -0.9938 0.1103 0.0127
vn -0.9931 -0.1163 -0.0134
vn 0.9938 0.1106 0.0128
vn 0.9932 -0.1160 -0.0134
vn -0.0000 0.3041 0.9526
vn -0.0000 -0.5190 0.8547
vn -0.3069 0.2364 0.9219
vn -0.3102 -0.4401 0.8427
vn -0.4333 -0.0654 0.8989
vn -0.4306 -0.1442 0.8909
vn -0.0264 0.3238 0.9458
vn -0.0275 -0.5363 0.8436
vn -0.0000 0.3150 0.9491
vn -0.0000 -0.5287 0.8488
vn 0.6572 -0.7143 0.2405
vn 0.9440 -0.1536 0.2920
vn -0.6572 -0.7137 0.2421
vn -0.0929 -0.9788 0.1825
vn -0.9439 0.0773 0.3210
vn -0.9431 -0.1535 0.2949
vn 0.6511 0.6458 0.3988
vn 0.0883 0.9103 0.4044
vn -0.0885 0.9102 0.4047
vn 0.9449 0.0776 0.3182
vn 0.0928 -0.9789 0.1821
vn -0.6511 0.6450 0.4002
vn -0.0000 -0.9855 0.1699
vn -0.0000 0.9184 0.3958
vn 0.6458 -0.7090 0.2832
vn 0.9279 -0.1579 0.3378
vn 0.6398 0.6307 0.4392
vn 0.0869 0.8860 0.4555
vn 0.9289 0.0713 0.3635
vn 0.0913 -0.9672 0.2372
vn -0.0000 -0.9740 0.2263
vn -0.0000 0.8938 0.4484
vn -0.6458 -0.7090 0.2833
vn -0.9279 -0.1579 0.3378
vn -0.6398 0.6307 0.4392
vn -0.0869 0.8860 0.4555
vn -0.9289 0.0713 0.3635
vn -0.0913 -0.9672 0.2372
vn -0.6424 -0.7014 0.3086
vn -0.9106 -0.1593 0.3814
vn 0.6423 -0.7009 0.3102
vn 0.0924 -0.9631 0.2528
vn 0.9105 0.0626 0.4088
vn 0.9094 -0.1591 0.3843
vn -0.6365 0.6177 0.4619
vn -0.0877 0.8789 0.4689
vn 0.0879 0.8786 0.4693
vn -0.9117 0.0630 0.4060
vn -0.0922 -0.9632 0.2523
vn 0.6364 0.6168 0.4632
vn -0.0000 -0.9714 0.2374
vn -0.0000 0.8887 0.4586
vn -0.8844 0.0128 0.4666
vn -0.8898 -0.0587 0.4526
vn -0.8785 -0.0425 0.4758
vn -0.7668 0.3008 0.5670
vn -0.8558 -0.1038 0.5068
vn -0.7645 -0.3443 0.5450
vn -0.4410 0.6217 0.6473
vn -0.1621 0.7498 0.6415
vn -0.0121 0.7770 0.6294
vn -0.0890 -0.8807 0.4653
vn -0.0345 -0.8885 0.4576
vn 0.6200 -0.6526 0.4355
vn 0.7607 0.3302 0.5588
vn 0.1359 -0.9473 0.2901
vn 0.2314 0.8160 0.5297
vn 0.8933 -0.1697 0.4161
vn 0.8503 -0.2658 0.4543
vn 0.3952 -0.8362 0.3802
vn 0.4630 0.6777 0.5712
vn 0.8901 -0.0575 0.4521
vn 0.7678 -0.4498 0.4562
vn 0.8861 -0.1933 0.4212
vn 0.8766 -0.1935 0.4407
vn 0.0765 0.8679 0.4908
vn 0.0394 -0.9666 0.2533
vn -0.4911 -0.6763 0.5490
vn -0.0434 0.7733 0.6325
vn -0.2216 -0.8473 0.4828
vn 0.0467 0.8602 0.5078
vn -0.0182 -0.8839 0.4672
vn -0.0041 0.7730 0.6343
vn -0.0036 0.0955 0.9954
vn -0.0087 -0.2967 0.9549
vn 0.0142 -0.9653 0.2606
vn -0.0819 -0.2486 0.9651
vn -0.0260 0.0915 0.9955
vn -0.1197 -0.1797 0.9764
vn -0.0149 -0.3033 0.9528
vn -0.0426 -0.2788 0.9594
vn -0.0088 0.1046 0.9945
vn -0.0742 0.0605 0.9954
vn -0.1424 0.0438 0.9888
vn -0.2266 -0.1120 0.9675
vn -0.2671 -0.0712 0.9610
vn -0.1984 0.0076 0.9801
vn -0.2845 -0.0571 0.9570
vn -0.2904 -0.0559 0.9553
vn -0.2636 -0.0332 0.9641
vn 0.4046 -0.1990 0.8926
vn 0.4078 -0.1709 0.8970
vn 0.4176 -0.1720 0.8922
vn 0.3718 -0.2921 0.8812
vn 0.4317 -0.1652 0.8868
vn 0.4396 -0.1195 0.8902
vn 0.2886 -0.3979 0.8709
vn 0.1666 -0.5274 0.8331
vn 0.0211 -0.5683 0.8225
vn 0.0855 0.3614 0.9285
vn 0.0318 0.3554 0.9342
vn 0.4084 0.0957 0.9078
vn 0.0451 -0.5780 0.8148
vn 0.2057 0.2790 0.9380
vn 0.0220 0.3437 0.9388
vn 0.0070 -0.5741 0.8187
vn -0.9961 0.0872 0.0098
vn -0.9999 -0.0117 -0.0013
vn -0.9999 0.0104 0.0012
vn -0.8881 0.4568 0.0513
vn -0.9978 -0.0664 -0.0075
vn -0.9308 -0.3632 -0.0408
vn -0.5307 0.8422 0.0946
vn -0.1961 0.9744 0.1095
vn -0.0143 0.9936 0.1117
vn -0.1123 -0.9875 -0.1110
vn -0.0415 -0.9929 -0.1116
vn -0.6286 -0.7728 -0.0868
vn -0.0528 0.9924 0.1115
vn -0.2762 -0.9551 -0.1073
vn -0.0222 -0.9935 -0.1116
vn -0.0050 0.9937 0.1117
vn -0.0044 0.3064 0.9519
vn -0.3293 -0.2711 0.9045
vn -0.5418 0.0369 0.8397
vn -0.5220 -0.0294 0.8524
vn -0.4454 0.1358 0.8850
vn -0.5583 -0.0049 0.8296
vn -0.1573 0.2841 0.9458
vn -0.1652 -0.4194 0.8927
vn -0.0258 -0.4899 0.8714
vn -0.5444 -0.0068 0.8388
vn -0.0149 0.3152 0.9489
vn -0.0745 -0.4730 0.8779
vn -0.3032 0.2275 0.9254
vn -0.4688 -0.1047 0.8771
vn -0.0452 0.3143 0.9483
vn -0.0150 -0.4816 0.8763
vn -0.0528 0.9924 0.1116
vn -0.5308 0.8422 0.0947
vn -0.0222 -0.9935 -0.1117
vn -0.9999 0.0104 0.0011
vn -0.9999 -0.0117 -0.0014
vn -0.1124 -0.9875 -0.1110
vn -0.6286 -0.7728 -0.0869
vn -0.8881 0.4568 0.0514
vn -0.0037 0.3073 0.9516
vn -0.4464 0.1330 0.8849
vn -0.1137 0.3013 0.9467
vn -0.5426 -0.0507 0.8385
vn -0.0553 -0.4844 0.8731
vn -0.4236 -0.1748 0.8888
vn -0.0114 -0.4832 0.8754
vn -0.2766 -0.3302 0.9025
vn -0.5668 0.0015 0.8238
vn -0.5002 -0.0823 0.8620
vn -0.5743 -0.0548 0.8168
vn -0.1301 -0.4466 0.8852
vn -0.0200 -0.4940 0.8692
vn -0.0094 0.3162 0.9486
vn -0.2671 0.2460 0.9317
vn -0.0310 0.3182 0.9475
vn 0.7892 -0.2594 0.5567
vn 0.8152 -0.1979 0.5443
vn 0.7099 -0.4309 0.5571
vn 0.8372 -0.1778 0.5172
vn 0.5656 -0.6257 0.5373
vn 0.3411 -0.8119 0.4738
vn 0.1928 0.7639 0.6159
vn 0.1107 -0.9160 0.3855
vn 0.0433 0.7973 0.6020
vn 0.0133 -0.9326 0.3608
vn 0.8279 -0.1978 0.5249
vn 0.8323 -0.0795 0.5485
vn 0.0382 -0.9344 0.3542
vn 0.0681 0.8087 0.5843
vn 0.7114 0.2841 0.6428
vn 0.4117 0.6274 0.6610
vn -0.0000 -0.1117 0.9937
vn -0.0000 -0.1116 0.9937
vn 0.8843 0.0128 0.4667
vn 0.8897 -0.0587 0.4527
vn 0.8785 -0.0425 0.4759
vn 0.7668 0.3008 0.5670
vn 0.8558 -0.1038 0.5068
vn 0.7644 -0.3443 0.5450
vn 0.4410 0.6217 0.6473
vn 0.1621 0.7498 0.6415
vn -0.0000 0.7733 0.6340
vn 0.0121 0.7770 0.6294
vn 0.0890 -0.8806 0.4653
vn 0.0345 -0.8885 0.4576
vn -0.6200 -0.6526 0.4355
vn -0.7607 0.3302 0.5588
vn -0.1359 -0.9473 0.2901
vn -0.2314 0.8160 0.5297
vn -0.8933 -0.1697 0.4161
vn -0.8503 -0.2658 0.4543
vn -0.3952 -0.8362 0.3802
vn -0.4630 0.6777 0.5712
vn -0.8901 -0.0575 0.4521
vn -0.7678 -0.4498 0.4563
vn -0.8861 -0.1933 0.4212
vn -0.8766 -0.1935 0.4407
vn -0.0765 0.8679 0.4908
vn -0.0394 -0.9666 0.2533
vn 0.4911 -0.6763 0.5491
vn -0.0000 -0.8825 0.4704
vn 0.0434 0.7733 0.6325
vn 0.2216 -0.8473 0.4828
vn -0.0467 0.8602 0.5078
vn 0.0182 -0.8839 0.4672
vn 0.0041 0.7730 0.6343
vn 0.0036 0.0955 0.9954
vn 0.0087 -0.2967 0.9549
vn -0.0142 -0.9653 0.2606
vn 0.0819 -0.2486 0.9651
vn 0.0260 0.0915 0.9955
vn -0.0000 -0.2883 0.9575
vn 0.1197 -0.1797 0.9764
vn 0.0149 -0.3033 0.9528
vn 0.0426 -0.2788 0.9594
vn 0.0088 0.1046 0.9945
vn -0.0000 0.1003 0.9950
vn 0.0742 0.0605 0.9954
vn 0.1424 0.0438 0.9888
vn 0.2265 -0.1120 0.9675
vn 0.2670 -0.0712 0.9610
vn 0.1984 0.0076 0.9801
vn 0.2845 -0.0571 0.9570
vn 0.2904 -0.0559 0.9553
vn -0.0000 -0.9651 0.2620
vn -0.0000 0.8551 0.5185
vn 0.2636 -0.0332 0.9641
vn -0.4047 -0.1990 0.8926
vn -0.4078 -0.1709 0.8969
vn -0.4176 -0.1720 0.8922
vn -0.3718 -0.2922 0.8811
vn -0.4317 -0.1652 0.8867
vn -0.4396 -0.1195 0.8902
vn -0.2886 -0.3979 0.8708
vn -0.1666 -0.5274 0.8331
vn -0.0000 -0.5624 0.8269
vn -0.0211 -0.5683 0.8225
vn -0.0855 0.3614 0.9285
vn -0.0318 0.3554 0.9342
vn -0.4084 0.0957 0.9078
vn -0.0000 0.3442 0.9389
vn -0.0451 -0.5780 0.8148
vn -0.2057 0.2790 0.9380
vn -0.0220 0.3437 0.9388
vn -0.0070 -0.5741 0.8187
vn 0.9961 0.0873 0.0098
vn 0.9999 -0.0117 -0.0013
vn 0.9999 0.0104 0.0012
vn 0.8881 0.4568 0.0513
vn 0.9978 -0.0664 -0.0075
vn 0.9308 -0.3632 -0.0408
vn 0.5308 0.8422 0.0946
vn 0.1961 0.9744 0.1095
vn -0.0000 0.9937 0.1117
vn 0.0143 0.9936 0.1117
vn 0.1124 -0.9875 -0.1110
vn 0.0415 -0.9929 -0.1116
vn 0.6287 -0.7728 -0.0868
vn -0.0000 -0.9937 -0.1117
vn 0.0528 0.9924 0.1115
vn 0.2762 -0.9551 -0.1073
vn 0.0222 -0.9935 -0.1116
vn 0.0050 0.9937 0.1117
vn 0.0044 0.3064 0.9519
vn 0.3293 -0.2711 0.9045
vn -0.0000 0.3032 0.9529
vn 0.5417 0.0369 0.8397
vn 0.5220 -0.0294 0.8524
vn 0.4454 0.1358 0.8850
vn 0.5584 -0.0049 0.8296
vn 0.1573 0.2841 0.9458
vn 0.1652 -0.4194 0.8927
vn 0.0258 -0.4899 0.8714
vn 0.5444 -0.0068 0.8388
vn 0.0149 0.3152 0.9489
vn 0.0745 -0.4730 0.8779
vn 0.3032 0.2275 0.9254
vn 0.4688 -0.1047 0.8771
vn 0.0452 0.3143 0.9483
vn 0.0150 -0.4816 0.8763
vn -0.0000 -0.4764 0.8792
vn 0.0528 0.9924 0.1116
vn 0.5308 0.8422 0.0947
vn 0.9961 0.0873 0.0099
vn 0.0222 -0.9935 -0.1117
vn 0.6286 -0.7728 -0.0869
vn 0.8881 0.4568 0.0514
vn 0.0037 0.3073 0.9516
vn 0.4464 0.1330 0.8849
vn 0.1137 0.3013 0.9467
vn 0.5426 -0.0507 0.8385
vn 0.0553 -0.4844 0.8731
vn 0.4235 -0.1748 0.8889
vn 0.0114 -0.4832 0.8754
vn -0.0000 -0.4772 0.8788
vn 0.2766 -0.3302 0.9025
vn -0.0000 0.3030 0.9530
vn 0.5668 0.0015 0.8239
vn 0.5001 -0.0823 0.8620
vn 0.5743 -0.0548 0.8168
vn 0.1301 -0.4466 0.8852
vn 0.0200 -0.4940 0.8692
vn 0.0094 0.3162 0.9486
vn 0.2671 0.2460 0.9317
vn 0.0310 0.3182 0.9475
vn -0.7892 -0.2594 0.5567
vn -0.8152 -0.1979 0.5443
vn -0.7100 -0.4309 0.5570
vn -0.8372 -0.1778 0.5172
vn -0.5656 -0.6257 0.5372
vn -0.3411 -0.8119 0.4738
vn -0.0000 -0.9314 0.3640
vn -0.1928 0.7639 0.6159
vn -0.1107 -0.9160 0.3855
vn -0.0433 0.7973 0.6020
vn -0.0133 -0.9326 0.3608
vn -0.8279 -0.1978 0.5248
vn -0.8323 -0.0795 0.5485
vn -0.0382 -0.9344 0.3542
vn -0.0681 0.8087 0.5843
vn -0.7114 0.2841 0.6428
vn -0.0000 0.7905 0.6125
vn -0.4116 0.6274 0.6610
vn -0.0000 0.7098 0.7044
vn -0.0000 -0.7191 0.6949
vn -0.0000 0.7098 -0.7044
vn -0.0000 -0.7191 -0.6949
vn 0.4995 0.0044 0.8663
vn 0.5012 0.0253 0.8650
vn 0.4546 0.6302 0.6294
vn 0.4805 -0.6295 0.6106
vn 0.4995 0.0044 -0.8663
vn 0.5012 0.0253 -0.8650
vn 0.4546 0.6302 -0.6294
vn 0.4805 -0.6295 -0.6106
vn -0.0000 0.9890 -0.1477
vn -0.0000 0.9890 0.1477
vn -0.0000 -0.9890 -0.1477
vn -0.0000 -0.9890 0.1477
vn 0.6209 0.5627 0.5457
vn 0.6184 -0.5352 0.5755
vn 0.4628 0.8744 -0.1457
vn 0.4628 0.8744 0.1457
vn 0.4891 -0.8607 -0.1414
vn 0.4891 -0.8607 0.1414
vn 0.4864 0.0206 0.8735
vn 0.4881 0.0056 0.8728
vn -0.0000 0.1437 0.9896
vn -0.0000 0.1437 -0.9896
vn 0.4998 0.1619 0.8509
vn 0.4998 0.1619 -0.8509
vn 0.6209 0.5627 -0.5457
vn 0.6184 -0.5352 -0.5755
vn -0.0000 -0.1638 0.9865
vn -0.0000 -0.1638 -0.9865
vn 0.4996 -0.1568 0.8519
vn 0.4996 -0.1568 -0.8519
vn 0.4864 0.0206 -0.8735
vn 0.4881 0.0056 -0.8728
vn 0.4962 -0.8614 0.1088
vn 0.4962 -0.8614 -0.1088
vn 0.5072 0.8547 0.1100
vn 0.5072 0.8547 -0.1100
vn 0.5137 -0.0651 -0.8555
vn 0.5137 -0.0651 0.8555
vn 0.5226 0.1150 -0.8448
vn 0.5226 0.1150 0.8448
vn 0.6165 0.5615 0.5519
vn 0.6300 -0.5280 0.5694
vn 0.6955 0.0346 0.7177
vn 0.6980 0.0062 0.7161
vn 0.6165 0.5615 -0.5519
vn 0.6300 -0.5281 -0.5694
vn 0.6955 0.0346 -0.7177
vn 0.6979 0.0062 -0.7161
vn 0.6818 -0.7235 0.1083
vn 0.6818 -0.7235 -0.1082
vn 0.6713 0.7328 0.1111
vn 0.6713 0.7328 -0.1111
vn 0.6682 -0.0569 -0.7418
vn 0.6682 -0.0569 0.7418
vn 0.6677 0.1145 -0.7356
vn 0.6677 0.1145 0.7355
vn 1.0000 -0.0021 0.0051
vn 0.9986 0.0536 0.0034
vn 0.9990 0.0442 0.0083
vn 0.9999 0.0107 0.0068
vn 1.0000 -0.0021 -0.0051
vn 0.9986 0.0536 -0.0034
vn 0.9990 0.0442 -0.0083
vn 0.9999 0.0107 -0.0068
vn 0.9991 0.0433 -0.0032
vn 0.9991 0.0433 0.0032
vn 1.0000 0.0030 0.0002
vn 1.0000 0.0030 -0.0002
vn 0.9976 0.0676 -0.0118
vn 0.9976 0.0676 0.0118
vn 0.9999 -0.0082 -0.0080
vn 0.9999 -0.0082 0.0080
vn 0.9999 -0.0074 0.0151
vn 1.0000 0.0017 0.0088
vn 0.9989 0.0461 -0.0122
vn 0.9998 0.0220 0.0029
vn 0.9988 0.0460 0.0178
vn 0.9999 0.0101 0.0137
vn 1.0000 0.0017 -0.0088
vn 0.9999 -0.0074 -0.0152
vn 0.9989 0.0461 0.0122
vn 0.9973 0.0688 0.0270
vn 0.9988 0.0460 -0.0178
vn 0.9973 0.0688 -0.0270
vn 0.9999 0.0101 -0.0138
vn 0.9999 0.0118 0.0016
vn 0.9999 0.0118 -0.0016
vn 0.9998 0.0220 -0.0029
vn 0.9999 0.0101 -0.0000
vn 0.9989 0.0460 -0.0000
vn 0.9978 0.0656 -0.0026
vn 0.9978 0.0656 0.0026
vn 1.0000 -0.0086 -0.0003
vn 1.0000 -0.0086 0.0003
vn -0.0000 -0.7179 0.6962
vn -0.0000 0.6998 0.7143
vn -0.0000 0.6998 -0.7143
vn -0.0000 -0.7179 -0.6962
vn -0.0000 0.1375 0.9905
vn -0.0000 0.1375 -0.9905
vn -0.0000 -0.1628 -0.9867
vn -0.0000 -0.1628 0.9867
vn 0.9863 0.1487 0.0710
vn 0.9863 0.1487 -0.0710
vn 0.9986 0.0109 -0.0515
vn 0.9999 0.0101 0.0129
vn 0.9988 0.0457 0.0166
vn 0.9983 0.0529 -0.0263
vn 0.9954 0.0932 -0.0241
vn 0.9931 -0.0934 0.0715
vn 0.9986 0.0109 0.0515
vn 0.9954 0.0932 0.0241
vn 0.9979 -0.0597 -0.0231
vn 0.9931 -0.0934 -0.0715
vn 0.9999 0.0101 -0.0129
vn 0.9979 -0.0597 0.0231
vn 0.9983 0.0529 0.0263
vn 0.9988 0.0457 -0.0166
vn -0.4995 0.0044 0.8663
vn -0.5012 0.0253 0.8650
vn -0.4546 0.6302 0.6294
vn -0.4805 -0.6295 0.6106
vn -0.4995 0.0044 -0.8663
vn -0.5012 0.0253 -0.8650
vn -0.4546 0.6302 -0.6294
vn -0.4805 -0.6295 -0.6106
vn -0.6209 0.5627 0.5457
vn -0.6184 -0.5352 0.5755
vn -0.4628 0.8744 -0.1457
vn -0.4628 0.8744 0.1457
vn -0.4891 -0.8607 -0.1414
vn -0.4891 -0.8607 0.1414
vn -0.4864 0.0206 0.8735
vn -0.4881 0.0056 0.8728
vn -0.4998 0.1619 0.8509
vn -0.4998 0.1619 -0.8509
vn -0.6209 0.5627 -0.5457
vn -0.6184 -0.5352 -0.5755
vn -0.4996 -0.1568 0.8519
vn -0.4996 -0.1568 -0.8519
vn -0.4864 0.0206 -0.8735
vn -0.4881 0.0056 -0.8728
vn -0.4962 -0.8614 0.1088
vn -0.4962 -0.8614 -0.1088
vn -0.5072 0.8547 0.1100
vn -0.5072 0.8547 -0.1100
vn -0.5137 -0.0651 -0.8555
vn -0.5137 -0.0651 0.8555
vn -0.5226 0.1150 -0.8448
vn -0.5226 0.1150 0.8448
vn -0.6165 0.5615 0.5519
vn -0.6300 -0.5281 0.5694
vn -0.6955 0.0346 0.7177
vn -0.6980 0.0062 0.7161
vn -0.6165 0.5615 -0.5519
vn -0.6300 -0.5281 -0.5694
vn -0.6955 0.0346 -0.7177
vn -0.6980 0.0062 -0.7161
vn -0.6818 -0.7235 0.1083
vn -0.6818 -0.7235 -0.1083
vn -0.6713 0.7328 0.1111
vn -0.6713 0.7328 -0.1111
vn -0.6682 -0.0569 -0.7418
vn -0.6682 -0.0569 0.7418
vn -0.6677 0.1145 -0.7356
vn -0.6677 0.1145 0.7356
vn -1.0000 -0.0021 0.0051
vn -0.9986 0.0536 0.0034
vn -0.9990 0.0442 0.0083
vn -0.9999 0.0107 0.0068
vn -1.0000 -0.0021 -0.0051
vn -0.9986 0.0536 -0.0034
vn -0.9990 0.0442 -0.0083
vn -0.9999 0.0107 -0.0068
vn -0.9991 0.0433 -0.0032
vn -0.9991 0.0433 0.0032
vn -1.0000 0.0030 0.0002
vn -1.0000 0.0030 -0.0002
vn -0.9976 0.0676 -0.0118
vn -0.9976 0.0676 0.0118
vn -0.9999 -0.0082 -0.0080
vn -0.9999 -0.0082 0.0080
vn -0.9999 -0.0074 0.0151
vn -1.0000 0.0017 0.0089
vn -0.9989 0.0460 -0.0122
vn -0.9998 0.0220 0.0029
vn -0.9988 0.0460 0.0178
vn -0.9999 0.0101 0.0137
vn -1.0000 0.0017 -0.0089
vn -0.9999 -0.0074 -0.0152
vn -0.9989 0.0460 0.0122
vn -0.9973 0.0688 0.0270
vn -0.9988 0.0460 -0.0177
vn -0.9973 0.0688 -0.0270
vn -0.9999 0.0101 -0.0137
vn -0.9999 0.0118 0.0016
vn -0.9999 0.0118 -0.0016
vn -0.9998 0.0220 -0.0029
vn -0.9999 0.0101 -0.0000
vn -0.9989 0.0460 -0.0000
vn -0.9978 0.0656 -0.0026
vn -0.9978 0.0656 0.0026
vn -1.0000 -0.0086 -0.0003
vn -1.0000 -0.0086 0.0003
vn -0.9863 0.1487 0.0710
vn -0.9863 0.1487 -0.0710
vn -0.9986 0.0109 -0.0515
vn -0.9999 0.0101 0.0129
vn -0.9988 0.0457 0.0166
vn -0.9983 0.0529 -0.0263
vn -0.9954 0.0932 -0.0241
vn -0.9931 -0.0934 0.0715
vn -0.9986 0.0109 0.0515
vn -0.9954 0.0932 0.0241
vn -0.9979 -0.0597 -0.0231
vn -0.9931 -0.0934 -0.0715
vn -0.9999 0.0101 -0.0129
vn -0.9979 -0.0597 0.0231
vn -0.9983 0.0529 0.0263
vn -0.9988 0.0457 -0.0166
vn -0.1951 0.9665 -0.1669
vn -0.1415 0.8181 0.5575
vn -0.1340 0.7875 0.6015
vn -0.1420 0.8200 0.5545
vn 0.0240 0.0498 0.9985
vn 0.0658 -0.1659 0.9839
vn 0.0240 0.0499 0.9985
vn 0.0652 -0.1626 0.9845
vn 0.0001 0.1698 0.9855
vn -0.0001 0.1708 0.9853
vn -0.0001 0.1709 0.9853
vn 0.1951 0.9665 -0.1669
vn 0.1415 0.8181 0.5575
vn 0.1340 0.7875 0.6015
vn 0.1420 0.8200 0.5545
vn -0.0240 0.0498 0.9985
vn -0.0658 -0.1659 0.9839
vn -0.0240 0.0499 0.9985
vn -0.0652 -0.1626 0.9845
vn -0.0001 0.1698 0.9855
vn 0.0001 0.1708 0.9853
vn 0.5556 0.8193 -0.1415
vn 0.4029 0.7114 0.5759
vn 0.3816 0.6865 0.6190
vn 0.4042 0.7129 0.5730
vn -0.0685 0.0679 0.9953
vn -0.1875 -0.1162 0.9754
vn -0.0684 0.0680 0.9953
vn -0.1857 -0.1135 0.9760
vn -0.0002 0.1699 0.9855
vn 0.0003 0.1707 0.9853
vn 0.0004 0.1708 0.9853
vn 0.8315 0.5475 -0.0946
vn 0.6030 0.5142 0.6099
vn 0.5711 0.4997 0.6512
vn 0.6050 0.5151 0.6072
vn -0.1025 0.1014 0.9895
vn -0.2805 -0.0245 0.9595
vn -0.1024 0.1015 0.9896
vn -0.2779 -0.0226 0.9603
vn -0.0003 0.1700 0.9854
vn 0.0005 0.1706 0.9853
vn 0.0006 0.1706 0.9853
vn 0.9808 0.1922 -0.0332
vn 0.7112 0.2566 0.6544
vn 0.6737 0.2558 0.6934
vn 0.7136 0.2566 0.6518
vn -0.1209 0.1452 0.9820
vn -0.3309 0.0954 0.9388
vn -0.1208 0.1452 0.9820
vn -0.3278 0.0962 0.9398
vn -0.0004 0.1701 0.9854
vn 0.0006 0.1703 0.9854
vn 0.0007 0.1703 0.9854
vn 0.9808 -0.1922 0.0332
vn 0.7112 -0.0222 0.7026
vn 0.6737 -0.0083 0.7390
vn 0.7136 -0.0231 0.7001
vn -0.1209 0.1926 0.9738
vn -0.3309 0.2251 0.9164
vn -0.1208 0.1926 0.9738
vn -0.3278 0.2247 0.9176
vn -0.0004 0.1703 0.9854
vn 0.0006 0.1701 0.9854
vn 0.0007 0.1701 0.9854
vn 0.8315 -0.5475 0.0946
vn 0.6030 -0.2798 0.7471
vn 0.5711 -0.2523 0.7811
vn 0.6050 -0.2816 0.7448
vn -0.1025 0.2364 0.9662
vn -0.2805 0.3449 0.8957
vn -0.1024 0.2363 0.9663
vn -0.2779 0.3434 0.8971
vn -0.0004 0.1705 0.9854
vn 0.0005 0.1699 0.9855
vn 0.0006 0.1698 0.9855
vn 0.5556 -0.8193 0.1415
vn 0.4029 -0.4770 0.7811
vn 0.3816 -0.4391 0.8134
vn 0.4042 -0.4794 0.7790
vn -0.0685 0.2699 0.9605
vn -0.1875 0.4367 0.8799
vn -0.0684 0.2698 0.9605
vn -0.1857 0.4343 0.8814
vn -0.0002 0.1705 0.9854
vn 0.0003 0.1697 0.9855
vn 0.0004 0.1697 0.9855
vn 0.1951 -0.9665 0.1669
vn 0.1415 -0.5837 0.7996
vn 0.1340 -0.5401 0.8308
vn 0.1420 -0.5865 0.7974
vn -0.0240 0.2880 0.9573
vn -0.0658 0.4863 0.8713
vn -0.0240 0.2879 0.9574
vn -0.0652 0.4835 0.8729
vn 0.0001 0.1696 0.9855
vn -0.1951 -0.9665 0.1669
vn -0.1415 -0.5837 0.7996
vn -0.1340 -0.5401 0.8308
vn -0.1420 -0.5865 0.7974
vn 0.0240 0.2880 0.9573
vn 0.0658 0.4863 0.8713
vn 0.0240 0.2879 0.9574
vn 0.0652 0.4835 0.8729
vn -0.0001 0.1696 0.9855
vn -0.5556 -0.8193 0.1415
vn -0.4029 -0.4770 0.7812
vn -0.3816 -0.4391 0.8134
vn -0.4042 -0.4794 0.7790
vn 0.0685 0.2699 0.9605
vn 0.1875 0.4367 0.8799
vn 0.0684 0.2698 0.9605
vn 0.1857 0.4343 0.8814
vn 0.0002 0.1705 0.9854
vn -0.0003 0.1697 0.9855
vn -0.0004 0.1697 0.9855
vn -0.8315 -0.5475 0.0946
vn -0.6030 -0.2798 0.7471
vn -0.5711 -0.2523 0.7811
vn -0.6050 -0.2816 0.7448
vn 0.1025 0.2364 0.9662
vn 0.2805 0.3449 0.8957
vn 0.1024 0.2363 0.9663
vn 0.2779 0.3434 0.8971
vn 0.0004 0.1705 0.9854
vn -0.0005 0.1699 0.9855
vn -0.0006 0.1698 0.9855
vn -0.9808 -0.1922 0.0332
vn -0.7112 -0.0222 0.7026
vn -0.6737 -0.0083 0.7390
vn -0.7136 -0.0231 0.7001
vn 0.1209 0.1926 0.9738
vn 0.3309 0.2251 0.9164
vn 0.1208 0.1926 0.9738
vn 0.3278 0.2247 0.9176
vn 0.0004 0.1703 0.9854
vn -0.0006 0.1701 0.9854
vn -0.0007 0.1701 0.9854
vn -0.9808 0.1922 -0.0332
vn -0.7112 0.2566 0.6544
vn -0.6737 0.2558 0.6934
vn -0.7136 0.2566 0.6518
vn 0.1209 0.1452 0.9820
vn 0.3309 0.0954 0.9388
vn 0.1208 0.1452 0.9820
vn 0.3278 0.0962 0.9398
vn 0.0004 0.1701 0.9854
vn -0.0006 0.1703 0.9854
vn -0.0007 0.1703 0.9854
vn -0.8315 0.5475 -0.0946
vn -0.6030 0.5142 0.6099
vn -0.5711 0.4997 0.6512
vn -0.6050 0.5151 0.6072
vn 0.1025 0.1014 0.9895
vn 0.2805 -0.0245 0.9595
vn 0.1024 0.1015 0.9896
vn 0.2779 -0.0226 0.9603
vn 0.0003 0.1700 0.9854
vn -0.0005 0.1706 0.9853
vn -0.0006 0.1706 0.9853
vn -0.5556 0.8193 -0.1415
vn -0.4029 0.7114 0.5759
vn -0.3816 0.6865 0.6190
vn -0.4042 0.7129 0.5730
vn 0.0685 0.0679 0.9953
vn 0.1875 -0.1162 0.9754
vn 0.0684 0.0680 0.9953
vn 0.1857 -0.1135 0.9760
vn 0.0002 0.1699 0.9855
vn -0.0003 0.1707 0.9853
vn -0.0004 0.1708 0.9853
vn 0.1418 0.8192 0.5557
vn 0.1336 0.7860 0.6037
vn 0.1425 0.8221 0.5513
vn -0.0238 0.0512 0.9984
vn -0.0654 -0.1637 0.9843
vn -0.0649 -0.1613 0.9848
vn -0.0001 0.1697 0.9855
vn 0.0002 0.1711 0.9853
vn 0.0002 0.1712 0.9852
vn 0.4037 0.7123 0.5741
vn 0.3805 0.6852 0.6211
vn 0.4057 0.7146 0.5698
vn -0.0677 0.0691 0.9953
vn -0.1863 -0.1143 0.9758
vn -0.1850 -0.1123 0.9763
vn -0.0003 0.1698 0.9855
vn 0.0005 0.1710 0.9853
vn 0.6042 0.5147 0.6083
vn 0.5695 0.4990 0.6532
vn 0.6072 0.5161 0.6042
vn -0.1013 0.1022 0.9896
vn -0.2788 -0.0232 0.9601
vn -0.2768 -0.0218 0.9607
vn 0.8315 0.5475 -0.0945
vn 0.0008 0.1707 0.9853
vn 0.7127 0.2566 0.6528
vn 0.6717 0.2557 0.6953
vn 0.7162 0.2567 0.6489
vn -0.1195 0.1455 0.9821
vn -0.3288 0.0959 0.9395
vn -0.3265 0.0965 0.9403
vn -0.0005 0.1701 0.9854
vn 0.0009 0.1704 0.9854
vn 0.0010 0.1704 0.9854
vn 0.7127 -0.0228 0.7011
vn 0.6718 -0.0077 0.7407
vn 0.7162 -0.0241 0.6975
vn -0.1195 0.1924 0.9740
vn -0.3288 0.2248 0.9172
vn -0.3265 0.2245 0.9181
vn -0.0005 0.1703 0.9854
vn 0.0009 0.1700 0.9854
vn 0.0010 0.1700 0.9854
vn 0.6042 -0.2809 0.7457
vn 0.5695 -0.2509 0.7828
vn 0.6072 -0.2835 0.7422
vn -0.1013 0.2357 0.9665
vn -0.2788 0.3439 0.8967
vn -0.2768 0.3428 0.8977
vn -0.0005 0.1705 0.9854
vn 0.0008 0.1697 0.9855
vn 0.4037 -0.4784 0.7798
vn 0.3805 -0.4372 0.8149
vn 0.4057 -0.4820 0.7766
vn -0.0677 0.2688 0.9608
vn -0.1863 0.4351 0.8809
vn -0.1850 0.4333 0.8821
vn -0.0004 0.1707 0.9853
vn 0.0005 0.1694 0.9855
vn 0.1418 -0.5854 0.7983
vn 0.1336 -0.5379 0.8323
vn 0.1425 -0.5895 0.7951
vn -0.0238 0.2867 0.9577
vn -0.0654 0.4844 0.8724
vn -0.0649 0.4823 0.8736
vn -0.0001 0.1707 0.9853
vn 0.0002 0.1693 0.9856
vn -0.1418 -0.5854 0.7983
vn -0.1336 -0.5379 0.8323
vn -0.1425 -0.5895 0.7951
vn 0.0238 0.2867 0.9577
vn 0.0654 0.4844 0.8724
vn 0.0649 0.4823 0.8736
vn 0.0001 0.1707 0.9853
vn -0.0002 0.1693 0.9856
vn -0.4037 -0.4784 0.7798
vn -0.3805 -0.4372 0.8149
vn -0.4057 -0.4821 0.7765
vn 0.0677 0.2688 0.9608
vn 0.1863 0.4351 0.8809
vn 0.1850 0.4333 0.8821
vn 0.0004 0.1707 0.9853
vn -0.0005 0.1694 0.9855
vn -0.6042 -0.2809 0.7457
vn -0.5695 -0.2509 0.7828
vn -0.6072 -0.2835 0.7422
vn 0.1013 0.2357 0.9665
vn 0.2788 0.3439 0.8967
vn 0.2768 0.3428 0.8977
vn 0.0005 0.1705 0.9854
vn -0.0008 0.1697 0.9855
vn -0.7127 -0.0228 0.7011
vn -0.6717 -0.0077 0.7408
vn -0.7162 -0.0241 0.6975
vn 0.1195 0.1924 0.9740
vn 0.3288 0.2248 0.9172
vn 0.3265 0.2245 0.9181
vn 0.0005 0.1703 0.9854
vn -0.9808 -0.1922 0.0333
vn -0.0009 0.1700 0.9854
vn -0.0010 0.1700 0.9854
vn -0.7127 0.2566 0.6528
vn -0.6718 0.2557 0.6952
vn -0.7162 0.2567 0.6490
vn 0.1195 0.1455 0.9821
vn 0.3288 0.0959 0.9395
vn 0.3265 0.0965 0.9403
vn 0.0005 0.1701 0.9854
vn -0.0009 0.1704 0.9854
vn -0.0010 0.1704 0.9854
vn -0.6042 0.5147 0.6083
vn -0.5695 0.4990 0.6532
vn -0.6072 0.5161 0.6041
vn 0.1013 0.1022 0.9896
vn 0.2788 -0.0232 0.9601
vn 0.2768 -0.0218 0.9607
vn -0.0008 0.1707 0.9853
vn -0.0008 0.1708 0.9853
vn -0.4037 0.7123 0.5741
vn -0.3805 0.6852 0.6211
vn -0.4057 0.7146 0.5698
vn 0.0677 0.0691 0.9953
vn 0.1863 -0.1143 0.9758
vn 0.1850 -0.1123 0.9763
vn 0.0003 0.1698 0.9855
vn -0.5556 0.8193 -0.1416
vn -0.0005 0.1710 0.9853
vn -0.1418 0.8192 0.5557
vn -0.1336 0.7860 0.6037
vn -0.1425 0.8221 0.5513
vn 0.0238 0.0512 0.9984
vn 0.0654 -0.1637 0.9843
vn 0.0649 -0.1613 0.9848
vn 0.0001 0.1697 0.9855
vn -0.0002 0.1711 0.9853
vn -0.0002 0.1712 0.9852
vt 0.223252 0.681534
vt 0.223242 0.682475
vt 0.209616 0.682441
vt 0.209446 0.681498
vt 0.197306 0.813079
vt 0.197666 0.812210
vt 0.210278 0.817303
vt 0.210087 0.818242
vt 0.249923 0.686634
vt 0.249567 0.687505
vt 0.236869 0.682510
vt 0.237057 0.681569
vt 0.174640 0.798350
vt 0.175298 0.797681
vt 0.185054 0.807118
vt 0.184526 0.807915
vt 0.288041 0.723341
vt 0.287179 0.723701
vt 0.281862 0.711287
vt 0.282653 0.710750
vt 0.272721 0.701224
vt 0.272063 0.701894
vt 0.262264 0.692501
vt 0.262789 0.691698
vt 0.159240 0.776172
vt 0.160103 0.775806
vt 0.165543 0.788245
vt 0.164753 0.788784
vt 0.293430 0.749598
vt 0.292497 0.749590
vt 0.292496 0.736115
vt 0.293430 0.735932
vt 0.153608 0.749827
vt 0.154544 0.749827
vt 0.154664 0.763368
vt 0.153727 0.763560
vt 0.288113 0.775883
vt 0.287255 0.775512
vt 0.292499 0.763065
vt 0.293430 0.763263
vt 0.158806 0.723446
vt 0.159665 0.723815
vt 0.154424 0.736287
vt 0.153489 0.736094
vt 0.273003 0.798149
vt 0.272352 0.797475
vt 0.282012 0.787959
vt 0.282796 0.788503
vt 0.173980 0.701228
vt 0.174628 0.701905
vt 0.164907 0.711344
vt 0.164123 0.710798
vt 0.250449 0.813007
vt 0.250101 0.812134
vt 0.262692 0.806991
vt 0.263211 0.807795
vt 0.196642 0.686579
vt 0.196982 0.687454
vt 0.184349 0.692466
vt 0.183837 0.691658
vt 0.223886 0.818231
vt 0.223894 0.817290
vt 0.237510 0.817277
vt 0.237686 0.818219
vt 0.243349 0.795607
vt 0.243008 0.794787
vt 0.252214 0.791063
vt 0.252712 0.791814
vt 0.203579 0.704061
vt 0.203906 0.704883
vt 0.194640 0.708457
vt 0.194153 0.707705
vt 0.223851 0.799396
vt 0.223840 0.798504
vt 0.233803 0.798511
vt 0.233986 0.799399
vt 0.223242 0.700552
vt 0.223245 0.701445
vt 0.213172 0.701309
vt 0.213005 0.700417
vt 0.204326 0.795598
vt 0.204648 0.794765
vt 0.213877 0.798496
vt 0.213717 0.799393
vt 0.243003 0.704277
vt 0.242688 0.705108
vt 0.233317 0.701582
vt 0.233479 0.700686
vt 0.187687 0.784799
vt 0.188305 0.784168
vt 0.195420 0.791034
vt 0.194935 0.791804
vt 0.271006 0.730628
vt 0.270214 0.730976
vt 0.266359 0.722073
vt 0.267081 0.721559
vt 0.259804 0.714713
vt 0.259209 0.715354
vt 0.252058 0.708635
vt 0.252528 0.707868
vt 0.176352 0.768689
vt 0.177158 0.768345
vt 0.181189 0.777303
vt 0.180439 0.777794
vt 0.274895 0.749571
vt 0.274029 0.749583
vt 0.274069 0.739879
vt 0.274931 0.739697
vt 0.172160 0.749681
vt 0.173023 0.749660
vt 0.173126 0.759387
vt 0.172265 0.759585
vt 0.270967 0.768613
vt 0.270160 0.768282
vt 0.273988 0.759286
vt 0.274860 0.759445
vt 0.175909 0.730654
vt 0.176709 0.730980
vt 0.172920 0.739933
vt 0.172054 0.739777
vt 0.259893 0.784798
vt 0.259273 0.784170
vt 0.266332 0.777278
vt 0.267073 0.777781
vt 0.186958 0.714618
vt 0.187569 0.715241
vt 0.180498 0.722026
vt 0.179764 0.721531
vt 0.836755 0.763354
vt 0.836614 0.763687
vt 0.827360 0.759883
vt 0.827434 0.759521
vt 0.781745 0.845863
vt 0.782003 0.845610
vt 0.789055 0.852666
vt 0.788848 0.852970
vt 0.853214 0.774305
vt 0.852956 0.774559
vt 0.845867 0.767492
vt 0.846075 0.767186
vt 0.770797 0.829478
vt 0.771132 0.829343
vt 0.774950 0.838554
vt 0.774643 0.838756
vt 0.864217 0.790733
vt 0.863881 0.790869
vt 0.860045 0.781627
vt 0.860354 0.781424
vt 0.766943 0.810163
vt 0.767304 0.810166
vt 0.767314 0.820132
vt 0.766952 0.820200
vt 0.868080 0.810114
vt 0.867718 0.810111
vt 0.867717 0.800110
vt 0.868080 0.800041
vt 0.770757 0.790848
vt 0.771089 0.790989
vt 0.767294 0.800200
vt 0.766934 0.800125
vt 0.864223 0.829486
vt 0.863890 0.829345
vt 0.867719 0.820111
vt 0.868080 0.820187
vt 0.781660 0.774450
vt 0.781913 0.774707
vt 0.774885 0.781778
vt 0.774580 0.781571
vt 0.853245 0.845897
vt 0.852992 0.845639
vt 0.860061 0.838578
vt 0.860366 0.838786
vt 0.798019 0.763451
vt 0.798155 0.763785
vt 0.788942 0.767637
vt 0.788739 0.767329
vt 0.817473 0.860684
vt 0.817476 0.860323
vt 0.827461 0.860330
vt 0.827529 0.860692
vt 0.836826 0.856850
vt 0.836691 0.856515
vt 0.845922 0.852699
vt 0.846124 0.853008
vt 0.817366 0.759547
vt 0.817364 0.759908
vt 0.807368 0.759934
vt 0.807298 0.759572
vt 0.798132 0.856823
vt 0.798274 0.856491
vt 0.807492 0.860316
vt 0.807417 0.860676
vt 0.849101 0.841749
vt 0.848714 0.841363
vt 0.854932 0.835152
vt 0.855395 0.835462
vt 0.800275 0.768857
vt 0.800485 0.769361
vt 0.792379 0.772746
vt 0.792069 0.772284
vt 0.817476 0.854825
vt 0.817476 0.854279
vt 0.826259 0.854285
vt 0.826367 0.854831
vt 0.834586 0.851434
vt 0.834378 0.850929
vt 0.842496 0.847573
vt 0.842806 0.848036
vt 0.817381 0.765412
vt 0.817382 0.765959
vt 0.808591 0.765977
vt 0.808480 0.765430
vt 0.800376 0.851413
vt 0.800585 0.850909
vt 0.808694 0.854273
vt 0.808585 0.854819
vt 0.834520 0.768782
vt 0.834311 0.769288
vt 0.826174 0.765941
vt 0.826281 0.765394
vt 0.785885 0.841723
vt 0.786271 0.841337
vt 0.792475 0.847544
vt 0.792166 0.848007
vt 0.849069 0.778464
vt 0.848682 0.778851
vt 0.842449 0.772635
vt 0.842758 0.772170
vt 0.776203 0.827236
vt 0.776707 0.827027
vt 0.780066 0.835130
vt 0.779604 0.835440
vt 0.858795 0.792985
vt 0.858290 0.793195
vt 0.854916 0.785068
vt 0.855380 0.784757
vt 0.772792 0.810155
vt 0.773338 0.810154
vt 0.773347 0.818923
vt 0.772802 0.819032
vt 0.862211 0.810116
vt 0.861665 0.810116
vt 0.861663 0.801322
vt 0.862210 0.801212
vt 0.776165 0.793076
vt 0.776669 0.793284
vt 0.773329 0.801386
vt 0.772783 0.801279
vt 0.858804 0.827241
vt 0.858299 0.827032
vt 0.861666 0.818911
vt 0.862213 0.819019
vt 0.785808 0.778579
vt 0.786195 0.778964
vt 0.780010 0.785181
vt 0.779547 0.784873
vt 0.858403 0.810118
vt 0.858401 0.801973
vt 0.779677 0.794522
vt 0.776581 0.802027
vt 0.855286 0.825784
vt 0.858404 0.818263
vt 0.788501 0.781259
vt 0.782772 0.787017
vt 0.846410 0.839057
vt 0.852169 0.833305
vt 0.801738 0.772367
vt 0.794230 0.775501
vt 0.817477 0.851022
vt 0.825612 0.851027
vt 0.833131 0.847918
vt 0.840651 0.844809
vt 0.817390 0.769219
vt 0.809247 0.769233
vt 0.801831 0.847900
vt 0.809343 0.851016
vt 0.833069 0.772305
vt 0.825532 0.769206
vt 0.788572 0.839035
vt 0.794320 0.844785
vt 0.846379 0.781163
vt 0.840606 0.775404
vt 0.779712 0.825779
vt 0.782825 0.833286
vt 0.855276 0.794448
vt 0.852151 0.786922
vt 0.776590 0.810149
vt 0.776599 0.818272
vt 0.796611 0.831059
vt 0.803893 0.823789
vt 0.806613 0.826493
vt 0.800775 0.835210
vt 0.838338 0.789200
vt 0.831078 0.796475
vt 0.828359 0.793780
vt 0.834160 0.785065
vt 0.790185 0.821479
vt 0.799695 0.817546
vt 0.801174 0.821085
vt 0.792447 0.826907
vt 0.844783 0.798765
vt 0.835276 0.802704
vt 0.833796 0.799169
vt 0.842515 0.793336
vt 0.787906 0.810170
vt 0.798201 0.810168
vt 0.798215 0.814006
vt 0.787924 0.816052
vt 0.847061 0.810078
vt 0.836768 0.810072
vt 0.836756 0.806238
vt 0.847050 0.804194
vt 0.790114 0.798838
vt 0.799643 0.802774
vt 0.798187 0.806330
vt 0.787889 0.804288
vt 0.844829 0.821403
vt 0.835322 0.817453
vt 0.836780 0.813906
vt 0.847073 0.815963
vt 0.796509 0.789232
vt 0.803816 0.796504
vt 0.801098 0.799219
vt 0.792338 0.793387
vt 0.838429 0.831007
vt 0.831160 0.823719
vt 0.833865 0.821000
vt 0.842585 0.826842
vt 0.806109 0.782839
vt 0.810078 0.792322
vt 0.806534 0.793790
vt 0.800680 0.785078
vt 0.817527 0.839692
vt 0.817541 0.829400
vt 0.821376 0.829391
vt 0.823409 0.839686
vt 0.828841 0.837429
vt 0.824916 0.827914
vt 0.828455 0.826438
vt 0.834274 0.835172
vt 0.817419 0.780561
vt 0.817454 0.790849
vt 0.813621 0.790854
vt 0.811538 0.780599
vt 0.806210 0.837454
vt 0.810160 0.827952
vt 0.813706 0.829410
vt 0.811646 0.839698
vt 0.828730 0.782793
vt 0.824823 0.792312
vt 0.821288 0.790844
vt 0.823301 0.780522
vt 0.817489 0.810122
vt 0.891171 0.690340
vt 0.880794 0.690340
vt 0.880794 0.676869
vt 0.891171 0.676869
vt 0.891171 0.447857
vt 0.880794 0.447857
vt 0.880794 0.434385
vt 0.891171 0.434385
vt 0.891171 0.663397
vt 0.880794 0.663397
vt 0.880794 0.649926
vt 0.891171 0.649926
vt 0.891171 0.420914
vt 0.880794 0.420914
vt 0.880794 0.407443
vt 0.891171 0.407443
vt 0.891171 0.636455
vt 0.880794 0.636455
vt 0.880794 0.622983
vt 0.891171 0.622983
vt 0.891171 0.393971
vt 0.880794 0.393971
vt 0.880794 0.380500
vt 0.891171 0.380500
vt 0.891171 0.609512
vt 0.880794 0.609512
vt 0.880794 0.596041
vt 0.891171 0.596041
vt 0.891171 0.367029
vt 0.880794 0.367029
vt 0.880794 0.353558
vt 0.891172 0.353558
vt 0.891171 0.582569
vt 0.880794 0.582569
vt 0.880794 0.569098
vt 0.891171 0.569098
vt 0.891172 0.340087
vt 0.880794 0.340087
vt 0.880794 0.326615
vt 0.891172 0.326615
vt 0.891171 0.528684
vt 0.880794 0.528684
vt 0.880794 0.515213
vt 0.891171 0.515213
vt 0.891171 0.555627
vt 0.880794 0.555627
vt 0.880794 0.542156
vt 0.891171 0.542156
vt 0.891171 0.744225
vt 0.880794 0.744225
vt 0.880794 0.730754
vt 0.891171 0.730754
vt 0.891171 0.501742
vt 0.880794 0.501742
vt 0.880794 0.488270
vt 0.891171 0.488270
vt 0.891171 0.717283
vt 0.880794 0.717283
vt 0.880794 0.703811
vt 0.891171 0.703811
vt 0.891171 0.474799
vt 0.880794 0.474799
vt 0.880794 0.461328
vt 0.891171 0.461328
vt 0.175314 0.702600
vt 0.165732 0.711900
vt 0.271662 0.796784
vt 0.281186 0.787406
vt 0.160567 0.724186
vt 0.155403 0.736473
vt 0.286356 0.775140
vt 0.291527 0.762874
vt 0.155520 0.749812
vt 0.155638 0.763152
vt 0.291526 0.749597
vt 0.291526 0.736320
vt 0.160998 0.775411
vt 0.166358 0.787670
vt 0.271390 0.702602
vt 0.261731 0.693346
vt 0.286287 0.724089
vt 0.281048 0.711859
vt 0.175975 0.796974
vt 0.185592 0.806277
vt 0.249209 0.688420
vt 0.236687 0.683493
vt 0.198027 0.811299
vt 0.210461 0.816321
vt 0.223247 0.683457
vt 0.209808 0.683421
vt 0.223886 0.816309
vt 0.237311 0.816298
vt 0.197352 0.688361
vt 0.184895 0.693301
vt 0.249725 0.811229
vt 0.262138 0.806161
vt 0.273309 0.749578
vt 0.273349 0.740015
vt 0.177834 0.768076
vt 0.181826 0.776913
vt 0.258702 0.715876
vt 0.251654 0.709266
vt 0.269549 0.731251
vt 0.265749 0.722486
vt 0.188832 0.783656
vt 0.195838 0.790399
vt 0.242411 0.705795
vt 0.233167 0.702325
vt 0.204932 0.794075
vt 0.214026 0.797751
vt 0.223231 0.702189
vt 0.213295 0.702054
vt 0.223846 0.797760
vt 0.233667 0.797769
vt 0.204163 0.705572
vt 0.195031 0.709091
vt 0.242740 0.794099
vt 0.251813 0.790428
vt 0.188064 0.715770
vt 0.181098 0.722450
vt 0.258769 0.783636
vt 0.265724 0.776844
vt 0.177366 0.731265
vt 0.173635 0.740079
vt 0.269496 0.767993
vt 0.273268 0.759141
vt 0.173739 0.749659
vt 0.173843 0.759238
vt 0.131702 0.872264
vt 0.131702 0.827386
vt 0.141486 0.827386
vt 0.141486 0.872264
vt 0.307819 0.872264
vt 0.307819 0.827386
vt 0.317603 0.827386
vt 0.317603 0.872264
vt 0.170839 0.872264
vt 0.170839 0.827386
vt 0.180623 0.827386
vt 0.180623 0.872264
vt 0.151270 0.872264
vt 0.151270 0.827386
vt 0.161055 0.827386
vt 0.161055 0.872264
vt 0.014290 0.872264
vt 0.014290 0.827386
vt 0.024075 0.827386
vt 0.024075 0.872264
vt 0.190407 0.872264
vt 0.190407 0.827386
vt 0.200192 0.827386
vt 0.200192 0.872264
vt 0.033859 0.872264
vt 0.033859 0.827386
vt 0.043643 0.827386
vt 0.043643 0.872264
vt 0.209976 0.872264
vt 0.209976 0.827386
vt 0.219760 0.827386
vt 0.219760 0.872264
vt 0.053428 0.872264
vt 0.053428 0.827386
vt 0.063212 0.827386
vt 0.063212 0.872264
vt 0.229544 0.872264
vt 0.229545 0.827386
vt 0.239329 0.827386
vt 0.239329 0.872264
vt 0.072996 0.872264
vt 0.072996 0.827386
vt 0.082780 0.827386
vt 0.082780 0.872264
vt 0.249113 0.872264
vt 0.249113 0.827386
vt 0.258897 0.827386
vt 0.258897 0.872264
vt 0.092565 0.872264
vt 0.092565 0.827386
vt 0.102349 0.827386
vt 0.102349 0.872264
vt 0.268682 0.872264
vt 0.268682 0.827386
vt 0.278466 0.827386
vt 0.278466 0.872264
vt 0.112133 0.872264
vt 0.112133 0.827386
vt 0.121918 0.827386
vt 0.121918 0.872264
vt 0.288250 0.872264
vt 0.288250 0.827386
vt 0.298034 0.827386
vt 0.298034 0.872264
vt 0.782358 0.775144
vt 0.775416 0.782126
vt 0.863311 0.829109
vt 0.867093 0.819991
vt 0.771667 0.791222
vt 0.767917 0.800319
vt 0.867093 0.810115
vt 0.867093 0.800239
vt 0.767927 0.810161
vt 0.767936 0.820003
vt 0.863305 0.791112
vt 0.859518 0.781985
vt 0.771706 0.829100
vt 0.775477 0.838198
vt 0.852518 0.775005
vt 0.845517 0.768025
vt 0.782441 0.845167
vt 0.789406 0.852136
vt 0.836379 0.764267
vt 0.827241 0.760509
vt 0.798509 0.855913
vt 0.807613 0.859691
vt 0.817370 0.760533
vt 0.807498 0.760557
vt 0.836449 0.855940
vt 0.845565 0.852172
vt 0.817473 0.859699
vt 0.827333 0.859707
vt 0.798399 0.764360
vt 0.789300 0.768162
vt 0.852547 0.845200
vt 0.859530 0.838227
vt 0.144477 0.749156
vt 0.143537 0.749155
vt 0.143531 0.735564
vt 0.144477 0.735374
vt 0.010089 0.722869
vt 0.010942 0.723245
vt 0.005536 0.735585
vt 0.004597 0.735380
vt 0.139246 0.775515
vt 0.138388 0.775151
vt 0.143544 0.762745
vt 0.144477 0.762939
vt 0.025306 0.701102
vt 0.025939 0.701770
vt 0.016348 0.710905
vt 0.015581 0.710358
vt 0.102028 0.812759
vt 0.101674 0.811892
vt 0.114159 0.806650
vt 0.114683 0.807445
vt 0.124349 0.797768
vt 0.123695 0.797103
vt 0.133232 0.787556
vt 0.134015 0.788092
vt 0.047491 0.686823
vt 0.047826 0.687679
vt 0.035529 0.692635
vt 0.035032 0.691847
vt 0.075564 0.818223
vt 0.075564 0.817281
vt 0.089189 0.817133
vt 0.089374 0.818072
vt 0.073605 0.681649
vt 0.073606 0.682578
vt 0.060123 0.682723
vt 0.059949 0.681799
vt 0.048841 0.813296
vt 0.049196 0.812419
vt 0.061938 0.817430
vt 0.061755 0.818374
vt 0.100146 0.686310
vt 0.099804 0.687183
vt 0.087088 0.682434
vt 0.087261 0.681498
vt 0.025846 0.798598
vt 0.026512 0.797918
vt 0.036454 0.807409
vt 0.035926 0.808218
vt 0.123159 0.700513
vt 0.122508 0.701194
vt 0.112520 0.691933
vt 0.113030 0.691122
vt 0.010136 0.776117
vt 0.011016 0.775747
vt 0.016569 0.788428
vt 0.015766 0.788978
vt 0.138882 0.722639
vt 0.138014 0.723010
vt 0.132496 0.710455
vt 0.133288 0.709904
vt 0.004551 0.749318
vt 0.005499 0.749326
vt 0.005462 0.763066
vt 0.004506 0.763256
vt 0.027506 0.768542
vt 0.028328 0.768178
vt 0.032418 0.777247
vt 0.031680 0.777776
vt 0.121787 0.730084
vt 0.120976 0.730443
vt 0.117024 0.721461
vt 0.117746 0.720935
vt 0.023259 0.749285
vt 0.024147 0.749275
vt 0.024238 0.759109
vt 0.023332 0.759309
vt 0.125854 0.749229
vt 0.124968 0.749235
vt 0.124929 0.739425
vt 0.125829 0.739233
vt 0.027064 0.730185
vt 0.027860 0.730528
vt 0.024057 0.739442
vt 0.023186 0.739262
vt 0.122046 0.768411
vt 0.121243 0.768070
vt 0.125007 0.759045
vt 0.125880 0.759225
vt 0.038035 0.714351
vt 0.038623 0.714965
vt 0.031663 0.721614
vt 0.030943 0.721109
vt 0.094825 0.795448
vt 0.094494 0.794647
vt 0.103602 0.790886
vt 0.104081 0.791607
vt 0.111147 0.784602
vt 0.110541 0.783991
vt 0.117479 0.777095
vt 0.118213 0.777597
vt 0.054364 0.704003
vt 0.054676 0.704803
vt 0.045584 0.708315
vt 0.045127 0.707593
vt 0.075431 0.799361
vt 0.075420 0.798474
vt 0.085385 0.798409
vt 0.085569 0.799290
vt 0.073751 0.700450
vt 0.073758 0.701336
vt 0.063768 0.701292
vt 0.063601 0.700413
vt 0.055832 0.795664
vt 0.056156 0.794833
vt 0.065454 0.798540
vt 0.065293 0.799433
vt 0.093447 0.703956
vt 0.093140 0.704790
vt 0.083748 0.701381
vt 0.083901 0.700488
vt 0.039025 0.784835
vt 0.039638 0.784187
vt 0.046858 0.791127
vt 0.046371 0.791895
vt 0.110369 0.714180
vt 0.109778 0.714830
vt 0.102533 0.708199
vt 0.102993 0.707425
vt 0.767057 0.699333
vt 0.767413 0.699340
vt 0.767292 0.709163
vt 0.766934 0.709226
vt 0.864146 0.719233
vt 0.863811 0.719090
vt 0.867717 0.709833
vt 0.868081 0.709910
vt 0.770969 0.680307
vt 0.771296 0.680447
vt 0.767534 0.689517
vt 0.767180 0.689440
vt 0.853080 0.735661
vt 0.852826 0.735401
vt 0.859906 0.728347
vt 0.860210 0.728556
vt 0.781765 0.664102
vt 0.782016 0.664356
vt 0.775058 0.671378
vt 0.774758 0.671173
vt 0.836596 0.746637
vt 0.836461 0.746300
vt 0.845748 0.742456
vt 0.845950 0.742766
vt 0.797987 0.653141
vt 0.798123 0.653474
vt 0.788975 0.657335
vt 0.788773 0.657030
vt 0.817055 0.750461
vt 0.817061 0.750096
vt 0.827175 0.750143
vt 0.827243 0.750509
vt 0.817237 0.649190
vt 0.817236 0.649551
vt 0.807272 0.649613
vt 0.807202 0.649253
vt 0.797531 0.746378
vt 0.797678 0.746044
vt 0.806947 0.750048
vt 0.806867 0.750413
vt 0.836587 0.652923
vt 0.836447 0.653256
vt 0.827199 0.649489
vt 0.827272 0.649128
vt 0.781213 0.735084
vt 0.781475 0.734835
vt 0.788408 0.742040
vt 0.788194 0.742343
vt 0.864162 0.680230
vt 0.863825 0.680367
vt 0.859935 0.671103
vt 0.860244 0.670898
vt 0.853073 0.663808
vt 0.852815 0.664063
vt 0.845695 0.657023
vt 0.845902 0.656717
vt 0.770583 0.718526
vt 0.770917 0.718396
vt 0.774542 0.727630
vt 0.774231 0.727826
vt 0.868081 0.699736
vt 0.867716 0.699732
vt 0.867716 0.689632
vt 0.868081 0.689562
vt 0.834372 0.658349
vt 0.834166 0.658854
vt 0.826035 0.655534
vt 0.826141 0.654988
vt 0.785435 0.731007
vt 0.785827 0.730625
vt 0.791941 0.736945
vt 0.791624 0.737406
vt 0.858721 0.682507
vt 0.858214 0.682718
vt 0.854803 0.674569
vt 0.855267 0.674256
vt 0.848935 0.667983
vt 0.848550 0.668371
vt 0.842296 0.662174
vt 0.842604 0.661709
vt 0.775997 0.716389
vt 0.776501 0.716188
vt 0.779713 0.724306
vt 0.779246 0.724607
vt 0.862166 0.699732
vt 0.861617 0.699732
vt 0.861625 0.690867
vt 0.862175 0.690757
vt 0.772833 0.699398
vt 0.773373 0.699403
vt 0.773289 0.708070
vt 0.772748 0.708170
vt 0.858708 0.716956
vt 0.858201 0.716745
vt 0.861608 0.708596
vt 0.862157 0.708706
vt 0.776291 0.682531
vt 0.776789 0.682739
vt 0.773457 0.690736
vt 0.772919 0.690626
vt 0.848939 0.731491
vt 0.848552 0.731102
vt 0.854794 0.724894
vt 0.855259 0.725206
vt 0.785877 0.668190
vt 0.786260 0.668572
vt 0.780121 0.674742
vt 0.779664 0.674437
vt 0.834348 0.741184
vt 0.834139 0.740675
vt 0.842311 0.737311
vt 0.842620 0.737776
vt 0.800243 0.658512
vt 0.800452 0.659014
vt 0.792398 0.662401
vt 0.792089 0.661943
vt 0.817093 0.744534
vt 0.817096 0.743983
vt 0.825968 0.744040
vt 0.826076 0.744592
vt 0.817268 0.655035
vt 0.817271 0.655580
vt 0.808507 0.655626
vt 0.808396 0.655081
vt 0.799867 0.740942
vt 0.800083 0.740436
vt 0.808224 0.743926
vt 0.808110 0.744477
vt 0.801705 0.662001
vt 0.794241 0.665137
vt 0.817118 0.740699
vt 0.825327 0.740754
vt 0.817286 0.658829
vt 0.809168 0.658866
vt 0.801372 0.737421
vt 0.808908 0.740645
vt 0.832933 0.661870
vt 0.825404 0.658791
vt 0.788165 0.728352
vt 0.793835 0.734196
vt 0.855190 0.683978
vt 0.852036 0.676433
vt 0.846249 0.670690
vt 0.840462 0.664948
vt 0.779510 0.714988
vt 0.782494 0.722507
vt 0.858336 0.699730
vt 0.858345 0.691524
vt 0.776595 0.699432
vt 0.776525 0.707469
vt 0.855178 0.715484
vt 0.858328 0.707935
vt 0.779759 0.683979
vt 0.776665 0.691394
vt 0.846245 0.728783
vt 0.852027 0.723032
vt 0.788547 0.670850
vt 0.782852 0.676563
vt 0.832894 0.737643
vt 0.840462 0.734533
vt 0.844681 0.711053
vt 0.835152 0.707063
vt 0.836622 0.703509
vt 0.846944 0.705599
vt 0.790141 0.688301
vt 0.799558 0.692261
vt 0.798089 0.695778
vt 0.787880 0.693668
vt 0.838241 0.720672
vt 0.830960 0.713335
vt 0.833682 0.710617
vt 0.842419 0.716507
vt 0.796513 0.678784
vt 0.803725 0.686044
vt 0.801028 0.688743
vt 0.792402 0.682934
vt 0.828604 0.727087
vt 0.824677 0.717525
vt 0.828238 0.716054
vt 0.834063 0.724837
vt 0.806037 0.672409
vt 0.809952 0.681878
vt 0.806422 0.683344
vt 0.800624 0.674635
vt 0.817231 0.729307
vt 0.817261 0.718974
vt 0.821116 0.718996
vt 0.823145 0.729336
vt 0.817302 0.670146
vt 0.817311 0.680398
vt 0.813482 0.680411
vt 0.811449 0.670183
vt 0.805874 0.726974
vt 0.809861 0.717455
vt 0.813406 0.718951
vt 0.811317 0.729277
vt 0.828598 0.672338
vt 0.824681 0.681852
vt 0.821140 0.680385
vt 0.823155 0.670108
vt 0.796304 0.720468
vt 0.803622 0.713225
vt 0.806316 0.715958
vt 0.800430 0.724671
vt 0.844676 0.688335
vt 0.835140 0.692271
vt 0.833667 0.688722
vt 0.842439 0.682873
vt 0.838240 0.678721
vt 0.830944 0.686021
vt 0.828221 0.683319
vt 0.834041 0.674568
vt 0.789973 0.710819
vt 0.799494 0.706949
vt 0.800929 0.710493
vt 0.792178 0.716265
vt 0.846929 0.699698
vt 0.836618 0.699664
vt 0.836614 0.695819
vt 0.846914 0.693797
vt 0.787824 0.699521
vt 0.798074 0.699592
vt 0.798059 0.703405
vt 0.787768 0.705373
vt 0.817314 0.699656
vt 0.910562 0.690340
vt 0.900184 0.690340
vt 0.900184 0.676868
vt 0.910562 0.676868
vt 0.910562 0.447857
vt 0.900184 0.447857
vt 0.900184 0.434385
vt 0.910562 0.434385
vt 0.910562 0.663397
vt 0.900184 0.663397
vt 0.900184 0.649926
vt 0.910562 0.649926
vt 0.910562 0.420914
vt 0.900184 0.420914
vt 0.900184 0.407443
vt 0.910562 0.407443
vt 0.910562 0.636455
vt 0.900184 0.636455
vt 0.900184 0.622983
vt 0.910562 0.622983
vt 0.910562 0.393972
vt 0.900184 0.393972
vt 0.900184 0.380500
vt 0.910562 0.380500
vt 0.910562 0.609512
vt 0.900184 0.609512
vt 0.900184 0.596041
vt 0.910562 0.596041
vt 0.910562 0.367029
vt 0.900184 0.367029
vt 0.900184 0.353558
vt 0.910562 0.353558
vt 0.910562 0.582569
vt 0.900184 0.582569
vt 0.900184 0.569098
vt 0.910562 0.569098
vt 0.910562 0.340087
vt 0.900184 0.340087
vt 0.900184 0.326615
vt 0.910562 0.326615
vt 0.910562 0.528684
vt 0.900184 0.528684
vt 0.900184 0.515213
vt 0.910562 0.515213
vt 0.910562 0.555627
vt 0.900184 0.555627
vt 0.900184 0.542155
vt 0.910562 0.542155
vt 0.910562 0.744225
vt 0.900184 0.744225
vt 0.900184 0.730754
vt 0.910562 0.730754
vt 0.910562 0.501742
vt 0.900184 0.501742
vt 0.900184 0.488270
vt 0.910562 0.488270
vt 0.910562 0.717282
vt 0.900184 0.717282
vt 0.900184 0.703811
vt 0.910562 0.703811
vt 0.910562 0.474799
vt 0.900184 0.474799
vt 0.900184 0.461328
vt 0.910562 0.461328
vt 0.121840 0.701914
vt 0.112000 0.692786
vt 0.027194 0.797200
vt 0.036992 0.806557
vt 0.099461 0.688099
vt 0.086921 0.683412
vt 0.049553 0.811500
vt 0.062114 0.816442
vt 0.073620 0.683548
vt 0.060318 0.683684
vt 0.075548 0.816300
vt 0.088982 0.816158
vt 0.048179 0.688556
vt 0.036039 0.693427
vt 0.123004 0.796420
vt 0.132407 0.787011
vt 0.101291 0.810993
vt 0.113601 0.805829
vt 0.026594 0.702449
vt 0.017150 0.711471
vt 0.137504 0.774785
vt 0.142600 0.762559
vt 0.011832 0.723633
vt 0.006514 0.735795
vt 0.142559 0.749169
vt 0.142518 0.735779
vt 0.006500 0.749323
vt 0.006486 0.762852
vt 0.137099 0.723410
vt 0.131680 0.711042
vt 0.011941 0.775347
vt 0.017396 0.787843
vt 0.075427 0.797736
vt 0.085249 0.797672
vt 0.054928 0.705482
vt 0.045966 0.708939
vt 0.110036 0.783468
vt 0.116871 0.776673
vt 0.094225 0.793967
vt 0.103201 0.790262
vt 0.039112 0.715489
vt 0.032258 0.722039
vt 0.120576 0.767782
vt 0.124282 0.758891
vt 0.028519 0.730818
vt 0.024780 0.739597
vt 0.124241 0.749229
vt 0.124200 0.739568
vt 0.024876 0.749278
vt 0.024971 0.758958
vt 0.120306 0.730726
vt 0.116413 0.721885
vt 0.029006 0.767889
vt 0.033040 0.776821
vt 0.109275 0.715360
vt 0.102137 0.708834
vt 0.040159 0.783658
vt 0.047277 0.790496
vt 0.092871 0.705478
vt 0.083606 0.702121
vt 0.056441 0.794148
vt 0.065605 0.797800
vt 0.073748 0.702074
vt 0.063890 0.702026
vt 0.925671 0.190407
vt 0.880794 0.190407
vt 0.880794 0.180623
vt 0.925671 0.180623
vt 0.925671 0.014290
vt 0.880794 0.014290
vt 0.880794 0.004506
vt 0.925671 0.004506
vt 0.925671 0.151270
vt 0.880794 0.151270
vt 0.880794 0.141486
vt 0.925671 0.141486
vt 0.925671 0.170839
vt 0.880794 0.170839
vt 0.880794 0.161055
vt 0.925671 0.161055
vt 0.925671 0.307819
vt 0.880794 0.307819
vt 0.880794 0.298034
vt 0.925671 0.298034
vt 0.925671 0.131702
vt 0.880794 0.131702
vt 0.880794 0.121918
vt 0.925671 0.121918
vt 0.925671 0.288250
vt 0.880794 0.288250
vt 0.880794 0.278466
vt 0.925671 0.278466
vt 0.925671 0.112133
vt 0.880794 0.112133
vt 0.880794 0.102349
vt 0.925671 0.102349
vt 0.925671 0.268682
vt 0.880794 0.268682
vt 0.880794 0.258897
vt 0.925671 0.258897
vt 0.925671 0.092565
vt 0.880794 0.092565
vt 0.880794 0.082780
vt 0.925671 0.082780
vt 0.925671 0.249113
vt 0.880794 0.249113
vt 0.880794 0.239329
vt 0.925671 0.239329
vt 0.925671 0.072996
vt 0.880794 0.072996
vt 0.880794 0.063212
vt 0.925671 0.063212
vt 0.925671 0.229544
vt 0.880794 0.229544
vt 0.880794 0.219760
vt 0.925671 0.219760
vt 0.925671 0.053428
vt 0.880794 0.053427
vt 0.880794 0.043643
vt 0.925671 0.043643
vt 0.925671 0.209976
vt 0.880794 0.209976
vt 0.880794 0.200192
vt 0.925671 0.200192
vt 0.925671 0.033859
vt 0.880794 0.033859
vt 0.880794 0.024075
vt 0.925671 0.024075
vt 0.797929 0.745457
vt 0.807083 0.749398
vt 0.817243 0.650173
vt 0.807404 0.650233
vt 0.817065 0.749455
vt 0.827048 0.749513
vt 0.798368 0.654044
vt 0.789331 0.657856
vt 0.836219 0.745720
vt 0.845390 0.741927
vt 0.782457 0.664789
vt 0.775582 0.671723
vt 0.852392 0.734964
vt 0.859393 0.728002
vt 0.771855 0.680681
vt 0.768127 0.689638
vt 0.863230 0.718852
vt 0.867068 0.709702
vt 0.768019 0.699346
vt 0.767911 0.709053
vt 0.867077 0.699732
vt 0.867087 0.689762
vt 0.771495 0.718171
vt 0.775079 0.727290
vt 0.852378 0.664510
vt 0.845348 0.657557
vt 0.863247 0.680613
vt 0.859407 0.671464
vt 0.781927 0.734403
vt 0.788776 0.741515
vt 0.836215 0.653835
vt 0.827082 0.650114
vt 0.135391 0.920199
vt 0.137373 0.918474
vt 0.134814 0.941070
vt 0.132898 0.940942
vt 0.160153 0.883455
vt 0.165127 0.882385
vt 0.165358 0.911710
vt 0.157501 0.912221
vt 0.364818 0.928627
vt 0.372675 0.929138
vt 0.372443 0.958464
vt 0.367469 0.957393
vt 0.353535 0.926922
vt 0.356283 0.953817
vt 0.148967 0.887031
vt 0.146218 0.913926
vt 0.350617 0.899641
vt 0.361925 0.899606
vt 0.971379 0.451790
vt 0.971861 0.451790
vt 0.971861 0.463550
vt 0.971379 0.463550
vt 0.143702 0.889959
vt 0.140706 0.915655
vt 0.348023 0.925194
vt 0.351019 0.950889
vt 0.971861 0.469589
vt 0.971379 0.469589
vt 0.344689 0.922374
vt 0.348052 0.947576
vt 0.154609 0.941242
vt 0.143300 0.941208
vt 0.137650 0.941155
vt 0.971378 0.504928
vt 0.971861 0.504928
vt 0.971860 0.524416
vt 0.971378 0.524416
vt 0.342707 0.920649
vt 0.344994 0.939600
vt 0.165358 0.941254
vt 0.140735 0.893272
vt 0.342130 0.899778
vt 0.344966 0.899693
vt 0.971861 0.475172
vt 0.971379 0.475172
vt 0.137677 0.901248
vt 0.971379 0.446807
vt 0.971861 0.446807
vt 0.340215 0.899906
vt 0.920254 0.527491
vt 0.919575 0.527491
vt 0.919575 0.525485
vt 0.920254 0.525485
vt 0.920254 0.530307
vt 0.919575 0.530307
vt 0.920254 0.535938
vt 0.919574 0.535938
vt 0.920254 0.547202
vt 0.919574 0.547202
vt 0.372675 0.899594
vt 0.971377 0.557985
vt 0.971378 0.547202
vt 0.971860 0.547202
vt 0.971860 0.557985
vt 0.971861 0.484015
vt 0.971379 0.484015
vt 0.339221 0.899821
vt 0.339932 0.898956
vt 0.132616 0.941892
vt 0.131905 0.941027
vt 0.372392 0.959572
vt 0.367504 0.958524
vt 0.341976 0.898757
vt 0.134660 0.942091
vt 0.160187 0.882325
vt 0.165075 0.881276
vt 0.356295 0.954960
vt 0.361842 0.898600
vt 0.372674 0.898589
vt 0.165357 0.942259
vt 0.154526 0.942248
vt 0.148979 0.885888
vt 0.350526 0.898634
vt 0.143209 0.942214
vt 0.350990 0.952050
vt 0.143673 0.888798
vt 0.344852 0.898682
vt 0.137535 0.942167
vt 0.347224 0.948023
vt 0.139908 0.892825
vt 0.919575 0.524416
vt 0.920254 0.524416
vt 0.344018 0.939831
vt 0.136701 0.901017
vt 0.341452 0.918965
vt 0.134135 0.921883
vt 0.919574 0.484015
vt 0.920254 0.484015
vt 0.920254 0.504928
vt 0.919574 0.504928
vt 0.971378 0.525486
vt 0.919574 0.475172
vt 0.920254 0.475172
vt 0.919574 0.557985
vt 0.920254 0.557985
vt 0.971378 0.535939
vt 0.971378 0.530307
vt 0.971378 0.527491
vt 0.919574 0.446807
vt 0.920254 0.446807
vt 0.920254 0.451790
vt 0.919574 0.451790
vt 0.919574 0.469589
vt 0.920254 0.469589
vt 0.919574 0.463550
vt 0.920254 0.463550
vt 0.971860 0.527491
vt 0.971860 0.525486
vt 0.971860 0.530307
vt 0.971860 0.535939
vt 0.831719 0.908627
vt 0.833701 0.906902
vt 0.831142 0.929498
vt 0.829226 0.929370
vt 0.856481 0.871883
vt 0.861455 0.870813
vt 0.861687 0.900138
vt 0.853829 0.900650
vt 0.242433 0.911314
vt 0.250291 0.911826
vt 0.250059 0.941151
vt 0.245085 0.940081
vt 0.231150 0.909609
vt 0.233899 0.936504
vt 0.845295 0.875460
vt 0.842546 0.902355
vt 0.228233 0.882328
vt 0.239541 0.882293
vt 0.971379 0.331599
vt 0.971861 0.331599
vt 0.971861 0.343359
vt 0.971379 0.343359
vt 0.840031 0.878387
vt 0.837035 0.904083
vt 0.225638 0.907881
vt 0.228635 0.933577
vt 0.971861 0.349398
vt 0.971379 0.349398
vt 0.222305 0.905062
vt 0.225667 0.930264
vt 0.850937 0.929671
vt 0.839629 0.929636
vt 0.833978 0.929583
vt 0.971378 0.384737
vt 0.971861 0.384737
vt 0.971860 0.404225
vt 0.971378 0.404225
vt 0.220323 0.903337
vt 0.222609 0.922288
vt 0.861687 0.929682
vt 0.837063 0.881700
vt 0.219746 0.882466
vt 0.222582 0.882381
vt 0.971861 0.354981
vt 0.971379 0.354981
vt 0.834005 0.889676
vt 0.971379 0.326615
vt 0.971861 0.326615
vt 0.217830 0.882594
vt 0.920254 0.407300
vt 0.919575 0.407300
vt 0.919575 0.405294
vt 0.920254 0.405294
vt 0.920254 0.410116
vt 0.919574 0.410116
vt 0.920254 0.415747
vt 0.919574 0.415747
vt 0.920254 0.427010
vt 0.919574 0.427010
vt 0.250291 0.882282
vt 0.971377 0.437794
vt 0.971377 0.427011
vt 0.971860 0.427011
vt 0.971860 0.437794
vt 0.971861 0.363823
vt 0.971379 0.363823
vt 0.216837 0.882509
vt 0.217548 0.881644
vt 0.828944 0.930320
vt 0.828233 0.929455
vt 0.250007 0.942259
vt 0.245119 0.941211
vt 0.219592 0.881445
vt 0.830988 0.930519
vt 0.856515 0.870753
vt 0.861403 0.869705
vt 0.233911 0.937647
vt 0.239458 0.881288
vt 0.250289 0.881276
vt 0.861685 0.930688
vt 0.850854 0.930676
vt 0.845307 0.874317
vt 0.228141 0.881322
vt 0.839537 0.930642
vt 0.228605 0.934738
vt 0.840001 0.877227
vt 0.222467 0.881369
vt 0.833863 0.930595
vt 0.224840 0.930711
vt 0.836236 0.881253
vt 0.919575 0.404225
vt 0.920254 0.404225
vt 0.221633 0.922519
vt 0.833029 0.889446
vt 0.219068 0.901653
vt 0.830464 0.910311
vt 0.919574 0.363823
vt 0.920254 0.363823
vt 0.920254 0.384737
vt 0.919574 0.384737
vt 0.971378 0.405295
vt 0.919574 0.354981
vt 0.920254 0.354981
vt 0.919574 0.437793
vt 0.920254 0.437793
vt 0.971378 0.415748
vt 0.971378 0.410116
vt 0.971378 0.407300
vt 0.919574 0.326615
vt 0.920254 0.326615
vt 0.920254 0.331599
vt 0.919574 0.331599
vt 0.919574 0.349398
vt 0.920254 0.349398
vt 0.919574 0.343359
vt 0.920254 0.343359
vt 0.971860 0.407300
vt 0.971860 0.405295
vt 0.971860 0.410116
vt 0.971860 0.415748
vt 0.177857 0.920199
vt 0.179839 0.918474
vt 0.177280 0.941070
vt 0.175364 0.940942
vt 0.202619 0.883455
vt 0.207593 0.882385
vt 0.207824 0.911710
vt 0.199967 0.912221
vt 0.906390 0.916938
vt 0.914247 0.917450
vt 0.914016 0.946775
vt 0.909042 0.945705
vt 0.895107 0.915233
vt 0.897856 0.942128
vt 0.191433 0.887031
vt 0.188684 0.913926
vt 0.892189 0.887952
vt 0.903498 0.887917
vt 0.986488 0.009490
vt 0.986970 0.009490
vt 0.986970 0.021249
vt 0.986488 0.021249
vt 0.186169 0.889959
vt 0.183172 0.915655
vt 0.889595 0.913505
vt 0.892591 0.939201
vt 0.986970 0.027288
vt 0.986488 0.027288
vt 0.886262 0.910686
vt 0.889624 0.935888
vt 0.197075 0.941242
vt 0.185766 0.941208
vt 0.180116 0.941155
vt 0.986488 0.062627
vt 0.986970 0.062627
vt 0.986970 0.082115
vt 0.986488 0.082115
vt 0.884280 0.908961
vt 0.886566 0.927912
vt 0.207824 0.941254
vt 0.183201 0.893272
vt 0.883703 0.888090
vt 0.886539 0.888005
vt 0.986970 0.032872
vt 0.986488 0.032872
vt 0.180143 0.901248
vt 0.986488 0.004506
vt 0.986970 0.004506
vt 0.881787 0.888218
vt 0.935364 0.085190
vt 0.934684 0.085190
vt 0.934684 0.083184
vt 0.935364 0.083184
vt 0.935364 0.088006
vt 0.934684 0.088006
vt 0.935364 0.093638
vt 0.934684 0.093638
vt 0.935364 0.104901
vt 0.934684 0.104901
vt 0.914247 0.887906
vt 0.986488 0.115684
vt 0.986488 0.104901
vt 0.986970 0.104901
vt 0.986970 0.115684
vt 0.986970 0.041714
vt 0.986488 0.041714
vt 0.880794 0.888133
vt 0.881505 0.887268
vt 0.175082 0.941892
vt 0.174371 0.941027
vt 0.913964 0.947883
vt 0.909076 0.946835
vt 0.883549 0.887069
vt 0.177126 0.942091
vt 0.202653 0.882325
vt 0.207541 0.881276
vt 0.897868 0.943271
vt 0.903415 0.886912
vt 0.914246 0.886900
vt 0.207823 0.942259
vt 0.196992 0.942248
vt 0.191445 0.885888
vt 0.892098 0.886946
vt 0.185675 0.942214
vt 0.892562 0.940361
vt 0.186139 0.888798
vt 0.886424 0.886993
vt 0.180001 0.942167
vt 0.888797 0.936335
vt 0.182374 0.892825
vt 0.934684 0.082115
vt 0.935364 0.082115
vt 0.885590 0.928143
vt 0.179167 0.901017
vt 0.883024 0.907277
vt 0.176602 0.921883
vt 0.934684 0.041714
vt 0.935364 0.041714
vt 0.935364 0.062628
vt 0.934684 0.062628
vt 0.986488 0.083184
vt 0.934684 0.032872
vt 0.935364 0.032872
vt 0.934684 0.115684
vt 0.935364 0.115684
vt 0.986488 0.093638
vt 0.986488 0.088006
vt 0.986488 0.085190
vt 0.934684 0.004506
vt 0.935364 0.004506
vt 0.935364 0.009490
vt 0.934684 0.009490
vt 0.934684 0.027288
vt 0.935364 0.027288
vt 0.934684 0.021249
vt 0.935364 0.021249
vt 0.986970 0.085190
vt 0.986970 0.083184
vt 0.986970 0.088006
vt 0.986970 0.093638
vt 0.050459 0.920199
vt 0.052441 0.918474
vt 0.049881 0.941070
vt 0.047966 0.940942
vt 0.075221 0.883455
vt 0.080195 0.882385
vt 0.080426 0.911710
vt 0.072569 0.912221
vt 0.284899 0.911314
vt 0.292757 0.911826
vt 0.292525 0.941151
vt 0.287551 0.940081
vt 0.273616 0.909609
vt 0.276365 0.936504
vt 0.064034 0.887031
vt 0.061286 0.913926
vt 0.270699 0.882328
vt 0.282007 0.882293
vt 0.971378 0.571981
vt 0.971861 0.571981
vt 0.971861 0.583740
vt 0.971378 0.583740
vt 0.058770 0.889959
vt 0.055774 0.915655
vt 0.268104 0.907881
vt 0.271101 0.933577
vt 0.971861 0.589780
vt 0.971378 0.589780
vt 0.264771 0.905062
vt 0.268133 0.930264
vt 0.069676 0.941242
vt 0.058368 0.941208
vt 0.052717 0.941155
vt 0.971379 0.625118
vt 0.971861 0.625118
vt 0.971861 0.644606
vt 0.971379 0.644606
vt 0.262789 0.903336
vt 0.265075 0.922288
vt 0.080426 0.941254
vt 0.055803 0.893272
vt 0.262212 0.882466
vt 0.265048 0.882381
vt 0.971861 0.595363
vt 0.971378 0.595363
vt 0.052745 0.901248
vt 0.971378 0.566998
vt 0.971861 0.566998
vt 0.260296 0.882594
vt 0.920254 0.647681
vt 0.919574 0.647681
vt 0.919574 0.645676
vt 0.920254 0.645676
vt 0.920254 0.650497
vt 0.919574 0.650497
vt 0.920254 0.656129
vt 0.919574 0.656129
vt 0.920254 0.667392
vt 0.919574 0.667392
vt 0.292757 0.882282
vt 0.971378 0.678176
vt 0.971378 0.667392
vt 0.971861 0.667392
vt 0.971861 0.678176
vt 0.971861 0.604205
vt 0.971378 0.604205
vt 0.259303 0.882509
vt 0.260014 0.881644
vt 0.047683 0.941892
vt 0.046972 0.941027
vt 0.292473 0.942259
vt 0.287585 0.941211
vt 0.262058 0.881445
vt 0.049727 0.942091
vt 0.075255 0.882325
vt 0.080143 0.881276
vt 0.276377 0.937647
vt 0.281924 0.881288
vt 0.292755 0.881276
vt 0.080425 0.942259
vt 0.069594 0.942248
vt 0.064046 0.885888
vt 0.270607 0.881322
vt 0.058277 0.942214
vt 0.271071 0.934738
vt 0.058741 0.888798
vt 0.264933 0.881369
vt 0.052603 0.942167
vt 0.267306 0.930711
vt 0.054975 0.892825
vt 0.919574 0.644606
vt 0.920254 0.644606
vt 0.264099 0.922518
vt 0.051769 0.901017
vt 0.261534 0.901653
vt 0.049203 0.921883
vt 0.919574 0.604205
vt 0.920254 0.604205
vt 0.920254 0.625119
vt 0.919574 0.625119
vt 0.971379 0.645676
vt 0.919574 0.595363
vt 0.920254 0.595363
vt 0.919574 0.678176
vt 0.920254 0.678176
vt 0.971378 0.656129
vt 0.971378 0.650497
vt 0.971379 0.647682
vt 0.919574 0.566998
vt 0.920254 0.566998
vt 0.920254 0.571981
vt 0.919574 0.571981
vt 0.919574 0.589780
vt 0.920254 0.589780
vt 0.919574 0.583740
vt 0.920254 0.583740
vt 0.971861 0.647682
vt 0.971861 0.645676
vt 0.971861 0.650497
vt 0.971861 0.656129
vt 0.092925 0.920199
vt 0.094907 0.918474
vt 0.092348 0.941070
vt 0.090432 0.940942
vt 0.117687 0.883455
vt 0.122661 0.882385
vt 0.122892 0.911710
vt 0.115035 0.912221
vt 0.987636 0.717226
vt 0.995494 0.717738
vt 0.995262 0.747063
vt 0.990288 0.745993
vt 0.976353 0.715521
vt 0.979102 0.742416
vt 0.106501 0.887031
vt 0.103752 0.913926
vt 0.973436 0.688240
vt 0.984744 0.688205
vt 0.881276 0.872904
vt 0.880794 0.872904
vt 0.880794 0.861145
vt 0.881276 0.861145
vt 0.101236 0.889959
vt 0.098240 0.915655
vt 0.970842 0.713793
vt 0.973838 0.739489
vt 0.880794 0.855106
vt 0.881276 0.855106
vt 0.967508 0.710974
vt 0.970870 0.736176
vt 0.112142 0.941242
vt 0.100834 0.941208
vt 0.095184 0.941155
vt 0.881276 0.819767
vt 0.880794 0.819767
vt 0.880794 0.800278
vt 0.881277 0.800278
vt 0.965526 0.709248
vt 0.967813 0.728200
vt 0.122892 0.941254
vt 0.098269 0.893272
vt 0.964949 0.688378
vt 0.967785 0.688293
vt 0.880794 0.849522
vt 0.881276 0.849522
vt 0.095211 0.901248
vt 0.881276 0.877888
vt 0.880794 0.877888
vt 0.963033 0.688506
vt 0.932400 0.797204
vt 0.933080 0.797204
vt 0.933080 0.799209
vt 0.932400 0.799209
vt 0.932400 0.794388
vt 0.933080 0.794388
vt 0.932400 0.788756
vt 0.933080 0.788756
vt 0.932401 0.777493
vt 0.933081 0.777493
vt 0.995494 0.688194
vt 0.881278 0.766709
vt 0.881277 0.777492
vt 0.880795 0.777492
vt 0.880795 0.766709
vt 0.880794 0.840680
vt 0.881276 0.840680
vt 0.962040 0.688421
vt 0.962751 0.687556
vt 0.090150 0.941892
vt 0.089438 0.941027
vt 0.995211 0.748171
vt 0.990323 0.747123
vt 0.964795 0.687356
vt 0.092193 0.942091
vt 0.117721 0.882325
vt 0.122609 0.881276
vt 0.979114 0.743559
vt 0.984661 0.687200
vt 0.995493 0.687188
vt 0.122891 0.942259
vt 0.112060 0.942248
vt 0.106512 0.885888
vt 0.973344 0.687234
vt 0.100743 0.942214
vt 0.973809 0.740649
vt 0.101207 0.888798
vt 0.967671 0.687281
vt 0.095069 0.942167
vt 0.970043 0.736623
vt 0.097442 0.892825
vt 0.933080 0.800279
vt 0.932400 0.800279
vt 0.966837 0.728430
vt 0.094235 0.901017
vt 0.964271 0.707565
vt 0.091669 0.921883
vt 0.933081 0.840680
vt 0.932401 0.840680
vt 0.932400 0.819766
vt 0.933080 0.819766
vt 0.881277 0.799208
vt 0.933081 0.849522
vt 0.932401 0.849522
vt 0.933081 0.766710
vt 0.932401 0.766710
vt 0.881277 0.788755
vt 0.881277 0.794387
vt 0.881277 0.797203
vt 0.933081 0.877888
vt 0.932401 0.877888
vt 0.932401 0.872904
vt 0.933081 0.872904
vt 0.933081 0.855106
vt 0.932401 0.855106
vt 0.933081 0.861145
vt 0.932401 0.861145
vt 0.880794 0.797203
vt 0.880794 0.799208
vt 0.880795 0.794387
vt 0.880795 0.788755
vt 0.007992 0.920199
vt 0.009974 0.918474
vt 0.007415 0.941070
vt 0.005499 0.940942
vt 0.032754 0.883455
vt 0.037728 0.882385
vt 0.037960 0.911710
vt 0.030103 0.912221
vt 0.945170 0.717226
vt 0.953028 0.717738
vt 0.952796 0.747063
vt 0.947822 0.745993
vt 0.933887 0.715521
vt 0.936636 0.742416
vt 0.021568 0.887031
vt 0.018820 0.913926
vt 0.930970 0.688240
vt 0.942278 0.688205
vt 0.767417 0.975899
vt 0.766934 0.975899
vt 0.766934 0.964140
vt 0.767417 0.964140
vt 0.016304 0.889959
vt 0.013308 0.915655
vt 0.928376 0.713793
vt 0.931372 0.739489
vt 0.766934 0.958101
vt 0.767417 0.958101
vt 0.925042 0.710974
vt 0.928404 0.736176
vt 0.027210 0.941242
vt 0.015902 0.941208
vt 0.010251 0.941155
vt 0.767416 0.922763
vt 0.766934 0.922763
vt 0.766934 0.903274
vt 0.767416 0.903274
vt 0.923060 0.709248
vt 0.925347 0.728200
vt 0.037960 0.941254
vt 0.013337 0.893272
vt 0.922483 0.688378
vt 0.925319 0.688293
vt 0.766934 0.952518
vt 0.767417 0.952518
vt 0.010279 0.901248
vt 0.767417 0.980883
vt 0.766934 0.980883
vt 0.920567 0.688506
vt 0.818540 0.900199
vt 0.819220 0.900199
vt 0.819220 0.902205
vt 0.818540 0.902205
vt 0.818540 0.897383
vt 0.819220 0.897383
vt 0.818540 0.891751
vt 0.819220 0.891751
vt 0.818540 0.880488
vt 0.819220 0.880488
vt 0.953028 0.688194
vt 0.767416 0.869705
vt 0.767416 0.880488
vt 0.766934 0.880488
vt 0.766934 0.869705
vt 0.766934 0.943675
vt 0.767417 0.943675
vt 0.919574 0.688421
vt 0.920285 0.687556
vt 0.005217 0.941892
vt 0.004506 0.941027
vt 0.952745 0.748171
vt 0.947857 0.747123
vt 0.922329 0.687356
vt 0.007261 0.942091
vt 0.032789 0.882325
vt 0.037677 0.881276
vt 0.936648 0.743559
vt 0.942195 0.687200
vt 0.953027 0.687188
vt 0.037959 0.942259
vt 0.027127 0.942248
vt 0.021580 0.885888
vt 0.930878 0.687234
vt 0.015811 0.942214
vt 0.931343 0.740649
vt 0.016275 0.888798
vt 0.925205 0.687281
vt 0.010137 0.942167
vt 0.927577 0.736623
vt 0.012509 0.892825
vt 0.819220 0.903274
vt 0.818540 0.903274
vt 0.924371 0.728430
vt 0.009303 0.901017
vt 0.921805 0.707565
vt 0.006737 0.921883
vt 0.819220 0.943675
vt 0.818541 0.943676
vt 0.818541 0.922762
vt 0.819220 0.922762
vt 0.767416 0.902205
vt 0.819220 0.952518
vt 0.818541 0.952518
vt 0.819220 0.869705
vt 0.818541 0.869705
vt 0.767416 0.891751
vt 0.767416 0.897383
vt 0.767416 0.900199
vt 0.819220 0.980883
vt 0.818540 0.980883
vt 0.818540 0.975899
vt 0.819220 0.975899
vt 0.819220 0.958101
vt 0.818541 0.958101
vt 0.819220 0.964140
vt 0.818540 0.964140
vt 0.766934 0.900199
vt 0.766934 0.902205
vt 0.766934 0.897383
vt 0.766934 0.891751
vt 0.600426 0.936294
vt 0.599727 0.935821
vt 0.605241 0.922507
vt 0.606068 0.922677
vt 0.605239 0.908100
vt 0.606068 0.907941
vt 0.537694 0.894314
vt 0.538391 0.894786
vt 0.532882 0.908063
vt 0.532058 0.907892
vt 0.589997 0.946718
vt 0.589532 0.946012
vt 0.548098 0.883914
vt 0.548561 0.884618
vt 0.576362 0.952352
vt 0.576204 0.951522
vt 0.561692 0.878284
vt 0.561852 0.879111
vt 0.561590 0.952323
vt 0.561763 0.951493
vt 0.576412 0.878283
vt 0.576242 0.879108
vt 0.547913 0.946593
vt 0.548391 0.945894
vt 0.590015 0.883917
vt 0.589542 0.884615
vt 0.537575 0.936105
vt 0.538279 0.935645
vt 0.600430 0.894330
vt 0.599726 0.894794
vt 0.532031 0.922573
vt 0.532855 0.922418
vt 0.604600 0.908229
vt 0.569027 0.915281
vt 0.599185 0.895158
vt 0.533520 0.908188
vt 0.533491 0.922291
vt 0.599184 0.935460
vt 0.604601 0.922382
vt 0.538933 0.895146
vt 0.589168 0.945471
vt 0.548924 0.885158
vt 0.576075 0.950882
vt 0.561981 0.879749
vt 0.561891 0.950851
vt 0.576117 0.879748
vt 0.548763 0.945342
vt 0.589182 0.885158
vt 0.538810 0.935293
vt 0.616127 0.648623
vt 0.622746 0.672433
vt 0.609099 0.677451
vt 0.598715 0.655026
vt 0.533942 0.777251
vt 0.558326 0.773253
vt 0.561835 0.787362
vt 0.538419 0.795252
vt 0.596443 0.684611
vt 0.582570 0.664161
vt 0.567580 0.800718
vt 0.545748 0.812291
vt 0.585112 0.693723
vt 0.568115 0.675787
vt 0.575409 0.812969
vt 0.555738 0.827922
vt 0.575405 0.704548
vt 0.555730 0.689597
vt 0.585117 0.823793
vt 0.568124 0.841729
vt 0.567576 0.716801
vt 0.545741 0.705230
vt 0.596447 0.832902
vt 0.582578 0.853350
vt 0.561832 0.730159
vt 0.538413 0.722272
vt 0.609101 0.840060
vt 0.598723 0.862482
vt 0.558325 0.744270
vt 0.533939 0.740275
vt 0.622746 0.845076
vt 0.616131 0.868881
vt 0.532435 0.758764
vt 0.557146 0.758762
vt 0.322729 0.688622
vt 0.349235 0.728291
vt 0.309566 0.701785
vt 0.388904 0.754797
vt 0.396028 0.737599
vt 0.302443 0.718983
vt 0.302443 0.737599
vt 0.396028 0.718983
vt 0.309567 0.754797
vt 0.388904 0.701785
vt 0.322729 0.767960
vt 0.375741 0.688622
vt 0.339928 0.775083
vt 0.358543 0.681498
vt 0.358543 0.775083
vt 0.339928 0.681498
vt 0.375741 0.767960
vt 0.533540 0.740209
vt 0.532031 0.758764
vt 0.533543 0.777317
vt 0.598553 0.862849
vt 0.616023 0.869270
vt 0.538030 0.722143
vt 0.582351 0.853685
vt 0.545384 0.705040
vt 0.567846 0.842023
vt 0.555408 0.689353
vt 0.555416 0.828166
vt 0.567836 0.675493
vt 0.545391 0.812480
vt 0.582343 0.663827
vt 0.538036 0.795381
vt 0.598545 0.654660
vt 0.616019 0.648234
vt 0.479397 0.894116
vt 0.478677 0.894604
vt 0.468340 0.884441
vt 0.468798 0.883734
vt 0.455109 0.879087
vt 0.455263 0.878285
vt 0.416391 0.935826
vt 0.417105 0.935369
vt 0.427258 0.945804
vt 0.426771 0.946507
vt 0.485151 0.907859
vt 0.484316 0.908022
vt 0.410989 0.922130
vt 0.411815 0.921984
vt 0.485151 0.922685
vt 0.484320 0.922513
vt 0.411212 0.907571
vt 0.412025 0.907748
vt 0.479447 0.936360
vt 0.478745 0.935881
vt 0.416884 0.894200
vt 0.417571 0.894672
vt 0.468900 0.946815
vt 0.468438 0.946107
vt 0.427247 0.883921
vt 0.427705 0.884620
vt 0.455294 0.952351
vt 0.455137 0.951542
vt 0.440736 0.878341
vt 0.440895 0.879159
vt 0.440566 0.952335
vt 0.440741 0.951484
vt 0.454989 0.879720
vt 0.448011 0.915188
vt 0.441024 0.879790
vt 0.427637 0.945248
vt 0.440872 0.950841
vt 0.478134 0.894974
vt 0.467984 0.884986
vt 0.417656 0.935014
vt 0.483672 0.908155
vt 0.412452 0.921868
vt 0.483677 0.922387
vt 0.412643 0.907878
vt 0.478200 0.935516
vt 0.418105 0.895032
vt 0.468070 0.945553
vt 0.428064 0.885156
vt 0.455015 0.950914
vt 0.495083 0.648624
vt 0.501704 0.672435
vt 0.488056 0.677455
vt 0.477670 0.655029
vt 0.412901 0.777262
vt 0.437285 0.773262
vt 0.440794 0.787371
vt 0.417379 0.795261
vt 0.475400 0.684616
vt 0.461524 0.664165
vt 0.446539 0.800726
vt 0.424709 0.812300
vt 0.464069 0.693730
vt 0.447068 0.675793
vt 0.454369 0.812976
vt 0.434699 0.827928
vt 0.454361 0.704557
vt 0.434683 0.689607
vt 0.464076 0.823798
vt 0.447084 0.841735
vt 0.446532 0.716811
vt 0.424696 0.705240
vt 0.475406 0.832907
vt 0.461539 0.853355
vt 0.440789 0.730168
vt 0.417370 0.722282
vt 0.488059 0.840063
vt 0.477682 0.862484
vt 0.437282 0.744279
vt 0.412896 0.740285
vt 0.501704 0.845078
vt 0.495091 0.868883
vt 0.411393 0.758773
vt 0.436104 0.758771
vt 0.709172 0.925608
vt 0.699865 0.878815
vt 0.726371 0.918484
vt 0.673359 0.839147
vt 0.660196 0.852310
vt 0.739534 0.905321
vt 0.746657 0.888123
vt 0.653072 0.869508
vt 0.746657 0.869508
vt 0.653072 0.888123
vt 0.739534 0.852310
vt 0.660196 0.905321
vt 0.726371 0.839147
vt 0.673359 0.918484
vt 0.709173 0.832023
vt 0.690557 0.925608
vt 0.690557 0.832023
vt 0.412498 0.740219
vt 0.410989 0.758773
vt 0.412502 0.777327
vt 0.477512 0.862851
vt 0.494983 0.869273
vt 0.416987 0.722153
vt 0.461312 0.853689
vt 0.424339 0.705051
vt 0.446806 0.842028
vt 0.434361 0.689362
vt 0.434377 0.828173
vt 0.446790 0.675500
vt 0.424352 0.812489
vt 0.461297 0.663831
vt 0.416996 0.795390
vt 0.477500 0.654662
vt 0.494975 0.648234
vt 0.667489 0.817753
vt 0.669032 0.821373
vt 0.665601 0.821116
vt 0.662713 0.817595
vt 0.666534 0.806702
vt 0.666758 0.813043
vt 0.661502 0.814078
vt 0.661255 0.807389
vt 0.677990 0.801892
vt 0.678932 0.806839
vt 0.672448 0.810674
vt 0.672256 0.804667
vt 0.684333 0.814183
vt 0.684633 0.818827
vt 0.679495 0.819751
vt 0.679058 0.814566
vt 0.711187 0.811672
vt 0.710784 0.814263
vt 0.704742 0.815291
vt 0.704987 0.812687
vt 0.711208 0.802581
vt 0.711223 0.807728
vt 0.704873 0.806931
vt 0.705726 0.802594
vt 0.673283 0.820868
vt 0.672691 0.816493
vt 0.715456 0.801807
vt 0.715525 0.807011
vt 0.715202 0.810577
vt 0.714059 0.813177
vt 0.683691 0.807862
vt 0.719375 0.805067
vt 0.718778 0.808197
vt 0.716513 0.811320
vt 0.719281 0.799752
vt 0.701268 0.807675
vt 0.700805 0.812985
vt 0.700672 0.815991
vt 0.669330 0.744048
vt 0.661822 0.744457
vt 0.677939 0.743712
vt 0.654483 0.744923
vt 0.722296 0.743248
vt 0.717463 0.743128
vt 0.712495 0.743021
vt 0.706019 0.742979
vt 0.618285 0.920079
vt 0.618199 0.926246
vt 0.615080 0.926940
vt 0.615213 0.920432
vt 0.618574 0.899340
vt 0.618344 0.915897
vt 0.615303 0.916019
vt 0.615657 0.898546
vt 0.618562 0.929668
vt 0.615419 0.930543
vt 0.618976 0.883476
vt 0.618737 0.887724
vt 0.615905 0.886288
vt 0.616176 0.881803
vt 0.618648 0.894059
vt 0.615770 0.892973
vt 0.619655 0.932506
vt 0.616496 0.933512
vt 0.987603 0.328918
vt 0.985874 0.332285
vt 0.983383 0.330028
vt 0.985219 0.326615
vt 0.983500 0.400565
vt 0.983580 0.407169
vt 0.980957 0.407169
vt 0.980874 0.400487
vt 0.518718 0.813608
vt 0.519158 0.819957
vt 0.516621 0.822255
vt 0.516156 0.815871
vt 0.619655 0.880147
vt 0.616884 0.878283
vt 0.513816 0.747218
vt 0.510977 0.747314
vt 0.985419 0.335373
vt 0.982901 0.333135
vt 0.985292 0.340326
vt 0.982766 0.338115
vt 0.520116 0.823498
vt 0.522398 0.827350
vt 0.520057 0.829733
vt 0.517636 0.825825
vt 0.513569 0.738984
vt 0.510717 0.738984
vt 0.661204 0.736034
vt 0.653898 0.736032
vt 0.677841 0.736044
vt 0.668972 0.736037
vt 0.712646 0.736089
vt 0.706042 0.736089
vt 0.717729 0.736088
vt 0.722369 0.736087
vt 0.943503 0.901043
vt 0.947121 0.844673
vt 0.952502 0.844990
vt 0.948948 0.900972
vt 0.945983 0.911963
vt 0.943131 0.907176
vt 0.949304 0.905924
vt 0.950675 0.909657
vt 0.739134 0.717252
vt 0.739958 0.710395
vt 0.745105 0.711023
vt 0.744464 0.717790
vt 0.957394 0.928308
vt 0.955284 0.925784
vt 0.959353 0.922791
vt 0.961260 0.925282
vt 0.947604 0.836579
vt 0.953241 0.837084
vt 0.746394 0.654220
vt 0.751620 0.655050
vt 0.747216 0.649740
vt 0.752476 0.650800
vt 0.667455 0.654366
vt 0.662694 0.654528
vt 0.665569 0.651016
vt 0.668988 0.650757
vt 0.666520 0.665388
vt 0.661248 0.664708
vt 0.661490 0.658036
vt 0.666732 0.659063
vt 0.677971 0.670147
vt 0.672237 0.667405
vt 0.672410 0.661416
vt 0.678879 0.665223
vt 0.684236 0.657904
vt 0.678985 0.657526
vt 0.679414 0.652359
vt 0.684536 0.653276
vt 0.711061 0.660427
vt 0.704861 0.659413
vt 0.704617 0.656811
vt 0.710657 0.657836
vt 0.711087 0.669525
vt 0.705596 0.669515
vt 0.704745 0.665170
vt 0.711100 0.664372
vt 0.672641 0.655615
vt 0.673224 0.651255
vt 0.715342 0.670295
vt 0.715404 0.665087
vt 0.715078 0.661519
vt 0.713933 0.658920
vt 0.683589 0.664191
vt 0.719260 0.667027
vt 0.718659 0.663897
vt 0.716389 0.660775
vt 0.719174 0.672347
vt 0.701140 0.664421
vt 0.700681 0.659114
vt 0.700550 0.656111
vt 0.669339 0.728025
vt 0.661828 0.727611
vt 0.677957 0.728370
vt 0.654490 0.727142
vt 0.722296 0.728924
vt 0.717461 0.729048
vt 0.712493 0.729160
vt 0.706024 0.729206
vt 0.497369 0.891719
vt 0.494296 0.891366
vt 0.494164 0.884857
vt 0.497283 0.885551
vt 0.497658 0.912458
vt 0.494740 0.913252
vt 0.494386 0.895779
vt 0.497427 0.895900
vt 0.494503 0.881254
vt 0.497646 0.882130
vt 0.498060 0.928321
vt 0.495260 0.929994
vt 0.494989 0.925509
vt 0.497821 0.924073
vt 0.497732 0.917738
vt 0.494853 0.918824
vt 0.495580 0.878285
vt 0.498738 0.879291
vt 0.987603 0.485421
vt 0.985219 0.487723
vt 0.983383 0.484311
vt 0.985874 0.482053
vt 0.983500 0.413773
vt 0.980874 0.413852
vt 0.518718 0.664360
vt 0.516156 0.662097
vt 0.516620 0.655713
vt 0.519158 0.658011
vt 0.498738 0.931650
vt 0.495967 0.933514
vt 0.513816 0.730750
vt 0.510977 0.730654
vt 0.982901 0.481204
vt 0.985419 0.478966
vt 0.982766 0.476224
vt 0.985292 0.474013
vt 0.520116 0.654470
vt 0.517636 0.652143
vt 0.520057 0.648234
vt 0.522398 0.650617
vt 0.954969 0.772588
vt 0.960339 0.773342
vt 0.953918 0.829170
vt 0.948561 0.828529
vt 0.744503 0.807585
vt 0.749719 0.804318
vt 0.752476 0.808593
vt 0.747477 0.811817
vt 0.743738 0.724550
vt 0.738575 0.724136
vt 0.733259 0.786265
vt 0.739588 0.784458
vt 0.740899 0.787899
vt 0.735269 0.790256
vt 0.738984 0.780514
vt 0.733774 0.780674
vt 0.955961 0.767338
vt 0.961260 0.768355
vt 0.942552 0.901518
vt 0.946228 0.844682
vt 0.719926 0.670870
vt 0.723095 0.728763
vt 0.653072 0.736031
vt 0.653580 0.726949
vt 0.660820 0.656552
vt 0.662084 0.652961
vt 0.665038 0.649384
vt 0.672868 0.649646
vt 0.679190 0.650784
vt 0.700747 0.654606
vt 0.704893 0.655310
vt 0.719906 0.665679
vt 0.719260 0.662480
vt 0.660477 0.663113
vt 0.668537 0.649125
vt 0.723072 0.736087
vt 0.716923 0.659305
vt 0.714405 0.657429
vt 0.684415 0.651725
vt 0.711056 0.656338
vt 0.723095 0.743408
vt 0.720034 0.801226
vt 0.653572 0.745116
vt 0.662103 0.819168
vt 0.660832 0.815566
vt 0.665069 0.822755
vt 0.679272 0.821332
vt 0.672927 0.822484
vt 0.705019 0.816792
vt 0.700870 0.817498
vt 0.720022 0.806413
vt 0.719381 0.809612
vt 0.660484 0.808987
vt 0.668581 0.823011
vt 0.717049 0.812789
vt 0.714532 0.814668
vt 0.684512 0.820382
vt 0.711184 0.815761
vt 0.734354 0.790185
vt 0.744101 0.808357
vt 0.732768 0.781129
vt 0.732107 0.786376
vt 0.955207 0.766709
vt 0.954122 0.771914
vt 0.737685 0.724121
vt 0.947684 0.828363
vt 0.946758 0.836504
vt 0.738301 0.717169
vt 0.747159 0.812802
vt 0.954995 0.926532
vt 0.945239 0.911980
vt 0.745537 0.653557
vt 0.746443 0.649125
vt 0.942093 0.907322
vt 0.739083 0.710234
vt 0.957169 0.929177
vt 0.029485 0.955501
vt 0.029497 0.952381
vt 0.046051 0.952957
vt 0.046207 0.956023
vt 0.029229 0.976294
vt 0.029300 0.971747
vt 0.045721 0.971650
vt 0.045046 0.976112
vt 0.049909 0.953938
vt 0.050666 0.956759
vt 0.050658 0.971360
vt 0.049527 0.975094
vt 0.005948 0.956245
vt 0.010419 0.955616
vt 0.010560 0.971259
vt 0.005634 0.970863
vt 0.006773 0.953438
vt 0.010660 0.952552
vt 0.006686 0.974628
vt 0.011151 0.975738
vt 0.974013 0.127956
vt 0.974013 0.124697
vt 0.985059 0.124697
vt 0.985060 0.127956
vt 0.974013 0.219836
vt 0.974013 0.215508
vt 0.985059 0.215508
vt 0.985059 0.219836
vt 0.974013 0.212249
vt 0.974013 0.196671
vt 0.985059 0.196671
vt 0.985059 0.212249
vt 0.974013 0.152831
vt 0.974013 0.147864
vt 0.985060 0.147864
vt 0.985060 0.152831
vt 0.974013 0.168945
vt 0.985059 0.168945
vt 0.974013 0.143534
vt 0.985060 0.143534
vt 0.974013 0.260209
vt 0.974013 0.255881
vt 0.985059 0.255881
vt 0.985060 0.260209
vt 0.974013 0.239020
vt 0.985060 0.239020
vt 0.974013 0.192342
vt 0.974013 0.187374
vt 0.985059 0.187374
vt 0.985059 0.192342
vt 0.677984 0.938758
vt 0.678017 0.935816
vt 0.696716 0.936347
vt 0.697012 0.939256
vt 0.677753 0.959305
vt 0.677802 0.954947
vt 0.696538 0.954915
vt 0.695722 0.959213
vt 0.700626 0.937268
vt 0.701354 0.940099
vt 0.701348 0.954522
vt 0.700257 0.958266
vt 0.642809 0.954353
vt 0.642809 0.957613
vt 0.631759 0.957613
vt 0.631759 0.954353
vt 0.642809 0.929478
vt 0.642809 0.934446
vt 0.631759 0.934446
vt 0.631759 0.929478
vt 0.642809 0.911050
vt 0.631759 0.911050
vt 0.642809 0.938775
vt 0.631759 0.938775
vt 0.642809 0.817487
vt 0.642809 0.821815
vt 0.631759 0.821815
vt 0.631759 0.817487
vt 0.642809 0.840988
vt 0.631759 0.840988
vt 0.085635 0.972956
vt 0.102316 0.972538
vt 0.101872 0.975409
vt 0.085629 0.975855
vt 0.085373 0.952500
vt 0.100891 0.952575
vt 0.101852 0.956823
vt 0.085457 0.956809
vt 0.105778 0.974532
vt 0.106501 0.971685
vt 0.106495 0.957231
vt 0.105413 0.953468
vt 0.062426 0.972176
vt 0.062121 0.957709
vt 0.066745 0.957203
vt 0.066620 0.972934
vt 0.063214 0.975011
vt 0.067145 0.975795
vt 0.063125 0.953919
vt 0.067634 0.952934
vt 0.510717 0.926298
vt 0.521767 0.926298
vt 0.521767 0.929557
vt 0.510717 0.929557
vt 0.510717 0.969930
vt 0.521767 0.969930
vt 0.521767 0.974258
vt 0.510717 0.974258
vt 0.510717 0.842005
vt 0.521767 0.842005
vt 0.521767 0.857583
vt 0.510717 0.857583
vt 0.510717 0.901423
vt 0.521767 0.901423
vt 0.521767 0.906390
vt 0.510717 0.906390
vt 0.510717 0.885309
vt 0.521767 0.885309
vt 0.521767 0.910720
vt 0.510717 0.910720
vt 0.510717 0.838746
vt 0.521767 0.838746
vt 0.521767 0.933885
vt 0.510717 0.933885
vt 0.510717 0.950746
vt 0.521767 0.950746
vt 0.510717 0.861912
vt 0.521767 0.861912
vt 0.521767 0.866880
vt 0.510717 0.866880
vt 0.658948 0.938829
vt 0.659310 0.935927
vt 0.659790 0.958809
vt 0.659071 0.954495
vt 0.655380 0.936760
vt 0.654589 0.939574
vt 0.654271 0.953993
vt 0.655277 0.957761
vt 0.642809 0.867748
vt 0.631759 0.867748
vt 0.631759 0.864488
vt 0.642809 0.864488
vt 0.642809 0.892622
vt 0.631759 0.892622
vt 0.631759 0.887655
vt 0.642809 0.887655
vt 0.631759 0.883326
vt 0.642809 0.883326
vt 0.631759 0.860160
vt 0.642809 0.860161
vt 0.029246 0.977412
vt 0.010559 0.976813
vt 0.029540 0.951272
vt 0.046658 0.951895
vt 0.005791 0.975476
vt 0.004506 0.971303
vt 0.051768 0.956272
vt 0.051768 0.971824
vt 0.010070 0.951476
vt 0.050793 0.953109
vt 0.004850 0.955733
vt 0.005901 0.952588
vt 0.050396 0.975960
vt 0.045608 0.977199
vt 0.658628 0.934760
vt 0.678030 0.934620
vt 0.653072 0.954514
vt 0.653422 0.938970
vt 0.654421 0.935806
vt 0.654294 0.958714
vt 0.677739 0.960513
vt 0.659106 0.959977
vt 0.697423 0.935195
vt 0.702535 0.939521
vt 0.702535 0.955069
vt 0.701606 0.936335
vt 0.701219 0.959241
vt 0.696380 0.960395
vt 0.066824 0.951749
vt 0.085402 0.951272
vt 0.102701 0.976576
vt 0.085685 0.977069
vt 0.060781 0.957170
vt 0.061993 0.952942
vt 0.107812 0.956664
vt 0.107812 0.972282
vt 0.066331 0.976981
vt 0.106898 0.975486
vt 0.062104 0.975992
vt 0.061117 0.972803
vt 0.106512 0.952469
vt 0.101663 0.951374
vt 0.363974 0.871622
vt 0.363152 0.871070
vt 0.363441 0.870788
vt 0.364208 0.871333
vt 0.361922 0.845715
vt 0.362007 0.837289
vt 0.362403 0.837301
vt 0.362297 0.845656
vt 0.987910 0.776305
vt 0.982808 0.786923
vt 0.979658 0.784796
vt 0.984997 0.773759
vt 0.372670 0.871098
vt 0.372074 0.871644
vt 0.371829 0.871453
vt 0.372385 0.870944
vt 0.374691 0.837639
vt 0.374424 0.845340
vt 0.374078 0.845271
vt 0.374337 0.837629
vt 0.373249 0.869454
vt 0.372927 0.869333
vt 0.362485 0.869367
vt 0.362818 0.869127
vt 0.362186 0.864844
vt 0.362524 0.864710
vt 0.368817 0.871761
vt 0.367770 0.871759
vt 0.367780 0.871499
vt 0.368769 0.871512
vt 0.373528 0.864927
vt 0.373192 0.864870
vt 0.347424 0.886602
vt 0.344612 0.882665
vt 0.344864 0.882372
vt 0.347645 0.886291
vt 0.393927 0.838194
vt 0.393730 0.846033
vt 0.393429 0.845956
vt 0.393662 0.838187
vt 0.362222 0.867682
vt 0.362567 0.867483
vt 0.371717 0.884990
vt 0.367317 0.885648
vt 0.367335 0.885346
vt 0.371680 0.884692
vt 0.385610 0.881762
vt 0.382239 0.882975
vt 0.382097 0.882687
vt 0.385435 0.881478
vt 0.343547 0.878774
vt 0.343809 0.878501
vt 0.373443 0.867793
vt 0.373112 0.867701
vt 0.383113 0.884753
vt 0.371939 0.886828
vt 0.980862 0.790955
vt 0.977372 0.789423
vt 0.976319 0.800416
vt 0.975040 0.803659
vt 0.971270 0.802616
vt 0.972616 0.799257
vt 0.989872 0.772462
vt 0.987046 0.769761
vt 0.367196 0.887742
vt 0.354423 0.889121
vt 0.354531 0.888879
vt 0.367210 0.887504
vt 0.974386 0.806660
vt 0.970571 0.805696
vt 0.974126 0.810459
vt 0.970272 0.809560
vt 0.980737 0.845221
vt 0.982165 0.851690
vt 0.978611 0.852450
vt 0.977170 0.845924
vt 0.959389 0.254659
vt 0.961172 0.260778
vt 0.958100 0.263315
vt 0.956300 0.257172
vt 0.991691 0.769534
vt 0.988938 0.766709
vt 0.951073 0.224540
vt 0.947481 0.225513
vt 0.974529 0.813560
vt 0.970667 0.812679
vt 0.975498 0.818426
vt 0.971638 0.817566
vt 0.962593 0.264172
vt 0.965000 0.267983
vt 0.962044 0.270595
vt 0.959553 0.266730
vt 0.343284 0.871690
vt 0.341877 0.846470
vt 0.342229 0.846398
vt 0.343592 0.871400
vt 0.391359 0.867831
vt 0.391095 0.867573
vt 0.391088 0.873184
vt 0.390445 0.876498
vt 0.390219 0.876240
vt 0.390861 0.872943
vt 0.948930 0.216561
vt 0.945316 0.217465
vt 0.388127 0.879794
vt 0.387927 0.879521
vt 0.367173 0.888006
vt 0.354343 0.889387
vt 0.371967 0.887063
vt 0.383224 0.884979
vt 0.383336 0.885234
vt 0.372023 0.887324
vt 0.355385 0.886975
vt 0.350955 0.887147
vt 0.351140 0.886838
vt 0.355524 0.886666
vt 0.341658 0.836561
vt 0.341970 0.836571
vt 0.371273 0.871820
vt 0.371083 0.871595
vt 0.365009 0.871793
vt 0.365175 0.871505
vt 0.632533 0.744516
vt 0.632405 0.741367
vt 0.639822 0.741331
vt 0.639810 0.744288
vt 0.632380 0.739626
vt 0.632372 0.737827
vt 0.639822 0.737823
vt 0.639822 0.739615
vt 0.371597 0.884342
vt 0.381810 0.882386
vt 0.632243 0.701951
vt 0.632041 0.692624
vt 0.639688 0.692685
vt 0.639517 0.701750
vt 0.632369 0.733781
vt 0.632368 0.732748
vt 0.639820 0.732745
vt 0.639821 0.733778
vt 0.632368 0.726144
vt 0.632376 0.724381
vt 0.639815 0.724411
vt 0.639817 0.726149
vt 0.632424 0.721227
vt 0.639797 0.721421
vt 0.632870 0.764288
vt 0.640186 0.764466
vt 0.632782 0.772747
vt 0.640350 0.772672
vt 0.632367 0.728976
vt 0.632367 0.727994
vt 0.639818 0.727993
vt 0.639819 0.728974
vt 0.632371 0.737027
vt 0.632370 0.736228
vt 0.639821 0.736225
vt 0.639822 0.737023
vt 0.632367 0.730002
vt 0.639819 0.730000
vt 0.351478 0.886429
vt 0.355770 0.886264
vt 0.632106 0.736228
vt 0.632105 0.733782
vt 0.390373 0.872813
vt 0.390678 0.867500
vt 0.385076 0.881211
vt 0.344062 0.871219
vt 0.344345 0.878213
vt 0.389748 0.876069
vt 0.345368 0.882034
vt 0.392990 0.845858
vt 0.367349 0.884979
vt 0.342726 0.846305
vt 0.348073 0.885888
vt 0.387511 0.879301
vt 0.393101 0.838170
vt 0.342613 0.836593
vt 0.632107 0.737828
vt 0.632107 0.737027
vt 0.632103 0.730002
vt 0.632103 0.728976
vt 0.632121 0.721226
vt 0.631938 0.701956
vt 0.632132 0.741373
vt 0.632114 0.739628
vt 0.632102 0.727994
vt 0.632102 0.726144
vt 0.632498 0.772750
vt 0.632561 0.764289
vt 0.632228 0.744524
vt 0.632103 0.724380
vt 0.632104 0.732748
vt 0.631759 0.692622
vt 0.392723 0.869089
vt 0.395251 0.846479
vt 0.395563 0.846514
vt 0.393014 0.869311
vt 0.339515 0.836488
vt 0.340108 0.846909
vt 0.339767 0.846932
vt 0.339221 0.836479
vt 0.341632 0.880693
vt 0.342867 0.884739
vt 0.342647 0.884955
vt 0.341378 0.880875
vt 0.345928 0.888736
vt 0.345762 0.888985
vt 0.392742 0.874880
vt 0.392983 0.875062
vt 0.392000 0.878305
vt 0.392212 0.878512
vt 0.341742 0.873069
vt 0.341425 0.873288
vt 0.349674 0.889311
vt 0.349560 0.889576
vt 0.395754 0.838246
vt 0.396028 0.838254
vt 0.389509 0.881700
vt 0.389684 0.881932
vt 0.386818 0.883731
vt 0.386959 0.883975
vt 0.389353 0.881484
vt 0.391826 0.878104
vt 0.339761 0.836497
vt 0.340397 0.846846
vt 0.342010 0.872825
vt 0.341847 0.880483
vt 0.346096 0.888493
vt 0.349818 0.889068
vt 0.386681 0.883508
vt 0.392556 0.874695
vt 0.392492 0.868871
vt 0.395005 0.846412
vt 0.343061 0.884508
vt 0.395545 0.838240
vt 0.366294 0.802922
vt 0.366510 0.803227
vt 0.365708 0.803723
vt 0.365437 0.803423
vt 0.362469 0.828864
vt 0.362842 0.828949
vt 0.942769 0.156906
vt 0.939088 0.155713
vt 0.945818 0.145465
vt 0.949261 0.147076
vt 0.374820 0.804028
vt 0.374530 0.804157
vt 0.374022 0.803621
vt 0.374277 0.803454
vt 0.374544 0.829974
vt 0.374896 0.829927
vt 0.375266 0.805675
vt 0.374943 0.805769
vt 0.364983 0.805339
vt 0.364667 0.805078
vt 0.364067 0.809552
vt 0.364396 0.809709
vt 0.371125 0.803086
vt 0.371060 0.803326
vt 0.370087 0.803275
vt 0.370094 0.803017
vt 0.374843 0.810173
vt 0.375182 0.810140
vt 0.350790 0.786919
vt 0.350989 0.787243
vt 0.347950 0.790963
vt 0.347718 0.790655
vt 0.393872 0.830423
vt 0.394177 0.830364
vt 0.364624 0.806958
vt 0.364294 0.806737
vt 0.374857 0.790228
vt 0.374800 0.790521
vt 0.370539 0.789560
vt 0.370543 0.789259
vt 0.388348 0.794421
vt 0.388155 0.794689
vt 0.384948 0.793259
vt 0.385109 0.792985
vt 0.346638 0.794754
vt 0.346395 0.794464
vt 0.375320 0.807312
vt 0.374989 0.807375
vt 0.386100 0.791293
vt 0.375211 0.788424
vt 0.948615 0.141128
vt 0.951721 0.143337
vt 0.957508 0.134580
vt 0.954612 0.131998
vt 0.956804 0.129118
vt 0.959634 0.131817
vt 0.940478 0.160563
vt 0.936709 0.159525
vt 0.370573 0.787170
vt 0.370569 0.787407
vt 0.358038 0.785135
vt 0.357947 0.784886
vt 0.959088 0.126936
vt 0.961874 0.129716
vt 0.962250 0.124697
vt 0.965000 0.127542
vt 0.983508 0.858177
vt 0.979965 0.858994
vt 0.940221 0.178024
vt 0.936314 0.177261
vt 0.935009 0.170995
vt 0.938914 0.171787
vt 0.938900 0.163628
vt 0.935062 0.162715
vt 0.947064 0.208512
vt 0.943437 0.209345
vt 0.991691 0.892602
vt 0.988542 0.894999
vt 0.987627 0.891991
vt 0.990791 0.889608
vt 0.986514 0.887135
vt 0.989685 0.884771
vt 0.938570 0.168123
vt 0.934684 0.167297
vt 0.345660 0.801518
vt 0.345948 0.801828
vt 0.342890 0.826773
vt 0.342543 0.826677
vt 0.392828 0.808810
vt 0.393105 0.808571
vt 0.393174 0.803259
vt 0.392935 0.803482
vt 0.392516 0.800185
vt 0.392756 0.799945
vt 0.390693 0.796537
vt 0.390478 0.796793
vt 0.357886 0.784616
vt 0.370569 0.786906
vt 0.375256 0.788193
vt 0.375330 0.787939
vt 0.386353 0.790834
vt 0.386225 0.791078
vt 0.358756 0.787093
vt 0.358873 0.787410
vt 0.354513 0.786937
vt 0.354350 0.786616
vt 0.373313 0.803418
vt 0.373514 0.803216
vt 0.367343 0.802811
vt 0.367493 0.803109
vt 0.633094 0.800979
vt 0.640374 0.801061
vt 0.640445 0.804018
vt 0.633029 0.804130
vt 0.633038 0.805870
vt 0.640479 0.805733
vt 0.640515 0.807526
vt 0.633065 0.807670
vt 0.384644 0.793536
vt 0.374693 0.790861
vt 0.632392 0.683303
vt 0.639661 0.683619
vt 0.633027 0.651482
vt 0.640477 0.651604
vt 0.640460 0.652637
vt 0.633010 0.652515
vt 0.632905 0.659118
vt 0.640351 0.659231
vt 0.640322 0.660969
vt 0.632884 0.660880
vt 0.640256 0.663958
vt 0.632881 0.664035
vt 0.633038 0.781204
vt 0.640349 0.780880
vt 0.632948 0.656286
vt 0.640398 0.656408
vt 0.640382 0.657388
vt 0.632933 0.657268
vt 0.633080 0.648238
vt 0.640530 0.648360
vt 0.640517 0.649158
vt 0.633067 0.649036
vt 0.632965 0.655260
vt 0.640415 0.655382
vt 0.640530 0.808325
vt 0.633080 0.808470
vt 0.359089 0.787828
vt 0.354823 0.787368
vt 0.632803 0.649032
vt 0.632763 0.651478
vt 0.392409 0.808857
vt 0.392444 0.803579
vt 0.387782 0.794927
vt 0.347153 0.795077
vt 0.346406 0.802041
vt 0.392040 0.800322
vt 0.348429 0.791335
vt 0.393430 0.830495
vt 0.370527 0.789925
vt 0.343381 0.826900
vt 0.351388 0.787675
vt 0.390051 0.796981
vt 0.632801 0.807674
vt 0.632816 0.808475
vt 0.632701 0.655256
vt 0.632684 0.656282
vt 0.632579 0.664031
vt 0.632088 0.683293
vt 0.632816 0.648234
vt 0.632755 0.804129
vt 0.632772 0.805874
vt 0.632668 0.657263
vt 0.632639 0.659114
vt 0.632729 0.781208
vt 0.632788 0.800976
vt 0.632611 0.660877
vt 0.632746 0.652510
vt 0.394534 0.807408
vt 0.394835 0.807206
vt 0.396028 0.829991
vt 0.395715 0.830007
vt 0.340463 0.826073
vt 0.340802 0.826119
vt 0.344613 0.792421
vt 0.344372 0.792223
vt 0.345912 0.788238
vt 0.346118 0.788468
vt 0.349294 0.784427
vt 0.349442 0.784686
vt 0.394916 0.801690
vt 0.395165 0.801526
vt 0.394409 0.798267
vt 0.394631 0.798077
vt 0.343908 0.799795
vt 0.344211 0.800036
vt 0.353125 0.784096
vt 0.353221 0.784369
vt 0.392186 0.794754
vt 0.392374 0.794537
vt 0.389678 0.792566
vt 0.389835 0.792335
vt 0.394225 0.798453
vt 0.392018 0.794956
vt 0.341087 0.826201
vt 0.344814 0.792645
vt 0.344462 0.800297
vt 0.353348 0.784621
vt 0.349594 0.784941
vt 0.389527 0.792776
vt 0.394292 0.807610
vt 0.394721 0.801861
vt 0.395466 0.830060
vt 0.346296 0.788711
vt 0.613549 0.538919
vt 0.583812 0.404928
vt 0.586831 0.404609
vt 0.616473 0.537090
vt 0.548373 0.218957
vt 0.630872 0.024890
vt 0.633119 0.028554
vt 0.552487 0.218126
vt 0.636566 0.632704
vt 0.631848 0.619391
vt 0.634924 0.616700
vt 0.639759 0.630084
vt 0.539790 0.242491
vt 0.538911 0.231541
vt 0.540323 0.231684
vt 0.541671 0.242143
vt 0.854572 0.020679
vt 0.861668 0.007688
vt 0.863236 0.008519
vt 0.856452 0.021526
vt 0.775698 0.246477
vt 0.774035 0.233386
vt 0.775506 0.233548
vt 0.777350 0.246314
vt 0.627440 0.622706
vt 0.608829 0.541416
vt 0.610670 0.540909
vt 0.628948 0.622173
vt 0.626737 0.020349
vt 0.634128 0.007911
vt 0.635632 0.008783
vt 0.628547 0.021237
vt 0.822275 0.462809
vt 0.792998 0.327684
vt 0.794873 0.327368
vt 0.824898 0.462276
vt 0.856275 0.626440
vt 0.858106 0.625968
vt 0.578159 0.405900
vt 0.580774 0.405273
vt 0.542165 0.219084
vt 0.544025 0.219773
vt 0.777237 0.220299
vt 0.779196 0.220961
vt 0.638081 0.012808
vt 0.640352 0.016738
vt 0.545267 0.243344
vt 0.548842 0.244658
vt 0.783514 0.219851
vt 0.858789 0.025183
vt 0.860992 0.028845
vt 0.787529 0.218696
vt 0.865093 0.634013
vt 0.860765 0.623371
vt 0.863479 0.620585
vt 0.867991 0.631008
vt 0.544092 0.231911
vt 0.548385 0.232140
vt 0.779340 0.233572
vt 0.783650 0.233385
vt 0.827784 0.461310
vt 0.798302 0.327951
vt 0.801707 0.328372
vt 0.830642 0.460329
vt 0.631862 0.636240
vt 0.633343 0.635621
vt 0.865670 0.012489
vt 0.867869 0.016346
vt 0.781202 0.247602
vt 0.784985 0.248691
vt 0.860355 0.637788
vt 0.861874 0.637238
vt 0.552937 0.232735
vt 0.552802 0.244188
vt 0.834410 0.459484
vt 0.867345 0.619349
vt 0.556216 0.219364
vt 0.789213 0.247821
vt 0.805723 0.327314
vt 0.864576 0.030567
vt 0.791298 0.219800
vt 0.620579 0.536348
vt 0.639318 0.615714
vt 0.788474 0.233616
vt 0.636629 0.030415
vt 0.871781 0.018727
vt 0.644060 0.019193
vt 0.590623 0.403779
vt 0.644060 0.628915
vt 0.871781 0.629379
vt 0.010302 0.021650
vt 0.023093 0.018795
vt 0.047453 0.061395
vt 0.038894 0.063604
vt 0.401303 0.314309
vt 0.397090 0.330028
vt 0.368869 0.281754
vt 0.372485 0.272508
vt 0.176063 0.022908
vt 0.302273 0.015995
vt 0.291994 0.056888
vt 0.181175 0.060482
vt 0.021324 0.316489
vt 0.008535 0.313441
vt 0.037815 0.271820
vt 0.046361 0.274148
vt 0.380418 0.005635
vt 0.397150 0.008498
vt 0.368912 0.056452
vt 0.357312 0.054243
vt 0.380259 0.332854
vt 0.301676 0.322089
vt 0.291587 0.280904
vt 0.357231 0.283937
vt 0.174793 0.314181
vt 0.180239 0.276518
vt 0.005186 0.299554
vt 0.006760 0.035427
vt 0.035782 0.071861
vt 0.034821 0.263529
vt 0.401306 0.024142
vt 0.372492 0.065657
vt 0.397728 0.007565
vt 0.401977 0.023248
vt 0.007941 0.314271
vt 0.004506 0.300341
vt 0.401977 0.315206
vt 0.174493 0.316577
vt 0.020732 0.317551
vt 0.006095 0.034637
vt 0.009723 0.020814
vt 0.397669 0.330968
vt 0.380708 0.333990
vt 0.302094 0.323761
vt 0.022517 0.017728
vt 0.175788 0.020520
vt 0.302699 0.014336
vt 0.380869 0.004506
vt 0.292133 0.268809
vt 0.180561 0.265139
vt 0.357901 0.271010
vt 0.046263 0.262557
vt 0.181407 0.071830
vt 0.047228 0.072968
vt 0.357942 0.067149
vt 0.292440 0.068932
vt 0.571473 0.407519
vt 0.532548 0.243151
vt 0.853021 0.640116
vt 0.849483 0.628546
vt 0.785762 0.328887
vt 0.767922 0.247046
vt 0.624607 0.639221
vt 0.620147 0.625329
vt 0.771284 0.218672
vt 0.849010 0.018120
vt 0.766934 0.232235
vt 0.536211 0.217368
vt 0.621264 0.017583
vt 0.532031 0.230687
vt 0.601733 0.543389
vt 0.815567 0.464159
vt 0.627172 0.004506
vt 0.854445 0.004506
vt 0.492509 0.104807
vt 0.495433 0.106636
vt 0.465792 0.239107
vt 0.462773 0.238787
vt 0.427331 0.424762
vt 0.431446 0.425593
vt 0.512078 0.615174
vt 0.509831 0.618838
vt 0.515525 0.011022
vt 0.518718 0.013642
vt 0.513884 0.027026
vt 0.510808 0.024335
vt 0.418748 0.401227
vt 0.420630 0.401575
vt 0.419281 0.412035
vt 0.417870 0.412177
vt 0.740710 0.623939
vt 0.742590 0.623092
vt 0.749376 0.636100
vt 0.747807 0.636931
vt 0.661838 0.398126
vt 0.663490 0.398290
vt 0.661645 0.411056
vt 0.660174 0.411218
vt 0.506400 0.021021
vt 0.507908 0.021553
vt 0.489630 0.102817
vt 0.487789 0.102310
vt 0.505696 0.623379
vt 0.507506 0.622491
vt 0.514590 0.634946
vt 0.513086 0.635818
vt 0.708417 0.181796
vt 0.711039 0.182328
vt 0.681013 0.317234
vt 0.679138 0.316917
vt 0.742418 0.018180
vt 0.744248 0.018652
vt 0.459735 0.238443
vt 0.457120 0.237815
vt 0.422984 0.423946
vt 0.421124 0.424635
vt 0.665335 0.423643
vt 0.663376 0.424305
vt 0.519311 0.626990
vt 0.517039 0.630921
vt 0.427801 0.399060
vt 0.424226 0.400374
vt 0.669653 0.424754
vt 0.673669 0.425909
vt 0.747132 0.615773
vt 0.744929 0.619434
vt 0.751234 0.010608
vt 0.754132 0.013613
vt 0.749620 0.024034
vt 0.746907 0.021248
vt 0.423050 0.411807
vt 0.427344 0.411579
vt 0.665479 0.411032
vt 0.669789 0.411219
vt 0.713926 0.183295
vt 0.716784 0.184275
vt 0.687848 0.316229
vt 0.684442 0.316650
vt 0.510821 0.007487
vt 0.512302 0.008106
vt 0.754009 0.628272
vt 0.751810 0.632129
vt 0.667341 0.397002
vt 0.671125 0.395912
vt 0.746497 0.006834
vt 0.748016 0.007384
vt 0.431761 0.399530
vt 0.431896 0.410984
vt 0.753486 0.025271
vt 0.720552 0.185120
vt 0.435175 0.424355
vt 0.691864 0.317288
vt 0.675353 0.396782
vt 0.677437 0.424805
vt 0.750716 0.614050
vt 0.518277 0.028012
vt 0.499538 0.107378
vt 0.674613 0.410988
vt 0.515588 0.613313
vt 0.757921 0.625891
vt 0.523019 0.624535
vt 0.469583 0.239936
vt 0.523019 0.014812
vt 0.757921 0.015241
vt 0.010302 0.655342
vt 0.038894 0.613388
vt 0.047453 0.615597
vt 0.023094 0.658198
vt 0.401303 0.362684
vt 0.372485 0.404485
vt 0.368869 0.395239
vt 0.397090 0.346965
vt 0.176063 0.654084
vt 0.181175 0.616510
vt 0.291994 0.620105
vt 0.302273 0.660998
vt 0.021324 0.360503
vt 0.046362 0.402845
vt 0.037815 0.405172
vt 0.008535 0.363552
vt 0.380418 0.671358
vt 0.357312 0.622749
vt 0.368912 0.620540
vt 0.397150 0.668494
vt 0.380259 0.344139
vt 0.357231 0.393055
vt 0.291587 0.396089
vt 0.301676 0.354903
vt 0.180240 0.400474
vt 0.174793 0.362812
vt 0.005186 0.377439
vt 0.034821 0.413464
vt 0.035783 0.605131
vt 0.006760 0.641566
vt 0.401306 0.652851
vt 0.372492 0.611336
vt 0.397728 0.669427
vt 0.401977 0.653745
vt 0.007941 0.362721
vt 0.004506 0.376652
vt 0.401977 0.361787
vt 0.174493 0.360415
vt 0.020732 0.359441
vt 0.006095 0.642355
vt 0.009723 0.656179
vt 0.397669 0.346025
vt 0.380708 0.343003
vt 0.302094 0.353232
vt 0.022517 0.659265
vt 0.175788 0.656472
vt 0.302699 0.662657
vt 0.380869 0.672486
vt 0.292134 0.408184
vt 0.180561 0.411853
vt 0.357901 0.405983
vt 0.046264 0.414435
vt 0.047228 0.604024
vt 0.181407 0.605163
vt 0.292440 0.608060
vt 0.357943 0.609844
vt 0.450434 0.236197
vt 0.411507 0.400567
vt 0.739164 0.004506
vt 0.735626 0.016074
vt 0.671902 0.315715
vt 0.654061 0.397558
vt 0.503567 0.004506
vt 0.499107 0.018397
vt 0.657422 0.425932
vt 0.735148 0.626498
vt 0.653072 0.412369
vt 0.415169 0.426351
vt 0.500222 0.626145
vt 0.410989 0.413032
vt 0.480693 0.100338
vt 0.701709 0.180445
vt 0.506130 0.639222
vt 0.740584 0.640113
vt 0.004506 0.872264
vt 0.004506 0.827386
vt 0.891172 0.757697
vt 0.880794 0.757697
vt 0.925671 0.317603
vt 0.880794 0.317603
vt 0.910562 0.757697
vt 0.900184 0.757697
s 1
usemtl others
f 3581/1708/2026 3574/1709/2027 1357/1710/771 1457/1711/755
f 3686/1712/2099 3679/1713/2100 1350/1714/764 1459/1715/748
f 3566/1716/2015 3559/1717/2016 1358/1718/772 1458/1719/756
f 3671/1720/2090 3664/1721/2091 1351/1722/765 1460/1723/749
f 3536/1724/1994 3529/1725/1995 1344/1726/758 1463/1727/742
f 3551/1728/2005 3544/1729/2006 1359/1730/773 1461/1731/757
f 3656/1732/2081 3649/1733/2082 1352/1734/766 1462/1735/750
f 3761/1736/2154 3754/1737/2155 1345/1738/759 1464/1739/743
f 3641/1740/2070 3634/1741/2071 1353/1742/767 1465/1743/751
f 3746/1744/2143 3739/1745/2144 1346/1746/760 1466/1747/744
f 3626/1748/2059 3619/1749/2060 1354/1750/768 1467/1751/752
f 3731/1752/2132 3724/1753/2133 1347/1754/761 1468/1755/745
f 3611/1756/2048 3604/1757/2049 1355/1758/769 1469/1759/753
f 3716/1760/2121 3709/1761/2122 1348/1762/762 1470/1763/746
f 3596/1764/2037 3589/1765/2038 1356/1766/770 1471/1767/754
f 3701/1768/2110 3694/1769/2111 1349/1770/763 1472/1771/747
f 3718/1772/2129 3710/1773/2123 1364/1774/778 1489/1775/871
f 3598/1776/2045 3590/1777/2039 1372/1778/786 1490/1779/873
f 3703/1780/2118 3695/1781/2112 1365/1782/779 1492/1783/887
f 3583/1784/887 3575/1785/2028 1373/1786/787 1493/1787/888
f 3688/1788/890 3680/1789/2101 1366/1790/780 1494/1791/875
f 3568/1792/2023 3560/1793/2017 1374/1794/788 1495/1795/876
f 3673/1796/878 3665/1797/2092 1367/1798/781 1496/1799/889
f 3538/1800/2002 3530/1801/1996 1360/1802/774 1491/1803/880
f 3553/1804/2013 3545/1805/2007 1375/1806/789 1497/1807/890
f 3658/1808/881 3650/1809/2083 1368/1810/782 1498/1811/879
f 3763/1812/2162 3755/1813/2156 1361/1814/775 1499/1815/891
f 3643/1816/891 3635/1817/2072 1369/1818/783 1500/1819/892
f 3748/1820/894 3740/1821/2145 1362/1822/776 1501/1823/883
f 3628/1824/2067 3620/1825/2061 1370/1826/784 1502/1827/884
f 3733/1828/2140 3725/1829/2134 1363/1830/777 1503/1831/893
f 3613/1832/2056 3605/1833/2050 1371/1834/785 1504/1835/894
f 3645/1836/2070 3636/1837/2073 1385/1838/799 1521/1839/751
f 3750/1840/2143 3741/1841/2146 1378/1842/792 1522/1843/744
f 3630/1844/2059 3621/1845/2062 1386/1846/800 1524/1847/752
f 3735/1848/2132 3726/1849/2135 1379/1850/793 1525/1851/745
f 3615/1852/2048 3606/1853/2051 1387/1854/801 1526/1855/753
f 3720/1856/2121 3711/1857/2124 1380/1858/794 1527/1859/746
f 3600/1860/2037 3591/1861/2040 1388/1862/802 1528/1863/754
f 3705/1864/2110 3696/1865/2113 1381/1866/795 1529/1867/747
f 3585/1868/2026 3576/1869/2029 1389/1870/803 1530/1871/755
f 3690/1872/2099 3681/1873/2102 1382/1874/796 1531/1875/748
f 3570/1876/2015 3561/1877/2018 1390/1878/804 1532/1879/756
f 3675/1880/2090 3666/1881/2093 1383/1882/797 1533/1883/749
f 3540/1884/1994 3531/1885/1997 1376/1886/790 1523/1887/742
f 3555/1888/2005 3546/1889/2008 1391/1890/805 1534/1891/757
f 3660/1892/2081 3651/1893/2084 1384/1894/798 1535/1895/750
f 3765/1896/2154 3756/1897/2157 1377/1898/791 1536/1899/743
f 3572/1900/2025 3562/1901/2019 1406/1902/820 1553/1903/911
f 3677/1904/2098 3667/1905/2094 1399/1906/813 1554/1907/912
f 3542/1908/2004 3532/1909/1998 1392/1910/806 1555/1911/913
f 3557/1912/2014 3547/1913/2009 1407/1914/821 1556/1915/914
f 3662/1916/2089 3652/1917/2085 1400/1918/814 1557/1919/915
f 3767/1920/2164 3757/1921/2158 1393/1922/807 1558/1923/916
f 3647/1924/2080 3637/1925/2074 1401/1926/815 1559/1927/917
f 3752/1928/2153 3742/1929/2147 1394/1930/808 1560/1931/918
f 3632/1932/2069 3622/1933/2063 1402/1934/816 1561/1935/919
f 3737/1936/2142 3727/1937/2136 1395/1938/809 1562/1939/920
f 3617/1940/2058 3607/1941/2052 1403/1942/817 1563/1943/921
f 3722/1944/2131 3712/1945/2125 1396/1946/810 1564/1947/922
f 3602/1948/2047 3592/1949/2041 1404/1950/818 1565/1951/923
f 3707/1952/2120 3697/1953/2114 1397/1954/811 1566/1955/924
f 3587/1956/2036 3577/1957/2030 1405/1958/819 1567/1959/925
f 3692/1960/2109 3682/1961/2103 1398/1962/812 1568/1963/926
f 3592/1949/2041 3593/1964/2042 1420/1965/834 1404/1950/818
f 3697/1953/2114 3698/1966/2115 1413/1967/827 1397/1954/811
f 3577/1957/2030 3578/1968/2031 1421/1969/835 1405/1958/819
f 3682/1961/2103 3683/1970/2104 1414/1971/828 1398/1962/812
f 3562/1901/2019 3563/1972/2020 1422/1973/836 1406/1902/820
f 3667/1905/2094 3668/1974/2095 1415/1975/829 1399/1906/813
f 3532/1909/1998 3533/1976/1999 1408/1977/822 1392/1910/806
f 3547/1913/2009 3548/1978/2010 1423/1979/837 1407/1914/821
f 3652/1917/2085 3653/1980/2086 1416/1981/830 1400/1918/814
f 3757/1921/2158 3758/1982/2159 1409/1983/823 1393/1922/807
f 3637/1925/2074 3638/1984/2075 1417/1985/831 1401/1926/815
f 3742/1929/2147 3743/1986/2148 1410/1987/824 1394/1930/808
f 3622/1933/2063 3623/1988/2064 1418/1989/832 1402/1934/816
f 3727/1937/2136 3728/1990/2137 1411/1991/825 1395/1938/809
f 3607/1941/2052 3608/1992/2053 1419/1993/833 1403/1942/817
f 3712/1945/2125 3713/1994/2126 1412/1995/826 1396/1946/810
f 3745/1996/2150 3744/1997/2149 1426/1998/840 1441/1999/855
f 3625/2000/2066 3624/2001/2065 1434/2002/848 1443/2003/857
f 3730/2004/2139 3729/2005/2138 1427/2006/841 1442/2007/856
f 3610/2008/2055 3609/2009/2054 1435/2010/849 1444/2011/858
f 3715/2012/2128 3714/2013/2127 1428/2014/842 1445/2015/859
f 3595/2016/2044 3594/2017/2043 1436/2018/850 1446/2019/860
f 3700/2020/2117 3699/2021/2116 1429/2022/843 1447/2023/861
f 3580/2024/2033 3579/2025/2032 1437/2026/851 1448/2027/862
f 3685/2028/2106 3684/2029/2105 1430/2030/844 1449/2031/863
f 3565/2032/2022 3564/2033/2021 1438/2034/852 1450/2035/864
f 3670/2036/2097 3669/2037/2096 1431/2038/845 1451/2039/865
f 3535/2040/2001 3534/2041/2000 1424/2042/838 1454/2043/868
f 3550/2044/2012 3549/2045/2011 1439/2046/853 1452/2047/866
f 3655/2048/2088 3654/2049/2087 1432/2050/846 1453/2051/867
f 3760/2052/2161 3759/2053/2160 1425/2054/839 1455/2055/869
f 3640/2056/2077 3639/2057/2076 1433/2058/847 1456/2059/870
f 1432/2050/846 1440/2060/854 1431/2038/845 3669/2037/2096
f 1425/2054/839 1440/2060/854 1424/2042/838 3534/2041/2000
f 1424/2042/838 1440/2060/854 1439/2046/853 3549/2045/2011
f 1433/2058/847 1440/2060/854 1432/2050/846 3654/2049/2087
f 1426/1998/840 1440/2060/854 1425/2054/839 3759/2053/2160
f 1434/2002/848 1440/2060/854 1433/2058/847 3639/2057/2076
f 1427/2006/841 1440/2060/854 1426/1998/840 3744/1997/2149
f 1435/2010/849 1440/2060/854 1434/2002/848 3624/2001/2065
f 1428/2014/842 1440/2060/854 1427/2006/841 3729/2005/2138
f 1436/2018/850 1440/2060/854 1435/2010/849 3609/2009/2054
f 1429/2022/843 1440/2060/854 1428/2014/842 3714/2013/2127
f 1437/2026/851 1440/2060/854 1436/2018/850 3594/2017/2043
f 1430/2030/844 1440/2060/854 1429/2022/843 3699/2021/2116
f 1438/2034/852 1440/2060/854 1437/2026/851 3579/2025/2032
f 1431/2038/845 1440/2060/854 1430/2030/844 3684/2029/2105
f 1439/2046/853 1440/2060/854 1438/2034/852 3564/2033/2021
f 3638/1984/2075 3640/2056/2077 1456/2059/870 1417/1985/831
f 3758/1982/2159 3760/2052/2161 1455/2055/869 1409/1983/823
f 3653/1980/2086 3655/2048/2088 1453/2051/867 1416/1981/830
f 3548/1978/2010 3550/2044/2012 1452/2047/866 1423/1979/837
f 3533/1976/1999 3535/2040/2001 1454/2043/868 1408/1977/822
f 3668/1974/2095 3670/2036/2097 1451/2039/865 1415/1975/829
f 3563/1972/2020 3565/2032/2022 1450/2035/864 1422/1973/836
f 3683/1970/2104 3685/2028/2106 1449/2031/863 1414/1971/828
f 3578/1968/2031 3580/2024/2033 1448/2027/862 1421/1969/835
f 3698/1966/2115 3700/2020/2117 1447/2023/861 1413/1967/827
f 3593/1964/2042 3595/2016/2044 1446/2019/860 1420/1965/834
f 3713/1994/2126 3715/2012/2128 1445/2015/859 1412/1995/826
f 3608/1992/2053 3610/2008/2055 1444/2011/858 1419/1993/833
f 3728/1990/2137 3730/2004/2139 1442/2007/856 1411/1991/825
f 3623/1988/2064 3625/2000/2066 1443/2003/857 1418/1989/832
f 3743/1986/2148 3745/1996/2150 1441/1999/855 1410/1987/824
f 3693/2061/2110 3701/2062/2110 1472/2063/747 1333/2064/747
f 3588/2065/2037 3596/2066/2037 1471/2067/754 1340/2068/754
f 3708/2069/2121 3716/2070/2121 1470/2071/746 1332/2072/746
f 3603/2073/2048 3611/2074/2048 1469/2075/753 1339/2076/753
f 3723/2077/2132 3731/2078/2132 1468/2079/745 1331/2080/745
f 3618/2081/2059 3626/2082/2059 1467/2083/752 1338/2084/752
f 3738/2085/2143 3746/2086/2143 1466/2087/744 1330/2088/744
f 3633/2089/2070 3641/2090/2070 1465/2091/751 1337/2092/751
f 3753/2093/2154 3761/2094/2154 1464/2095/743 1329/2096/743
f 3648/2097/2081 3656/2098/2081 1462/2099/750 1336/2100/750
f 3543/2101/2005 3551/2102/2005 1461/2103/757 1343/2104/757
f 3528/2105/1994 3536/2106/1994 1463/2107/742 1328/2108/742
f 3663/2109/2090 3671/2110/2090 1460/2111/749 1335/2112/749
f 3558/2113/2015 3566/2114/2015 1458/2115/756 1342/2116/756
f 3678/2117/2099 3686/2118/2099 1459/2119/748 1334/2120/748
f 3573/2121/2026 3581/2122/2026 1457/2123/755 1341/2124/755
f 3604/1757/2049 3612/2125/2056 1488/2126/886 1355/1758/769
f 3724/1753/2133 3732/2127/2140 1487/2128/885 1347/1754/761
f 3619/1749/2060 3627/2129/885 1486/2130/884 1354/1750/768
f 3739/1745/2144 3747/2131/2151 1485/2132/883 1346/1746/760
f 3634/1741/2071 3642/2133/2078 1484/2134/882 1353/1742/767
f 3754/1737/2155 3762/2135/2162 1483/2136/881 1345/1738/759
f 3649/1733/2082 3657/2137/881 1481/2138/879 1352/1734/766
f 3544/1729/2006 3552/2139/2013 1480/2140/878 1359/1730/773
f 3529/1725/1995 3537/2141/2002 1482/2142/880 1344/1726/758
f 3664/1721/2091 3672/2143/878 1479/2144/877 1351/1722/765
f 3559/1717/2016 3567/2145/2023 1478/2146/876 1358/1718/772
f 3679/1713/2100 3687/2147/2107 1477/2148/875 1350/1714/764
f 3574/1709/2027 3582/2149/2034 1476/2150/874 1357/1710/771
f 3694/1769/2111 3702/2151/874 1474/2152/872 1349/1770/763
f 3589/1765/2038 3597/2153/2045 1475/2154/873 1356/1766/770
f 3709/1761/2122 3717/2155/2129 1473/2156/871 1348/1762/762
f 3612/2125/2056 3613/1832/2056 1504/1835/894 1488/2126/886
f 3732/2127/2140 3733/1828/2140 1503/1831/893 1487/2128/885
f 3627/2129/885 3628/1824/2067 1502/1827/884 1486/2130/884
f 3747/2131/2151 3748/1820/894 1501/1823/883 1485/2132/883
f 3642/2133/2078 3643/1816/891 1500/1819/892 1484/2134/882
f 3762/2135/2162 3763/1812/2162 1499/1815/891 1483/2136/881
f 3657/2137/881 3658/1808/881 1498/1811/879 1481/2138/879
f 3552/2139/2013 3553/1804/2013 1497/1807/890 1480/2140/878
f 3537/2141/2002 3538/1800/2002 1491/1803/880 1482/2142/880
f 3672/2143/878 3673/1796/878 1496/1799/889 1479/2144/877
f 3567/2145/2023 3568/1792/2023 1495/1795/876 1478/2146/876
f 3687/2147/2107 3688/1788/890 1494/1791/875 1477/2148/875
f 3582/2149/2034 3583/1784/887 1493/1787/888 1476/2150/874
f 3702/2151/874 3703/1780/2118 1492/1783/887 1474/2152/872
f 3597/2153/2045 3598/1776/2045 1490/1779/873 1475/2154/873
f 3717/2155/2129 3718/1772/2129 1489/1775/871 1473/2156/871
f 3755/1813/2156 3764/2157/2154 1520/2158/743 1361/1814/775
f 3650/1809/2083 3659/2159/2081 1518/2160/750 1368/1810/782
f 3545/1805/2007 3554/2161/2005 1517/2162/757 1375/1806/789
f 3530/1801/1996 3539/2163/1994 1519/2164/742 1360/1802/774
f 3665/1797/2092 3674/2165/2090 1516/2166/749 1367/1798/781
f 3560/1793/2017 3569/2167/2015 1515/2168/756 1374/1794/788
f 3680/1789/2101 3689/2169/2099 1514/2170/748 1366/1790/780
f 3575/1785/2028 3584/2171/2026 1513/2172/755 1373/1786/787
f 3695/1781/2112 3704/2173/2110 1512/2174/747 1365/1782/779
f 3590/1777/2039 3599/2175/2037 1511/2176/754 1372/1778/786
f 3710/1773/2123 3719/2177/2121 1510/2178/746 1364/1774/778
f 3605/1833/2050 3614/2179/2048 1509/2180/753 1371/1834/785
f 3725/1829/2134 3734/2181/2132 1508/2182/745 1363/1830/777
f 3620/1825/2061 3629/2183/2059 1506/2184/752 1370/1826/784
f 3740/1821/2145 3749/2185/2143 1507/2186/744 1362/1822/776
f 3635/1817/2072 3644/2187/2070 1505/2188/751 1369/1818/783
f 3764/2189/2154 3765/2190/2154 1536/2191/743 1520/2192/743
f 3659/2193/2081 3660/2194/2081 1535/2195/750 1518/2196/750
f 3554/2197/2005 3555/2198/2005 1534/2199/757 1517/2200/757
f 3539/2201/1994 3540/2202/1994 1523/2203/742 1519/2204/742
f 3674/2205/2090 3675/2206/2090 1533/2207/749 1516/2208/749
f 3569/2209/2015 3570/2210/2015 1532/2211/756 1515/2212/756
f 3689/2213/2099 3690/2214/2099 1531/2215/748 1514/2216/748
f 3584/2217/2026 3585/2218/2026 1530/2219/755 1513/2220/755
f 3704/2221/2110 3705/2222/2110 1529/2223/747 1512/2224/747
f 3599/2225/2037 3600/2226/2037 1528/2227/754 1511/2228/754
f 3719/2229/2121 3720/2230/2121 1527/2231/746 1510/2232/746
f 3614/2233/2048 3615/2234/2048 1526/2235/753 1509/2236/753
f 3734/2237/2132 3735/2238/2132 1525/2239/745 1508/2240/745
f 3629/2241/2059 3630/2242/2059 1524/2243/752 1506/2244/752
f 3749/2245/2143 3750/2246/2143 1522/2247/744 1507/2248/744
f 3644/2249/2070 3645/2250/2070 1521/2251/751 1505/2252/751
f 3681/1873/2102 3691/2253/2108 1552/2254/910 1382/1874/796
f 3576/1869/2029 3586/2255/2035 1551/2256/909 1389/1870/803
f 3696/1865/2113 3706/2257/2119 1550/2258/908 1381/1866/795
f 3591/1861/2040 3601/2259/2046 1549/2260/907 1388/1862/802
f 3711/1857/2124 3721/2261/2130 1548/2262/906 1380/1858/794
f 3606/1853/2051 3616/2263/2057 1547/2264/905 1387/1854/801
f 3726/1849/2135 3736/2265/2141 1546/2266/904 1379/1850/793
f 3621/1845/2062 3631/2267/2068 1545/2268/903 1386/1846/800
f 3741/1841/2146 3751/2269/2152 1544/2270/902 1378/1842/792
f 3636/1837/2073 3646/2271/2079 1543/2272/901 1385/1838/799
f 3756/1897/2157 3766/2273/2163 1542/2274/900 1377/1898/791
f 3651/1893/2084 3661/2275/2089 1540/2276/898 1384/1894/798
f 3546/1889/2008 3556/2277/2014 1538/2278/896 1391/1890/805
f 3531/1885/1997 3541/2279/2003 1541/2280/899 1376/1886/790
f 3666/1881/2093 3676/2281/2098 1539/2282/897 1383/1882/797
f 3561/1877/2018 3571/2283/2024 1537/2284/895 1390/1878/804
f 3691/2253/2108 3692/1960/2109 1568/1963/926 1552/2254/910
f 3586/2255/2035 3587/1956/2036 1567/1959/925 1551/2256/909
f 3706/2257/2119 3707/1952/2120 1566/1955/924 1550/2258/908
f 3601/2259/2046 3602/1948/2047 1565/1951/923 1549/2260/907
f 3721/2261/2130 3722/1944/2131 1564/1947/922 1548/2262/906
f 3616/2263/2057 3617/1940/2058 1563/1943/921 1547/2264/905
f 3736/2265/2141 3737/1936/2142 1562/1939/920 1546/2266/904
f 3631/2267/2068 3632/1932/2069 1561/1935/919 1545/2268/903
f 3751/2269/2152 3752/1928/2153 1560/1931/918 1544/2270/902
f 3646/2271/2079 3647/1924/2080 1559/1927/917 1543/2272/901
f 3766/2273/2163 3767/1920/2164 1558/1923/916 1542/2274/900
f 3661/2275/2089 3662/1916/2089 1557/1919/915 1540/2276/898
f 3556/2277/2014 3557/1912/2014 1556/1915/914 1538/2278/896
f 3541/2279/2003 3542/1908/2004 1555/1911/913 1541/2280/899
f 3676/2281/2098 3677/1904/2098 1554/1907/912 1539/2282/897
f 3571/2283/2024 3572/1900/2025 1553/1903/911 1537/2284/895
f 3806/2285/2188 3799/2286/2182 1598/2287/940 1698/2288/755
f 3911/2289/2099 3904/2290/2240 1591/2291/933 1700/2292/1024
f 3791/2293/2015 3784/2294/2174 1599/2295/941 1699/2296/1023
f 3896/2297/2090 3889/2298/2232 1592/2299/934 1701/2300/749
f 4001/2301/1994 3994/2302/2292 1585/2303/927 1704/2304/742
f 3776/2305/2005 3769/2306/2165 1600/2307/942 1702/2308/757
f 3881/2309/2081 3874/2310/2224 1593/2311/935 1703/2312/750
f 3986/2313/2154 3979/2314/2283 1586/2315/928 1705/2316/743
f 3866/2317/2070 3859/2318/2216 1594/2319/936 1706/2320/751
f 3971/2321/2143 3964/2322/2275 1587/2323/929 1707/2324/744
f 3851/2325/2059 3844/2326/2208 1595/2327/937 1708/2328/752
f 3956/2329/2132 3949/2330/2266 1588/2331/930 1709/2332/745
f 3836/2333/2048 3829/2334/2199 1596/2335/938 1710/2336/753
f 3941/2337/2121 3934/2338/2256 1589/2339/931 1711/2340/746
f 3821/2341/2037 3814/2342/2190 1597/2343/939 1712/2344/754
f 3926/2345/2110 3919/2346/2248 1590/2347/932 1713/2348/747
f 3943/2349/2046 3935/2350/2257 1605/2351/947 1730/2352/907
f 3823/2353/2130 3815/2354/2191 1613/2355/955 1731/2356/906
f 3928/2357/2035 3920/2358/2249 1606/2359/948 1733/2360/925
f 3808/2361/2119 3800/2362/2183 1614/2363/956 1734/2364/924
f 3913/2365/2246 3905/2366/2241 1607/2367/949 1735/2368/1034
f 3793/2369/2109 3785/2370/2175 1615/2371/957 1736/2372/926
f 3898/2373/2014 3890/2374/2233 1608/2375/950 1737/2376/896
f 4003/2377/2089 3995/2378/2293 1601/2379/943 1732/2380/898
f 3778/2381/2098 3770/2382/2166 1616/2383/958 1738/2384/897
f 3883/2385/2003 3875/2386/2225 1609/2387/951 1739/2388/899
f 3988/2389/2080 3980/2390/2284 1602/2391/944 1740/2392/901
f 3868/2393/2222 3860/2394/2217 1610/2395/952 1741/2396/900
f 3973/2397/2068 3965/2398/2276 1603/2399/945 1742/2400/919
f 3853/2401/2152 3845/2402/2209 1611/2403/953 1743/2404/1035
f 3958/2405/2057 3950/2406/2267 1604/2407/946 1744/2408/921
f 3838/2409/2141 3830/2410/2200 1612/2411/954 1745/2412/904
f 3870/2413/2070 3861/2414/2218 1626/2415/968 1762/2416/1036
f 3975/2417/2143 3966/2418/2277 1619/2419/961 1763/2420/744
f 3855/2421/2059 3846/2422/2210 1627/2423/969 1765/2424/752
f 3960/2425/2132 3951/2426/2268 1620/2427/962 1766/2428/745
f 3840/2429/2048 3831/2430/2201 1628/2431/970 1767/2432/1039
f 3945/2433/2263 3936/2434/2258 1621/2435/963 1768/2436/746
f 3825/2437/2037 3816/2438/2192 1629/2439/971 1769/2440/754
f 3930/2441/2110 3921/2442/2250 1622/2443/964 1770/2444/1038
f 3810/2445/2188 3801/2446/2184 1630/2447/972 1771/2448/755
f 3915/2449/2099 3906/2450/2242 1623/2451/965 1772/2452/1024
f 3795/2453/2015 3786/2454/2176 1631/2455/973 1773/2456/756
f 3900/2457/2090 3891/2458/2234 1624/2459/966 1774/2460/749
f 4005/2461/1994 3996/2462/2294 1617/2463/959 1764/2464/742
f 3780/2465/2005 3771/2466/2167 1632/2467/974 1775/2468/757
f 3885/2469/2081 3876/2470/2226 1625/2471/967 1776/2472/750
f 3990/2473/2290 3981/2474/2285 1618/2475/960 1777/2476/743
f 3797/2477/2181 3787/2478/2177 1647/2479/989 1794/2480/1056
f 3902/2481/2239 3892/2482/2235 1640/2483/982 1795/2484/1042
f 4007/2485/2300 3997/2486/2295 1633/2487/975 1796/2488/1057
f 3782/2489/2173 3772/2490/2168 1648/2491/990 1797/2492/1058
f 3887/2493/2231 3877/2494/2227 1641/2495/983 1798/2496/1059
f 3992/2497/2291 3982/2498/2286 1634/2499/976 1799/2500/1060
f 3872/2501/2223 3862/2502/2219 1642/2503/984 1800/2504/1046
f 3977/2505/2282 3967/2506/2278 1635/2507/977 1801/2508/1061
f 3857/2509/2215 3847/2510/2211 1643/2511/985 1802/2512/1048
f 3962/2513/2274 3952/2514/2269 1636/2515/978 1803/2516/1062
f 3842/2517/2207 3832/2518/2202 1644/2519/986 1804/2520/1050
f 3947/2521/2265 3937/2522/2259 1637/2523/979 1805/2524/1063
f 3827/2525/2198 3817/2526/2193 1645/2527/987 1806/2528/1064
f 3932/2529/2255 3922/2530/2251 1638/2531/980 1807/2532/1053
f 3812/2533/2189 3802/2534/2185 1646/2535/988 1808/2536/1065
f 3917/2537/2247 3907/2538/2243 1639/2539/981 1809/2540/1055
f 3817/2526/2193 3818/2541/2194 1661/2542/1003 1645/2527/987
f 3922/2530/2251 3923/2543/2252 1654/2544/996 1638/2531/980
f 3802/2534/2185 3803/2545/2186 1662/2546/1004 1646/2535/988
f 3907/2538/2243 3908/2547/2244 1655/2548/997 1639/2539/981
f 3787/2478/2177 3788/2549/2178 1663/2550/1005 1647/2479/989
f 3892/2482/2235 3893/2551/2236 1656/2552/998 1640/2483/982
f 3997/2486/2295 3998/2553/2296 1649/2554/991 1633/2487/975
f 3772/2490/2168 3773/2555/2169 1664/2556/1006 1648/2491/990
f 3877/2494/2227 3878/2557/2228 1657/2558/999 1641/2495/983
f 3982/2498/2286 3983/2559/2287 1650/2560/992 1634/2499/976
f 3862/2502/2219 3863/2561/2220 1658/2562/1000 1642/2503/984
f 3967/2506/2278 3968/2563/2279 1651/2564/993 1635/2507/977
f 3847/2510/2211 3848/2565/2212 1659/2566/1001 1643/2511/985
f 3952/2514/2269 3953/2567/2270 1652/2568/994 1636/2515/978
f 3832/2518/2202 3833/2569/2203 1660/2570/1002 1644/2519/986
f 3937/2522/2259 3938/2571/2260 1653/2572/995 1637/2523/979
f 3970/2573/2280 3969/2574/2149 1667/2575/840 1682/2576/1007
f 3850/2577/2213 3849/2578/2065 1675/2579/848 1684/2580/1009
f 3955/2581/2271 3954/2582/2138 1668/2583/841 1683/2584/1008
f 3835/2585/2204 3834/2586/2054 1676/2587/849 1685/2588/1010
f 3940/2589/2261 3939/2590/2127 1669/2591/842 1686/2592/1011
f 3820/2593/2195 3819/2594/2043 1677/2595/850 1687/2596/1012
f 3925/2597/2253 3924/2598/2116 1670/2599/843 1688/2600/1013
f 3805/2601/2187 3804/2602/2032 1678/2603/851 1689/2604/1014
f 3910/2605/2245 3909/2606/2105 1671/2607/844 1690/2608/1015
f 3790/2609/2179 3789/2610/2021 1679/2611/852 1691/2612/1016
f 3895/2613/2237 3894/2614/2096 1672/2615/845 1692/2616/1017
f 4000/2617/2297 3999/2618/2000 1665/2619/838 1695/2620/1020
f 3775/2621/2170 3774/2622/2011 1680/2623/853 1693/2624/1018
f 3880/2625/2229 3879/2626/2087 1673/2627/846 1694/2628/1019
f 3985/2629/2288 3984/2630/2160 1666/2631/839 1696/2632/1021
f 3865/2633/2221 3864/2634/2076 1674/2635/847 1697/2636/1022
f 1673/2627/846 1681/2637/854 1672/2615/845 3894/2614/2096
f 1666/2631/839 1681/2637/854 1665/2619/838 3999/2618/2000
f 1665/2619/838 1681/2637/854 1680/2623/853 3774/2622/2011
f 1674/2635/847 1681/2637/854 1673/2627/846 3879/2626/2087
f 1667/2575/840 1681/2637/854 1666/2631/839 3984/2630/2160
f 1675/2579/848 1681/2637/854 1674/2635/847 3864/2634/2076
f 1668/2583/841 1681/2637/854 1667/2575/840 3969/2574/2149
f 1676/2587/849 1681/2637/854 1675/2579/848 3849/2578/2065
f 1669/2591/842 1681/2637/854 1668/2583/841 3954/2582/2138
f 1677/2595/850 1681/2637/854 1676/2587/849 3834/2586/2054
f 1670/2599/843 1681/2637/854 1669/2591/842 3939/2590/2127
f 1678/2603/851 1681/2637/854 1677/2595/850 3819/2594/2043
f 1671/2607/844 1681/2637/854 1670/2599/843 3924/2598/2116
f 1679/2611/852 1681/2637/854 1678/2603/851 3804/2602/2032
f 1672/2615/845 1681/2637/854 1671/2607/844 3909/2606/2105
f 1680/2623/853 1681/2637/854 1679/2611/852 3789/2610/2021
f 3863/2561/2220 3865/2633/2221 1697/2636/1022 1658/2562/1000
f 3983/2559/2287 3985/2629/2288 1696/2632/1021 1650/2560/992
f 3878/2557/2228 3880/2625/2229 1694/2628/1019 1657/2558/999
f 3773/2555/2169 3775/2621/2170 1693/2624/1018 1664/2556/1006
f 3998/2553/2296 4000/2617/2297 1695/2620/1020 1649/2554/991
f 3893/2551/2236 3895/2613/2237 1692/2616/1017 1656/2552/998
f 3788/2549/2178 3790/2609/2179 1691/2612/1016 1663/2550/1005
f 3908/2547/2244 3910/2605/2245 1690/2608/1015 1655/2548/997
f 3803/2545/2186 3805/2601/2187 1689/2604/1014 1662/2546/1004
f 3923/2543/2252 3925/2597/2253 1688/2600/1013 1654/2544/996
f 3818/2541/2194 3820/2593/2195 1687/2596/1012 1661/2542/1003
f 3938/2571/2260 3940/2589/2261 1686/2592/1011 1653/2572/995
f 3833/2569/2203 3835/2585/2204 1685/2588/1010 1660/2570/1002
f 3953/2567/2270 3955/2581/2271 1683/2584/1008 1652/2568/994
f 3848/2565/2212 3850/2577/2213 1684/2580/1009 1659/2566/1001
f 3968/2563/2279 3970/2573/2280 1682/2576/1007 1651/2564/993
f 3918/2638/2110 3926/2639/2110 1713/2640/747 1574/2641/747
f 3813/2642/2037 3821/2643/2037 1712/2644/754 1581/2645/754
f 3933/2646/2121 3941/2647/2121 1711/2648/746 1573/2649/746
f 3828/2650/2048 3836/2651/2048 1710/2652/753 1580/2653/753
f 3948/2654/2132 3956/2655/2132 1709/2656/745 1572/2657/745
f 3843/2658/2059 3851/2659/2059 1708/2660/752 1579/2661/752
f 3963/2662/2143 3971/2663/2143 1707/2664/744 1571/2665/744
f 3858/2666/2070 3866/2667/2070 1706/2668/751 1578/2669/751
f 3978/2670/2154 3986/2671/2154 1705/2672/743 1570/2673/743
f 3873/2674/2081 3881/2675/2081 1703/2676/750 1577/2677/750
f 3768/2678/2005 3776/2679/2005 1702/2680/757 1584/2681/757
f 3993/2682/1994 4001/2683/1994 1704/2684/742 1569/2685/742
f 3888/2686/2090 3896/2687/2090 1701/2688/749 1576/2689/749
f 3783/2690/2015 3791/2691/2015 1699/2692/1023 1583/2693/756
f 3903/2694/2099 3911/2695/2099 1700/2696/1024 1575/2697/748
f 3798/2698/2026 3806/2699/2188 1698/2700/755 1582/2701/755
f 3829/2334/2199 3837/2702/2205 1729/2703/1033 1596/2335/938
f 3949/2330/2266 3957/2704/2272 1728/2705/1032 1588/2331/930
f 3844/2326/2208 3852/2706/2214 1727/2707/902 1595/2327/937
f 3964/2322/2275 3972/2708/2068 1726/2709/903 1587/2323/929
f 3859/2318/2216 3867/2710/2163 1725/2711/1031 1594/2319/936
f 3979/2314/2283 3987/2712/2289 1724/2713/1030 1586/2315/928
f 3874/2310/2224 3882/2714/2230 1722/2715/1029 1593/2311/935
f 3769/2306/2165 3777/2716/2171 1721/2717/1028 1600/2307/942
f 3994/2302/2292 4002/2718/2298 1723/2719/898 1585/2303/927
f 3889/2298/2232 3897/2720/2238 1720/2721/1027 1592/2299/934
f 3784/2294/2174 3792/2722/2180 1719/2723/910 1599/2295/941
f 3904/2290/2240 3912/2724/2024 1718/2725/895 1591/2291/933
f 3799/2286/2182 3807/2726/2119 1717/2727/1026 1598/2287/940
f 3919/2346/2248 3927/2728/2254 1715/2729/1025 1590/2347/932
f 3814/2342/2190 3822/2730/2196 1716/2731/906 1597/2343/939
f 3934/2338/2256 3942/2732/2262 1714/2733/907 1589/2339/931
f 3837/2702/2205 3838/2409/2141 1745/2412/904 1729/2703/1033
f 3957/2704/2272 3958/2405/2057 1744/2408/921 1728/2705/1032
f 3852/2706/2214 3853/2401/2152 1743/2404/1035 1727/2707/902
f 3972/2708/2068 3973/2397/2068 1742/2400/919 1726/2709/903
f 3867/2710/2163 3868/2393/2222 1741/2396/900 1725/2711/1031
f 3987/2712/2289 3988/2389/2080 1740/2392/901 1724/2713/1030
f 3882/2714/2230 3883/2385/2003 1739/2388/899 1722/2715/1029
f 3777/2716/2171 3778/2381/2098 1738/2384/897 1721/2717/1028
f 4002/2718/2298 4003/2377/2089 1732/2380/898 1723/2719/898
f 3897/2720/2238 3898/2373/2014 1737/2376/896 1720/2721/1027
f 3792/2722/2180 3793/2369/2109 1736/2372/926 1719/2723/910
f 3912/2724/2024 3913/2365/2246 1735/2368/1034 1718/2725/895
f 3807/2726/2119 3808/2361/2119 1734/2364/924 1717/2727/1026
f 3927/2728/2254 3928/2357/2035 1733/2360/925 1715/2729/1025
f 3822/2730/2196 3823/2353/2130 1731/2356/906 1716/2731/906
f 3942/2732/2262 3943/2349/2046 1730/2352/907 1714/2733/907
f 3980/2390/2284 3989/2734/2154 1761/2735/743 1602/2391/944
f 3875/2386/2225 3884/2736/2081 1759/2737/750 1609/2387/951
f 3770/2382/2166 3779/2738/2005 1758/2739/757 1616/2383/958
f 3995/2378/2293 4004/2740/1994 1760/2741/742 1601/2379/943
f 3890/2374/2233 3899/2742/2090 1757/2743/749 1608/2375/950
f 3785/2370/2175 3794/2744/2015 1756/2745/756 1615/2371/957
f 3905/2366/2241 3914/2746/2099 1755/2747/748 1607/2367/949
f 3800/2362/2183 3809/2748/2026 1754/2749/755 1614/2363/956
f 3920/2358/2249 3929/2750/2110 1753/2751/1038 1606/2359/948
f 3815/2354/2191 3824/2752/2037 1752/2753/754 1613/2355/955
f 3935/2350/2257 3944/2754/2121 1751/2755/746 1605/2351/947
f 3830/2410/2200 3839/2756/2048 1750/2757/753 1612/2411/954
f 3950/2406/2267 3959/2758/2132 1749/2759/745 1604/2407/946
f 3845/2402/2209 3854/2760/2059 1747/2761/1037 1611/2403/953
f 3965/2398/2276 3974/2762/2143 1748/2763/744 1603/2399/945
f 3860/2394/2217 3869/2764/2070 1746/2765/1036 1610/2395/952
f 3989/2766/2154 3990/2767/2290 1777/2768/743 1761/2769/743
f 3884/2770/2081 3885/2771/2081 1776/2772/750 1759/2773/750
f 3779/2774/2005 3780/2775/2005 1775/2776/757 1758/2777/757
f 4004/2778/1994 4005/2779/1994 1764/2780/742 1760/2781/742
f 3899/2782/2090 3900/2783/2090 1774/2784/749 1757/2785/749
f 3794/2786/2015 3795/2787/2015 1773/2788/756 1756/2789/756
f 3914/2790/2099 3915/2791/2099 1772/2792/1024 1755/2793/748
f 3809/2794/2026 3810/2795/2188 1771/2796/755 1754/2797/755
f 3929/2798/2110 3930/2799/2110 1770/2800/1038 1753/2801/1038
f 3824/2802/2037 3825/2803/2037 1769/2804/754 1752/2805/754
f 3944/2806/2121 3945/2807/2263 1768/2808/746 1751/2809/746
f 3839/2810/2048 3840/2811/2048 1767/2812/1039 1750/2813/753
f 3959/2814/2132 3960/2815/2132 1766/2816/745 1749/2817/745
f 3854/2818/2059 3855/2819/2059 1765/2820/752 1747/2821/1037
f 3974/2822/2143 3975/2823/2143 1763/2824/744 1748/2825/744
f 3869/2826/2070 3870/2827/2070 1762/2828/1036 1746/2829/1036
f 3906/2450/2242 3916/2830/2247 1793/2831/1055 1623/2451/965
f 3801/2446/2184 3811/2832/2189 1792/2833/1054 1630/2447/972
f 3921/2442/2250 3931/2834/2255 1791/2835/1053 1622/2443/964
f 3816/2438/2192 3826/2836/2197 1790/2837/1052 1629/2439/971
f 3936/2434/2258 3946/2838/2264 1789/2839/1051 1621/2435/963
f 3831/2430/2201 3841/2840/2206 1788/2841/1050 1628/2431/970
f 3951/2426/2268 3961/2842/2273 1787/2843/1049 1620/2427/962
f 3846/2422/2210 3856/2844/2215 1786/2845/1048 1627/2423/969
f 3966/2418/2277 3976/2846/2281 1785/2847/1047 1619/2419/961
f 3861/2414/2218 3871/2848/2223 1784/2849/1046 1626/2415/968
f 3981/2474/2285 3991/2850/2291 1783/2851/1045 1618/2475/960
f 3876/2470/2226 3886/2852/2231 1781/2853/1043 1625/2471/967
f 3771/2466/2167 3781/2854/2172 1779/2855/1041 1632/2467/974
f 3996/2462/2294 4006/2856/2299 1782/2857/1044 1617/2463/959
f 3891/2458/2234 3901/2858/2239 1780/2859/1042 1624/2459/966
f 3786/2454/2176 3796/2860/2181 1778/2861/1040 1631/2455/973
f 3916/2830/2247 3917/2537/2247 1809/2540/1055 1793/2831/1055
f 3811/2832/2189 3812/2533/2189 1808/2536/1065 1792/2833/1054
f 3931/2834/2255 3932/2529/2255 1807/2532/1053 1791/2835/1053
f 3826/2836/2197 3827/2525/2198 1806/2528/1064 1790/2837/1052
f 3946/2838/2264 3947/2521/2265 1805/2524/1063 1789/2839/1051
f 3841/2840/2206 3842/2517/2207 1804/2520/1050 1788/2841/1050
f 3961/2842/2273 3962/2513/2274 1803/2516/1062 1787/2843/1049
f 3856/2844/2215 3857/2509/2215 1802/2512/1048 1786/2845/1048
f 3976/2846/2281 3977/2505/2282 1801/2508/1061 1785/2847/1047
f 3871/2848/2223 3872/2501/2223 1800/2504/1046 1784/2849/1046
f 3991/2850/2291 3992/2497/2291 1799/2500/1060 1783/2851/1045
f 3886/2852/2231 3887/2493/2231 1798/2496/1059 1781/2853/1043
f 3781/2854/2172 3782/2489/2173 1797/2492/1058 1779/2855/1041
f 4006/2856/2299 4007/2485/2300 1796/2488/1057 1782/2857/1044
f 3901/2858/2239 3902/2481/2239 1795/2484/1042 1780/2859/1042
f 3796/2860/2181 3797/2477/2181 1794/2480/1056 1778/2861/1040
f 1873/2862/1103 1819/2863/754 1864/2864/1083 1827/2865/1073
f 1844/2866/1086 1832/2867/1078 1811/2868/754 1812/2869/754
f 1813/2870/746 1810/2871/746 1831/2872/1077 1839/2873/1085
f 1814/2874/746 1813/2870/746 1839/2873/1085 1851/2875/1089
f 1852/2876/1090 1844/2866/1086 1812/2869/754 1815/2877/754
f 1846/2878/1080 1840/2879/1080 1813/2870/746 1814/2874/746
f 1898/2880/1111 1845/2881/1087 1853/2882/1091 1900/2883/1112
f 1860/2884/1094 1852/2876/1090 1815/2877/754 1816/2885/754
f 1817/2886/746 1814/2874/746 1851/2875/1089 1859/2887/1093
f 1900/2883/1112 1853/2882/1091 1861/2888/1095 1901/2889/1113
f 1818/2890/746 1817/2886/746 1859/2887/1093 1867/2891/1097
f 1815/2877/754 1812/2869/754 1843/2892/1083 1849/2893/1083
f 1816/2885/754 1815/2877/754 1849/2893/1083 1857/2894/1083
f 1896/2895/1107 1872/2896/1102 1829/2897/1075 1888/2898/1105
f 1871/2899/1101 1818/2890/746 1867/2891/1097 1820/2900/1066
f 1812/2869/754 1811/2868/754 1837/2901/1083 1843/2892/1083
f 1868/2902/1098 1860/2884/1094 1816/2885/754 1819/2863/754
f 1863/2903/1080 1854/2904/1080 1817/2886/746 1818/2890/746
f 1901/2889/1113 1861/2888/1095 1869/2905/1099 1890/2906/1108
f 1822/2907/1068 1868/2902/1098 1819/2863/754 1873/2862/1103
f 1891/2908/1110 1833/2909/1079 1845/2881/1087 1898/2880/1111
f 1824/2910/1070 1863/2903/1080 1818/2890/746 1871/2899/1101
f 1879/2911/1109 1862/2912/1081 1826/2913/1072 1874/2914/1104
f 1819/2863/754 1816/2885/754 1857/2894/1083 1864/2864/1083
f 1886/2915/1109 1855/2916/1081 1862/2912/1081 1879/2911/1109
f 1885/2917/1109 1847/2918/1081 1855/2916/1081 1886/2915/1109
f 1883/2919/1109 1841/2920/1081 1847/2918/1081 1885/2917/1109
f 1854/2904/1080 1846/2878/1080 1814/2874/746 1817/2886/746
f 1840/2879/1080 1834/2921/1080 1810/2871/746 1813/2870/746
f 1899/2922/1109 1892/2923/1109 1842/2924/1082 1836/2925/1082
f 1890/2906/1108 1869/2905/1099 1823/2926/1069 1889/2927/1106
f 1824/2910/1070 1825/2928/1071 1826/2929/1072
f 1827/2865/1073 1828/2930/1074 1829/2931/1075
f 1839/2873/1085 1831/2872/1077 1830/2932/1076 1838/2933/1084
f 1863/2903/1080 1824/2910/1070 1826/2929/1072 1862/2934/1081
f 1865/2935/1082 1828/2930/1074 1827/2865/1073 1864/2864/1083
f 1845/2936/1087 1833/2937/1079 1832/2867/1078 1844/2866/1086
f 1851/2875/1089 1839/2873/1085 1838/2933/1084 1850/2938/1088
f 1834/2921/1080 1840/2879/1080 1841/2939/1081 1835/2940/1081
f 1836/2941/1082 1842/2942/1082 1843/2892/1083 1837/2901/1083
f 1853/2943/1091 1845/2936/1087 1844/2866/1086 1852/2876/1090
f 1840/2879/1080 1846/2878/1080 1847/2944/1081 1841/2939/1081
f 1842/2942/1082 1848/2945/1082 1849/2893/1083 1843/2892/1083
f 1859/2887/1093 1851/2875/1089 1850/2938/1088 1858/2946/1092
f 1861/2947/1095 1853/2943/1091 1852/2876/1090 1860/2884/1094
f 1846/2878/1080 1854/2904/1080 1855/2948/1081 1847/2944/1081
f 1848/2945/1082 1856/2949/1082 1857/2894/1083 1849/2893/1083
f 1867/2891/1097 1859/2887/1093 1858/2946/1092 1866/2950/1096
f 1869/2951/1099 1861/2947/1095 1860/2884/1094 1868/2902/1098
f 1874/2914/1104 1826/2913/1072 1825/2952/1071 1875/2953/1105
f 1854/2904/1080 1863/2903/1080 1862/2934/1081 1855/2948/1081
f 1856/2949/1082 1865/2935/1082 1864/2864/1083 1857/2894/1083
f 1820/2900/1066 1867/2891/1097 1866/2950/1096 1821/2954/1067
f 1823/2955/1069 1869/2951/1099 1868/2902/1098 1822/2907/1068
f 1871/2899/1101 1820/2900/1066 1821/2954/1067 1870/2956/1100
f 1873/2862/1103 1827/2865/1073 1829/2931/1075 1872/2957/1102
f 1824/2910/1070 1871/2899/1101 1870/2956/1100 1825/2928/1071
f 1822/2907/1068 1873/2862/1103 1872/2957/1102 1823/2955/1069
f 1889/2927/1106 1823/2926/1069 1872/2896/1102 1896/2895/1107
f 1821/2958/1067 1876/2959/1106 1877/2960/1107 1870/2961/1100
f 1895/2962/1104 1874/2914/1104 1875/2953/1105 1888/2898/1105
f 1866/2963/1096 1878/2964/1108 1876/2959/1106 1821/2958/1067
f 1835/2965/1081 1841/2920/1081 1883/2919/1109 1882/2966/1109
f 1892/2923/1109 1883/2919/1109 1885/2917/1109 1893/2967/1109
f 1893/2967/1109 1885/2917/1109 1886/2915/1109 1894/2968/1109
f 1894/2968/1109 1886/2915/1109 1879/2911/1109 1897/2969/1109
f 1897/2969/1109 1879/2911/1109 1874/2914/1104 1895/2962/1104
f 1830/2970/1076 1880/2971/1110 1881/2972/1111 1838/2973/1084
f 1858/2974/1092 1887/2975/1113 1878/2964/1108 1866/2963/1096
f 1870/2961/1100 1877/2960/1107 1875/2953/1105 1825/2952/1071
f 1850/2976/1088 1884/2977/1112 1887/2975/1113 1858/2974/1092
f 1838/2973/1084 1881/2972/1111 1884/2977/1112 1850/2976/1088
f 1865/2978/1082 1897/2969/1109 1895/2962/1104 1828/2979/1074
f 1856/2980/1082 1894/2968/1109 1897/2969/1109 1865/2978/1082
f 1848/2981/1082 1893/2967/1109 1894/2968/1109 1856/2980/1082
f 1842/2924/1082 1892/2923/1109 1893/2967/1109 1848/2981/1082
f 1828/2979/1074 1895/2962/1104 1888/2898/1105 1829/2897/1075
f 1876/2959/1106 1889/2927/1106 1896/2895/1107 1877/2960/1107
f 1878/2964/1108 1890/2906/1108 1889/2927/1106 1876/2959/1106
f 1882/2966/1109 1883/2919/1109 1892/2923/1109 1899/2922/1109
f 1880/2971/1110 1891/2908/1110 1898/2880/1111 1881/2972/1111
f 1887/2975/1113 1901/2889/1113 1890/2906/1108 1878/2964/1108
f 1877/2960/1107 1896/2895/1107 1888/2898/1105 1875/2953/1105
f 1884/2977/1112 1900/2883/1112 1901/2889/1113 1887/2975/1113
f 1881/2972/1111 1898/2880/1111 1900/2883/1112 1884/2977/1112
f 1965/2982/1103 1911/2983/754 1956/2984/1083 1919/2985/1073
f 1936/2986/1086 1924/2987/1115 1903/2988/754 1904/2989/754
f 1905/2990/746 1902/2991/746 1923/2992/1077 1931/2993/1085
f 1906/2994/746 1905/2990/746 1931/2993/1085 1943/2995/1118
f 1944/2996/1090 1936/2986/1086 1904/2989/754 1907/2997/754
f 1938/2998/1080 1932/2999/1080 1905/2990/746 1906/2994/746
f 1990/3000/1111 1937/3001/1087 1945/3002/1119 1992/3003/1112
f 1952/3004/1094 1944/2996/1090 1907/2997/754 1908/3005/754
f 1909/3006/746 1906/2994/746 1943/2995/1118 1951/3007/1093
f 1992/3003/1112 1945/3002/1119 1953/3008/1095 1993/3009/1113
f 1910/3010/746 1909/3006/746 1951/3007/1093 1959/3011/1097
f 1907/2997/754 1904/2989/754 1935/3012/1083 1941/3013/1083
f 1908/3005/754 1907/2997/754 1941/3013/1083 1949/3014/1083
f 1988/3015/1107 1964/3016/1102 1921/3017/1075 1980/3018/1105
f 1963/3019/1101 1910/3010/746 1959/3011/1097 1912/3020/1066
f 1904/2989/754 1903/2988/754 1929/3021/1083 1935/3012/1083
f 1960/3022/1098 1952/3004/1094 1908/3005/754 1911/2983/754
f 1955/3023/1080 1946/3024/1080 1909/3006/746 1910/3010/746
f 1993/3009/1113 1953/3008/1095 1961/3025/1099 1982/3026/1120
f 1914/3027/1068 1960/3022/1098 1911/2983/754 1965/2982/1103
f 1983/3028/1110 1925/3029/1116 1937/3001/1087 1990/3000/1111
f 1916/3030/1070 1955/3023/1080 1910/3010/746 1963/3019/1101
f 1971/3031/1109 1954/3032/1081 1918/3033/1072 1966/3034/1104
f 1911/2983/754 1908/3005/754 1949/3014/1083 1956/2984/1083
f 1978/3035/1109 1947/3036/1081 1954/3032/1081 1971/3031/1109
f 1977/3037/1109 1939/3038/1081 1947/3036/1081 1978/3035/1109
f 1975/3039/1109 1933/3040/1081 1939/3038/1081 1977/3037/1109
f 1946/3024/1080 1938/2998/1080 1906/2994/746 1909/3006/746
f 1932/2999/1080 1926/3041/1080 1902/2991/746 1905/2990/746
f 1991/3042/1109 1984/3043/1109 1934/3044/1082 1928/3045/1082
f 1982/3026/1120 1961/3025/1099 1915/3046/1069 1981/3047/1106
f 1916/3030/1070 1917/3048/1114 1918/3049/1072
f 1919/2985/1073 1920/3050/1074 1921/3051/1075
f 1931/2993/1085 1923/2992/1077 1922/3052/1076 1930/3053/1084
f 1955/3023/1080 1916/3030/1070 1918/3049/1072 1954/3054/1081
f 1957/3055/1082 1920/3050/1074 1919/2985/1073 1956/2984/1083
f 1937/3056/1087 1925/3057/1116 1924/2987/1115 1936/2986/1086
f 1943/2995/1118 1931/2993/1085 1930/3053/1084 1942/3058/1117
f 1926/3041/1080 1932/2999/1080 1933/3059/1081 1927/3060/1081
f 1928/3061/1082 1934/3062/1082 1935/3012/1083 1929/3021/1083
f 1945/3063/1119 1937/3056/1087 1936/2986/1086 1944/2996/1090
f 1932/2999/1080 1938/2998/1080 1939/3064/1081 1933/3059/1081
f 1934/3062/1082 1940/3065/1082 1941/3013/1083 1935/3012/1083
f 1951/3007/1093 1943/2995/1118 1942/3058/1117 1950/3066/1092
f 1953/3067/1095 1945/3063/1119 1944/2996/1090 1952/3004/1094
f 1938/2998/1080 1946/3024/1080 1947/3068/1081 1939/3064/1081
f 1940/3065/1082 1948/3069/1082 1949/3014/1083 1941/3013/1083
f 1959/3011/1097 1951/3007/1093 1950/3066/1092 1958/3070/1096
f 1961/3071/1099 1953/3067/1095 1952/3004/1094 1960/3022/1098
f 1966/3034/1104 1918/3033/1072 1917/3072/1114 1967/3073/1105
f 1946/3024/1080 1955/3023/1080 1954/3054/1081 1947/3068/1081
f 1948/3069/1082 1957/3055/1082 1956/2984/1083 1949/3014/1083
f 1912/3020/1066 1959/3011/1097 1958/3070/1096 1913/3074/1067
f 1915/3075/1069 1961/3071/1099 1960/3022/1098 1914/3027/1068
f 1963/3019/1101 1912/3020/1066 1913/3074/1067 1962/3076/1100
f 1965/2982/1103 1919/2985/1073 1921/3051/1075 1964/3077/1102
f 1916/3030/1070 1963/3019/1101 1962/3076/1100 1917/3048/1114
f 1914/3027/1068 1965/2982/1103 1964/3077/1102 1915/3075/1069
f 1981/3047/1106 1915/3046/1069 1964/3016/1102 1988/3015/1107
f 1913/3078/1067 1968/3079/1106 1969/3080/1107 1962/3081/1100
f 1987/3082/1104 1966/3034/1104 1967/3073/1105 1980/3018/1105
f 1958/3083/1096 1970/3084/1108 1968/3079/1106 1913/3078/1067
f 1927/3085/1081 1933/3040/1081 1975/3039/1109 1974/3086/1109
f 1984/3043/1109 1975/3039/1109 1977/3037/1109 1985/3087/1109
f 1985/3087/1109 1977/3037/1109 1978/3035/1109 1986/3088/1109
f 1986/3088/1109 1978/3035/1109 1971/3031/1109 1989/3089/1109
f 1989/3089/1109 1971/3031/1109 1966/3034/1104 1987/3082/1104
f 1922/3090/1076 1972/3091/1110 1973/3092/1111 1930/3093/1084
f 1950/3094/1092 1979/3095/1113 1970/3084/1108 1958/3083/1096
f 1962/3081/1100 1969/3080/1107 1967/3073/1105 1917/3072/1114
f 1942/3096/1117 1976/3097/1112 1979/3095/1113 1950/3094/1092
f 1930/3093/1084 1973/3092/1111 1976/3097/1112 1942/3096/1117
f 1957/3098/1082 1989/3089/1109 1987/3082/1104 1920/3099/1074
f 1948/3100/1082 1986/3088/1109 1989/3089/1109 1957/3098/1082
f 1940/3101/1082 1985/3087/1109 1986/3088/1109 1948/3100/1082
f 1934/3044/1082 1984/3043/1109 1985/3087/1109 1940/3101/1082
f 1920/3099/1074 1987/3082/1104 1980/3018/1105 1921/3017/1075
f 1968/3079/1106 1981/3047/1106 1988/3015/1107 1969/3080/1107
f 1970/3084/1108 1982/3026/1120 1981/3047/1106 1968/3079/1106
f 1974/3086/1109 1975/3039/1109 1984/3043/1109 1991/3042/1109
f 1972/3091/1110 1983/3028/1110 1990/3000/1111 1973/3092/1111
f 1979/3095/1113 1993/3009/1113 1982/3026/1120 1970/3084/1108
f 1969/3080/1107 1988/3015/1107 1980/3018/1105 1967/3073/1105
f 1976/3097/1112 1992/3003/1112 1993/3009/1113 1979/3095/1113
f 1973/3092/1111 1990/3000/1111 1992/3003/1112 1976/3097/1112
f 2057/3102/1103 2003/3103/754 2048/3104/1083 2011/3105/1073
f 2028/3106/1086 2016/3107/1124 1995/3108/754 1996/3109/754
f 1997/3110/746 1994/3111/746 2015/3112/1123 2023/3113/1085
f 1998/3114/746 1997/3110/746 2023/3113/1085 2035/3115/1118
f 2036/3116/1090 2028/3106/1086 1996/3109/754 1999/3117/754
f 2030/3118/1080 2024/3119/1080 1997/3110/746 1998/3114/746
f 2082/3120/1111 2029/3121/1087 2037/3122/1091 2084/3123/1112
f 2044/3124/1094 2036/3116/1090 1999/3117/754 2000/3125/754
f 2001/3126/746 1998/3114/746 2035/3115/1118 2043/3127/1093
f 2084/3123/1112 2037/3122/1091 2045/3128/1095 2085/3129/1113
f 2002/3130/746 2001/3126/746 2043/3127/1093 2051/3131/1097
f 1999/3117/754 1996/3109/754 2027/3132/1083 2033/3133/1083
f 2000/3125/754 1999/3117/754 2033/3133/1083 2041/3134/1083
f 2080/3135/1107 2056/3136/1102 2013/3137/1075 2072/3138/1105
f 2055/3139/1101 2002/3130/746 2051/3131/1097 2004/3140/1066
f 1996/3109/754 1995/3108/754 2021/3141/1083 2027/3132/1083
f 2052/3142/1098 2044/3124/1094 2000/3125/754 2003/3103/754
f 2047/3143/1080 2038/3144/1080 2001/3126/746 2002/3130/746
f 2085/3129/1113 2045/3128/1095 2053/3145/1099 2074/3146/1108
f 2006/3147/1121 2052/3142/1098 2003/3103/754 2057/3102/1103
f 2075/3148/1110 2017/3149/1116 2029/3121/1087 2082/3120/1111
f 2008/3150/1070 2047/3143/1080 2002/3130/746 2055/3139/1101
f 2063/3151/1109 2046/3152/1081 2010/3153/1072 2058/3154/1104
f 2003/3103/754 2000/3125/754 2041/3134/1083 2048/3104/1083
f 2070/3155/1109 2039/3156/1081 2046/3152/1081 2063/3151/1109
f 2069/3157/1109 2031/3158/1081 2039/3156/1081 2070/3155/1109
f 2067/3159/1109 2025/3160/1081 2031/3158/1081 2069/3157/1109
f 2038/3144/1080 2030/3118/1080 1998/3114/746 2001/3126/746
f 2024/3119/1080 2018/3161/1080 1994/3111/746 1997/3110/746
f 2083/3162/1109 2076/3163/1109 2026/3164/1082 2020/3165/1082
f 2074/3146/1108 2053/3145/1099 2007/3166/1069 2073/3167/1106
f 2008/3150/1070 2009/3168/1114 2010/3169/1072
f 2011/3105/1073 2012/3170/1074 2013/3171/1075
f 2023/3113/1085 2015/3112/1123 2014/3172/1122 2022/3173/1084
f 2047/3143/1080 2008/3150/1070 2010/3169/1072 2046/3174/1081
f 2049/3175/1082 2012/3170/1074 2011/3105/1073 2048/3104/1083
f 2029/3176/1087 2017/3177/1116 2016/3107/1124 2028/3106/1086
f 2035/3115/1118 2023/3113/1085 2022/3173/1084 2034/3178/1117
f 2018/3161/1080 2024/3119/1080 2025/3179/1081 2019/3180/1081
f 2020/3181/1082 2026/3182/1082 2027/3132/1083 2021/3141/1083
f 2037/3183/1091 2029/3176/1087 2028/3106/1086 2036/3116/1090
f 2024/3119/1080 2030/3118/1080 2031/3184/1081 2025/3179/1081
f 2026/3182/1082 2032/3185/1082 2033/3133/1083 2027/3132/1083
f 2043/3127/1093 2035/3115/1118 2034/3178/1117 2042/3186/1092
f 2045/3187/1095 2037/3183/1091 2036/3116/1090 2044/3124/1094
f 2030/3118/1080 2038/3144/1080 2039/3188/1081 2031/3184/1081
f 2032/3185/1082 2040/3189/1082 2041/3134/1083 2033/3133/1083
f 2051/3131/1097 2043/3127/1093 2042/3186/1092 2050/3190/1096
f 2053/3191/1099 2045/3187/1095 2044/3124/1094 2052/3142/1098
f 2058/3154/1104 2010/3153/1072 2009/3192/1114 2059/3193/1105
f 2038/3144/1080 2047/3143/1080 2046/3174/1081 2039/3188/1081
f 2040/3189/1082 2049/3175/1082 2048/3104/1083 2041/3134/1083
f 2004/3140/1066 2051/3131/1097 2050/3190/1096 2005/3194/1067
f 2007/3195/1069 2053/3191/1099 2052/3142/1098 2006/3147/1121
f 2055/3139/1101 2004/3140/1066 2005/3194/1067 2054/3196/1100
f 2057/3102/1103 2011/3105/1073 2013/3171/1075 2056/3197/1102
f 2008/3150/1070 2055/3139/1101 2054/3196/1100 2009/3168/1114
f 2006/3147/1121 2057/3102/1103 2056/3197/1102 2007/3195/1069
f 2073/3167/1106 2007/3166/1069 2056/3136/1102 2080/3135/1107
f 2005/3198/1067 2060/3199/1106 2061/3200/1107 2054/3201/1100
f 2079/3202/1104 2058/3154/1104 2059/3193/1105 2072/3138/1105
f 2050/3203/1096 2062/3204/1120 2060/3199/1106 2005/3198/1067
f 2019/3205/1081 2025/3160/1081 2067/3159/1109 2066/3206/1109
f 2076/3163/1109 2067/3159/1109 2069/3157/1109 2077/3207/1109
f 2077/3207/1109 2069/3157/1109 2070/3155/1109 2078/3208/1109
f 2078/3208/1109 2070/3155/1109 2063/3151/1109 2081/3209/1109
f 2081/3209/1109 2063/3151/1109 2058/3154/1104 2079/3202/1104
f 2014/3210/1122 2064/3211/1110 2065/3212/1111 2022/3213/1084
f 2042/3214/1092 2071/3215/1113 2062/3204/1120 2050/3203/1096
f 2054/3201/1100 2061/3200/1107 2059/3193/1105 2009/3192/1114
f 2034/3216/1117 2068/3217/1112 2071/3215/1113 2042/3214/1092
f 2022/3213/1084 2065/3212/1111 2068/3217/1112 2034/3216/1117
f 2049/3218/1082 2081/3209/1109 2079/3202/1104 2012/3219/1074
f 2040/3220/1082 2078/3208/1109 2081/3209/1109 2049/3218/1082
f 2032/3221/1082 2077/3207/1109 2078/3208/1109 2040/3220/1082
f 2026/3164/1082 2076/3163/1109 2077/3207/1109 2032/3221/1082
f 2012/3219/1074 2079/3202/1104 2072/3138/1105 2013/3137/1075
f 2060/3199/1106 2073/3167/1106 2080/3135/1107 2061/3200/1107
f 2062/3204/1120 2074/3146/1108 2073/3167/1106 2060/3199/1106
f 2066/3206/1109 2067/3159/1109 2076/3163/1109 2083/3162/1109
f 2064/3211/1110 2075/3148/1110 2082/3120/1111 2065/3212/1111
f 2071/3215/1113 2085/3129/1113 2074/3146/1108 2062/3204/1120
f 2061/3200/1107 2080/3135/1107 2072/3138/1105 2059/3193/1105
f 2068/3217/1112 2084/3123/1112 2085/3129/1113 2071/3215/1113
f 2065/3212/1111 2082/3120/1111 2084/3123/1112 2068/3217/1112
f 2149/3222/1103 2095/3223/754 2140/3224/1083 2103/3225/1073
f 2120/3226/1086 2108/3227/1078 2087/3228/754 2088/3229/754
f 2089/3230/746 2086/3231/746 2107/3232/1077 2115/3233/1085
f 2090/3234/746 2089/3230/746 2115/3233/1085 2127/3235/1089
f 2128/3236/1090 2120/3226/1086 2088/3229/754 2091/3237/754
f 2122/3238/1080 2116/3239/1080 2089/3230/746 2090/3234/746
f 2174/3240/1111 2121/3241/1087 2129/3242/1091 2176/3243/1112
f 2136/3244/1094 2128/3236/1090 2091/3237/754 2092/3245/754
f 2093/3246/746 2090/3234/746 2127/3235/1089 2135/3247/1093
f 2176/3243/1112 2129/3242/1091 2137/3248/1095 2177/3249/1113
f 2094/3250/746 2093/3246/746 2135/3247/1093 2143/3251/1097
f 2091/3237/754 2088/3229/754 2119/3252/1083 2125/3253/1083
f 2092/3245/754 2091/3237/754 2125/3253/1083 2133/3254/1083
f 2172/3255/1107 2148/3256/1102 2105/3257/1075 2164/3258/1105
f 2147/3259/1101 2094/3250/746 2143/3251/1097 2096/3260/1066
f 2088/3229/754 2087/3228/754 2113/3261/1083 2119/3252/1083
f 2144/3262/1098 2136/3244/1094 2092/3245/754 2095/3223/754
f 2139/3263/1080 2130/3264/1080 2093/3246/746 2094/3250/746
f 2177/3249/1113 2137/3248/1095 2145/3265/1099 2166/3266/1120
f 2098/3267/1068 2144/3262/1098 2095/3223/754 2149/3222/1103
f 2167/3268/1110 2109/3269/1079 2121/3241/1087 2174/3240/1111
f 2100/3270/1070 2139/3263/1080 2094/3250/746 2147/3259/1101
f 2155/3271/1109 2138/3272/1081 2102/3273/1072 2150/3274/1104
f 2095/3223/754 2092/3245/754 2133/3254/1083 2140/3224/1083
f 2162/3275/1109 2131/3276/1081 2138/3272/1081 2155/3271/1109
f 2161/3277/1109 2123/3278/1081 2131/3276/1081 2162/3275/1109
f 2159/3279/1109 2117/3280/1081 2123/3278/1081 2161/3277/1109
f 2130/3264/1080 2122/3238/1080 2090/3234/746 2093/3246/746
f 2116/3239/1080 2110/3281/1080 2086/3231/746 2089/3230/746
f 2175/3282/1109 2168/3283/1109 2118/3284/1082 2112/3285/1082
f 2166/3266/1120 2145/3265/1099 2099/3286/1069 2165/3287/1106
f 2100/3270/1070 2101/3288/1114 2102/3289/1072
f 2103/3225/1073 2104/3290/1074 2105/3291/1075
f 2115/3233/1085 2107/3232/1077 2106/3292/1076 2114/3293/1084
f 2139/3263/1080 2100/3270/1070 2102/3289/1072 2138/3294/1081
f 2141/3295/1082 2104/3290/1074 2103/3225/1073 2140/3224/1083
f 2121/3296/1087 2109/3297/1079 2108/3227/1078 2120/3226/1086
f 2127/3235/1089 2115/3233/1085 2114/3293/1084 2126/3298/1088
f 2110/3281/1080 2116/3239/1080 2117/3299/1081 2111/3300/1081
f 2112/3301/1082 2118/3302/1082 2119/3252/1083 2113/3261/1083
f 2129/3303/1091 2121/3296/1087 2120/3226/1086 2128/3236/1090
f 2116/3239/1080 2122/3238/1080 2123/3304/1081 2117/3299/1081
f 2118/3302/1082 2124/3305/1082 2125/3253/1083 2119/3252/1083
f 2135/3247/1093 2127/3235/1089 2126/3298/1088 2134/3306/1092
f 2137/3307/1095 2129/3303/1091 2128/3236/1090 2136/3244/1094
f 2122/3238/1080 2130/3264/1080 2131/3308/1081 2123/3304/1081
f 2124/3305/1082 2132/3309/1082 2133/3254/1083 2125/3253/1083
f 2143/3251/1097 2135/3247/1093 2134/3306/1092 2142/3310/1096
f 2145/3311/1099 2137/3307/1095 2136/3244/1094 2144/3262/1098
f 2150/3274/1104 2102/3273/1072 2101/3312/1114 2151/3313/1105
f 2130/3264/1080 2139/3263/1080 2138/3294/1081 2131/3308/1081
f 2132/3309/1082 2141/3295/1082 2140/3224/1083 2133/3254/1083
f 2096/3260/1066 2143/3251/1097 2142/3310/1096 2097/3314/1067
f 2099/3315/1069 2145/3311/1099 2144/3262/1098 2098/3267/1068
f 2147/3259/1101 2096/3260/1066 2097/3314/1067 2146/3316/1100
f 2149/3222/1103 2103/3225/1073 2105/3291/1075 2148/3317/1102
f 2100/3270/1070 2147/3259/1101 2146/3316/1100 2101/3288/1114
f 2098/3267/1068 2149/3222/1103 2148/3317/1102 2099/3315/1069
f 2165/3287/1106 2099/3286/1069 2148/3256/1102 2172/3255/1107
f 2097/3318/1067 2152/3319/1106 2153/3320/1107 2146/3321/1100
f 2171/3322/1104 2150/3274/1104 2151/3313/1105 2164/3258/1105
f 2142/3323/1096 2154/3324/1120 2152/3319/1106 2097/3318/1067
f 2111/3325/1081 2117/3280/1081 2159/3279/1109 2158/3326/1109
f 2168/3283/1109 2159/3279/1109 2161/3277/1109 2169/3327/1109
f 2169/3327/1109 2161/3277/1109 2162/3275/1109 2170/3328/1109
f 2170/3328/1109 2162/3275/1109 2155/3271/1109 2173/3329/1109
f 2173/3329/1109 2155/3271/1109 2150/3274/1104 2171/3322/1104
f 2106/3330/1076 2156/3331/1110 2157/3332/1111 2114/3333/1084
f 2134/3334/1092 2163/3335/1113 2154/3324/1120 2142/3323/1096
f 2146/3321/1100 2153/3320/1107 2151/3313/1105 2101/3312/1114
f 2126/3336/1088 2160/3337/1112 2163/3335/1113 2134/3334/1092
f 2114/3333/1084 2157/3332/1111 2160/3337/1112 2126/3336/1088
f 2141/3338/1082 2173/3329/1109 2171/3322/1104 2104/3339/1074
f 2132/3340/1082 2170/3328/1109 2173/3329/1109 2141/3338/1082
f 2124/3341/1082 2169/3327/1109 2170/3328/1109 2132/3340/1082
f 2118/3284/1082 2168/3283/1109 2169/3327/1109 2124/3341/1082
f 2104/3339/1074 2171/3322/1104 2164/3258/1105 2105/3257/1075
f 2152/3319/1106 2165/3287/1106 2172/3255/1107 2153/3320/1107
f 2154/3324/1120 2166/3266/1120 2165/3287/1106 2152/3319/1106
f 2158/3326/1109 2159/3279/1109 2168/3283/1109 2175/3282/1109
f 2156/3331/1110 2167/3268/1110 2174/3240/1111 2157/3332/1111
f 2163/3335/1113 2177/3249/1113 2166/3266/1120 2154/3324/1120
f 2153/3320/1107 2172/3255/1107 2164/3258/1105 2151/3313/1105
f 2160/3337/1112 2176/3243/1112 2177/3249/1113 2163/3335/1113
f 2157/3332/1111 2174/3240/1111 2176/3243/1112 2160/3337/1112
f 2241/3342/1103 2187/3343/754 2232/3344/1083 2195/3345/1073
f 2212/3346/1086 2200/3347/1078 2179/3348/754 2180/3349/754
f 2181/3350/746 2178/3351/746 2199/3352/1077 2207/3353/1085
f 2182/3354/746 2181/3350/746 2207/3353/1085 2219/3355/1118
f 2220/3356/1090 2212/3346/1086 2180/3349/754 2183/3357/754
f 2214/3358/1080 2208/3359/1080 2181/3350/746 2182/3354/746
f 2266/3360/1111 2213/3361/1087 2221/3362/1091 2268/3363/1112
f 2228/3364/1094 2220/3356/1090 2183/3357/754 2184/3365/754
f 2185/3366/746 2182/3354/746 2219/3355/1118 2227/3367/1093
f 2268/3363/1112 2221/3362/1091 2229/3368/1095 2269/3369/1113
f 2186/3370/746 2185/3366/746 2227/3367/1093 2235/3371/1097
f 2183/3357/754 2180/3349/754 2211/3372/1083 2217/3373/1083
f 2184/3365/754 2183/3357/754 2217/3373/1083 2225/3374/1083
f 2264/3375/1107 2240/3376/1102 2197/3377/1075 2256/3378/1105
f 2239/3379/1101 2186/3370/746 2235/3371/1097 2188/3380/1066
f 2180/3349/754 2179/3348/754 2205/3381/1083 2211/3372/1083
f 2236/3382/1098 2228/3364/1094 2184/3365/754 2187/3343/754
f 2231/3383/1080 2222/3384/1080 2185/3366/746 2186/3370/746
f 2269/3369/1113 2229/3368/1095 2237/3385/1099 2258/3386/1108
f 2190/3387/1068 2236/3382/1098 2187/3343/754 2241/3342/1103
f 2259/3388/1110 2201/3389/1079 2213/3361/1087 2266/3360/1111
f 2192/3390/1070 2231/3383/1080 2186/3370/746 2239/3379/1101
f 2247/3391/1109 2230/3392/1081 2194/3393/1125 2242/3394/1104
f 2187/3343/754 2184/3365/754 2225/3374/1083 2232/3344/1083
f 2254/3395/1109 2223/3396/1081 2230/3392/1081 2247/3391/1109
f 2253/3397/1109 2215/3398/1081 2223/3396/1081 2254/3395/1109
f 2251/3399/1109 2209/3400/1081 2215/3398/1081 2253/3397/1109
f 2222/3384/1080 2214/3358/1080 2182/3354/746 2185/3366/746
f 2208/3359/1080 2202/3401/1080 2178/3351/746 2181/3350/746
f 2267/3402/1109 2260/3403/1109 2210/3404/1082 2204/3405/1082
f 2258/3386/1108 2237/3385/1099 2191/3406/1069 2257/3407/1106
f 2192/3390/1070 2193/3408/1114 2194/3409/1125
f 2195/3345/1073 2196/3410/1074 2197/3411/1075
f 2207/3353/1085 2199/3352/1077 2198/3412/1076 2206/3413/1084
f 2231/3383/1080 2192/3390/1070 2194/3409/1125 2230/3414/1081
f 2233/3415/1082 2196/3410/1074 2195/3345/1073 2232/3344/1083
f 2213/3416/1087 2201/3417/1079 2200/3347/1078 2212/3346/1086
f 2219/3355/1118 2207/3353/1085 2206/3413/1084 2218/3418/1117
f 2202/3401/1080 2208/3359/1080 2209/3419/1081 2203/3420/1081
f 2204/3421/1082 2210/3422/1082 2211/3372/1083 2205/3381/1083
f 2221/3423/1091 2213/3416/1087 2212/3346/1086 2220/3356/1090
f 2208/3359/1080 2214/3358/1080 2215/3424/1081 2209/3419/1081
f 2210/3422/1082 2216/3425/1082 2217/3373/1083 2211/3372/1083
f 2227/3367/1093 2219/3355/1118 2218/3418/1117 2226/3426/1092
f 2229/3427/1095 2221/3423/1091 2220/3356/1090 2228/3364/1094
f 2214/3358/1080 2222/3384/1080 2223/3428/1081 2215/3424/1081
f 2216/3425/1082 2224/3429/1082 2225/3374/1083 2217/3373/1083
f 2235/3371/1097 2227/3367/1093 2226/3426/1092 2234/3430/1096
f 2237/3431/1099 2229/3427/1095 2228/3364/1094 2236/3382/1098
f 2242/3394/1104 2194/3393/1125 2193/3432/1114 2243/3433/1105
f 2222/3384/1080 2231/3383/1080 2230/3414/1081 2223/3428/1081
f 2224/3429/1082 2233/3415/1082 2232/3344/1083 2225/3374/1083
f 2188/3380/1066 2235/3371/1097 2234/3430/1096 2189/3434/1067
f 2191/3435/1069 2237/3431/1099 2236/3382/1098 2190/3387/1068
f 2239/3379/1101 2188/3380/1066 2189/3434/1067 2238/3436/1100
f 2241/3342/1103 2195/3345/1073 2197/3411/1075 2240/3437/1102
f 2192/3390/1070 2239/3379/1101 2238/3436/1100 2193/3408/1114
f 2190/3387/1068 2241/3342/1103 2240/3437/1102 2191/3435/1069
f 2257/3407/1106 2191/3406/1069 2240/3376/1102 2264/3375/1107
f 2189/3438/1067 2244/3439/1106 2245/3440/1107 2238/3441/1100
f 2263/3442/1104 2242/3394/1104 2243/3433/1105 2256/3378/1105
f 2234/3443/1096 2246/3444/1120 2244/3439/1106 2189/3438/1067
f 2203/3445/1081 2209/3400/1081 2251/3399/1109 2250/3446/1109
f 2260/3403/1109 2251/3399/1109 2253/3397/1109 2261/3447/1109
f 2261/3447/1109 2253/3397/1109 2254/3395/1109 2262/3448/1109
f 2262/3448/1109 2254/3395/1109 2247/3391/1109 2265/3449/1109
f 2265/3449/1109 2247/3391/1109 2242/3394/1104 2263/3442/1104
f 2198/3450/1076 2248/3451/1110 2249/3452/1111 2206/3453/1084
f 2226/3454/1092 2255/3455/1113 2246/3444/1120 2234/3443/1096
f 2238/3441/1100 2245/3440/1107 2243/3433/1105 2193/3432/1114
f 2218/3456/1117 2252/3457/1112 2255/3455/1113 2226/3454/1092
f 2206/3453/1084 2249/3452/1111 2252/3457/1112 2218/3456/1117
f 2233/3458/1082 2265/3449/1109 2263/3442/1104 2196/3459/1074
f 2224/3460/1082 2262/3448/1109 2265/3449/1109 2233/3458/1082
f 2216/3461/1082 2261/3447/1109 2262/3448/1109 2224/3460/1082
f 2210/3404/1082 2260/3403/1109 2261/3447/1109 2216/3461/1082
f 2196/3459/1074 2263/3442/1104 2256/3378/1105 2197/3377/1075
f 2244/3439/1106 2257/3407/1106 2264/3375/1107 2245/3440/1107
f 2246/3444/1120 2258/3386/1108 2257/3407/1106 2244/3439/1106
f 2250/3446/1109 2251/3399/1109 2260/3403/1109 2267/3402/1109
f 2248/3451/1110 2259/3388/1110 2266/3360/1111 2249/3452/1111
f 2255/3455/1113 2269/3369/1113 2258/3386/1108 2246/3444/1120
f 2245/3440/1107 2264/3375/1107 2256/3378/1105 2243/3433/1105
f 2252/3457/1112 2268/3363/1112 2269/3369/1113 2255/3455/1113
f 2249/3452/1111 2266/3360/1111 2268/3363/1112 2252/3457/1112
f 2333/3462/1103 2279/3463/754 2324/3464/1083 2287/3465/1073
f 2304/3466/1086 2292/3467/1078 2271/3468/754 2272/3469/754
f 2273/3470/746 2270/3471/746 2291/3472/1077 2299/3473/1085
f 2274/3474/746 2273/3470/746 2299/3473/1085 2311/3475/1089
f 2312/3476/1090 2304/3466/1086 2272/3469/754 2275/3477/754
f 2306/3478/1080 2300/3479/1080 2273/3470/746 2274/3474/746
f 2358/3480/1111 2305/3481/1087 2313/3482/1091 2360/3483/1112
f 2320/3484/1094 2312/3476/1090 2275/3477/754 2276/3485/754
f 2277/3486/746 2274/3474/746 2311/3475/1089 2319/3487/1093
f 2360/3483/1112 2313/3482/1091 2321/3488/1126 2361/3489/1113
f 2278/3490/746 2277/3486/746 2319/3487/1093 2327/3491/1097
f 2275/3477/754 2272/3469/754 2303/3492/1083 2309/3493/1083
f 2276/3485/754 2275/3477/754 2309/3493/1083 2317/3494/1083
f 2356/3495/1107 2332/3496/1102 2289/3497/1075 2348/3498/1127
f 2331/3499/1101 2278/3490/746 2327/3491/1097 2280/3500/1066
f 2272/3469/754 2271/3468/754 2297/3501/1083 2303/3492/1083
f 2328/3502/1098 2320/3484/1094 2276/3485/754 2279/3463/754
f 2323/3503/1080 2314/3504/1080 2277/3486/746 2278/3490/746
f 2361/3489/1113 2321/3488/1126 2329/3505/1099 2350/3506/1108
f 2282/3507/1068 2328/3502/1098 2279/3463/754 2333/3462/1103
f 2351/3508/1110 2293/3509/1116 2305/3481/1087 2358/3480/1111
f 2284/3510/1070 2323/3503/1080 2278/3490/746 2331/3499/1101
f 2339/3511/1109 2322/3512/1081 2286/3513/1072 2334/3514/1104
f 2279/3463/754 2276/3485/754 2317/3494/1083 2324/3464/1083
f 2346/3515/1109 2315/3516/1081 2322/3512/1081 2339/3511/1109
f 2345/3517/1109 2307/3518/1081 2315/3516/1081 2346/3515/1109
f 2343/3519/1109 2301/3520/1081 2307/3518/1081 2345/3517/1109
f 2314/3504/1080 2306/3478/1080 2274/3474/746 2277/3486/746
f 2300/3479/1080 2294/3521/1080 2270/3471/746 2273/3470/746
f 2359/3522/1109 2352/3523/1109 2302/3524/1082 2296/3525/1082
f 2350/3506/1108 2329/3505/1099 2283/3526/1069 2349/3527/1106
f 2284/3510/1070 2285/3528/1071 2286/3529/1072
f 2287/3465/1073 2288/3530/1074 2289/3531/1075
f 2299/3473/1085 2291/3472/1077 2290/3532/1076 2298/3533/1084
f 2323/3503/1080 2284/3510/1070 2286/3529/1072 2322/3534/1081
f 2325/3535/1082 2288/3530/1074 2287/3465/1073 2324/3464/1083
f 2305/3536/1087 2293/3537/1116 2292/3467/1078 2304/3466/1086
f 2311/3475/1089 2299/3473/1085 2298/3533/1084 2310/3538/1088
f 2294/3521/1080 2300/3479/1080 2301/3539/1081 2295/3540/1081
f 2296/3541/1082 2302/3542/1082 2303/3492/1083 2297/3501/1083
f 2313/3543/1091 2305/3536/1087 2304/3466/1086 2312/3476/1090
f 2300/3479/1080 2306/3478/1080 2307/3544/1081 2301/3539/1081
f 2302/3542/1082 2308/3545/1082 2309/3493/1083 2303/3492/1083
f 2319/3487/1093 2311/3475/1089 2310/3538/1088 2318/3546/1092
f 2321/3547/1126 2313/3543/1091 2312/3476/1090 2320/3484/1094
f 2306/3478/1080 2314/3504/1080 2315/3548/1081 2307/3544/1081
f 2308/3545/1082 2316/3549/1082 2317/3494/1083 2309/3493/1083
f 2327/3491/1097 2319/3487/1093 2318/3546/1092 2326/3550/1096
f 2329/3551/1099 2321/3547/1126 2320/3484/1094 2328/3502/1098
f 2334/3514/1104 2286/3513/1072 2285/3552/1071 2335/3553/1105
f 2314/3504/1080 2323/3503/1080 2322/3534/1081 2315/3548/1081
f 2316/3549/1082 2325/3535/1082 2324/3464/1083 2317/3494/1083
f 2280/3500/1066 2327/3491/1097 2326/3550/1096 2281/3554/1067
f 2283/3555/1069 2329/3551/1099 2328/3502/1098 2282/3507/1068
f 2331/3499/1101 2280/3500/1066 2281/3554/1067 2330/3556/1100
f 2333/3462/1103 2287/3465/1073 2289/3531/1075 2332/3557/1102
f 2284/3510/1070 2331/3499/1101 2330/3556/1100 2285/3528/1071
f 2282/3507/1068 2333/3462/1103 2332/3557/1102 2283/3555/1069
f 2349/3527/1106 2283/3526/1069 2332/3496/1102 2356/3495/1107
f 2281/3558/1067 2336/3559/1106 2337/3560/1107 2330/3561/1100
f 2355/3562/1104 2334/3514/1104 2335/3553/1105 2348/3498/1127
f 2326/3563/1096 2338/3564/1108 2336/3559/1106 2281/3558/1067
f 2295/3565/1081 2301/3520/1081 2343/3519/1109 2342/3566/1109
f 2352/3523/1109 2343/3519/1109 2345/3517/1109 2353/3567/1109
f 2353/3567/1109 2345/3517/1109 2346/3515/1109 2354/3568/1109
f 2354/3568/1109 2346/3515/1109 2339/3511/1109 2357/3569/1109
f 2357/3569/1109 2339/3511/1109 2334/3514/1104 2355/3562/1104
f 2290/3570/1076 2340/3571/1110 2341/3572/1111 2298/3573/1084
f 2318/3574/1092 2347/3575/1113 2338/3564/1108 2326/3563/1096
f 2330/3561/1100 2337/3560/1107 2335/3553/1105 2285/3552/1071
f 2310/3576/1088 2344/3577/1112 2347/3575/1113 2318/3574/1092
f 2298/3573/1084 2341/3572/1111 2344/3577/1112 2310/3576/1088
f 2325/3578/1082 2357/3569/1109 2355/3562/1104 2288/3579/1074
f 2316/3580/1082 2354/3568/1109 2357/3569/1109 2325/3578/1082
f 2308/3581/1082 2353/3567/1109 2354/3568/1109 2316/3580/1082
f 2302/3524/1082 2352/3523/1109 2353/3567/1109 2308/3581/1082
f 2288/3579/1074 2355/3562/1104 2348/3498/1127 2289/3497/1075
f 2336/3559/1106 2349/3527/1106 2356/3495/1107 2337/3560/1107
f 2338/3564/1108 2350/3506/1108 2349/3527/1106 2336/3559/1106
f 2342/3566/1109 2343/3519/1109 2352/3523/1109 2359/3522/1109
f 2340/3571/1110 2351/3508/1110 2358/3480/1111 2341/3572/1111
f 2347/3575/1113 2361/3489/1113 2350/3506/1108 2338/3564/1108
f 2337/3560/1107 2356/3495/1107 2348/3498/1127 2335/3553/1105
f 2344/3577/1112 2360/3483/1112 2361/3489/1113 2347/3575/1113
f 2341/3572/1111 2358/3480/1111 2360/3483/1112 2344/3577/1112
f 2396/3582/1162 2379/3583/1145 2378/3584/1144 2395/3585/1161
f 2395/3585/1161 2378/3584/1144 2393/3586/1159 2397/3587/1163
f 2399/3588/1165 2387/3589/1153 2386/3590/1152 2398/3591/1164
f 2400/3592/1166 2380/3593/1146 2379/3583/1145 2396/3582/1162
f 2401/3594/1167 2388/3595/1154 2387/3589/1153 2399/3588/1165
f 2402/3596/1168 2381/3597/1147 2380/3593/1146 2400/3592/1166
f 2403/3598/1169 2389/3599/1155 2388/3595/1154 2401/3594/1167
f 2404/3600/1170 2382/3601/1148 2381/3597/1147 2402/3596/1168
f 2405/3602/1171 2390/3603/1156 2389/3599/1155 2403/3598/1169
f 2406/3604/1172 2383/3605/1149 2382/3601/1148 2404/3600/1170
f 2407/3606/1173 2391/3607/1157 2390/3603/1156 2405/3602/1171
f 2408/3608/1174 2384/3609/1150 2383/3605/1149 2406/3604/1172
f 2409/3610/1175 2392/3611/1158 2391/3607/1157 2407/3606/1173
f 2410/3612/1176 2385/3613/1151 2384/3609/1150 2408/3608/1174
f 2397/3587/1163 2393/3586/1159 2392/3611/1158 2409/3610/1175
f 2398/3591/1164 2386/3590/1152 2385/3613/1151 2410/3612/1176
f 2429/3614/1160 2394/3615/1160 2428/3616/1160
f 2431/3617/1160 2394/3615/1160 2430/3618/1160
f 2433/3619/1160 2394/3615/1160 2432/3620/1160
f 2432/3620/1160 2394/3615/1160 2429/3614/1160
f 2434/3621/1160 2394/3615/1160 2431/3617/1160
f 2435/3622/1160 2394/3615/1160 2433/3619/1160
f 2436/3623/1160 2394/3615/1160 2434/3621/1160
f 2437/3624/1160 2394/3615/1160 2435/3622/1160
f 2438/3625/1160 2394/3615/1160 2436/3623/1160
f 2439/3626/1160 2394/3615/1160 2437/3624/1160
f 2440/3627/1160 2394/3615/1160 2438/3625/1160
f 2441/3628/1160 2394/3615/1160 2439/3626/1160
f 2442/3629/1160 2394/3615/1160 2440/3627/1160
f 2443/3630/1160 2394/3615/1160 2441/3628/1160
f 2428/3616/1160 2394/3615/1160 2442/3629/1160
f 2430/3618/1160 2394/3615/1160 2443/3630/1160
f 2427/3631/1164 2398/3632/1164 2410/3633/1176 2424/3634/1176
f 2426/3635/1163 2397/3636/1163 2409/3637/1175 2423/3638/1175
f 2424/3634/1176 2410/3633/1176 2408/3639/1174 2422/3640/1174
f 2423/3638/1175 2409/3637/1175 2407/3641/1173 2421/3642/1173
f 2422/3640/1174 2408/3639/1174 2406/3643/1172 2420/3644/1172
f 2421/3642/1173 2407/3641/1173 2405/3645/1171 2419/3646/1171
f 2420/3644/1172 2406/3643/1172 2404/3647/1170 2418/3648/1170
f 2419/3646/1171 2405/3645/1171 2403/3649/1169 2417/3650/1169
f 2418/3648/1170 2404/3647/1170 2402/3651/1168 2416/3652/1168
f 2417/3650/1169 2403/3649/1169 2401/3653/1167 2415/3654/1167
f 2416/3652/1168 2402/3651/1168 2400/3655/1166 2414/3656/1166
f 2415/3654/1167 2401/3653/1167 2399/3657/1165 2413/3658/1165
f 2414/3656/1166 2400/3655/1166 2396/3659/1162 2412/3660/1162
f 2413/3658/1165 2399/3657/1165 2398/3661/1164 2427/3662/1164
f 2425/3663/1161 2395/3664/1161 2397/3636/1163 2426/3635/1163
f 2412/3660/1162 2396/3659/1162 2395/3664/1161 2425/3663/1161
f 2376/3665/1142 2411/3666/1109 2377/3667/1143
f 2369/3668/1135 2411/3666/1109 2370/3669/1136
f 2362/3670/1128 2411/3666/1109 2363/3671/1129
f 2377/3667/1143 2411/3666/1109 2362/3670/1128
f 2370/3669/1136 2411/3666/1109 2371/3672/1137
f 2363/3671/1129 2411/3666/1109 2364/3673/1130
f 2371/3672/1137 2411/3666/1109 2372/3674/1138
f 2364/3673/1130 2411/3666/1109 2365/3675/1131
f 2372/3674/1138 2411/3666/1109 2373/3676/1139
f 2365/3675/1131 2411/3666/1109 2366/3677/1132
f 2373/3676/1139 2411/3666/1109 2374/3678/1140
f 2366/3677/1132 2411/3666/1109 2367/3679/1133
f 2374/3678/1140 2411/3666/1109 2375/3680/1141
f 2367/3679/1133 2411/3666/1109 2368/3681/1134
f 2375/3680/1141 2411/3666/1109 2376/3665/1142
f 2368/3681/1134 2411/3666/1109 2369/3668/1135
f 2363/3682/1129 2412/3660/1162 2425/3663/1161 2362/3683/1128
f 2362/3683/1128 2425/3663/1161 2426/3635/1163 2377/3684/1143
f 2371/3685/1137 2413/3658/1165 2427/3662/1164 2370/3686/1136
f 2364/3687/1130 2414/3656/1166 2412/3660/1162 2363/3682/1129
f 2372/3688/1138 2415/3654/1167 2413/3658/1165 2371/3685/1137
f 2365/3689/1131 2416/3652/1168 2414/3656/1166 2364/3687/1130
f 2373/3690/1139 2417/3650/1169 2415/3654/1167 2372/3688/1138
f 2366/3691/1132 2418/3648/1170 2416/3652/1168 2365/3689/1131
f 2374/3692/1140 2419/3646/1171 2417/3650/1169 2373/3690/1139
f 2367/3693/1133 2420/3644/1172 2418/3648/1170 2366/3691/1132
f 2375/3694/1141 2421/3642/1173 2419/3646/1171 2374/3692/1140
f 2368/3695/1134 2422/3640/1174 2420/3644/1172 2367/3693/1133
f 2376/3696/1142 2423/3638/1175 2421/3642/1173 2375/3694/1141
f 2369/3697/1135 2424/3634/1176 2422/3640/1174 2368/3695/1134
f 2377/3684/1143 2426/3635/1163 2423/3638/1175 2376/3696/1142
f 2370/3698/1136 2427/3631/1164 2424/3634/1176 2369/3697/1135
f 2385/3613/1151 2430/3618/1160 2443/3630/1160 2384/3609/1150
f 2392/3611/1158 2428/3616/1160 2442/3629/1160 2391/3607/1157
f 2384/3609/1150 2443/3630/1160 2441/3628/1160 2383/3605/1149
f 2391/3607/1157 2442/3629/1160 2440/3627/1160 2390/3603/1156
f 2383/3605/1149 2441/3628/1160 2439/3626/1160 2382/3601/1148
f 2390/3603/1156 2440/3627/1160 2438/3625/1160 2389/3599/1155
f 2382/3601/1148 2439/3626/1160 2437/3624/1160 2381/3597/1147
f 2389/3599/1155 2438/3625/1160 2436/3623/1160 2388/3595/1154
f 2381/3597/1147 2437/3624/1160 2435/3622/1160 2380/3593/1146
f 2388/3595/1154 2436/3623/1160 2434/3621/1160 2387/3589/1153
f 2380/3593/1146 2435/3622/1160 2433/3619/1160 2379/3583/1145
f 2387/3589/1153 2434/3621/1160 2431/3617/1160 2386/3590/1152
f 2378/3584/1144 2432/3620/1160 2429/3614/1160 2393/3586/1159
f 2379/3583/1145 2433/3619/1160 2432/3620/1160 2378/3584/1144
f 2386/3590/1152 2431/3617/1160 2430/3618/1160 2385/3613/1151
f 2393/3586/1159 2429/3614/1160 2428/3616/1160 2392/3611/1158
f 2478/3699/1162 2461/3700/1145 2460/3701/1144 2477/3702/1161
f 2477/3702/1161 2460/3701/1144 2475/3703/1159 2479/3704/1163
f 2481/3705/1165 2469/3706/1153 2468/3707/1152 2480/3708/1164
f 2482/3709/1166 2462/3710/1146 2461/3700/1145 2478/3699/1162
f 2483/3711/1167 2470/3712/1154 2469/3706/1153 2481/3705/1165
f 2484/3713/1168 2463/3714/1147 2462/3710/1146 2482/3709/1166
f 2485/3715/1169 2471/3716/1155 2470/3712/1154 2483/3711/1167
f 2486/3717/1170 2464/3718/1148 2463/3714/1147 2484/3713/1168
f 2487/3719/1171 2472/3720/1156 2471/3716/1155 2485/3715/1169
f 2488/3721/1172 2465/3722/1149 2464/3718/1148 2486/3717/1170
f 2489/3723/1173 2473/3724/1157 2472/3720/1156 2487/3719/1171
f 2490/3725/1174 2466/3726/1150 2465/3722/1149 2488/3721/1172
f 2491/3727/1175 2474/3728/1158 2473/3724/1157 2489/3723/1173
f 2492/3729/1176 2467/3730/1151 2466/3726/1150 2490/3725/1174
f 2479/3704/1163 2475/3703/1159 2474/3728/1158 2491/3727/1175
f 2480/3708/1164 2468/3707/1152 2467/3730/1151 2492/3729/1176
f 2511/3731/1160 2476/3732/1160 2510/3733/1160
f 2513/3734/1160 2476/3732/1160 2512/3735/1160
f 2515/3736/1160 2476/3732/1160 2514/3737/1160
f 2514/3737/1160 2476/3732/1160 2511/3731/1160
f 2516/3738/1160 2476/3732/1160 2513/3734/1160
f 2517/3739/1160 2476/3732/1160 2515/3736/1160
f 2518/3740/1160 2476/3732/1160 2516/3738/1160
f 2519/3741/1160 2476/3732/1160 2517/3739/1160
f 2520/3742/1160 2476/3732/1160 2518/3740/1160
f 2521/3743/1160 2476/3732/1160 2519/3741/1160
f 2522/3744/1160 2476/3732/1160 2520/3742/1160
f 2523/3745/1160 2476/3732/1160 2521/3743/1160
f 2524/3746/1160 2476/3732/1160 2522/3744/1160
f 2525/3747/1160 2476/3732/1160 2523/3745/1160
f 2510/3733/1160 2476/3732/1160 2524/3746/1160
f 2512/3735/1160 2476/3732/1160 2525/3747/1160
f 2509/3748/1164 2480/3749/1164 2492/3750/1176 2506/3751/1176
f 2508/3752/1184 2479/3753/1163 2491/3754/1175 2505/3755/1175
f 2506/3751/1176 2492/3750/1176 2490/3756/1174 2504/3757/1174
f 2505/3755/1175 2491/3754/1175 2489/3758/1173 2503/3759/1173
f 2504/3757/1174 2490/3756/1174 2488/3760/1172 2502/3761/1172
f 2503/3759/1173 2489/3758/1173 2487/3762/1171 2501/3763/1183
f 2502/3761/1172 2488/3760/1172 2486/3764/1170 2500/3765/1182
f 2501/3763/1183 2487/3762/1171 2485/3766/1169 2499/3767/1169
f 2500/3765/1182 2486/3764/1170 2484/3768/1168 2498/3769/1168
f 2499/3767/1169 2485/3766/1169 2483/3770/1167 2497/3771/1167
f 2498/3769/1168 2484/3768/1168 2482/3772/1166 2496/3773/1181
f 2497/3771/1167 2483/3770/1167 2481/3774/1165 2495/3775/1165
f 2496/3773/1181 2482/3772/1166 2478/3776/1162 2494/3777/1162
f 2495/3775/1165 2481/3774/1165 2480/3778/1164 2509/3779/1164
f 2507/3780/1161 2477/3781/1161 2479/3753/1163 2508/3752/1184
f 2494/3777/1162 2478/3776/1162 2477/3781/1161 2507/3780/1161
f 2458/3782/1142 2493/3783/1109 2459/3784/1180
f 2451/3785/1135 2493/3783/1109 2452/3786/1136
f 2444/3787/1128 2493/3783/1109 2445/3788/1177
f 2459/3784/1180 2493/3783/1109 2444/3787/1128
f 2452/3786/1136 2493/3783/1109 2453/3789/1137
f 2445/3788/1177 2493/3783/1109 2446/3790/1178
f 2453/3789/1137 2493/3783/1109 2454/3791/1138
f 2446/3790/1178 2493/3783/1109 2447/3792/1131
f 2454/3791/1138 2493/3783/1109 2455/3793/1139
f 2447/3792/1131 2493/3783/1109 2448/3794/1132
f 2455/3793/1139 2493/3783/1109 2456/3795/1140
f 2448/3794/1132 2493/3783/1109 2449/3796/1133
f 2456/3795/1140 2493/3783/1109 2457/3797/1141
f 2449/3796/1133 2493/3783/1109 2450/3798/1179
f 2457/3797/1141 2493/3783/1109 2458/3782/1142
f 2450/3798/1179 2493/3783/1109 2451/3785/1135
f 2445/3799/1177 2494/3777/1162 2507/3780/1161 2444/3800/1128
f 2444/3800/1128 2507/3780/1161 2508/3752/1184 2459/3801/1180
f 2453/3802/1137 2495/3775/1165 2509/3779/1164 2452/3803/1136
f 2446/3804/1178 2496/3773/1181 2494/3777/1162 2445/3799/1177
f 2454/3805/1138 2497/3771/1167 2495/3775/1165 2453/3802/1137
f 2447/3806/1131 2498/3769/1168 2496/3773/1181 2446/3804/1178
f 2455/3807/1139 2499/3767/1169 2497/3771/1167 2454/3805/1138
f 2448/3808/1132 2500/3765/1182 2498/3769/1168 2447/3806/1131
f 2456/3809/1140 2501/3763/1183 2499/3767/1169 2455/3807/1139
f 2449/3810/1133 2502/3761/1172 2500/3765/1182 2448/3808/1132
f 2457/3811/1141 2503/3759/1173 2501/3763/1183 2456/3809/1140
f 2450/3812/1179 2504/3757/1174 2502/3761/1172 2449/3810/1133
f 2458/3813/1142 2505/3755/1175 2503/3759/1173 2457/3811/1141
f 2451/3814/1135 2506/3751/1176 2504/3757/1174 2450/3812/1179
f 2459/3801/1180 2508/3752/1184 2505/3755/1175 2458/3813/1142
f 2452/3815/1136 2509/3748/1164 2506/3751/1176 2451/3814/1135
f 2467/3730/1151 2512/3735/1160 2525/3747/1160 2466/3726/1150
f 2474/3728/1158 2510/3733/1160 2524/3746/1160 2473/3724/1157
f 2466/3726/1150 2525/3747/1160 2523/3745/1160 2465/3722/1149
f 2473/3724/1157 2524/3746/1160 2522/3744/1160 2472/3720/1156
f 2465/3722/1149 2523/3745/1160 2521/3743/1160 2464/3718/1148
f 2472/3720/1156 2522/3744/1160 2520/3742/1160 2471/3716/1155
f 2464/3718/1148 2521/3743/1160 2519/3741/1160 2463/3714/1147
f 2471/3716/1155 2520/3742/1160 2518/3740/1160 2470/3712/1154
f 2463/3714/1147 2519/3741/1160 2517/3739/1160 2462/3710/1146
f 2470/3712/1154 2518/3740/1160 2516/3738/1160 2469/3706/1153
f 2462/3710/1146 2517/3739/1160 2515/3736/1160 2461/3700/1145
f 2469/3706/1153 2516/3738/1160 2513/3734/1160 2468/3707/1152
f 2460/3701/1144 2514/3737/1160 2511/3731/1160 2475/3703/1159
f 2461/3700/1145 2515/3736/1160 2514/3737/1160 2460/3701/1144
f 2468/3707/1152 2513/3734/1160 2512/3735/1160 2467/3730/1151
f 2475/3703/1159 2511/3731/1160 2510/3733/1160 2474/3728/1158
f 2546/3816/1204 2544/3817/1203 2527/3818/1186 2539/3819/1198
f 2559/3820/1204 2545/3821/1204 2529/3822/1188 2556/3823/1212
f 2557/3824/1213 2531/3825/1190 2535/3826/1194 2558/3827/1214
f 2552/3828/1208 2550/3829/1206 2530/3830/1189 2540/3831/1199
f 2543/3832/1202 2536/3833/1195 2532/3834/1191 2541/3835/1200
f 2562/3836/1217 2537/3837/1196 2533/3838/1192 2561/3839/1216
f 2540/3831/1199 2530/3830/1189 2534/3840/1193 2542/3841/1201
f 2563/3842/1204 2548/3843/1204 2537/3837/1196 2562/3836/1217
f 2549/3844/1204 2547/3845/1205 2536/3833/1195 2543/3832/1202
f 2548/3843/1204 2549/3844/1204 2543/3832/1202 2537/3837/1196
f 2531/3825/1190 2540/3831/1199 2542/3841/1201 2535/3826/1194
f 2537/3837/1196 2543/3832/1202 2541/3835/1200 2533/3838/1192
f 2551/3846/1207 2552/3828/1208 2540/3831/1199 2531/3825/1190
f 2545/3821/1204 2546/3816/1204 2539/3819/1198 2529/3822/1188
f 2535/3826/1194 2542/3841/1201 2546/3816/1204 2545/3821/1204
f 2558/3827/1214 2535/3826/1194 2545/3821/1204 2559/3820/1204
f 2542/3841/1201 2534/3840/1193 2544/3817/1203 2546/3816/1204
f 2528/3847/1187 2538/3848/1197 2549/3844/1204 2548/3843/1204
f 2538/3848/1197 2526/3849/1185 2547/3845/1205 2549/3844/1204
f 2560/3850/1215 2528/3847/1187 2548/3843/1204 2563/3842/1204
f 2554/3851/1210 2555/3852/1211 2552/3828/1208 2551/3846/1207
f 2555/3852/1211 2553/3853/1209 2550/3829/1206 2552/3828/1208
f 2541/3835/1200 2532/3834/1191 2553/3853/1209 2555/3852/1211
f 2533/3838/1192 2541/3835/1200 2555/3852/1211 2554/3851/1210
f 2582/3854/1236 2558/3827/1214 2559/3820/1204 2583/3855/1204
f 2581/3856/1235 2557/3824/1213 2558/3827/1214 2582/3854/1236
f 2583/3855/1204 2559/3820/1204 2556/3823/1212 2580/3857/1234
f 2588/3858/1240 2560/3850/1215 2563/3842/1204 2587/3859/1204
f 2587/3859/1204 2563/3842/1204 2562/3836/1217 2586/3860/1239
f 2586/3860/1239 2562/3836/1217 2561/3839/1216 2585/3861/1238
f 2683/3862/1325 2682/3863/1324 2571/3864/1225 2569/3865/1223
f 2685/3866/1327 2684/3867/1326 2577/3868/1231 2576/3869/1230
f 2682/3863/1324 2686/3870/1328 2575/3871/1229 2571/3864/1225
f 2688/3872/1330 2687/3873/1329 2570/3874/1224 2574/3875/1228
f 2689/3876/1331 2685/3866/1327 2576/3869/1230 2568/3877/1222
f 2686/3870/1328 2690/3878/1332 2564/3879/1218 2575/3871/1229
f 2690/3880/1332 2691/3881/1333 2572/3882/1226 2564/3883/1218
f 2701/3884/1343 2692/3885/1334 2644/3886/1288 2589/3887/1241
f 2695/3888/1337 2694/3889/1336 2567/3890/1221 2578/3891/1232
f 2696/3892/1338 2688/3872/1330 2574/3875/1228 2565/3893/1219
f 2700/3894/1342 2695/3888/1337 2578/3891/1232 2584/3895/1237
f 2691/3881/1333 2698/3896/1340 2566/3897/1220 2572/3882/1226
f 2698/3896/1340 2693/3898/1335 2579/3899/1233 2566/3897/1220
f 2684/3867/1326 2683/3862/1325 2569/3865/1223 2577/3868/1231
f 2687/3873/1329 2689/3876/1331 2568/3877/1222 2570/3874/1224
f 2699/3900/1341 2696/3901/1338 2565/3902/1219 2573/3903/1227
f 2694/3889/1336 2699/3900/1341 2573/3903/1227 2567/3890/1221
f 2697/3904/1339 2700/3894/1342 2584/3895/1237 2646/3905/1290
f 2624/3906/1204 2583/3855/1204 2580/3857/1234 2600/3907/1252
f 2604/3908/1256 2581/3856/1235 2582/3854/1236 2612/3909/1264
f 2612/3909/1264 2582/3854/1236 2583/3855/1204 2624/3906/1204
f 2693/3898/1335 2701/3884/1343 2589/3887/1241 2579/3899/1233
f 2613/3910/1265 2586/3860/1239 2585/3861/1238 2607/3911/1259
f 2626/3912/1204 2587/3859/1204 2586/3860/1239 2613/3910/1265
f 2598/3913/1250 2588/3858/1240 2587/3859/1204 2626/3912/1204
f 2721/3914/1363 2720/3915/1362 2596/3916/1248 2594/3917/1246
f 2723/3918/1365 2722/3919/1364 2590/3920/1242 2592/3921/1244
f 2725/3922/1367 2724/3923/1366 2597/3924/1249 2674/3925/1316
f 2727/3926/1369 2726/3927/1368 2593/3928/1245 2591/3929/1243
f 2720/3915/1362 2728/3930/1370 2672/3931/1314 2596/3916/1248
f 2724/3923/1366 2729/3932/1371 2595/3933/1247 2597/3924/1249
f 2722/3919/1364 2721/3914/1363 2594/3917/1246 2590/3920/1242
f 2729/3932/1371 2727/3934/1369 2591/3935/1243 2595/3933/1247
f 2726/3927/1368 2723/3918/1365 2592/3921/1244 2593/3928/1245
f 2625/3936/1204 2617/3937/1269 2601/3938/1253 2622/3939/1274
f 2639/3940/1204 2636/3941/1282 2603/3942/1255 2623/3943/1204
f 2637/3944/1283 2638/3945/1284 2611/3946/1263 2606/3947/1258
f 2632/3948/1278 2618/3949/1270 2605/3950/1257 2630/3951/1276
f 2621/3952/1273 2619/3953/1271 2608/3954/1260 2614/3955/1266
f 2642/3956/1287 2641/3957/1286 2609/3958/1261 2615/3959/1267
f 2618/3949/1270 2620/3960/1272 2610/3961/1262 2605/3950/1257
f 2643/3962/1204 2642/3956/1287 2615/3959/1267 2628/3963/1204
f 2629/3964/1204 2621/3952/1273 2614/3955/1266 2627/3965/1275
f 2628/3963/1204 2615/3959/1267 2621/3952/1273 2629/3964/1204
f 2606/3947/1258 2611/3946/1263 2620/3960/1272 2618/3949/1270
f 2615/3959/1267 2609/3958/1261 2619/3953/1271 2621/3952/1273
f 2631/3966/1277 2606/3947/1258 2618/3949/1270 2632/3948/1278
f 2623/3943/1204 2603/3942/1255 2617/3937/1269 2625/3936/1204
f 2611/3946/1263 2623/3943/1204 2625/3936/1204 2620/3960/1272
f 2638/3945/1284 2639/3940/1204 2623/3943/1204 2611/3946/1263
f 2620/3960/1272 2625/3936/1204 2622/3939/1274 2610/3961/1262
f 2602/3967/1254 2628/3963/1204 2629/3964/1204 2616/3968/1268
f 2616/3968/1268 2629/3964/1204 2627/3965/1275 2599/3969/1251
f 2640/3970/1285 2643/3962/1204 2628/3963/1204 2602/3967/1254
f 2634/3971/1280 2631/3966/1277 2632/3948/1278 2635/3972/1281
f 2635/3972/1281 2632/3948/1278 2630/3951/1276 2633/3973/1279
f 2619/3953/1271 2635/3972/1281 2633/3973/1279 2608/3954/1260
f 2609/3958/1261 2634/3971/1280 2635/3972/1281 2619/3953/1271
f 2664/3974/1308 2665/3975/1204 2639/3940/1204 2638/3945/1284
f 2663/3976/1307 2664/3974/1308 2638/3945/1284 2637/3944/1283
f 2665/3975/1204 2662/3977/1306 2636/3941/1282 2639/3940/1204
f 2670/3978/1312 2669/3979/1204 2643/3962/1204 2640/3970/1285
f 2669/3979/1204 2668/3980/1311 2642/3956/1287 2643/3962/1204
f 2668/3980/1311 2667/3981/1310 2641/3957/1286 2642/3956/1287
f 2703/3982/1345 2651/3983/1295 2653/3984/1297 2702/3985/1344
f 2705/3986/1347 2658/3987/1302 2659/3988/1303 2704/3989/1346
f 2702/3985/1344 2653/3984/1297 2657/3990/1301 2706/3991/1348
f 2708/3992/1350 2656/3993/1300 2652/3994/1296 2707/3995/1349
f 2709/3996/1351 2650/3997/1294 2658/3987/1302 2705/3986/1347
f 2706/3991/1348 2657/3990/1301 2645/3998/1289 2710/3999/1352
f 2710/4000/1352 2645/4001/1289 2654/4002/1298 2711/4003/1353
f 2719/4004/1361 2671/4005/1313 2644/3886/1288 2692/3885/1334
f 2714/4006/1356 2660/4007/1304 2649/4008/1293 2713/4009/1355
f 2715/4010/1357 2647/4011/1291 2656/3993/1300 2708/3992/1350
f 2718/4012/1360 2666/4013/1309 2660/4007/1304 2714/4006/1356
f 2711/4003/1353 2654/4002/1298 2648/4014/1292 2716/4015/1358
f 2716/4015/1358 2648/4014/1292 2661/4016/1305 2712/4017/1354
f 2704/3989/1346 2659/3988/1303 2651/3983/1295 2703/3982/1345
f 2707/3995/1349 2652/3994/1296 2650/3997/1294 2709/3996/1351
f 2717/4018/1359 2655/4019/1299 2647/4020/1291 2715/4021/1357
f 2713/4009/1355 2649/4008/1293 2655/4019/1299 2717/4018/1359
f 2697/3904/1339 2646/3905/1290 2666/4013/1309 2718/4012/1360
f 2624/3906/1204 2600/3907/1252 2662/3977/1306 2665/3975/1204
f 2604/3908/1256 2612/3909/1264 2664/3974/1308 2663/3976/1307
f 2612/3909/1264 2624/3906/1204 2665/3975/1204 2664/3974/1308
f 2712/4017/1354 2661/4016/1305 2671/4005/1313 2719/4004/1361
f 2613/3910/1265 2607/3911/1259 2667/3981/1310 2668/3980/1311
f 2626/3912/1204 2613/3910/1265 2668/3980/1311 2669/3979/1204
f 2598/3913/1250 2626/3912/1204 2669/3979/1204 2670/3978/1312
f 2731/4022/1373 2678/4023/1320 2680/4024/1322 2730/4025/1372
f 2733/4026/1375 2676/4027/1318 2673/4028/1315 2732/4029/1374
f 2725/3922/1367 2674/3925/1316 2681/4030/1323 2734/4031/1376
f 2736/4032/1378 2675/4033/1317 2677/4034/1319 2735/4035/1377
f 2730/4025/1372 2680/4024/1322 2672/3931/1314 2728/3930/1370
f 2734/4031/1376 2681/4030/1323 2679/4036/1321 2737/4037/1379
f 2732/4038/1374 2673/4039/1315 2678/4023/1320 2731/4022/1373
f 2737/4037/1379 2679/4036/1321 2675/4033/1317 2736/4032/1378
f 2735/4035/1377 2677/4034/1319 2676/4027/1318 2733/4026/1375
f 2557/4040/1213 2581/4041/1235 2720/3915/1362 2721/3914/1363
f 2640/3970/1285 2712/4042/1354 2719/4043/1361 2670/3978/1312
f 2600/3907/1252 2697/4044/1339 2718/4045/1360 2662/3977/1306
f 2603/3942/1255 2713/4046/1355 2717/4047/1359 2617/3937/1269
f 2617/3937/1269 2717/4047/1359 2715/4048/1357 2601/3938/1253
f 2610/3961/1262 2707/4049/1349 2709/4050/1351 2605/3950/1257
f 2633/3973/1279 2704/4051/1346 2703/4052/1345 2608/3954/1260
f 2602/3967/1254 2716/4053/1358 2712/4042/1354 2640/3970/1285
f 2616/3968/1268 2711/4054/1353 2716/4053/1358 2602/3967/1254
f 2662/3977/1306 2718/4045/1360 2714/4055/1356 2636/3941/1282
f 2601/3938/1253 2715/4048/1357 2708/4056/1350 2622/3939/1274
f 2636/3941/1282 2714/4055/1356 2713/4046/1355 2603/3942/1255
f 2670/3978/1312 2719/4043/1361 2692/4057/1334 2598/3913/1250
f 2599/3969/1251 2710/4058/1352 2711/4054/1353 2616/3968/1268
f 2627/3965/1275 2706/4059/1348 2710/4058/1352 2599/3969/1251
f 2605/3950/1257 2709/4050/1351 2705/4060/1347 2630/3951/1276
f 2622/3939/1274 2708/4056/1350 2707/4049/1349 2610/3961/1262
f 2614/3955/1266 2702/4061/1344 2706/4059/1348 2627/3965/1275
f 2630/3951/1276 2705/4060/1347 2704/4051/1346 2633/3973/1279
f 2608/3954/1260 2703/4052/1345 2702/4061/1344 2614/3955/1266
f 2560/3850/1215 2588/3858/1240 2701/4062/1343 2693/4063/1335
f 2600/3907/1252 2580/3857/1234 2700/4064/1342 2697/4044/1339
f 2529/3822/1188 2539/3819/1198 2699/4065/1341 2694/4066/1336
f 2539/3819/1198 2527/3818/1186 2696/4067/1338 2699/4065/1341
f 2534/3840/1193 2530/3830/1189 2689/4068/1331 2687/4069/1329
f 2553/3853/1209 2532/3834/1191 2683/4070/1325 2684/4071/1326
f 2528/3847/1187 2560/3850/1215 2693/4063/1335 2698/4072/1340
f 2538/3848/1197 2528/3847/1187 2698/4072/1340 2691/4073/1333
f 2580/3857/1234 2556/3823/1212 2695/4074/1337 2700/4064/1342
f 2527/3818/1186 2544/3817/1203 2688/4075/1330 2696/4067/1338
f 2556/3823/1212 2529/3822/1188 2694/4066/1336 2695/4074/1337
f 2588/3858/1240 2598/3913/1250 2692/4057/1334 2701/4062/1343
f 2526/3849/1185 2538/3848/1197 2691/4073/1333 2690/4076/1332
f 2547/3845/1205 2526/3849/1185 2690/4076/1332 2686/4077/1328
f 2530/3830/1189 2550/3829/1206 2685/4078/1327 2689/4068/1331
f 2544/3817/1203 2534/3840/1193 2687/4069/1329 2688/4075/1330
f 2536/3833/1195 2547/3845/1205 2686/4077/1328 2682/4079/1324
f 2550/3829/1206 2553/3853/1209 2684/4071/1326 2685/4078/1327
f 2634/4080/1280 2735/4035/1377 2733/4026/1375 2631/4081/1277
f 2641/4082/1286 2737/4037/1379 2736/4032/1378 2609/4083/1261
f 2606/4084/1258 2732/4038/1374 2731/4022/1373 2637/4085/1283
f 2667/4086/1310 2734/4031/1376 2737/4037/1379 2641/4082/1286
f 2663/4087/1307 2730/4025/1372 2728/3930/1370 2604/4088/1256
f 2609/4083/1261 2736/4032/1378 2735/4035/1377 2634/4080/1280
f 2607/4089/1259 2725/3922/1367 2734/4031/1376 2667/4086/1310
f 2631/4081/1277 2733/4026/1375 2732/4029/1374 2606/4090/1258
f 2637/4085/1283 2731/4022/1373 2730/4025/1372 2663/4087/1307
f 2554/4091/1210 2551/4092/1207 2723/3918/1365 2726/3927/1368
f 2561/4093/1216 2533/4094/1192 2727/3934/1369 2729/3932/1371
f 2531/4095/1190 2557/4040/1213 2721/3914/1363 2722/3919/1364
f 2585/4096/1238 2561/4093/1216 2729/3932/1371 2724/3923/1366
f 2581/4041/1235 2604/4088/1256 2728/3930/1370 2720/3915/1362
f 2533/4097/1192 2554/4091/1210 2726/3927/1368 2727/3926/1369
f 2607/4089/1259 2585/4096/1238 2724/3923/1366 2725/3922/1367
f 2551/4092/1207 2531/4095/1190 2722/3919/1364 2723/3918/1365
f 2769/4098/1204 2767/4099/1405 2743/4100/1385 2752/4101/1204
f 2766/4102/1404 2768/4103/1204 2750/4104/1204 2742/4105/1384
f 2768/4103/1204 2769/4098/1204 2752/4101/1204 2750/4104/1204
f 2739/4106/1381 2741/4107/1383 2752/4101/1204 2743/4100/1385
f 2741/4107/1383 2740/4108/1382 2750/4104/1204 2752/4101/1204
f 2738/4109/1380 2742/4105/1384 2750/4104/1204 2740/4108/1382
f 2747/4110/1389 2753/4111/1204 2751/4112/1204 2746/4113/1388
f 2745/4114/1387 2749/4115/1391 2753/4111/1204 2747/4110/1389
f 2744/4116/1386 2746/4113/1388 2751/4112/1204 2748/4117/1390
f 2841/4118/1441 2840/4119/1440 2755/4120/1393 2757/4121/1395
f 2843/4122/1443 2842/4123/1442 2761/4124/1399 2765/4125/1403
f 2845/4126/1445 2844/4127/1444 2762/4128/1400 2763/4129/1401
f 2847/4130/1447 2846/4131/1446 2754/4132/1392 2758/4133/1396
f 2853/4134/1453 2847/4130/1447 2758/4133/1396 2770/4135/1316
f 2846/4131/1446 2849/4136/1449 2756/4137/1394 2754/4132/1392
f 2842/4123/1442 2845/4126/1445 2763/4129/1401 2761/4124/1399
f 2840/4138/1440 2850/4139/1450 2759/4140/1397 2755/4141/1393
f 2852/4142/1452 2843/4122/1443 2765/4125/1403 2771/4143/1314
f 2849/4136/1449 2841/4118/1441 2757/4121/1395 2756/4137/1394
f 2851/4144/1451 2848/4145/1448 2764/4146/1402 2760/4147/1398
f 2844/4127/1444 2851/4144/1451 2760/4147/1398 2762/4128/1400
f 2850/4139/1450 2852/4142/1452 2771/4143/1314 2759/4140/1397
f 2848/4145/1448 2853/4134/1453 2770/4135/1316 2764/4146/1402
f 2751/4112/1204 2753/4111/1204 2769/4098/1204 2768/4103/1204
f 2748/4117/1390 2751/4112/1204 2768/4103/1204 2766/4102/1404
f 2753/4111/1204 2749/4115/1391 2767/4099/1405 2769/4098/1204
f 2837/4148/1204 2835/4149/1439 2777/4150/1411 2779/4151/1204
f 2834/4152/1438 2836/4153/1204 2778/4154/1204 2776/4155/1410
f 2836/4153/1204 2837/4148/1204 2779/4151/1204 2778/4154/1204
f 2773/4156/1407 2775/4157/1409 2779/4151/1204 2777/4150/1411
f 2775/4157/1409 2774/4158/1408 2778/4154/1204 2779/4151/1204
f 2772/4159/1406 2776/4155/1410 2778/4154/1204 2774/4158/1408
f 2855/4160/1455 2854/4161/1454 2781/4162/1412 2783/4163/1395
f 2857/4164/1457 2856/4165/1456 2780/4166/1392 2784/4167/1396
f 2861/4168/1461 2857/4164/1457 2784/4167/1396 2838/4169/1316
f 2856/4165/1456 2858/4170/1458 2782/4171/1413 2780/4166/1392
f 2854/4172/1454 2859/4173/1459 2785/4174/1397 2781/4175/1412
f 2858/4170/1458 2855/4160/1455 2783/4163/1395 2782/4171/1413
f 2859/4173/1459 2860/4176/1460 2839/4177/1314 2785/4174/1397
f 2817/4178/1204 2800/4179/1204 2791/4180/1419 2815/4181/1431
f 2814/4182/1430 2790/4183/1418 2798/4184/1204 2816/4185/1204
f 2816/4185/1204 2798/4184/1204 2800/4179/1204 2817/4178/1204
f 2787/4186/1415 2791/4180/1419 2800/4179/1204 2789/4187/1417
f 2789/4187/1417 2800/4179/1204 2798/4184/1204 2788/4188/1416
f 2786/4189/1414 2788/4188/1416 2798/4184/1204 2790/4183/1418
f 2795/4190/1423 2794/4191/1422 2799/4192/1204 2801/4193/1204
f 2793/4194/1421 2795/4190/1423 2801/4193/1204 2797/4195/1425
f 2792/4196/1420 2796/4197/1424 2799/4192/1204 2794/4191/1422
f 2869/4198/1469 2805/4199/1427 2803/4200/1399 2868/4201/1468
f 2871/4202/1471 2813/4203/1397 2809/4204/1412 2870/4205/1470
f 2873/4206/1473 2811/4207/1429 2810/4208/1428 2872/4209/1472
f 2875/4210/1475 2806/4211/1402 2802/4212/1398 2874/4213/1474
f 2881/4214/1481 2818/4215/1316 2806/4211/1402 2875/4210/1475
f 2874/4213/1474 2802/4212/1398 2804/4216/1426 2877/4217/1477
f 2870/4218/1470 2809/4219/1412 2811/4207/1429 2873/4206/1473
f 2868/4201/1468 2803/4200/1399 2807/4220/1403 2878/4221/1478
f 2880/4222/1480 2819/4223/1314 2813/4203/1397 2871/4202/1471
f 2877/4217/1477 2804/4216/1426 2805/4199/1427 2869/4198/1469
f 2879/4224/1479 2808/4225/1392 2812/4226/1396 2876/4227/1476
f 2872/4209/1472 2810/4208/1428 2808/4225/1392 2879/4224/1479
f 2878/4221/1478 2807/4220/1403 2819/4223/1314 2880/4222/1480
f 2876/4227/1476 2812/4226/1396 2818/4215/1316 2881/4214/1481
f 2799/4192/1204 2816/4185/1204 2817/4178/1204 2801/4193/1204
f 2796/4197/1424 2814/4182/1430 2816/4185/1204 2799/4192/1204
f 2801/4193/1204 2817/4178/1204 2815/4181/1431 2797/4195/1425
f 2837/4148/1204 2827/4228/1204 2825/4229/1437 2835/4149/1439
f 2834/4152/1438 2824/4230/1436 2826/4231/1204 2836/4153/1204
f 2836/4153/1204 2826/4231/1204 2827/4228/1204 2837/4148/1204
f 2821/4232/1433 2825/4229/1437 2827/4228/1204 2823/4233/1435
f 2823/4233/1435 2827/4228/1204 2826/4231/1204 2822/4234/1434
f 2820/4235/1432 2822/4234/1434 2826/4231/1204 2824/4230/1436
f 2863/4236/1463 2831/4237/1427 2829/4238/1399 2862/4239/1462
f 2865/4240/1465 2832/4241/1402 2828/4242/1398 2864/4243/1464
f 2861/4168/1461 2838/4169/1316 2832/4241/1402 2865/4240/1465
f 2864/4243/1464 2828/4242/1398 2830/4244/1426 2866/4245/1466
f 2862/4239/1462 2829/4238/1399 2833/4246/1403 2867/4247/1467
f 2866/4245/1466 2830/4244/1426 2831/4237/1427 2863/4236/1463
f 2867/4247/1467 2833/4246/1403 2839/4177/1314 2860/4176/1460
f 2748/4117/1390 2766/4102/1404 2853/4248/1453 2848/4249/1448
f 2743/4100/1385 2767/4099/1405 2852/4250/1452 2850/4251/1450
f 2746/4113/1388 2744/4116/1386 2851/4252/1451 2844/4253/1444
f 2744/4116/1386 2748/4117/1390 2848/4249/1448 2851/4252/1451
f 2740/4108/1382 2741/4107/1383 2841/4254/1441 2849/4255/1449
f 2767/4099/1405 2749/4115/1391 2843/4256/1443 2852/4250/1452
f 2739/4106/1381 2743/4100/1385 2850/4251/1450 2840/4257/1440
f 2745/4114/1387 2747/4110/1389 2845/4258/1445 2842/4259/1442
f 2738/4109/1380 2740/4108/1382 2849/4255/1449 2846/4260/1446
f 2766/4102/1404 2742/4105/1384 2847/4261/1447 2853/4248/1453
f 2742/4105/1384 2738/4109/1380 2846/4260/1446 2847/4261/1447
f 2747/4110/1389 2746/4113/1388 2844/4253/1444 2845/4258/1445
f 2749/4115/1391 2745/4114/1387 2842/4259/1442 2843/4256/1443
f 2741/4107/1383 2739/4106/1381 2840/4257/1440 2841/4254/1441
f 2825/4229/1437 2867/4262/1467 2860/4263/1460 2835/4149/1439
f 2822/4234/1434 2866/4264/1466 2863/4265/1463 2823/4233/1435
f 2821/4232/1433 2862/4266/1462 2867/4262/1467 2825/4229/1437
f 2820/4235/1432 2864/4267/1464 2866/4264/1466 2822/4234/1434
f 2834/4152/1438 2861/4268/1461 2865/4269/1465 2824/4230/1436
f 2824/4230/1436 2865/4269/1465 2864/4267/1464 2820/4235/1432
f 2823/4233/1435 2863/4265/1463 2862/4266/1462 2821/4232/1433
f 2777/4150/1411 2835/4149/1439 2860/4263/1460 2859/4270/1459
f 2774/4158/1408 2775/4157/1409 2855/4271/1455 2858/4272/1458
f 2773/4156/1407 2777/4150/1411 2859/4270/1459 2854/4273/1454
f 2772/4159/1406 2774/4158/1408 2858/4272/1458 2856/4274/1456
f 2834/4152/1438 2776/4155/1410 2857/4275/1457 2861/4268/1461
f 2776/4155/1410 2772/4159/1406 2856/4274/1456 2857/4275/1457
f 2775/4157/1409 2773/4156/1407 2854/4273/1454 2855/4271/1455
f 2796/4197/1424 2876/4276/1476 2881/4277/1481 2814/4182/1430
f 2791/4180/1419 2878/4278/1478 2880/4279/1480 2815/4181/1431
f 2794/4191/1422 2872/4280/1472 2879/4281/1479 2792/4196/1420
f 2792/4196/1420 2879/4281/1479 2876/4276/1476 2796/4197/1424
f 2788/4188/1416 2877/4282/1477 2869/4283/1469 2789/4187/1417
f 2815/4181/1431 2880/4279/1480 2871/4284/1471 2797/4195/1425
f 2787/4186/1415 2868/4285/1468 2878/4278/1478 2791/4180/1419
f 2793/4194/1421 2870/4286/1470 2873/4287/1473 2795/4190/1423
f 2786/4189/1414 2874/4288/1474 2877/4282/1477 2788/4188/1416
f 2814/4182/1430 2881/4277/1481 2875/4289/1475 2790/4183/1418
f 2790/4183/1418 2875/4289/1475 2874/4288/1474 2786/4189/1414
f 2795/4190/1423 2873/4287/1473 2872/4280/1472 2794/4191/1422
f 2797/4195/1425 2871/4284/1471 2870/4286/1470 2793/4194/1421
f 2789/4187/1417 2869/4283/1469 2868/4285/1468 2787/4186/1415
f 2999/4290/1591 3001/4291/1593 2907/4292/1507 2887/4293/1487
f 3000/4294/1592 3191/4295/1741 3085/4296/1647 2911/4297/1511
f 3013/4298/1605 3020/4299/1612 2903/4300/1503 2897/4301/1497
f 3008/4302/1600 2995/4303/1587 2885/4304/1485 2888/4305/1488
f 3193/4306/1743 2994/4307/1586 2912/4308/1512 3066/4309/1628
f 2996/4310/1588 3008/4302/1600 2888/4305/1488 2889/4311/1489
f 3001/4291/1593 3005/4312/1597 2909/4313/1509 2907/4292/1507
f 3006/4314/1598 3000/4294/1592 2911/4297/1511 2892/4315/1492
f 3004/4316/1596 2997/4317/1589 2884/4318/1484 2883/4319/1483
f 2994/4307/1586 3007/4320/1599 2890/4321/1490 2912/4308/1512
f 3044/4322/1618 3055/4323/1618 2916/4324/1516 2918/4325/1518
f 3252/4326/1618 3053/4327/1618 2913/4328/1513 3101/4329/1663
f 3005/4312/1597 2998/4330/1590 2891/4331/1491 2909/4313/1509
f 3047/4332/1618 3051/4333/1618 2927/4334/1527 2928/4335/1528
f 3046/4336/1618 3049/4337/1618 2929/4338/1529 2926/4339/1526
f 3055/4323/1618 3042/4340/1618 2920/4341/1520 2916/4324/1516
f 3009/4342/1601 2996/4310/1588 2889/4311/1489 2908/4343/1508
f 3040/4344/1618 3037/4345/1618 3047/4332/1618 3049/4337/1618
f 3020/4299/1612 3011/4346/1603 2904/4347/1504 2903/4300/1503
f 3010/4348/1602 3012/4349/1604 2902/4350/1502 2898/4351/1498
f 3021/4352/1613 3013/4298/1605 2897/4301/1497 2901/4353/1501
f 2932/4354/1532 2934/4355/1534 3028/4356/1618 3027/4357/1618
f 3012/4349/1604 3014/4358/1606 2893/4359/1493 2902/4350/1502
f 3014/4358/1606 3015/4360/1607 2899/4361/1499 2893/4359/1493
f 3019/4362/1611 3208/4363/1758 3109/4364/1671 2915/4365/1515
f 3023/4366/1615 3016/4367/1608 2896/4368/1496 2905/4369/1505
f 3024/4370/1616 3021/4352/1613 2901/4353/1501 2894/4371/1494
f 3018/4372/1610 3023/4366/1615 2905/4369/1505 2910/4373/1510
f 3015/4360/1607 3017/4374/1609 2895/4375/1495 2899/4361/1499
f 3017/4374/1609 3022/4376/1614 2906/4377/1506 2895/4375/1495
f 3025/4378/1617 3024/4379/1616 2894/4380/1494 2900/4381/1500
f 3016/4367/1608 3025/4378/1617 2900/4381/1500 2896/4368/1496
f 3054/4382/1618 3048/4383/1618 2914/4384/1514 2919/4385/1519
f 3053/4327/1618 3057/4386/1618 2921/4387/1521 2913/4328/1513
f 3043/4388/1618 3056/4389/1618 2922/4390/1522 2917/4391/1517
f 3218/4392/1768 3018/4372/1610 2910/4373/1510 3110/4393/1672
f 3057/4386/1618 3043/4388/1618 2917/4391/1517 2921/4387/1521
f 3050/4394/1618 3046/4336/1618 2926/4339/1526 2923/4395/1523
f 2934/4355/1534 2932/4354/1532 3020/4396/1612 3013/4397/1605
f 2931/4398/1531 2930/4399/1530 3010/4400/1602 3011/4401/1603
f 3052/4402/1618 3045/4403/1618 2924/4404/1524 2925/4405/1525
f 3045/4403/1618 3044/4322/1618 2918/4325/1518 2924/4404/1524
f 2998/4330/1590 3006/4314/1598 2892/4315/1492 2891/4331/1491
f 3022/4376/1614 3019/4362/1611 2915/4365/1515 2906/4377/1506
f 3042/4340/1618 3054/4382/1618 2919/4385/1519 2920/4341/1520
f 3048/4383/1618 3239/4406/1618 3096/4407/1658 2914/4384/1514
f 2995/4303/1587 3002/4408/1594 2882/4409/1482 2885/4304/1485
f 3056/4389/1618 3050/4394/1618 2923/4395/1523 2922/4390/1522
f 3007/4320/1599 3009/4342/1601 2908/4343/1508 2890/4321/1490
f 3003/4410/1595 2999/4290/1591 2887/4293/1487 2886/4411/1486
f 2979/4412/1554 2978/4413/1578 2958/4414/1558 2954/4415/1554
f 2981/4416/1553 2980/4417/1579 2952/4418/1552 2953/4419/1553
f 2928/4335/1528 2967/4420/1567 2964/4421/1564 2929/4338/1529
f 2983/4422/1580 3171/4423/1705 3143/4424/1705 2960/4425/1560
f 2985/4426/1582 2984/4427/1581 2948/4428/1548 2947/4429/1547
f 2987/4430/1559 2986/4431/1583 2955/4432/1555 2959/4433/1559
f 2986/4431/1583 2988/4434/1556 2956/4435/1556 2955/4432/1555
f 2989/4436/1561 2979/4412/1554 2954/4415/1554 2961/4437/1561
f 2997/4317/1589 3003/4410/1595 2886/4411/1486 2884/4318/1484
f 3180/4438/1700 2989/4436/1561 2961/4437/1561 3138/4439/1700
f 2992/4440/1551 2991/4441/1584 2957/4442/1557 2951/4443/1551
f 2991/4441/1584 2987/4430/1559 2959/4433/1559 2957/4442/1557
f 2978/4413/1578 2981/4416/1553 2953/4419/1553 2958/4414/1558
f 2993/4444/1585 2982/4445/1546 2946/4446/1546 2949/4447/1549
f 2988/4434/1556 2983/4422/1580 2960/4425/1560 2956/4435/1556
f 2990/4448/1550 2992/4440/1551 2951/4443/1551 2950/4449/1550
f 2980/4417/1579 2993/4444/1585 2949/4447/1549 2952/4418/1552
f 2925/4405/1525 2924/4404/1524 2975/4450/1575 2965/4451/1565
f 2882/4452/1482 2883/4453/1483 2985/4426/1582 2982/4445/1546
f 2921/4387/1521 2917/4391/1517 2976/4454/1576 2972/4455/1572
f 2926/4339/1526 2929/4338/1529 2964/4421/1564 2966/4456/1566
f 2920/4341/1520 2919/4385/1519 2970/4457/1570 2973/4458/1573
f 2917/4391/1517 2922/4390/1522 2968/4459/1568 2976/4454/1576
f 2916/4324/1516 2920/4341/1520 2973/4458/1573 2969/4460/1569
f 2913/4328/1513 2921/4387/1521 2972/4455/1572 2962/4461/1562
f 2928/4335/1528 2927/4334/1527 2971/4462/1571 2967/4420/1567
f 2919/4385/1519 2914/4384/1514 2977/4463/1577 2970/4457/1570
f 2918/4325/1518 2916/4324/1516 2969/4460/1569 2963/4464/1563
f 2922/4390/1522 2923/4395/1523 2974/4465/1574 2968/4459/1568
f 3101/4329/1663 2913/4328/1513 2962/4461/1562 3150/4466/1712
f 3052/4402/1618 2925/4405/1525 2927/4334/1527 3051/4333/1618
f 2923/4395/1523 2926/4339/1526 2966/4456/1566 2974/4465/1574
f 2914/4384/1514 3096/4407/1658 3165/4467/1727 2977/4463/1577
f 2924/4404/1524 2918/4325/1518 2963/4464/1563 2975/4450/1575
f 2888/4468/1488 2885/4469/1485 2993/4444/1585 2980/4417/1579
f 2886/4470/1486 2887/4471/1487 2992/4440/1551 2990/4448/1550
f 2892/4472/1492 2911/4473/1511 2983/4422/1580 2988/4434/1556
f 2885/4469/1485 2882/4452/1482 2982/4445/1546 2993/4444/1585
f 2971/4462/1571 2965/4451/1565 3003/4410/1595 2997/4317/1589
f 2908/4474/1508 2889/4475/1489 2981/4416/1553 2978/4413/1578
f 2907/4476/1507 2909/4477/1509 2987/4430/1559 2991/4441/1584
f 2964/4421/1564 2967/4420/1567 3004/4316/1596 3002/4408/1594
f 2887/4471/1487 2907/4476/1507 2991/4441/1584 2992/4440/1551
f 3066/4478/1628 2912/4479/1512 2989/4436/1561 3180/4438/1700
f 2912/4479/1512 2890/4480/1490 2979/4412/1554 2989/4436/1561
f 2891/4481/1491 2892/4472/1492 2988/4434/1556 2986/4431/1583
f 2909/4477/1509 2891/4481/1491 2986/4431/1583 2987/4430/1559
f 2883/4453/1483 2884/4482/1484 2984/4427/1581 2985/4426/1582
f 2911/4473/1511 3085/4483/1647 3171/4423/1705 2983/4422/1580
f 2889/4475/1489 2888/4468/1488 2980/4417/1579 2981/4416/1553
f 2890/4480/1490 2908/4474/1508 2978/4413/1578 2979/4412/1554
f 2965/4451/1565 2975/4450/1575 2999/4290/1591 3003/4410/1595
f 3011/4346/1603 3010/4348/1602 2898/4351/1498 2904/4347/1504
f 2972/4455/1572 2976/4454/1576 3009/4342/1601 3007/4320/1599
f 2966/4456/1566 2964/4421/1564 3002/4408/1594 2995/4303/1587
f 2973/4458/1573 2970/4457/1570 3006/4314/1598 2998/4330/1590
f 2976/4454/1576 2968/4459/1568 2996/4310/1588 3009/4342/1601
f 2969/4460/1569 2973/4458/1573 2998/4330/1590 3005/4312/1597
f 2962/4461/1562 2972/4455/1572 3007/4320/1599 2994/4307/1586
f 2967/4420/1567 2971/4462/1571 2997/4317/1589 3004/4316/1596
f 2970/4457/1570 2977/4463/1577 3000/4294/1592 3006/4314/1598
f 2963/4464/1563 2969/4460/1569 3005/4312/1597 3001/4291/1593
f 2968/4459/1568 2974/4465/1574 3008/4302/1600 2996/4310/1588
f 3150/4466/1712 2962/4461/1562 2994/4307/1586 3193/4306/1743
f 2984/4427/1581 2990/4448/1550 2950/4449/1550 2948/4428/1548
f 2974/4465/1574 2966/4456/1566 2995/4303/1587 3008/4302/1600
f 2977/4463/1577 3165/4467/1727 3191/4295/1741 3000/4294/1592
f 2975/4450/1575 2963/4464/1563 3001/4291/1593 2999/4290/1591
f 2938/4484/1538 2945/4485/1545 3019/4486/1611 3022/4487/1614
f 3125/4488/1687 2944/4489/1544 3018/4490/1610 3218/4491/1768
f 2939/4492/1539 2943/4493/1543 3025/4494/1617 3016/4495/1608
f 2943/4493/1543 2941/4496/1541 3024/4497/1616 3025/4494/1617
f 2886/4470/1486 2990/4448/1550 2984/4427/1581 2884/4482/1484
f 2985/4426/1582 2947/4429/1547 2946/4446/1546 2982/4445/1546
f 2942/4498/1542 2938/4484/1538 3022/4487/1614 3017/4499/1609
f 2937/4500/1537 2942/4498/1542 3017/4499/1609 3015/4501/1607
f 2944/4489/1544 2940/4502/1540 3023/4503/1615 3018/4490/1610
f 2941/4496/1541 2935/4504/1535 3021/4505/1613 3024/4497/1616
f 2940/4502/1540 2939/4492/1539 3016/4495/1608 3023/4503/1615
f 2945/4485/1545 3120/4506/1682 3208/4507/1758 3019/4486/1611
f 2936/4508/1536 2937/4500/1537 3015/4501/1607 3014/4509/1606
f 2933/4510/1533 2936/4508/1536 3014/4509/1606 3012/4511/1604
f 2935/4504/1535 2934/4355/1534 3013/4397/1605 3021/4505/1613
f 2930/4399/1530 2933/4510/1533 3012/4511/1604 3010/4400/1602
f 2932/4354/1532 2931/4398/1531 3011/4401/1603 3020/4396/1612
f 2937/4500/1537 2936/4508/1536 3041/4512/1618 3035/4513/1619
f 3027/4357/1618 3028/4356/1618 3052/4402/1618 3051/4333/1618
f 2944/4489/1544 3125/4488/1687 3221/4514/1618 3038/4515/1618
f 2939/4492/1539 2940/4502/1540 3032/4516/1618 3026/4517/1618
f 2935/4504/1535 2941/4496/1541 3031/4518/1618 3033/4519/1618
f 2934/4355/1534 2935/4504/1535 3033/4519/1618 3028/4356/1618
f 3002/4408/1594 3004/4316/1596 2883/4319/1483 2882/4409/1482
f 2936/4508/1536 2933/4510/1533 3036/4520/1618 3041/4512/1618
f 2938/4484/1538 2942/4498/1542 3029/4521/1618 3039/4522/1618
f 2942/4498/1542 2937/4500/1537 3035/4513/1619 3029/4521/1618
f 2945/4485/1545 2938/4484/1538 3039/4522/1618 3030/4523/1618
f 2940/4502/1540 2944/4489/1544 3038/4515/1618 3032/4516/1618
f 2943/4493/1543 2939/4492/1539 3026/4517/1618 3034/4524/1618
f 2933/4510/1533 2930/4399/1530 3040/4344/1618 3036/4520/1618
f 2931/4398/1531 2932/4354/1532 3027/4357/1618 3037/4345/1618
f 3120/4506/1682 2945/4485/1545 3030/4523/1618 3229/4525/1618
f 2941/4496/1541 2943/4493/1543 3034/4524/1618 3031/4518/1618
f 3035/4513/1619 3041/4512/1618 3050/4394/1618 3056/4389/1618
f 2931/4398/1531 3037/4345/1618 3040/4344/1618 2930/4399/1530
f 3038/4515/1618 3221/4514/1618 3239/4406/1618 3048/4383/1618
f 3026/4517/1618 3032/4516/1618 3054/4382/1618 3042/4340/1618
f 3033/4519/1618 3031/4518/1618 3044/4322/1618 3045/4403/1618
f 3028/4356/1618 3033/4519/1618 3045/4403/1618 3052/4402/1618
f 3049/4337/1618 3047/4332/1618 2928/4335/1528 2929/4338/1529
f 3041/4512/1618 3036/4520/1618 3046/4336/1618 3050/4394/1618
f 3039/4522/1618 3029/4521/1618 3043/4388/1618 3057/4386/1618
f 3029/4521/1618 3035/4513/1619 3056/4389/1618 3043/4388/1618
f 3030/4523/1618 3039/4522/1618 3057/4386/1618 3053/4327/1618
f 3032/4516/1618 3038/4515/1618 3048/4383/1618 3054/4382/1618
f 3034/4524/1618 3026/4517/1618 3042/4340/1618 3055/4323/1618
f 3036/4520/1618 3040/4344/1618 3049/4337/1618 3046/4336/1618
f 3037/4345/1618 3027/4357/1618 3051/4333/1618 3047/4332/1618
f 3229/4525/1618 3030/4523/1618 3053/4327/1618 3252/4326/1618
f 3031/4518/1618 3034/4524/1618 3055/4323/1618 3044/4322/1618
f 2927/4334/1527 2925/4405/1525 2965/4451/1565 2971/4462/1571
f 3189/4526/1739 3063/4527/1625 3084/4528/1646 3192/4529/1742
f 3190/4530/1740 3089/4531/1651 3085/4296/1647 3191/4295/1741
f 3205/4532/1755 3074/4533/1636 3080/4534/1642 3213/4535/1763
f 3200/4536/1750 3064/4537/1626 3061/4538/1623 3185/4539/1735
f 3193/4306/1743 3066/4309/1628 3090/4540/1652 3184/4541/1734
f 3186/4542/1736 3065/4543/1627 3064/4537/1626 3200/4536/1750
f 3192/4529/1742 3084/4528/1646 3087/4544/1649 3197/4545/1747
f 3198/4546/1748 3069/4547/1631 3089/4531/1651 3190/4530/1740
f 3196/4548/1746 3059/4549/1621 3060/4550/1622 3187/4551/1737
f 3184/4541/1734 3090/4540/1652 3067/4552/1629 3199/4553/1749
f 3241/4554/1618 3097/4555/1659 3094/4556/1656 3253/4557/1618
f 3252/4326/1618 3101/4329/1663 3091/4558/1653 3250/4559/1618
f 3197/4545/1747 3087/4544/1649 3068/4560/1630 3188/4561/1738
f 3244/4562/1618 3108/4563/1670 3107/4564/1669 3248/4565/1618
f 3243/4566/1618 3106/4567/1668 3111/4568/1673 3246/4569/1618
f 3253/4557/1618 3094/4556/1656 3099/4570/1661 3238/4571/1618
f 3201/4572/1751 3086/4573/1648 3065/4543/1627 3186/4542/1736
f 3236/4574/1618 3246/4569/1618 3244/4562/1618 3233/4575/1618
f 3213/4535/1763 3080/4534/1642 3081/4576/1643 3203/4577/1753
f 3202/4578/1752 3075/4579/1637 3079/4580/1641 3204/4581/1754
f 3214/4582/1764 3078/4583/1640 3074/4533/1636 3205/4532/1755
f 3114/4584/1676 3222/4585/1618 3223/4586/1618 3116/4587/1678
f 3204/4581/1754 3079/4580/1641 3070/4588/1632 3206/4589/1756
f 3206/4589/1756 3070/4588/1632 3076/4590/1638 3207/4591/1757
f 3212/4592/1762 3093/4593/1655 3109/4364/1671 3208/4363/1758
f 3216/4594/1766 3082/4595/1644 3073/4596/1635 3209/4597/1759
f 3217/4598/1767 3071/4599/1633 3078/4583/1640 3214/4582/1764
f 3211/4600/1761 3088/4601/1650 3082/4595/1644 3216/4594/1766
f 3207/4602/1757 3076/4603/1638 3072/4604/1634 3210/4605/1760
f 3210/4605/1760 3072/4604/1634 3083/4606/1645 3215/4607/1765
f 3219/4608/1769 3077/4609/1639 3071/4599/1633 3217/4598/1767
f 3209/4597/1759 3073/4596/1635 3077/4609/1639 3219/4608/1769
f 3251/4610/1618 3098/4611/1660 3092/4612/1654 3245/4613/1618
f 3250/4559/1618 3091/4558/1653 3100/4614/1662 3255/4615/1618
f 3240/4616/1618 3095/4617/1657 3102/4618/1664 3254/4619/1618
f 3218/4392/1768 3110/4393/1672 3088/4601/1650 3211/4600/1761
f 3255/4615/1618 3100/4614/1662 3095/4617/1657 3240/4616/1618
f 3247/4620/1618 3103/4621/1665 3106/4567/1668 3243/4566/1618
f 3116/4587/1678 3205/4622/1755 3213/4623/1763 3114/4584/1676
f 3113/4624/1675 3203/4625/1753 3202/4626/1752 3112/4627/1674
f 3249/4628/1618 3105/4629/1667 3104/4630/1666 3242/4631/1618
f 3242/4631/1618 3104/4630/1666 3097/4555/1659 3241/4554/1618
f 3188/4561/1738 3068/4560/1630 3069/4547/1631 3198/4546/1748
f 3215/4607/1765 3083/4606/1645 3093/4593/1655 3212/4592/1762
f 3238/4571/1618 3099/4570/1661 3098/4611/1660 3251/4610/1618
f 3245/4613/1618 3092/4612/1654 3096/4407/1658 3239/4406/1618
f 3185/4539/1735 3061/4538/1623 3058/4632/1620 3194/4633/1744
f 3254/4619/1618 3102/4618/1664 3103/4621/1665 3247/4620/1618
f 3199/4553/1749 3067/4552/1629 3086/4573/1648 3201/4572/1751
f 3195/4634/1745 3062/4635/1624 3063/4527/1625 3189/4526/1739
f 3167/4636/1701 3139/4637/1701 3144/4638/1706 3166/4639/1728
f 3169/4640/1699 3137/4641/1699 3136/4642/1698 3168/4643/1729
f 3108/4563/1670 3111/4568/1673 3151/4644/1713 3154/4645/1716
f 3172/4646/1731 3146/4647/1708 3143/4424/1705 3171/4423/1705
f 3174/4648/1693 3131/4649/1693 3132/4650/1694 3173/4651/1694
f 3176/4652/1707 3145/4653/1707 3140/4654/1702 3175/4655/1702
f 3175/4655/1702 3140/4654/1702 3141/4656/1703 3177/4657/1703
f 3178/4658/1709 3147/4659/1709 3139/4637/1701 3167/4636/1701
f 3187/4551/1737 3060/4550/1622 3062/4635/1624 3195/4634/1745
f 3180/4438/1700 3138/4439/1700 3147/4659/1709 3178/4658/1709
f 3182/4660/1697 3135/4661/1697 3142/4662/1704 3181/4663/1732
f 3181/4663/1732 3142/4662/1704 3145/4653/1707 3176/4652/1707
f 3166/4639/1728 3144/4638/1706 3137/4641/1699 3169/4640/1699
f 3183/4664/1733 3133/4665/1695 3130/4666/1692 3170/4667/1730
f 3177/4657/1703 3141/4656/1703 3146/4647/1708 3172/4646/1731
f 3179/4668/1696 3134/4669/1696 3135/4661/1697 3182/4660/1697
f 3168/4643/1729 3136/4642/1698 3133/4670/1695 3183/4671/1733
f 3105/4629/1667 3152/4672/1714 3162/4673/1724 3104/4630/1666
f 3058/4674/1620 3170/4667/1730 3174/4648/1693 3059/4675/1621
f 3100/4614/1662 3159/4676/1721 3163/4677/1725 3095/4617/1657
f 3106/4567/1668 3153/4678/1715 3151/4644/1713 3111/4568/1673
f 3099/4570/1661 3160/4679/1722 3157/4680/1719 3098/4611/1660
f 3095/4617/1657 3163/4677/1725 3155/4681/1717 3102/4618/1664
f 3094/4556/1656 3156/4682/1718 3160/4679/1722 3099/4570/1661
f 3091/4558/1653 3148/4683/1710 3159/4676/1721 3100/4614/1662
f 3108/4563/1670 3154/4645/1716 3158/4684/1720 3107/4564/1669
f 3098/4611/1660 3157/4680/1719 3164/4685/1726 3092/4612/1654
f 3097/4555/1659 3149/4686/1711 3156/4682/1718 3094/4556/1656
f 3102/4618/1664 3155/4681/1717 3161/4687/1723 3103/4621/1665
f 3101/4329/1663 3150/4466/1712 3148/4683/1710 3091/4558/1653
f 3249/4628/1618 3248/4565/1618 3107/4564/1669 3105/4629/1667
f 3103/4621/1665 3161/4687/1723 3153/4678/1715 3106/4567/1668
f 3092/4612/1654 3164/4685/1726 3165/4467/1727 3096/4407/1658
f 3104/4630/1666 3162/4673/1724 3149/4686/1711 3097/4555/1659
f 3064/4688/1626 3168/4643/1729 3183/4671/1733 3061/4689/1623
f 3062/4690/1624 3179/4668/1696 3182/4660/1697 3063/4691/1625
f 3069/4692/1631 3177/4657/1703 3172/4646/1731 3089/4693/1651
f 3061/4694/1623 3183/4664/1733 3170/4667/1730 3058/4674/1620
f 3158/4684/1720 3187/4551/1737 3195/4634/1745 3152/4672/1714
f 3086/4695/1648 3166/4639/1728 3169/4640/1699 3065/4696/1627
f 3084/4697/1646 3181/4663/1732 3176/4652/1707 3087/4698/1649
f 3151/4644/1713 3194/4633/1744 3196/4548/1746 3154/4645/1716
f 3063/4691/1625 3182/4660/1697 3181/4663/1732 3084/4697/1646
f 3066/4478/1628 3180/4438/1700 3178/4658/1709 3090/4699/1652
f 3090/4699/1652 3178/4658/1709 3167/4636/1701 3067/4700/1629
f 3068/4701/1630 3175/4655/1702 3177/4657/1703 3069/4692/1631
f 3087/4698/1649 3176/4652/1707 3175/4655/1702 3068/4701/1630
f 3059/4675/1621 3174/4648/1693 3173/4651/1694 3060/4702/1622
f 3089/4693/1651 3172/4646/1731 3171/4423/1705 3085/4483/1647
f 3065/4696/1627 3169/4640/1699 3168/4643/1729 3064/4688/1626
f 3067/4700/1629 3167/4636/1701 3166/4639/1728 3086/4695/1648
f 3152/4672/1714 3195/4634/1745 3189/4526/1739 3162/4673/1724
f 3203/4577/1753 3081/4576/1643 3075/4579/1637 3202/4578/1752
f 3159/4676/1721 3199/4553/1749 3201/4572/1751 3163/4677/1725
f 3153/4678/1715 3185/4539/1735 3194/4633/1744 3151/4644/1713
f 3160/4679/1722 3188/4561/1738 3198/4546/1748 3157/4680/1719
f 3163/4677/1725 3201/4572/1751 3186/4542/1736 3155/4681/1717
f 3156/4682/1718 3197/4545/1747 3188/4561/1738 3160/4679/1722
f 3148/4683/1710 3184/4541/1734 3199/4553/1749 3159/4676/1721
f 3154/4645/1716 3196/4548/1746 3187/4551/1737 3158/4684/1720
f 3157/4680/1719 3198/4546/1748 3190/4530/1740 3164/4685/1726
f 3149/4686/1711 3192/4529/1742 3197/4545/1747 3156/4682/1718
f 3155/4681/1717 3186/4542/1736 3200/4536/1750 3161/4687/1723
f 3150/4466/1712 3193/4306/1743 3184/4541/1734 3148/4683/1710
f 3173/4651/1694 3132/4650/1694 3134/4669/1696 3179/4668/1696
f 3161/4687/1723 3200/4536/1750 3185/4539/1735 3153/4678/1715
f 3164/4685/1726 3190/4530/1740 3191/4295/1741 3165/4467/1727
f 3162/4673/1724 3189/4526/1739 3192/4529/1742 3149/4686/1711
f 3121/4703/1683 3215/4704/1765 3212/4705/1762 3129/4706/1691
f 3125/4488/1687 3218/4491/1768 3211/4707/1761 3128/4708/1690
f 3122/4709/1684 3209/4710/1759 3219/4711/1769 3127/4712/1689
f 3127/4712/1689 3219/4711/1769 3217/4713/1767 3124/4714/1686
f 3062/4690/1624 3060/4702/1622 3173/4651/1694 3179/4668/1696
f 3174/4648/1693 3170/4667/1730 3130/4666/1692 3131/4649/1693
f 3126/4715/1688 3210/4716/1760 3215/4704/1765 3121/4703/1683
f 3119/4717/1681 3207/4718/1757 3210/4716/1760 3126/4715/1688
f 3128/4708/1690 3211/4707/1761 3216/4719/1766 3123/4720/1685
f 3124/4714/1686 3217/4713/1767 3214/4721/1764 3117/4722/1679
f 3123/4720/1685 3216/4719/1766 3209/4710/1759 3122/4709/1684
f 3129/4706/1691 3212/4705/1762 3208/4507/1758 3120/4506/1682
f 3118/4723/1680 3206/4724/1756 3207/4718/1757 3119/4717/1681
f 3115/4725/1677 3204/4726/1754 3206/4724/1756 3118/4723/1680
f 3117/4722/1679 3214/4721/1764 3205/4622/1755 3116/4587/1678
f 3112/4627/1674 3202/4626/1752 3204/4726/1754 3115/4725/1677
f 3114/4584/1676 3213/4623/1763 3203/4625/1753 3113/4624/1675
f 3119/4717/1681 3231/4727/1619 3237/4728/1618 3118/4723/1680
f 3222/4585/1618 3248/4565/1618 3249/4628/1618 3223/4586/1618
f 3128/4708/1690 3234/4729/1618 3221/4514/1618 3125/4488/1687
f 3122/4709/1684 3220/4730/1618 3227/4731/1618 3123/4720/1685
f 3117/4722/1679 3228/4732/1618 3226/4733/1618 3124/4714/1686
f 3116/4587/1678 3223/4586/1618 3228/4732/1618 3117/4722/1679
f 3194/4633/1744 3058/4632/1620 3059/4549/1621 3196/4548/1746
f 3118/4723/1680 3237/4728/1618 3232/4734/1618 3115/4725/1677
f 3121/4703/1683 3235/4735/1618 3224/4736/1618 3126/4715/1688
f 3126/4715/1688 3224/4736/1618 3231/4727/1619 3119/4717/1681
f 3129/4706/1691 3225/4737/1618 3235/4735/1618 3121/4703/1683
f 3123/4720/1685 3227/4731/1618 3234/4729/1618 3128/4708/1690
f 3127/4712/1689 3230/4738/1618 3220/4730/1618 3122/4709/1684
f 3115/4725/1677 3232/4734/1618 3236/4574/1618 3112/4627/1674
f 3113/4624/1675 3233/4575/1618 3222/4585/1618 3114/4584/1676
f 3120/4506/1682 3229/4525/1618 3225/4737/1618 3129/4706/1691
f 3124/4714/1686 3226/4733/1618 3230/4738/1618 3127/4712/1689
f 3231/4727/1619 3254/4619/1618 3247/4620/1618 3237/4728/1618
f 3113/4624/1675 3112/4627/1674 3236/4574/1618 3233/4575/1618
f 3234/4729/1618 3245/4613/1618 3239/4406/1618 3221/4514/1618
f 3220/4730/1618 3238/4571/1618 3251/4610/1618 3227/4731/1618
f 3228/4732/1618 3242/4631/1618 3241/4554/1618 3226/4733/1618
f 3223/4586/1618 3249/4628/1618 3242/4631/1618 3228/4732/1618
f 3246/4569/1618 3111/4568/1673 3108/4563/1670 3244/4562/1618
f 3237/4728/1618 3247/4620/1618 3243/4566/1618 3232/4734/1618
f 3235/4735/1618 3255/4615/1618 3240/4616/1618 3224/4736/1618
f 3224/4736/1618 3240/4616/1618 3254/4619/1618 3231/4727/1619
f 3225/4737/1618 3250/4559/1618 3255/4615/1618 3235/4735/1618
f 3227/4731/1618 3251/4610/1618 3245/4613/1618 3234/4729/1618
f 3230/4738/1618 3253/4557/1618 3238/4571/1618 3220/4730/1618
f 3232/4734/1618 3243/4566/1618 3246/4569/1618 3236/4574/1618
f 3233/4575/1618 3244/4562/1618 3248/4565/1618 3222/4585/1618
f 3229/4525/1618 3252/4326/1618 3250/4559/1618 3225/4737/1618
f 3226/4733/1618 3241/4554/1618 3253/4557/1618 3230/4738/1618
f 3107/4564/1669 3158/4684/1720 3152/4672/1714 3105/4629/1667
f 3391/4739/1891 3388/4740/1888 3295/4741/1805 3294/4742/1804
f 3386/4743/1886 3389/4744/1889 3298/4745/1808 3299/4746/1809
f 3376/4747/1876 3390/4748/1890 3300/4749/1810 3289/4750/1799
f 3375/4751/1875 3360/4752/1868 3267/4753/1777 3292/4754/1802
f 3371/4755/1783 3362/4756/1869 3266/4757/1776 3279/4758/1789
f 3373/4759/1873 3363/4760/1870 3270/4761/1780 3287/4762/1797
f 3372/4763/1872 3365/4764/1160 3265/4765/1775 3286/4766/1796
f 3369/4767/1784 3366/4768/1871 3271/4769/1781 3280/4770/1790
f 3367/4771/1109 3364/4772/1109 3269/4773/1779 3268/4774/1778
f 3374/4775/1874 3367/4771/1109 3268/4774/1778 3293/4776/1803
f 3365/4764/1160 3361/4777/1160 3264/4778/1774 3265/4765/1775
f 3360/4752/1868 3368/4779/1785 3281/4780/1791 3267/4753/1777
f 3368/4779/1785 3369/4767/1784 3280/4770/1790 3281/4780/1791
f 3363/4760/1870 3370/4781/1782 3278/4782/1788 3270/4761/1780
f 3370/4781/1782 3371/4755/1783 3279/4758/1789 3278/4782/1788
f 3389/4744/1889 3387/4783/1887 3276/4784/1786 3298/4745/1808
f 3388/4740/1888 3384/4785/1884 3302/4786/1812 3295/4741/1805
f 3385/4787/1885 3382/4788/1882 3297/4789/1807 3296/4790/1806
f 3387/4791/1887 3378/4792/1878 3303/4793/1813 3276/4794/1786
f 3383/4795/1883 3386/4743/1886 3299/4746/1809 3288/4796/1798
f 3377/4797/1877 3385/4787/1885 3296/4790/1806 3277/4798/1787
f 3379/4799/1879 3380/4800/1880 3282/4801/1792 3283/4802/1793
f 3384/4785/1884 3383/4795/1883 3288/4796/1798 3302/4786/1812
f 3362/4803/1869 3372/4763/1872 3286/4766/1796 3266/4804/1776
f 3364/4772/1109 3373/4759/1873 3287/4762/1797 3269/4773/1779
f 3382/4788/1882 3376/4805/1876 3289/4806/1799 3297/4789/1807
f 3381/4807/1881 3377/4797/1877 3277/4798/1787 3301/4808/1811
f 3378/4792/1878 3379/4799/1879 3283/4802/1793 3303/4793/1813
f 3366/4809/1871 3374/4775/1874 3293/4776/1803 3271/4810/1781
f 3361/4777/1160 3375/4751/1875 3292/4754/1802 3264/4778/1774
f 3380/4800/1880 3381/4807/1881 3301/4808/1811 3282/4801/1792
f 3390/4748/1890 3391/4739/1891 3294/4742/1804 3300/4749/1810
f 3302/4786/1812 3288/4796/1798 3308/4811/1818 3318/4812/1828
f 3303/4793/1813 3283/4802/1793 3307/4813/1817 3319/4814/1829
f 3288/4796/1798 3299/4746/1809 3315/4815/1825 3308/4811/1818
f 3282/4801/1792 3301/4808/1811 3317/4816/1827 3306/4817/1816
f 3296/4790/1806 3297/4789/1807 3313/4818/1823 3312/4819/1822
f 3300/4749/1810 3294/4742/1804 3310/4820/1820 3316/4821/1826
f 3277/4798/1787 3296/4790/1806 3312/4819/1822 3305/4822/1815
f 3299/4746/1809 3298/4745/1808 3314/4823/1824 3315/4815/1825
f 3283/4802/1793 3282/4801/1792 3306/4817/1816 3307/4813/1817
f 3297/4789/1807 3289/4806/1799 3309/4824/1819 3313/4818/1823
f 3298/4745/1808 3276/4784/1786 3304/4825/1814 3314/4823/1824
f 3301/4808/1811 3277/4798/1787 3305/4822/1815 3317/4816/1827
f 3294/4742/1804 3295/4741/1805 3311/4826/1821 3310/4820/1820
f 3289/4750/1799 3300/4749/1810 3316/4821/1826 3309/4827/1819
f 3276/4794/1786 3303/4793/1813 3319/4814/1829 3304/4828/1814
f 3295/4741/1805 3302/4786/1812 3318/4812/1828 3311/4826/1821
f 3337/4829/1847 3336/4830/1846 3335/4831/1845 3320/4832/1830
f 3339/4833/1849 3338/4834/1848 3325/4835/1835 3329/4836/1839
f 3341/4837/1851 3340/4838/1850 3322/4839/1832 3323/4840/1833
f 3343/4841/1853 3342/4842/1852 3324/4843/1834 3334/4844/1844
f 3345/4845/1855 3344/4846/1854 3321/4847/1831 3333/4848/1843
f 3340/4838/1850 3345/4845/1855 3333/4848/1843 3322/4839/1832
f 3336/4830/1846 3341/4837/1851 3323/4840/1833 3335/4831/1845
f 3347/4849/1857 3346/4850/1856 3326/4851/1836 3332/4852/1842
f 3346/4850/1856 3348/4853/1858 3327/4854/1837 3326/4851/1836
f 3350/4855/1860 3349/4856/1859 3330/4857/1840 3331/4858/1841
f 3338/4834/1848 3347/4849/1857 3332/4852/1842 3325/4835/1835
f 3349/4856/1859 3337/4829/1847 3320/4832/1830 3330/4857/1840
f 3348/4853/1858 3343/4841/1853 3334/4844/1844 3327/4854/1837
f 3351/4859/1861 3339/4833/1849 3329/4836/1839 3328/4860/1838
f 3342/4842/1852 3350/4855/1860 3331/4858/1841 3324/4843/1834
f 3344/4846/1854 3351/4859/1861 3328/4860/1838 3321/4847/1831
f 3305/4861/1815 3312/4862/1822 3351/4859/1861 3344/4846/1854
f 3308/4863/1818 3315/4864/1825 3350/4855/1860 3342/4842/1852
f 3312/4862/1822 3313/4865/1823 3339/4833/1849 3351/4859/1861
f 3311/4866/1821 3318/4867/1828 3343/4841/1853 3348/4853/1858
f 3314/4868/1824 3304/4869/1814 3337/4829/1847 3349/4856/1859
f 3309/4870/1819 3316/4871/1826 3347/4849/1857 3338/4834/1848
f 3315/4864/1825 3314/4868/1824 3349/4856/1859 3350/4855/1860
f 3310/4872/1820 3311/4866/1821 3348/4853/1858 3346/4850/1856
f 3316/4871/1826 3310/4872/1820 3346/4850/1856 3347/4849/1857
f 3319/4873/1829 3307/4874/1817 3341/4837/1851 3336/4830/1846
f 3306/4875/1816 3317/4876/1827 3345/4845/1855 3340/4838/1850
f 3317/4876/1827 3305/4861/1815 3344/4846/1854 3345/4845/1855
f 3318/4867/1828 3308/4863/1818 3342/4842/1852 3343/4841/1853
f 3307/4874/1817 3306/4875/1816 3340/4838/1850 3341/4837/1851
f 3313/4865/1823 3309/4870/1819 3338/4834/1848 3339/4833/1849
f 3304/4869/1814 3319/4873/1829 3336/4830/1846 3337/4829/1847
f 3355/4877/1863 3326/4851/1836 3327/4854/1837 3353/4878/1862
f 3357/4879/1865 3332/4852/1842 3326/4851/1836 3355/4877/1863
f 3353/4878/1862 3327/4854/1837 3334/4844/1844 3359/4880/1867
f 3323/4840/1833 3352/4881/1862 3358/4882/1866 3335/4831/1845
f 3352/4881/1862 3353/4878/1862 3359/4880/1867 3358/4882/1866
f 3333/4848/1843 3356/4883/1864 3354/4884/1863 3322/4839/1832
f 3356/4883/1864 3357/4879/1865 3355/4877/1863 3354/4884/1863
f 3322/4839/1832 3354/4884/1863 3352/4881/1862 3323/4840/1833
f 3354/4884/1863 3355/4877/1863 3353/4878/1862 3352/4881/1862
f 3328/4860/1838 3356/4883/1864 3333/4848/1843 3321/4847/1831
f 3332/4852/1842 3357/4879/1865 3329/4836/1839 3325/4835/1835
f 3329/4836/1839 3357/4879/1865 3356/4883/1864 3328/4860/1838
f 3334/4844/1844 3324/4843/1834 3331/4858/1841 3359/4880/1867
f 3335/4831/1845 3358/4882/1866 3330/4857/1840 3320/4832/1830
f 3331/4858/1841 3330/4857/1840 3358/4882/1866 3359/4880/1867
f 3256/4885/1160 3290/4886/1800 3375/4751/1875 3361/4777/1160
f 3263/4887/1773 3291/4888/1801 3374/4775/1874 3366/4809/1871
f 3261/4889/1109 3285/4890/1795 3373/4759/1873 3364/4772/1109
f 3258/4891/1770 3284/4892/1794 3372/4763/1872 3362/4803/1869
f 3272/4893/1782 3273/4894/1783 3371/4755/1783 3370/4781/1782
f 3262/4895/1772 3272/4893/1782 3370/4781/1782 3363/4760/1870
f 3275/4896/1785 3274/4897/1784 3369/4767/1784 3368/4779/1785
f 3259/4898/1771 3275/4896/1785 3368/4779/1785 3360/4752/1868
f 3257/4899/1160 3256/4885/1160 3361/4777/1160 3365/4764/1160
f 3291/4888/1801 3260/4900/1109 3367/4771/1109 3374/4775/1874
f 3260/4900/1109 3261/4889/1109 3364/4772/1109 3367/4771/1109
f 3274/4897/1784 3263/4901/1773 3366/4768/1871 3369/4767/1784
f 3284/4892/1794 3257/4899/1160 3365/4764/1160 3372/4763/1872
f 3285/4890/1795 3262/4895/1772 3363/4760/1870 3373/4759/1873
f 3273/4894/1783 3258/4902/1770 3362/4756/1869 3371/4755/1783
f 3290/4886/1800 3259/4898/1771 3360/4752/1868 3375/4751/1875
f 3286/4766/1796 3265/4765/1775 3391/4739/1891 3390/4748/1890
f 3269/4773/1779 3287/4762/1797 3381/4807/1881 3380/4800/1880
f 3293/4776/1803 3268/4774/1778 3379/4799/1879 3378/4792/1878
f 3287/4762/1797 3270/4761/1780 3377/4797/1877 3381/4807/1881
f 3279/4758/1789 3266/4757/1776 3376/4805/1876 3382/4788/1882
f 3292/4754/1802 3267/4753/1777 3383/4795/1883 3384/4785/1884
f 3268/4774/1778 3269/4773/1779 3380/4800/1880 3379/4799/1879
f 3270/4761/1780 3278/4782/1788 3385/4787/1885 3377/4797/1877
f 3267/4753/1777 3281/4780/1791 3386/4743/1886 3383/4795/1883
f 3271/4810/1781 3293/4776/1803 3378/4792/1878 3387/4791/1887
f 3278/4782/1788 3279/4758/1789 3382/4788/1882 3385/4787/1885
f 3264/4778/1774 3292/4754/1802 3384/4785/1884 3388/4740/1888
f 3280/4770/1790 3271/4769/1781 3387/4783/1887 3389/4744/1889
f 3266/4804/1776 3286/4766/1796 3390/4748/1890 3376/4747/1876
f 3281/4780/1791 3280/4770/1790 3389/4744/1889 3386/4743/1886
f 3265/4765/1775 3264/4778/1774 3388/4740/1888 3391/4739/1891
f 3527/4903/1993 3430/4904/1914 3431/4905/1915 3524/4906/1990
f 3522/4907/1988 3435/4908/1919 3434/4909/1918 3525/4910/1991
f 3512/4911/1978 3425/4912/1911 3436/4913/1920 3526/4914/1992
f 3511/4915/1875 3428/4916/1912 3403/4917/1895 3496/4918/1868
f 3507/4919/1783 3415/4920/1903 3402/4921/1894 3498/4922/1869
f 3509/4923/1873 3423/4924/1909 3406/4925/1898 3499/4926/1870
f 3508/4927/1872 3422/4928/1908 3401/4929/1893 3501/4930/1160
f 3505/4931/1784 3416/4932/1904 3407/4933/1899 3502/4934/1871
f 3503/4935/1109 3404/4936/1896 3405/4937/1897 3500/4938/1109
f 3510/4939/1874 3429/4940/1913 3404/4936/1896 3503/4935/1109
f 3501/4930/1160 3401/4929/1893 3400/4941/1892 3497/4942/1160
f 3496/4918/1868 3403/4917/1895 3417/4943/1905 3504/4944/1785
f 3504/4944/1785 3417/4943/1905 3416/4932/1904 3505/4931/1784
f 3499/4926/1870 3406/4925/1898 3414/4945/1902 3506/4946/1782
f 3506/4946/1782 3414/4945/1902 3415/4920/1903 3507/4919/1783
f 3525/4910/1991 3434/4909/1918 3412/4947/1900 3523/4948/1989
f 3524/4906/1990 3431/4905/1915 3438/4949/1922 3520/4950/1986
f 3521/4951/1987 3432/4952/1916 3433/4953/1917 3518/4954/1984
f 3523/4955/1989 3412/4956/1900 3439/4957/1923 3514/4958/1980
f 3519/4959/1985 3424/4960/1910 3435/4908/1919 3522/4907/1988
f 3513/4961/1979 3413/4962/1901 3432/4952/1916 3521/4951/1987
f 3515/4963/1981 3419/4964/1907 3418/4965/1906 3516/4966/1982
f 3520/4950/1986 3438/4949/1922 3424/4960/1910 3519/4959/1985
f 3498/4967/1869 3402/4968/1894 3422/4928/1908 3508/4927/1872
f 3500/4938/1109 3405/4937/1897 3423/4924/1909 3509/4923/1873
f 3518/4954/1984 3433/4953/1917 3425/4969/1911 3512/4970/1978
f 3517/4971/1983 3437/4972/1921 3413/4962/1901 3513/4961/1979
f 3514/4958/1980 3439/4957/1923 3419/4964/1907 3515/4963/1981
f 3502/4973/1871 3407/4974/1899 3429/4940/1913 3510/4939/1874
f 3497/4942/1160 3400/4941/1892 3428/4916/1912 3511/4915/1875
f 3516/4966/1982 3418/4965/1906 3437/4972/1921 3517/4971/1983
f 3526/4914/1992 3436/4913/1920 3430/4904/1914 3527/4903/1993
f 3438/4949/1922 3454/4975/1938 3444/4976/1928 3424/4960/1910
f 3439/4957/1923 3455/4977/1939 3443/4978/1927 3419/4964/1907
f 3424/4960/1910 3444/4976/1928 3451/4979/1935 3435/4908/1919
f 3418/4965/1906 3442/4980/1926 3453/4981/1937 3437/4972/1921
f 3432/4952/1916 3448/4982/1932 3449/4983/1933 3433/4953/1917
f 3436/4913/1920 3452/4984/1936 3446/4985/1930 3430/4904/1914
f 3413/4962/1901 3441/4986/1925 3448/4982/1932 3432/4952/1916
f 3435/4908/1919 3451/4979/1935 3450/4987/1934 3434/4909/1918
f 3419/4964/1907 3443/4978/1927 3442/4980/1926 3418/4965/1906
f 3433/4953/1917 3449/4983/1933 3445/4988/1929 3425/4969/1911
f 3434/4909/1918 3450/4987/1934 3440/4989/1924 3412/4947/1900
f 3437/4972/1921 3453/4981/1937 3441/4986/1925 3413/4962/1901
f 3430/4904/1914 3446/4985/1930 3447/4990/1931 3431/4905/1915
f 3425/4912/1911 3445/4991/1929 3452/4984/1936 3436/4913/1920
f 3412/4956/1900 3440/4992/1924 3455/4977/1939 3439/4957/1923
f 3431/4905/1915 3447/4990/1931 3454/4975/1938 3438/4949/1922
f 3473/4993/1957 3456/4994/1940 3471/4995/1955 3472/4996/1956
f 3475/4997/1959 3465/4998/1949 3461/4999/1945 3474/5000/1958
f 3477/5001/1961 3459/5002/1943 3458/5003/1942 3476/5004/1960
f 3479/5005/1963 3470/5006/1954 3460/5007/1944 3478/5008/1962
f 3481/5009/1965 3469/5010/1953 3457/5011/1941 3480/5012/1964
f 3476/5004/1960 3458/5003/1942 3469/5010/1953 3481/5009/1965
f 3472/4996/1956 3471/4995/1955 3459/5002/1943 3477/5001/1961
f 3483/5013/1967 3468/5014/1952 3462/5015/1946 3482/5016/1966
f 3482/5016/1966 3462/5015/1946 3463/5017/1947 3484/5018/1968
f 3486/5019/1970 3467/5020/1951 3466/5021/1950 3485/5022/1969
f 3474/5000/1958 3461/4999/1945 3468/5014/1952 3483/5013/1967
f 3485/5022/1969 3466/5021/1950 3456/4994/1940 3473/4993/1957
f 3484/5018/1968 3463/5017/1947 3470/5006/1954 3479/5005/1963
f 3487/5023/1971 3464/5024/1948 3465/4998/1949 3475/4997/1959
f 3478/5008/1962 3460/5007/1944 3467/5020/1951 3486/5019/1970
f 3480/5012/1964 3457/5011/1941 3464/5024/1948 3487/5023/1971
f 3441/5025/1925 3480/5012/1964 3487/5023/1971 3448/5026/1932
f 3444/5027/1928 3478/5008/1962 3486/5019/1970 3451/5028/1935
f 3448/5026/1932 3487/5023/1971 3475/4997/1959 3449/5029/1933
f 3447/5030/1931 3484/5018/1968 3479/5005/1963 3454/5031/1938
f 3450/5032/1934 3485/5022/1969 3473/4993/1957 3440/5033/1924
f 3445/5034/1929 3474/5000/1958 3483/5013/1967 3452/5035/1936
f 3451/5028/1935 3486/5019/1970 3485/5022/1969 3450/5032/1934
f 3446/5036/1930 3482/5016/1966 3484/5018/1968 3447/5030/1931
f 3452/5035/1936 3483/5013/1967 3482/5016/1966 3446/5036/1930
f 3455/5037/1939 3472/4996/1956 3477/5001/1961 3443/5038/1927
f 3442/5039/1926 3476/5004/1960 3481/5009/1965 3453/5040/1937
f 3453/5040/1937 3481/5009/1965 3480/5012/1964 3441/5025/1925
f 3454/5031/1938 3479/5005/1963 3478/5008/1962 3444/5027/1928
f 3443/5038/1927 3477/5001/1961 3476/5004/1960 3442/5039/1926
f 3449/5029/1933 3475/4997/1959 3474/5000/1958 3445/5034/1929
f 3440/5033/1924 3473/4993/1957 3472/4996/1956 3455/5037/1939
f 3491/5041/1973 3489/5042/1972 3463/5017/1947 3462/5015/1946
f 3493/5043/1975 3491/5041/1973 3462/5015/1946 3468/5014/1952
f 3489/5042/1972 3495/5044/1977 3470/5006/1954 3463/5017/1947
f 3459/5002/1943 3471/4995/1955 3494/5045/1976 3488/5046/1972
f 3488/5046/1972 3494/5045/1976 3495/5044/1977 3489/5042/1972
f 3469/5010/1953 3458/5003/1942 3490/5047/1973 3492/5048/1974
f 3492/5048/1974 3490/5047/1973 3491/5041/1973 3493/5043/1975
f 3458/5003/1942 3459/5002/1943 3488/5046/1972 3490/5047/1973
f 3490/5047/1973 3488/5046/1972 3489/5042/1972 3491/5041/1973
f 3464/5024/1948 3457/5011/1941 3469/5010/1953 3492/5048/1974
f 3468/5014/1952 3461/4999/1945 3465/4998/1949 3493/5043/1975
f 3465/4998/1949 3464/5024/1948 3492/5048/1974 3493/5043/1975
f 3470/5006/1954 3495/5044/1977 3467/5020/1951 3460/5007/1944
f 3471/4995/1955 3456/4994/1940 3466/5021/1950 3494/5045/1976
f 3467/5020/1951 3495/5044/1977 3494/5045/1976 3466/5021/1950
f 3392/5049/1160 3497/4942/1160 3511/4915/1875 3426/5050/1800
f 3399/5051/1773 3502/4973/1871 3510/4939/1874 3427/5052/1801
f 3397/5053/1109 3500/4938/1109 3509/4923/1873 3421/5054/1795
f 3394/5055/1770 3498/4967/1869 3508/4927/1872 3420/5056/1794
f 3408/5057/1782 3506/4946/1782 3507/4919/1783 3409/5058/1783
f 3398/5059/1772 3499/4926/1870 3506/4946/1782 3408/5057/1782
f 3411/5060/1785 3504/4944/1785 3505/4931/1784 3410/5061/1784
f 3395/5062/1771 3496/4918/1868 3504/4944/1785 3411/5060/1785
f 3393/5063/1160 3501/4930/1160 3497/4942/1160 3392/5049/1160
f 3427/5052/1801 3510/4939/1874 3503/4935/1109 3396/5064/1109
f 3396/5064/1109 3503/4935/1109 3500/4938/1109 3397/5053/1109
f 3410/5061/1784 3505/4931/1784 3502/4934/1871 3399/5065/1773
f 3420/5056/1794 3508/4927/1872 3501/4930/1160 3393/5063/1160
f 3421/5054/1795 3509/4923/1873 3499/4926/1870 3398/5059/1772
f 3409/5058/1783 3507/4919/1783 3498/4922/1869 3394/5066/1770
f 3426/5050/1800 3511/4915/1875 3496/4918/1868 3395/5062/1771
f 3422/4928/1908 3526/4914/1992 3527/4903/1993 3401/4929/1893
f 3405/4937/1897 3516/4966/1982 3517/4971/1983 3423/4924/1909
f 3429/4940/1913 3514/4958/1980 3515/4963/1981 3404/4936/1896
f 3423/4924/1909 3517/4971/1983 3513/4961/1979 3406/4925/1898
f 3415/4920/1903 3518/4954/1984 3512/4970/1978 3402/4921/1894
f 3428/4916/1912 3520/4950/1986 3519/4959/1985 3403/4917/1895
f 3404/4936/1896 3515/4963/1981 3516/4966/1982 3405/4937/1897
f 3406/4925/1898 3513/4961/1979 3521/4951/1987 3414/4945/1902
f 3403/4917/1895 3519/4959/1985 3522/4907/1988 3417/4943/1905
f 3407/4974/1899 3523/4955/1989 3514/4958/1980 3429/4940/1913
f 3414/4945/1902 3521/4951/1987 3518/4954/1984 3415/4920/1903
f 3400/4941/1892 3524/4906/1990 3520/4950/1986 3428/4916/1912
f 3416/4932/1904 3525/4910/1991 3523/4948/1989 3407/4933/1899
f 3402/4968/1894 3512/4911/1978 3526/4914/1992 3422/4928/1908
f 3417/4943/1905 3522/4907/1988 3525/4910/1991 3416/4932/1904
f 3401/4929/1893 3527/4903/1993 3524/4906/1990 3400/4941/1892
f 2532/3834/1191 2536/3833/1195 2682/4079/1324 2683/4070/1325
f 1542/2274/900 1558/1923/916 3542/1908/2004 3541/2279/2003
f 1377/1898/791 1542/2274/900 3541/2279/2003 3531/1885/1997
f 1520/2192/743 1536/2191/743 3540/2202/1994 3539/2201/1994
f 1361/1814/775 1520/2158/743 3539/2163/1994 3530/1801/1996
f 1483/2136/881 1499/1815/891 3538/1800/2002 3537/2141/2002
f 1345/1738/759 1483/2136/881 3537/2141/2002 3529/1725/1995
f 1329/2096/743 1464/2095/743 3536/2106/1994 3528/2105/1994
f 1409/1983/823 1455/2055/869 3535/2040/2001 3533/1976/1999
f 1455/2055/869 1425/2054/839 3534/2041/2000 3535/2040/2001
f 1393/1922/807 1409/1983/823 3533/1976/1999 3532/1909/1998
f 1558/1923/916 1393/1922/807 3532/1909/1998 3542/1908/2004
f 1536/1899/743 1377/1898/791 3531/1885/1997 3540/1884/1994
f 1499/1815/891 1361/1814/775 3530/1801/1996 3538/1800/2002
f 1464/1739/743 1345/1738/759 3529/1725/1995 3536/1724/1994
f 1541/2280/899 1555/1911/913 3557/1912/2014 3556/2277/2014
f 1376/1886/790 1541/2280/899 3556/2277/2014 3546/1889/2008
f 1519/2204/742 1523/2203/742 3555/2198/2005 3554/2197/2005
f 1360/1802/774 1519/2164/742 3554/2161/2005 3545/1805/2007
f 1482/2142/880 1491/1803/880 3553/1804/2013 3552/2139/2013
f 1344/1726/758 1482/2142/880 3552/2139/2013 3544/1729/2006
f 1328/2108/742 1463/2107/742 3551/2102/2005 3543/2101/2005
f 1408/1977/822 1454/2043/868 3550/2044/2012 3548/1978/2010
f 1454/2043/868 1424/2042/838 3549/2045/2011 3550/2044/2012
f 1392/1910/806 1408/1977/822 3548/1978/2010 3547/1913/2009
f 1555/1911/913 1392/1910/806 3547/1913/2009 3557/1912/2014
f 1523/1887/742 1376/1886/790 3546/1889/2008 3555/1888/2005
f 1491/1803/880 1360/1802/774 3545/1805/2007 3553/1804/2013
f 1463/1727/742 1344/1726/758 3544/1729/2006 3551/1728/2005
f 1538/2278/896 1556/1915/914 3572/1900/2025 3571/2283/2024
f 1391/1890/805 1538/2278/896 3571/2283/2024 3561/1877/2018
f 1517/2200/757 1534/2199/757 3570/2210/2015 3569/2209/2015
f 1375/1806/789 1517/2162/757 3569/2167/2015 3560/1793/2017
f 1480/2140/878 1497/1807/890 3568/1792/2023 3567/2145/2023
f 1359/1730/773 1480/2140/878 3567/2145/2023 3559/1717/2016
f 1343/2104/757 1461/2103/757 3566/2114/2015 3558/2113/2015
f 1423/1979/837 1452/2047/866 3565/2032/2022 3563/1972/2020
f 1452/2047/866 1439/2046/853 3564/2033/2021 3565/2032/2022
f 1407/1914/821 1423/1979/837 3563/1972/2020 3562/1901/2019
f 1556/1915/914 1407/1914/821 3562/1901/2019 3572/1900/2025
f 1534/1891/757 1391/1890/805 3561/1877/2018 3570/1876/2015
f 1497/1807/890 1375/1806/789 3560/1793/2017 3568/1792/2023
f 1461/1731/757 1359/1730/773 3559/1717/2016 3566/1716/2015
f 1537/2284/895 1553/1903/911 3587/1956/2036 3586/2255/2035
f 1390/1878/804 1537/2284/895 3586/2255/2035 3576/1869/2029
f 1515/2212/756 1532/2211/756 3585/2218/2026 3584/2217/2026
f 1374/1794/788 1515/2168/756 3584/2171/2026 3575/1785/2028
f 1478/2146/876 1495/1795/876 3583/1784/887 3582/2149/2034
f 1358/1718/772 1478/2146/876 3582/2149/2034 3574/1709/2027
f 1342/2116/756 1458/2115/756 3581/2122/2026 3573/2121/2026
f 1422/1973/836 1450/2035/864 3580/2024/2033 3578/1968/2031
f 1450/2035/864 1438/2034/852 3579/2025/2032 3580/2024/2033
f 1406/1902/820 1422/1973/836 3578/1968/2031 3577/1957/2030
f 1553/1903/911 1406/1902/820 3577/1957/2030 3587/1956/2036
f 1532/1879/756 1390/1878/804 3576/1869/2029 3585/1868/2026
f 1495/1795/876 1374/1794/788 3575/1785/2028 3583/1784/887
f 1458/1719/756 1358/1718/772 3574/1709/2027 3581/1708/2026
f 1551/2256/909 1567/1959/925 3602/1948/2047 3601/2259/2046
f 1389/1870/803 1551/2256/909 3601/2259/2046 3591/1861/2040
f 1513/2220/755 1530/2219/755 3600/2226/2037 3599/2225/2037
f 1373/1786/787 1513/2172/755 3599/2175/2037 3590/1777/2039
f 1476/2150/874 1493/1787/888 3598/1776/2045 3597/2153/2045
f 1357/1710/771 1476/2150/874 3597/2153/2045 3589/1765/2038
f 1341/2124/755 1457/2123/755 3596/2066/2037 3588/2065/2037
f 1421/1969/835 1448/2027/862 3595/2016/2044 3593/1964/2042
f 1448/2027/862 1437/2026/851 3594/2017/2043 3595/2016/2044
f 1405/1958/819 1421/1969/835 3593/1964/2042 3592/1949/2041
f 1567/1959/925 1405/1958/819 3592/1949/2041 3602/1948/2047
f 1530/1871/755 1389/1870/803 3591/1861/2040 3600/1860/2037
f 1493/1787/888 1373/1786/787 3590/1777/2039 3598/1776/2045
f 1457/1711/755 1357/1710/771 3589/1765/2038 3596/1764/2037
f 1549/2260/907 1565/1951/923 3617/1940/2058 3616/2263/2057
f 1388/1862/802 1549/2260/907 3616/2263/2057 3606/1853/2051
f 1511/2228/754 1528/2227/754 3615/2234/2048 3614/2233/2048
f 1372/1778/786 1511/2176/754 3614/2179/2048 3605/1833/2050
f 1475/2154/873 1490/1779/873 3613/1832/2056 3612/2125/2056
f 1356/1766/770 1475/2154/873 3612/2125/2056 3604/1757/2049
f 1340/2068/754 1471/2067/754 3611/2074/2048 3603/2073/2048
f 1420/1965/834 1446/2019/860 3610/2008/2055 3608/1992/2053
f 1446/2019/860 1436/2018/850 3609/2009/2054 3610/2008/2055
f 1404/1950/818 1420/1965/834 3608/1992/2053 3607/1941/2052
f 1565/1951/923 1404/1950/818 3607/1941/2052 3617/1940/2058
f 1528/1863/754 1388/1862/802 3606/1853/2051 3615/1852/2048
f 1490/1779/873 1372/1778/786 3605/1833/2050 3613/1832/2056
f 1471/1767/754 1356/1766/770 3604/1757/2049 3611/1756/2048
f 1547/2264/905 1563/1943/921 3632/1932/2069 3631/2267/2068
f 1387/1854/801 1547/2264/905 3631/2267/2068 3621/1845/2062
f 1509/2236/753 1526/2235/753 3630/2242/2059 3629/2241/2059
f 1371/1834/785 1509/2180/753 3629/2183/2059 3620/1825/2061
f 1488/2126/886 1504/1835/894 3628/1824/2067 3627/2129/885
f 1355/1758/769 1488/2126/886 3627/2129/885 3619/1749/2060
f 1339/2076/753 1469/2075/753 3626/2082/2059 3618/2081/2059
f 1419/1993/833 1444/2011/858 3625/2000/2066 3623/1988/2064
f 1444/2011/858 1435/2010/849 3624/2001/2065 3625/2000/2066
f 1403/1942/817 1419/1993/833 3623/1988/2064 3622/1933/2063
f 1563/1943/921 1403/1942/817 3622/1933/2063 3632/1932/2069
f 1526/1855/753 1387/1854/801 3621/1845/2062 3630/1844/2059
f 1504/1835/894 1371/1834/785 3620/1825/2061 3628/1824/2067
f 1469/1759/753 1355/1758/769 3619/1749/2060 3626/1748/2059
f 1545/2268/903 1561/1935/919 3647/1924/2080 3646/2271/2079
f 1386/1846/800 1545/2268/903 3646/2271/2079 3636/1837/2073
f 1506/2244/752 1524/2243/752 3645/2250/2070 3644/2249/2070
f 1370/1826/784 1506/2184/752 3644/2187/2070 3635/1817/2072
f 1486/2130/884 1502/1827/884 3643/1816/891 3642/2133/2078
f 1354/1750/768 1486/2130/884 3642/2133/2078 3634/1741/2071
f 1338/2084/752 1467/2083/752 3641/2090/2070 3633/2089/2070
f 1418/1989/832 1443/2003/857 3640/2056/2077 3638/1984/2075
f 1443/2003/857 1434/2002/848 3639/2057/2076 3640/2056/2077
f 1402/1934/816 1418/1989/832 3638/1984/2075 3637/1925/2074
f 1561/1935/919 1402/1934/816 3637/1925/2074 3647/1924/2080
f 1524/1847/752 1386/1846/800 3636/1837/2073 3645/1836/2070
f 1502/1827/884 1370/1826/784 3635/1817/2072 3643/1816/891
f 1467/1751/752 1354/1750/768 3634/1741/2071 3641/1740/2070
f 1543/2272/901 1559/1927/917 3662/1916/2089 3661/2275/2089
f 1385/1838/799 1543/2272/901 3661/2275/2089 3651/1893/2084
f 1505/2252/751 1521/2251/751 3660/2194/2081 3659/2193/2081
f 1369/1818/783 1505/2188/751 3659/2159/2081 3650/1809/2083
f 1484/2134/882 1500/1819/892 3658/1808/881 3657/2137/881
f 1353/1742/767 1484/2134/882 3657/2137/881 3649/1733/2082
f 1337/2092/751 1465/2091/751 3656/2098/2081 3648/2097/2081
f 1417/1985/831 1456/2059/870 3655/2048/2088 3653/1980/2086
f 1456/2059/870 1433/2058/847 3654/2049/2087 3655/2048/2088
f 1401/1926/815 1417/1985/831 3653/1980/2086 3652/1917/2085
f 1559/1927/917 1401/1926/815 3652/1917/2085 3662/1916/2089
f 1521/1839/751 1385/1838/799 3651/1893/2084 3660/1892/2081
f 1500/1819/892 1369/1818/783 3650/1809/2083 3658/1808/881
f 1465/1743/751 1353/1742/767 3649/1733/2082 3656/1732/2081
f 1540/2276/898 1557/1919/915 3677/1904/2098 3676/2281/2098
f 1384/1894/798 1540/2276/898 3676/2281/2098 3666/1881/2093
f 1518/5067/750 1535/5068/750 3675/2206/2090 3674/2205/2090
f 1368/1810/782 1518/2160/750 3674/2165/2090 3665/1797/2092
f 1481/2138/879 1498/1811/879 3673/1796/878 3672/2143/878
f 1352/1734/766 1481/2138/879 3672/2143/878 3664/1721/2091
f 1336/5069/750 1462/5070/750 3671/2110/2090 3663/2109/2090
f 1416/1981/830 1453/2051/867 3670/2036/2097 3668/1974/2095
f 1453/2051/867 1432/2050/846 3669/2037/2096 3670/2036/2097
f 1400/1918/814 1416/1981/830 3668/1974/2095 3667/1905/2094
f 1557/1919/915 1400/1918/814 3667/1905/2094 3677/1904/2098
f 1535/1895/750 1384/1894/798 3666/1881/2093 3675/1880/2090
f 1498/1811/879 1368/1810/782 3665/1797/2092 3673/1796/878
f 1462/1735/750 1352/1734/766 3664/1721/2091 3671/1720/2090
f 1539/2282/897 1554/1907/912 3692/1960/2109 3691/2253/2108
f 1383/1882/797 1539/2282/897 3691/2253/2108 3681/1873/2102
f 1516/2208/749 1533/2207/749 3690/2214/2099 3689/2213/2099
f 1367/1798/781 1516/2166/749 3689/2169/2099 3680/1789/2101
f 1479/2144/877 1496/1799/889 3688/1788/890 3687/2147/2107
f 1351/1722/765 1479/2144/877 3687/2147/2107 3679/1713/2100
f 1335/2112/749 1460/2111/749 3686/2118/2099 3678/2117/2099
f 1415/1975/829 1451/2039/865 3685/2028/2106 3683/1970/2104
f 1451/2039/865 1431/2038/845 3684/2029/2105 3685/2028/2106
f 1399/1906/813 1415/1975/829 3683/1970/2104 3682/1961/2103
f 1554/1907/912 1399/1906/813 3682/1961/2103 3692/1960/2109
f 1533/1883/749 1383/1882/797 3681/1873/2102 3690/1872/2099
f 1496/1799/889 1367/1798/781 3680/1789/2101 3688/1788/890
f 1460/1723/749 1351/1722/765 3679/1713/2100 3686/1712/2099
f 1552/2254/910 1568/1963/926 3707/1952/2120 3706/2257/2119
f 1382/1874/796 1552/2254/910 3706/2257/2119 3696/1865/2113
f 1514/2216/748 1531/2215/748 3705/2222/2110 3704/2221/2110
f 1366/1790/780 1514/2170/748 3704/2173/2110 3695/1781/2112
f 1477/2148/875 1494/1791/875 3703/1780/2118 3702/2151/874
f 1350/1714/764 1477/2148/875 3702/2151/874 3694/1769/2111
f 1334/2120/748 1459/2119/748 3701/2062/2110 3693/2061/2110
f 1414/1971/828 1449/2031/863 3700/2020/2117 3698/1966/2115
f 1449/2031/863 1430/2030/844 3699/2021/2116 3700/2020/2117
f 1398/1962/812 1414/1971/828 3698/1966/2115 3697/1953/2114
f 1568/1963/926 1398/1962/812 3697/1953/2114 3707/1952/2120
f 1531/1875/748 1382/1874/796 3696/1865/2113 3705/1864/2110
f 1494/1791/875 1366/1790/780 3695/1781/2112 3703/1780/2118
f 1459/1715/748 1350/1714/764 3694/1769/2111 3701/1768/2110
f 1550/2258/908 1566/1955/924 3722/1944/2131 3721/2261/2130
f 1381/1866/795 1550/2258/908 3721/2261/2130 3711/1857/2124
f 1512/2224/747 1529/2223/747 3720/2230/2121 3719/2229/2121
f 1365/1782/779 1512/2174/747 3719/2177/2121 3710/1773/2123
f 1474/2152/872 1492/1783/887 3718/1772/2129 3717/2155/2129
f 1349/1770/763 1474/2152/872 3717/2155/2129 3709/1761/2122
f 1333/2064/747 1472/2063/747 3716/2070/2121 3708/2069/2121
f 1413/1967/827 1447/2023/861 3715/2012/2128 3713/1994/2126
f 1447/2023/861 1429/2022/843 3714/2013/2127 3715/2012/2128
f 1397/1954/811 1413/1967/827 3713/1994/2126 3712/1945/2125
f 1566/1955/924 1397/1954/811 3712/1945/2125 3722/1944/2131
f 1529/1867/747 1381/1866/795 3711/1857/2124 3720/1856/2121
f 1492/1783/887 1365/1782/779 3710/1773/2123 3718/1772/2129
f 1472/1771/747 1349/1770/763 3709/1761/2122 3716/1760/2121
f 1548/2262/906 1564/1947/922 3737/1936/2142 3736/2265/2141
f 1380/1858/794 1548/2262/906 3736/2265/2141 3726/1849/2135
f 1510/2232/746 1527/2231/746 3735/2238/2132 3734/2237/2132
f 1364/1774/778 1510/2178/746 3734/2181/2132 3725/1829/2134
f 1473/2156/871 1489/1775/871 3733/1828/2140 3732/2127/2140
f 1348/1762/762 1473/2156/871 3732/2127/2140 3724/1753/2133
f 1332/2072/746 1470/2071/746 3731/2078/2132 3723/2077/2132
f 1412/1995/826 1445/2015/859 3730/2004/2139 3728/1990/2137
f 1445/2015/859 1428/2014/842 3729/2005/2138 3730/2004/2139
f 1396/1946/810 1412/1995/826 3728/1990/2137 3727/1937/2136
f 1564/1947/922 1396/1946/810 3727/1937/2136 3737/1936/2142
f 1527/1859/746 1380/1858/794 3726/1849/2135 3735/1848/2132
f 1489/1775/871 1364/1774/778 3725/1829/2134 3733/1828/2140
f 1470/1763/746 1348/1762/762 3724/1753/2133 3731/1752/2132
f 1546/2266/904 1562/1939/920 3752/1928/2153 3751/2269/2152
f 1379/1850/793 1546/2266/904 3751/2269/2152 3741/1841/2146
f 1508/2240/745 1525/2239/745 3750/2246/2143 3749/2245/2143
f 1363/1830/777 1508/2182/745 3749/2185/2143 3740/1821/2145
f 1487/2128/885 1503/1831/893 3748/1820/894 3747/2131/2151
f 1347/1754/761 1487/2128/885 3747/2131/2151 3739/1745/2144
f 1331/2080/745 1468/2079/745 3746/2086/2143 3738/2085/2143
f 1411/1991/825 1442/2007/856 3745/1996/2150 3743/1986/2148
f 1442/2007/856 1427/2006/841 3744/1997/2149 3745/1996/2150
f 1395/1938/809 1411/1991/825 3743/1986/2148 3742/1929/2147
f 1562/1939/920 1395/1938/809 3742/1929/2147 3752/1928/2153
f 1525/1851/745 1379/1850/793 3741/1841/2146 3750/1840/2143
f 1503/1831/893 1363/1830/777 3740/1821/2145 3748/1820/894
f 1468/1755/745 1347/1754/761 3739/1745/2144 3746/1744/2143
f 1544/2270/902 1560/1931/918 3767/1920/2164 3766/2273/2163
f 1378/1842/792 1544/2270/902 3766/2273/2163 3756/1897/2157
f 1507/2248/744 1522/2247/744 3765/2190/2154 3764/2189/2154
f 1362/1822/776 1507/2186/744 3764/2157/2154 3755/1813/2156
f 1485/2132/883 1501/1823/883 3763/1812/2162 3762/2135/2162
f 1346/1746/760 1485/2132/883 3762/2135/2162 3754/1737/2155
f 1330/2088/744 1466/2087/744 3761/2094/2154 3753/2093/2154
f 1410/1987/824 1441/1999/855 3760/2052/2161 3758/1982/2159
f 1441/1999/855 1426/1998/840 3759/2053/2160 3760/2052/2161
f 1394/1930/808 1410/1987/824 3758/1982/2159 3757/1921/2158
f 1560/1931/918 1394/1930/808 3757/1921/2158 3767/1920/2164
f 1522/1843/744 1378/1842/792 3756/1897/2157 3765/1896/2154
f 1501/1823/883 1362/1822/776 3755/1813/2156 3763/1812/2162
f 1466/1747/744 1346/1746/760 3754/1737/2155 3761/1736/2154
f 1782/2857/1044 1796/2488/1057 3782/2489/2173 3781/2854/2172
f 1617/2463/959 1782/2857/1044 3781/2854/2172 3771/2466/2167
f 1760/2781/742 1764/2780/742 3780/2775/2005 3779/2774/2005
f 1601/2379/943 1760/2741/742 3779/2738/2005 3770/2382/2166
f 1723/2719/898 1732/2380/898 3778/2381/2098 3777/2716/2171
f 1585/2303/927 1723/2719/898 3777/2716/2171 3769/2306/2165
f 1569/2685/742 1704/2684/742 3776/2679/2005 3768/2678/2005
f 1649/2554/991 1695/2620/1020 3775/2621/2170 3773/2555/2169
f 1695/2620/1020 1665/2619/838 3774/2622/2011 3775/2621/2170
f 1633/2487/975 1649/2554/991 3773/2555/2169 3772/2490/2168
f 1796/2488/1057 1633/2487/975 3772/2490/2168 3782/2489/2173
f 1764/2464/742 1617/2463/959 3771/2466/2167 3780/2465/2005
f 1732/2380/898 1601/2379/943 3770/2382/2166 3778/2381/2098
f 1704/2304/742 1585/2303/927 3769/2306/2165 3776/2305/2005
f 1779/2855/1041 1797/2492/1058 3797/2477/2181 3796/2860/2181
f 1632/2467/974 1779/2855/1041 3796/2860/2181 3786/2454/2176
f 1758/2777/757 1775/2776/757 3795/2787/2015 3794/2786/2015
f 1616/2383/958 1758/2739/757 3794/2744/2015 3785/2370/2175
f 1721/2717/1028 1738/2384/897 3793/2369/2109 3792/2722/2180
f 1600/2307/942 1721/2717/1028 3792/2722/2180 3784/2294/2174
f 1584/2681/757 1702/2680/757 3791/2691/2015 3783/2690/2015
f 1664/2556/1006 1693/2624/1018 3790/2609/2179 3788/2549/2178
f 1693/2624/1018 1680/2623/853 3789/2610/2021 3790/2609/2179
f 1648/2491/990 1664/2556/1006 3788/2549/2178 3787/2478/2177
f 1797/2492/1058 1648/2491/990 3787/2478/2177 3797/2477/2181
f 1775/2468/757 1632/2467/974 3786/2454/2176 3795/2453/2015
f 1738/2384/897 1616/2383/958 3785/2370/2175 3793/2369/2109
f 1702/2308/757 1600/2307/942 3784/2294/2174 3791/2293/2015
f 1778/2861/1040 1794/2480/1056 3812/2533/2189 3811/2832/2189
f 1631/2455/973 1778/2861/1040 3811/2832/2189 3801/2446/2184
f 1756/2789/756 1773/2788/756 3810/2795/2188 3809/2794/2026
f 1615/2371/957 1756/2745/756 3809/2748/2026 3800/2362/2183
f 1719/2723/910 1736/2372/926 3808/2361/2119 3807/2726/2119
f 1599/2295/941 1719/2723/910 3807/2726/2119 3799/2286/2182
f 1583/2693/756 1699/2692/1023 3806/2699/2188 3798/2698/2026
f 1663/2550/1005 1691/2612/1016 3805/2601/2187 3803/2545/2186
f 1691/2612/1016 1679/2611/852 3804/2602/2032 3805/2601/2187
f 1647/2479/989 1663/2550/1005 3803/2545/2186 3802/2534/2185
f 1794/2480/1056 1647/2479/989 3802/2534/2185 3812/2533/2189
f 1773/2456/756 1631/2455/973 3801/2446/2184 3810/2445/2188
f 1736/2372/926 1615/2371/957 3800/2362/2183 3808/2361/2119
f 1699/2296/1023 1599/2295/941 3799/2286/2182 3806/2285/2188
f 1792/2833/1054 1808/2536/1065 3827/2525/2198 3826/2836/2197
f 1630/2447/972 1792/2833/1054 3826/2836/2197 3816/2438/2192
f 1754/2797/755 1771/2796/755 3825/2803/2037 3824/2802/2037
f 1614/2363/956 1754/2749/755 3824/2752/2037 3815/2354/2191
f 1717/2727/1026 1734/2364/924 3823/2353/2130 3822/2730/2196
f 1598/2287/940 1717/2727/1026 3822/2730/2196 3814/2342/2190
f 1582/2701/755 1698/2700/755 3821/2643/2037 3813/2642/2037
f 1662/2546/1004 1689/2604/1014 3820/2593/2195 3818/2541/2194
f 1689/2604/1014 1678/2603/851 3819/2594/2043 3820/2593/2195
f 1646/2535/988 1662/2546/1004 3818/2541/2194 3817/2526/2193
f 1808/2536/1065 1646/2535/988 3817/2526/2193 3827/2525/2198
f 1771/2448/755 1630/2447/972 3816/2438/2192 3825/2437/2037
f 1734/2364/924 1614/2363/956 3815/2354/2191 3823/2353/2130
f 1698/2288/755 1598/2287/940 3814/2342/2190 3821/2341/2037
f 1790/2837/1052 1806/2528/1064 3842/2517/2207 3841/2840/2206
f 1629/2439/971 1790/2837/1052 3841/2840/2206 3831/2430/2201
f 1752/2805/754 1769/2804/754 3840/2811/2048 3839/2810/2048
f 1613/2355/955 1752/2753/754 3839/2756/2048 3830/2410/2200
f 1716/2731/906 1731/2356/906 3838/2409/2141 3837/2702/2205
f 1597/2343/939 1716/2731/906 3837/2702/2205 3829/2334/2199
f 1581/2645/754 1712/2644/754 3836/2651/2048 3828/2650/2048
f 1661/2542/1003 1687/2596/1012 3835/2585/2204 3833/2569/2203
f 1687/2596/1012 1677/2595/850 3834/2586/2054 3835/2585/2204
f 1645/2527/987 1661/2542/1003 3833/2569/2203 3832/2518/2202
f 1806/2528/1064 1645/2527/987 3832/2518/2202 3842/2517/2207
f 1769/2440/754 1629/2439/971 3831/2430/2201 3840/2429/2048
f 1731/2356/906 1613/2355/955 3830/2410/2200 3838/2409/2141
f 1712/2344/754 1597/2343/939 3829/2334/2199 3836/2333/2048
f 1788/2841/1050 1804/2520/1050 3857/2509/2215 3856/2844/2215
f 1628/2431/970 1788/2841/1050 3856/2844/2215 3846/2422/2210
f 1750/2813/753 1767/2812/1039 3855/2819/2059 3854/2818/2059
f 1612/2411/954 1750/2757/753 3854/2760/2059 3845/2402/2209
f 1729/2703/1033 1745/2412/904 3853/2401/2152 3852/2706/2214
f 1596/2335/938 1729/2703/1033 3852/2706/2214 3844/2326/2208
f 1580/2653/753 1710/2652/753 3851/2659/2059 3843/2658/2059
f 1660/2570/1002 1685/2588/1010 3850/2577/2213 3848/2565/2212
f 1685/2588/1010 1676/2587/849 3849/2578/2065 3850/2577/2213
f 1644/2519/986 1660/2570/1002 3848/2565/2212 3847/2510/2211
f 1804/2520/1050 1644/2519/986 3847/2510/2211 3857/2509/2215
f 1767/2432/1039 1628/2431/970 3846/2422/2210 3855/2421/2059
f 1745/2412/904 1612/2411/954 3845/2402/2209 3853/2401/2152
f 1710/2336/753 1596/2335/938 3844/2326/2208 3851/2325/2059
f 1786/2845/1048 1802/2512/1048 3872/2501/2223 3871/2848/2223
f 1627/2423/969 1786/2845/1048 3871/2848/2223 3861/2414/2218
f 1747/2821/1037 1765/2820/752 3870/2827/2070 3869/2826/2070
f 1611/2403/953 1747/2761/1037 3869/2764/2070 3860/2394/2217
f 1727/2707/902 1743/2404/1035 3868/2393/2222 3867/2710/2163
f 1595/2327/937 1727/2707/902 3867/2710/2163 3859/2318/2216
f 1579/2661/752 1708/2660/752 3866/2667/2070 3858/2666/2070
f 1659/2566/1001 1684/2580/1009 3865/2633/2221 3863/2561/2220
f 1684/2580/1009 1675/2579/848 3864/2634/2076 3865/2633/2221
f 1643/2511/985 1659/2566/1001 3863/2561/2220 3862/2502/2219
f 1802/2512/1048 1643/2511/985 3862/2502/2219 3872/2501/2223
f 1765/2424/752 1627/2423/969 3861/2414/2218 3870/2413/2070
f 1743/2404/1035 1611/2403/953 3860/2394/2217 3868/2393/2222
f 1708/2328/752 1595/2327/937 3859/2318/2216 3866/2317/2070
f 1784/2849/1046 1800/2504/1046 3887/2493/2231 3886/2852/2231
f 1626/2415/968 1784/2849/1046 3886/2852/2231 3876/2470/2226
f 1746/2829/1036 1762/2828/1036 3885/2771/2081 3884/2770/2081
f 1610/2395/952 1746/2765/1036 3884/2736/2081 3875/2386/2225
f 1725/2711/1031 1741/2396/900 3883/2385/2003 3882/2714/2230
f 1594/2319/936 1725/2711/1031 3882/2714/2230 3874/2310/2224
f 1578/2669/751 1706/2668/751 3881/2675/2081 3873/2674/2081
f 1658/2562/1000 1697/2636/1022 3880/2625/2229 3878/2557/2228
f 1697/2636/1022 1674/2635/847 3879/2626/2087 3880/2625/2229
f 1642/2503/984 1658/2562/1000 3878/2557/2228 3877/2494/2227
f 1800/2504/1046 1642/2503/984 3877/2494/2227 3887/2493/2231
f 1762/2416/1036 1626/2415/968 3876/2470/2226 3885/2469/2081
f 1741/2396/900 1610/2395/952 3875/2386/2225 3883/2385/2003
f 1706/2320/751 1594/2319/936 3874/2310/2224 3881/2309/2081
f 1781/2853/1043 1798/2496/1059 3902/2481/2239 3901/2858/2239
f 1625/2471/967 1781/2853/1043 3901/2858/2239 3891/2458/2234
f 1759/5071/750 1776/5072/750 3900/2783/2090 3899/2782/2090
f 1609/2387/951 1759/2737/750 3899/2742/2090 3890/2374/2233
f 1722/2715/1029 1739/2388/899 3898/2373/2014 3897/2720/2238
f 1593/2311/935 1722/2715/1029 3897/2720/2238 3889/2298/2232
f 1577/5073/750 1703/5074/750 3896/2687/2090 3888/2686/2090
f 1657/2558/999 1694/2628/1019 3895/2613/2237 3893/2551/2236
f 1694/2628/1019 1673/2627/846 3894/2614/2096 3895/2613/2237
f 1641/2495/983 1657/2558/999 3893/2551/2236 3892/2482/2235
f 1798/2496/1059 1641/2495/983 3892/2482/2235 3902/2481/2239
f 1776/2472/750 1625/2471/967 3891/2458/2234 3900/2457/2090
f 1739/2388/899 1609/2387/951 3890/2374/2233 3898/2373/2014
f 1703/2312/750 1593/2311/935 3889/2298/2232 3896/2297/2090
f 1780/2859/1042 1795/2484/1042 3917/2537/2247 3916/2830/2247
f 1624/2459/966 1780/2859/1042 3916/2830/2247 3906/2450/2242
f 1757/2785/749 1774/2784/749 3915/2791/2099 3914/2790/2099
f 1608/2375/950 1757/2743/749 3914/2746/2099 3905/2366/2241
f 1720/2721/1027 1737/2376/896 3913/2365/2246 3912/2724/2024
f 1592/2299/934 1720/2721/1027 3912/2724/2024 3904/2290/2240
f 1576/2689/749 1701/2688/749 3911/2695/2099 3903/2694/2099
f 1656/2552/998 1692/2616/1017 3910/2605/2245 3908/2547/2244
f 1692/2616/1017 1672/2615/845 3909/2606/2105 3910/2605/2245
f 1640/2483/982 1656/2552/998 3908/2547/2244 3907/2538/2243
f 1795/2484/1042 1640/2483/982 3907/2538/2243 3917/2537/2247
f 1774/2460/749 1624/2459/966 3906/2450/2242 3915/2449/2099
f 1737/2376/896 1608/2375/950 3905/2366/2241 3913/2365/2246
f 1701/2300/749 1592/2299/934 3904/2290/2240 3911/2289/2099
f 1793/2831/1055 1809/2540/1055 3932/2529/2255 3931/2834/2255
f 1623/2451/965 1793/2831/1055 3931/2834/2255 3921/2442/2250
f 1755/2793/748 1772/2792/1024 3930/2799/2110 3929/2798/2110
f 1607/2367/949 1755/2747/748 3929/2750/2110 3920/2358/2249
f 1718/2725/895 1735/2368/1034 3928/2357/2035 3927/2728/2254
f 1591/2291/933 1718/2725/895 3927/2728/2254 3919/2346/2248
f 1575/2697/748 1700/2696/1024 3926/2639/2110 3918/2638/2110
f 1655/2548/997 1690/2608/1015 3925/2597/2253 3923/2543/2252
f 1690/2608/1015 1671/2607/844 3924/2598/2116 3925/2597/2253
f 1639/2539/981 1655/2548/997 3923/2543/2252 3922/2530/2251
f 1809/2540/1055 1639/2539/981 3922/2530/2251 3932/2529/2255
f 1772/2452/1024 1623/2451/965 3921/2442/2250 3930/2441/2110
f 1735/2368/1034 1607/2367/949 3920/2358/2249 3928/2357/2035
f 1700/2292/1024 1591/2291/933 3919/2346/2248 3926/2345/2110
f 1791/2835/1053 1807/2532/1053 3947/2521/2265 3946/2838/2264
f 1622/2443/964 1791/2835/1053 3946/2838/2264 3936/2434/2258
f 1753/2801/1038 1770/2800/1038 3945/2807/2263 3944/2806/2121
f 1606/2359/948 1753/2751/1038 3944/2754/2121 3935/2350/2257
f 1715/2729/1025 1733/2360/925 3943/2349/2046 3942/2732/2262
f 1590/2347/932 1715/2729/1025 3942/2732/2262 3934/2338/2256
f 1574/2641/747 1713/2640/747 3941/2647/2121 3933/2646/2121
f 1654/2544/996 1688/2600/1013 3940/2589/2261 3938/2571/2260
f 1688/2600/1013 1670/2599/843 3939/2590/2127 3940/2589/2261
f 1638/2531/980 1654/2544/996 3938/2571/2260 3937/2522/2259
f 1807/2532/1053 1638/2531/980 3937/2522/2259 3947/2521/2265
f 1770/2444/1038 1622/2443/964 3936/2434/2258 3945/2433/2263
f 1733/2360/925 1606/2359/948 3935/2350/2257 3943/2349/2046
f 1713/2348/747 1590/2347/932 3934/2338/2256 3941/2337/2121
f 1789/2839/1051 1805/2524/1063 3962/2513/2274 3961/2842/2273
f 1621/2435/963 1789/2839/1051 3961/2842/2273 3951/2426/2268
f 1751/2809/746 1768/2808/746 3960/2815/2132 3959/2814/2132
f 1605/2351/947 1751/2755/746 3959/2758/2132 3950/2406/2267
f 1714/2733/907 1730/2352/907 3958/2405/2057 3957/2704/2272
f 1589/2339/931 1714/2733/907 3957/2704/2272 3949/2330/2266
f 1573/2649/746 1711/2648/746 3956/2655/2132 3948/2654/2132
f 1653/2572/995 1686/2592/1011 3955/2581/2271 3953/2567/2270
f 1686/2592/1011 1669/2591/842 3954/2582/2138 3955/2581/2271
f 1637/2523/979 1653/2572/995 3953/2567/2270 3952/2514/2269
f 1805/2524/1063 1637/2523/979 3952/2514/2269 3962/2513/2274
f 1768/2436/746 1621/2435/963 3951/2426/2268 3960/2425/2132
f 1730/2352/907 1605/2351/947 3950/2406/2267 3958/2405/2057
f 1711/2340/746 1589/2339/931 3949/2330/2266 3956/2329/2132
f 1787/2843/1049 1803/2516/1062 3977/2505/2282 3976/2846/2281
f 1620/2427/962 1787/2843/1049 3976/2846/2281 3966/2418/2277
f 1749/2817/745 1766/2816/745 3975/2823/2143 3974/2822/2143
f 1604/2407/946 1749/2759/745 3974/2762/2143 3965/2398/2276
f 1728/2705/1032 1744/2408/921 3973/2397/2068 3972/2708/2068
f 1588/2331/930 1728/2705/1032 3972/2708/2068 3964/2322/2275
f 1572/2657/745 1709/2656/745 3971/2663/2143 3963/2662/2143
f 1652/2568/994 1683/2584/1008 3970/2573/2280 3968/2563/2279
f 1683/2584/1008 1668/2583/841 3969/2574/2149 3970/2573/2280
f 1636/2515/978 1652/2568/994 3968/2563/2279 3967/2506/2278
f 1803/2516/1062 1636/2515/978 3967/2506/2278 3977/2505/2282
f 1766/2428/745 1620/2427/962 3966/2418/2277 3975/2417/2143
f 1744/2408/921 1604/2407/946 3965/2398/2276 3973/2397/2068
f 1709/2332/745 1588/2331/930 3964/2322/2275 3971/2321/2143
f 1785/2847/1047 1801/2508/1061 3992/2497/2291 3991/2850/2291
f 1619/2419/961 1785/2847/1047 3991/2850/2291 3981/2474/2285
f 1748/2825/744 1763/2824/744 3990/2767/2290 3989/2766/2154
f 1603/2399/945 1748/2763/744 3989/2734/2154 3980/2390/2284
f 1726/2709/903 1742/2400/919 3988/2389/2080 3987/2712/2289
f 1587/2323/929 1726/2709/903 3987/2712/2289 3979/2314/2283
f 1571/2665/744 1707/2664/744 3986/2671/2154 3978/2670/2154
f 1651/2564/993 1682/2576/1007 3985/2629/2288 3983/2559/2287
f 1682/2576/1007 1667/2575/840 3984/2630/2160 3985/2629/2288
f 1635/2507/977 1651/2564/993 3983/2559/2287 3982/2498/2286
f 1801/2508/1061 1635/2507/977 3982/2498/2286 3992/2497/2291
f 1763/2420/744 1619/2419/961 3981/2474/2285 3990/2473/2290
f 1742/2400/919 1603/2399/945 3980/2390/2284 3988/2389/2080
f 1707/2324/744 1587/2323/929 3979/2314/2283 3986/2313/2154
f 1783/2851/1045 1799/2500/1060 4007/2485/2300 4006/2856/2299
f 1618/2475/960 1783/2851/1045 4006/2856/2299 3996/2462/2294
f 1761/2769/743 1777/2768/743 4005/2779/1994 4004/2778/1994
f 1602/2391/944 1761/2735/743 4004/2740/1994 3995/2378/2293
f 1724/2713/1030 1740/2392/901 4003/2377/2089 4002/2718/2298
f 1586/2315/928 1724/2713/1030 4002/2718/2298 3994/2302/2292
f 1570/2673/743 1705/2672/743 4001/2683/1994 3993/2682/1994
f 1650/2560/992 1696/2632/1021 4000/2617/2297 3998/2553/2296
f 1696/2632/1021 1666/2631/839 3999/2618/2000 4000/2617/2297
f 1634/2499/976 1650/2560/992 3998/2553/2296 3997/2486/2295
f 1799/2500/1060 1634/2499/976 3997/2486/2295 4007/2485/2300
f 1777/2476/743 1618/2475/960 3996/2462/2294 4005/2461/1994
f 1740/2392/901 1602/2391/944 3995/2378/2293 4003/2377/2089
f 1705/2316/743 1586/2315/928 3994/2302/2292 4001/2301/1994
