# Blender 4.3.2
# www.blender.org
mtllib Sketchfab_2024_03_23_12_12_52.mtl
o J1_a03
v -5.231514 4.969229 -254.859467
v -5.426489 4.969229 -254.859467
v -5.426489 7.583199 -254.859467
v -5.231514 7.583199 -254.859467
v -5.426489 7.583199 -253.318909
v -5.426489 4.969229 -253.318909
v -5.231514 4.969229 -253.318909
v -5.231514 7.583199 -253.318909
v -5.426489 7.583199 -254.859467
v -5.426489 7.583199 -253.318909
v -5.231514 7.583199 -253.318909
v -5.231514 7.583199 -254.859467
v -5.426489 7.476473 -254.752747
v -5.426489 4.969229 -254.752747
v -5.231514 4.969229 -254.752747
v -5.231514 7.476473 -254.752747
v -5.231514 4.969229 -253.425629
v -5.426489 4.969229 -253.425629
v -5.426489 7.476473 -253.425629
v -5.231514 7.476473 -253.425629
v -5.231514 7.476473 -253.425629
v -5.426489 7.476473 -253.425629
v -5.426489 7.476473 -254.752747
v -5.231514 7.476473 -254.752747
v -5.426489 4.969229 -254.859467
v -5.231514 4.969229 -254.859467
v -5.231514 4.969229 -254.752747
v -5.426489 4.969229 -254.752747
v -5.426489 7.583199 -254.859467
v -5.426489 4.969229 -254.859467
v -5.426489 4.969229 -254.752747
v -5.426489 7.476473 -254.752747
v -5.231514 4.969229 -254.859467
v -5.231514 7.583199 -254.859467
v -5.231514 7.476473 -254.752747
v -5.231514 4.969229 -254.752747
v -5.426489 4.969229 -253.318909
v -5.426489 7.583199 -253.318909
v -5.426489 7.476473 -253.425629
v -5.426489 4.969229 -253.425629
v -5.231514 4.969229 -253.318909
v -5.426489 4.969229 -253.318909
v -5.426489 4.969229 -253.425629
v -5.231514 4.969229 -253.425629
v -5.231514 7.583199 -253.318909
v -5.231514 4.969229 -253.318909
v -5.231514 4.969229 -253.425629
v -5.231514 7.476473 -253.425629
v -5.426489 7.583199 -253.318909
v -5.426489 7.583199 -254.859467
v -5.426489 7.476473 -254.752747
v -5.426489 7.476473 -253.425629
v -5.231514 7.583199 -254.859467
v -5.231514 7.583199 -253.318909
v -5.231514 7.476473 -253.425629
v -5.231514 7.476473 -254.752747
v -5.231514 7.427138 -254.703781
v -5.231514 4.969229 -254.703781
v -5.231514 4.969229 -254.752747
v -5.231514 7.476473 -254.752747
v -5.231514 4.969229 -254.703781
v -5.369883 4.969229 -254.703781
v -5.385956 4.969229 -254.752747
v -5.231514 4.969229 -254.752747
v -5.385956 4.969229 -254.703781
v -5.385956 7.427138 -254.703781
v -5.385956 7.476473 -254.752747
v -5.385956 4.969229 -254.752747
v -5.385956 7.427138 -254.703781
v -5.385956 7.427138 -253.474594
v -5.385956 7.476473 -253.425629
v -5.385956 7.476473 -254.752747
v -5.385956 7.427138 -253.474594
v -5.385956 4.969229 -253.474594
v -5.385956 4.969229 -253.425629
v -5.385956 7.476473 -253.425629
v -5.369883 4.969229 -253.474594
v -5.231514 4.969229 -253.474594
v -5.231514 4.969229 -253.425629
v -5.385956 4.969229 -253.425629
v -5.231514 4.969229 -253.474594
v -5.231514 7.427138 -253.474594
v -5.231514 7.476473 -253.425629
v -5.231514 4.969229 -253.425629
v -5.231514 7.427138 -253.474594
v -5.231514 7.427138 -254.703781
v -5.231514 7.476473 -254.752747
v -5.231514 7.476473 -253.425629
v -5.385956 4.969229 -254.703781
v -5.369883 4.969229 -254.703781
v -5.369883 7.427138 -254.703781
v -5.385956 7.427138 -254.703781
v -5.385956 4.969229 -254.703781
v -5.369883 7.427138 -254.703781
v -5.369883 7.427138 -253.474594
v -5.385956 7.427138 -253.474594
v -5.385956 7.427138 -254.703781
v -5.369883 7.427138 -253.474594
v -5.369883 4.969229 -253.474594
v -5.385956 4.969229 -253.474594
v -5.385956 7.427138 -253.474594
v -5.385956 4.969229 -253.474594
v -5.369883 6.078396 -254.521027
v -5.369883 6.101053 -254.525024
v -5.376224 6.101053 -254.525024
v -5.376224 6.078396 -254.521027
v -5.369883 6.120978 -254.536530
v -5.376224 6.120978 -254.536530
v -5.369883 6.135767 -254.554153
v -5.376224 6.135767 -254.554153
v -5.369883 6.143635 -254.575775
v -5.376224 6.143635 -254.575775
v -5.369883 6.143635 -254.598785
v -5.376224 6.143635 -254.598785
v -5.369883 6.135767 -254.620392
v -5.376224 6.135767 -254.620392
v -5.369883 6.120978 -254.638031
v -5.376224 6.120978 -254.638031
v -5.369883 6.101053 -254.649521
v -5.376224 6.101053 -254.649521
v -5.369883 6.078396 -254.653519
v -5.376224 6.078396 -254.653519
v -5.369883 6.055739 -254.649521
v -5.376224 6.055739 -254.649521
v -5.369883 6.035814 -254.638031
v -5.376224 6.035814 -254.638031
v -5.369883 6.035814 -254.638031
v -5.369883 6.021026 -254.620392
v -5.376224 6.021026 -254.620392
v -5.376224 6.035814 -254.638031
v -5.369883 6.013157 -254.598785
v -5.376224 6.013157 -254.598785
v -5.369883 6.013157 -254.575775
v -5.376224 6.013157 -254.575775
v -5.369883 6.021026 -254.554153
v -5.376224 6.021026 -254.554153
v -5.369883 6.035814 -254.536530
v -5.376224 6.035814 -254.536530
v -5.369883 6.055739 -254.525024
v -5.376224 6.055739 -254.525024
v -5.376224 6.101053 -254.525024
v -5.381742 6.098087 -254.533173
v -5.381742 6.078396 -254.529709
v -5.376224 6.078396 -254.521027
v -5.376224 6.120978 -254.536530
v -5.381742 6.115402 -254.543167
v -5.376224 6.135767 -254.554153
v -5.381742 6.128254 -254.558487
v -5.376224 6.143635 -254.575775
v -5.381742 6.135093 -254.577286
v -5.376224 6.143635 -254.598785
v -5.381742 6.135093 -254.597275
v -5.376224 6.135767 -254.620392
v -5.381742 6.128254 -254.616058
v -5.376224 6.120978 -254.638031
v -5.381742 6.115402 -254.631378
v -5.376224 6.101053 -254.649521
v -5.381742 6.098087 -254.641373
v -5.376224 6.078396 -254.653519
v -5.381742 6.078396 -254.644852
v -5.376224 6.055739 -254.649521
v -5.381742 6.058706 -254.641373
v -5.376224 6.035814 -254.638031
v -5.381742 6.041390 -254.631378
v -5.376224 6.021026 -254.620392
v -5.381742 6.028538 -254.616058
v -5.376224 6.013157 -254.598785
v -5.381742 6.021700 -254.597275
v -5.376224 6.013157 -254.575775
v -5.381742 6.021700 -254.577286
v -5.376224 6.021026 -254.554153
v -5.381742 6.028538 -254.558487
v -5.376224 6.035814 -254.536530
v -5.381742 6.041390 -254.543167
v -5.376224 6.055739 -254.525024
v -5.381742 6.058706 -254.533173
v -5.384838 6.090292 -254.554596
v -5.384838 6.078396 -254.552490
v -5.384838 6.100753 -254.560638
v -5.384838 6.108518 -254.569885
v -5.384838 6.112649 -254.581238
v -5.384838 6.112649 -254.593323
v -5.384838 6.108518 -254.604660
v -5.384838 6.100753 -254.613922
v -5.384838 6.090292 -254.619965
v -5.384838 6.078396 -254.622055
v -5.384838 6.066500 -254.619965
v -5.384838 6.056039 -254.613922
v -5.384838 6.048274 -254.604660
v -5.384838 6.044143 -254.593323
v -5.384838 6.044143 -254.581238
v -5.384838 6.048274 -254.569885
v -5.384838 6.056039 -254.560638
v -5.384838 6.066500 -254.554596
v -5.384838 6.078396 -254.552490
v -5.384838 6.090292 -254.554596
v -5.389853 6.090292 -254.554596
v -5.389853 6.078396 -254.552490
v -5.384838 6.100753 -254.560638
v -5.389853 6.100753 -254.560638
v -5.384838 6.108518 -254.569885
v -5.389853 6.108518 -254.569885
v -5.384838 6.112649 -254.581238
v -5.389853 6.112649 -254.581238
v -5.384838 6.112649 -254.593323
v -5.389853 6.112649 -254.593323
v -5.384838 6.108518 -254.604660
v -5.389853 6.108518 -254.604660
v -5.384838 6.100753 -254.613922
v -5.389853 6.100753 -254.613922
v -5.384838 6.090292 -254.619965
v -5.389853 6.090292 -254.619965
v -5.384838 6.078396 -254.622055
v -5.389853 6.078396 -254.622055
v -5.384838 6.066500 -254.619965
v -5.389853 6.066500 -254.619965
v -5.384838 6.056039 -254.613922
v -5.389853 6.056039 -254.613922
v -5.384838 6.048274 -254.604660
v -5.389853 6.048274 -254.604660
v -5.384838 6.044143 -254.593323
v -5.389853 6.044143 -254.593323
v -5.384838 6.044143 -254.581238
v -5.389853 6.044143 -254.581238
v -5.384838 6.048274 -254.569885
v -5.389853 6.048274 -254.569885
v -5.384838 6.056039 -254.560638
v -5.389853 6.056039 -254.560638
v -5.384838 6.066500 -254.554596
v -5.389853 6.066500 -254.554596
v -5.384838 6.066500 -254.554596
v -5.389853 6.066500 -254.554596
v -5.389853 6.078396 -254.552490
v -5.389853 6.090292 -254.554596
v -5.389853 6.088963 -254.558243
v -5.389853 6.078396 -254.556381
v -5.389853 6.100753 -254.560638
v -5.389853 6.098255 -254.563614
v -5.389853 6.108518 -254.569885
v -5.389853 6.105153 -254.571823
v -5.389853 6.112649 -254.581238
v -5.389853 6.108822 -254.581909
v -5.389853 6.112649 -254.593323
v -5.389853 6.108822 -254.592636
v -5.389853 6.108518 -254.604660
v -5.389853 6.105153 -254.602722
v -5.389853 6.100753 -254.613922
v -5.389853 6.098255 -254.610947
v -5.389853 6.090292 -254.619965
v -5.389853 6.088963 -254.616302
v -5.389853 6.078396 -254.622055
v -5.389853 6.078396 -254.618179
v -5.389853 6.078396 -254.622055
v -5.389853 6.066500 -254.619965
v -5.389853 6.067829 -254.616302
v -5.389853 6.078396 -254.618179
v -5.389853 6.056039 -254.613922
v -5.389853 6.058537 -254.610947
v -5.389853 6.048274 -254.604660
v -5.389853 6.051640 -254.602722
v -5.389853 6.044143 -254.593323
v -5.389853 6.047970 -254.592636
v -5.389853 6.044143 -254.581238
v -5.389853 6.047970 -254.581909
v -5.389853 6.048274 -254.569885
v -5.389853 6.051640 -254.571823
v -5.389853 6.056039 -254.560638
v -5.389853 6.058537 -254.563614
v -5.389853 6.066500 -254.554596
v -5.389853 6.067829 -254.558243
v -5.389853 6.078396 -254.556381
v -5.389853 6.088963 -254.558243
v -5.387632 6.088519 -254.559464
v -5.387632 6.078396 -254.557678
v -5.389853 6.098255 -254.563614
v -5.387632 6.097421 -254.564606
v -5.389853 6.105153 -254.571823
v -5.387632 6.104028 -254.572479
v -5.389853 6.108822 -254.581909
v -5.387632 6.107544 -254.582138
v -5.389853 6.108822 -254.592636
v -5.387632 6.107544 -254.592422
v -5.389853 6.105153 -254.602722
v -5.387632 6.104028 -254.602081
v -5.389853 6.098255 -254.610947
v -5.387632 6.097421 -254.609955
v -5.389853 6.088963 -254.616302
v -5.387632 6.088519 -254.615082
v -5.389853 6.078396 -254.618179
v -5.387632 6.078396 -254.616867
v -5.389853 6.067829 -254.616302
v -5.387632 6.068274 -254.615082
v -5.389853 6.058537 -254.610947
v -5.387632 6.059371 -254.609955
v -5.389853 6.051640 -254.602722
v -5.387632 6.052764 -254.602081
v -5.389853 6.051640 -254.602722
v -5.389853 6.047970 -254.592636
v -5.387632 6.049248 -254.592422
v -5.387632 6.052764 -254.602081
v -5.389853 6.047970 -254.581909
v -5.387632 6.049248 -254.582138
v -5.389853 6.051640 -254.571823
v -5.387632 6.052764 -254.572479
v -5.389853 6.058537 -254.563614
v -5.387632 6.059371 -254.564606
v -5.389853 6.067829 -254.558243
v -5.387632 6.068274 -254.559464
v -5.387632 6.078396 -254.616867
v -5.387632 6.068274 -254.615082
v -5.396579 6.066697 -254.619415
v -5.396579 6.078396 -254.621490
v -5.387632 6.059371 -254.609955
v -5.396579 6.056409 -254.613480
v -5.387632 6.052764 -254.602081
v -5.396579 6.048773 -254.604385
v -5.387632 6.049248 -254.592422
v -5.396579 6.044710 -254.593216
v -5.387632 6.049248 -254.592422
v -5.387632 6.049248 -254.582138
v -5.396579 6.044710 -254.581329
v -5.396579 6.044710 -254.593216
v -5.387632 6.052764 -254.572479
v -5.396579 6.048773 -254.570175
v -5.387632 6.059371 -254.564606
v -5.396579 6.056409 -254.561066
v -5.387632 6.068274 -254.559464
v -5.396579 6.066697 -254.555130
v -5.387632 6.078396 -254.557678
v -5.396579 6.078396 -254.553070
v -5.387632 6.088519 -254.559464
v -5.396579 6.090096 -254.555130
v -5.387632 6.097421 -254.564606
v -5.396579 6.100384 -254.561066
v -5.387632 6.104028 -254.572479
v -5.396579 6.108020 -254.570175
v -5.387632 6.107544 -254.582138
v -5.396579 6.112083 -254.581329
v -5.387632 6.107544 -254.592422
v -5.396579 6.112083 -254.593216
v -5.387632 6.104028 -254.602081
v -5.396579 6.108020 -254.604385
v -5.387632 6.097421 -254.609955
v -5.396579 6.100384 -254.613480
v -5.387632 6.088519 -254.615082
v -5.396579 6.090096 -254.619415
v -5.403199 6.066880 -254.618912
v -5.403199 6.078396 -254.620941
v -5.403199 6.056753 -254.613068
v -5.403199 6.049236 -254.604111
v -5.403199 6.045237 -254.593124
v -5.403199 6.045237 -254.581436
v -5.403199 6.045237 -254.593124
v -5.403199 6.049236 -254.570435
v -5.403199 6.056753 -254.561478
v -5.403199 6.066880 -254.555634
v -5.403199 6.078396 -254.553604
v -5.403199 6.089912 -254.555634
v -5.403199 6.100039 -254.561478
v -5.403199 6.107556 -254.570435
v -5.403199 6.111555 -254.581436
v -5.403199 6.111555 -254.593124
v -5.403199 6.107556 -254.604111
v -5.403199 6.100039 -254.613068
v -5.403199 6.089912 -254.618912
v -5.423704 6.068845 -254.613419
v -5.423704 6.078396 -254.615112
v -5.423704 6.060446 -254.608582
v -5.423704 6.054212 -254.601151
v -5.423704 6.050895 -254.592026
v -5.423704 6.050895 -254.582336
v -5.423704 6.050895 -254.592026
v -5.423704 6.105898 -254.592026
v -5.423704 6.105898 -254.582336
v -5.423704 6.102581 -254.601151
v -5.423704 6.096346 -254.608582
v -5.423704 6.087947 -254.613419
v -5.432562 6.053339 -254.582718
v -5.433668 6.058528 -254.387192
v -5.433668 6.098264 -254.387192
v -5.432562 6.103454 -254.582718
v -5.432562 6.053339 -254.582718
v -5.423704 6.050895 -254.582336
v -5.420377 6.056201 -254.394196
v -5.433668 6.058528 -254.387192
v -5.432562 6.069694 -254.611053
v -5.432562 6.078396 -254.612579
v -5.423704 6.078396 -254.615112
v -5.423704 6.068845 -254.613419
v -5.432562 6.062041 -254.606628
v -5.423704 6.060446 -254.608582
v -5.432562 6.056361 -254.599869
v -5.423704 6.054212 -254.601151
v -5.432562 6.053339 -254.591553
v -5.423704 6.050895 -254.592026
v -5.432562 6.103454 -254.591553
v -5.432562 6.103454 -254.582718
v -5.423704 6.105898 -254.582336
v -5.423704 6.105898 -254.592026
v -5.432562 6.100431 -254.599869
v -5.423704 6.102581 -254.601151
v -5.432562 6.094751 -254.606628
v -5.423704 6.096346 -254.608582
v -5.432562 6.087099 -254.611053
v -5.423704 6.087947 -254.613419
v -5.433668 6.098264 -254.387192
v -5.420377 6.100591 -254.394196
v -5.389011 6.093082 -254.355972
v -5.389011 6.063710 -254.355972
v -5.389011 6.061997 -254.363647
v -5.389011 6.094795 -254.363647
v -5.414757 6.099535 -254.377060
v -5.427374 6.097519 -254.371857
v -5.418550 6.096814 -254.363022
v -5.412141 6.099160 -254.373535
v -5.427374 6.059273 -254.371857
v -5.418550 6.059978 -254.363022
v -5.418550 6.096814 -254.363022
v -5.427374 6.097519 -254.371857
v -5.414757 6.057258 -254.377060
v -5.412141 6.057632 -254.373535
v -5.418550 6.059978 -254.363022
v -5.427374 6.059273 -254.371857
v -5.414757 6.099535 -254.377060
v -5.412141 6.099160 -254.373535
v -5.412141 6.057632 -254.373535
v -5.414757 6.057258 -254.377060
v -5.389011 6.093082 -254.355972
v -5.389011 6.094795 -254.363647
v -5.398080 6.096631 -254.365021
v -5.403303 6.095069 -254.356400
v -5.389011 6.063710 -254.355972
v -5.389011 6.093082 -254.355972
v -5.403303 6.095069 -254.356400
v -5.403303 6.061723 -254.356400
v -5.398080 6.060162 -254.365021
v -5.389011 6.061997 -254.363647
v -5.389011 6.063710 -254.355972
v -5.403303 6.061723 -254.356400
v -5.389011 6.094795 -254.363647
v -5.389011 6.061997 -254.363647
v -5.398080 6.060162 -254.365021
v -5.398080 6.096631 -254.365021
v -5.418886 6.056603 -254.385010
v -5.432120 6.058834 -254.378860
v -5.432120 6.058834 -254.378860
v -5.432120 6.097959 -254.378860
v -5.432120 6.097959 -254.378860
v -5.418886 6.100189 -254.385010
v -5.411565 6.096124 -254.358200
v -5.405953 6.098145 -254.367813
v -5.411565 6.060668 -254.358200
v -5.411565 6.096124 -254.358200
v -5.405953 6.058647 -254.367813
v -5.411565 6.060668 -254.358200
v -5.405953 6.098145 -254.367813
v -5.405953 6.058647 -254.367813
v -5.427446 6.055625 -254.568985
v -5.427446 6.061495 -254.561981
v -5.427446 6.069403 -254.557419
v -5.427446 6.078396 -254.555832
v -5.427446 6.087389 -254.557419
v -5.427446 6.095297 -254.561981
v -5.427446 6.101167 -254.568985
v -5.420377 6.100591 -254.394196
v -5.420377 6.056201 -254.394196
v -5.423704 6.050895 -254.582336
v -5.423704 6.105898 -254.582336
v -5.418886 6.100189 -254.385010
v -5.418886 6.056603 -254.385010
v -5.418886 6.056603 -254.385010
v -5.418886 6.100189 -254.385010
v -5.432562 6.103454 -254.591553
v -5.432562 6.053339 -254.591553
v -5.432562 6.100431 -254.599869
v -5.432562 6.056361 -254.599869
v -5.432562 6.094751 -254.606628
v -5.432562 6.062041 -254.606628
v -5.432562 6.087099 -254.611053
v -5.432562 6.069694 -254.611053
v -5.432562 6.078396 -254.612579
v -5.432928 6.078396 -254.567932
v -5.432928 6.085012 -254.569092
v -5.439175 6.083411 -254.573502
v -5.439175 6.078396 -254.572617
v -5.432928 6.090831 -254.572464
v -5.439175 6.087821 -254.576050
v -5.432928 6.095150 -254.577606
v -5.439175 6.091095 -254.579941
v -5.432928 6.097447 -254.583923
v -5.439175 6.092837 -254.584732
v -5.432928 6.097447 -254.590637
v -5.439175 6.092837 -254.589828
v -5.432928 6.095150 -254.596954
v -5.439175 6.091095 -254.594604
v -5.432928 6.090831 -254.602097
v -5.439175 6.087821 -254.598511
v -5.432928 6.085012 -254.605453
v -5.439175 6.083411 -254.601059
v -5.432928 6.078396 -254.606628
v -5.439175 6.078396 -254.601944
v -5.432928 6.071780 -254.605453
v -5.439175 6.073381 -254.601059
v -5.432928 6.065961 -254.602097
v -5.439175 6.068971 -254.598511
v -5.432928 6.061643 -254.596954
v -5.439175 6.065697 -254.594604
v -5.432928 6.059345 -254.590637
v -5.439175 6.063955 -254.589828
v -5.432928 6.059345 -254.583923
v -5.439175 6.063955 -254.584732
v -5.432928 6.061643 -254.577606
v -5.439175 6.065697 -254.579941
v -5.432928 6.065961 -254.572464
v -5.439175 6.068971 -254.576050
v -5.432928 6.071780 -254.569092
v -5.439175 6.073381 -254.573502
v -5.439175 6.078396 -254.572617
v -5.439175 6.083411 -254.573502
v -5.439175 6.078396 -254.587280
v -5.439175 6.087821 -254.576050
v -5.439175 6.091095 -254.579941
v -5.439175 6.092837 -254.584732
v -5.439175 6.092837 -254.589828
v -5.439175 6.091095 -254.594604
v -5.439175 6.087821 -254.598511
v -5.439175 6.083411 -254.601059
v -5.439175 6.078396 -254.601944
v -5.439175 6.073381 -254.601059
v -5.439175 6.068971 -254.598511
v -5.439175 6.065697 -254.594604
v -5.439175 6.063955 -254.589828
v -5.439175 6.063955 -254.584732
v -5.439175 6.065697 -254.579941
v -5.439175 6.068971 -254.576050
v -5.439175 6.073381 -254.573502
v -5.369883 7.427138 -254.703781
v -5.369883 4.969229 -254.703781
v -5.231514 4.969229 -254.703781
v -5.231514 7.427138 -254.703781
v -5.231514 7.427138 -253.474594
v -5.369883 7.427138 -253.474594
v -5.369883 7.427138 -254.703781
v -5.231514 7.427138 -254.703781
v -5.231514 4.969229 -253.474594
v -5.369883 4.969229 -253.474594
v -5.369883 7.427138 -253.474594
v -5.231514 7.427138 -253.474594
v -5.369883 4.969229 -253.474594
v -5.369883 4.969229 -254.703781
v -5.231514 4.969229 -254.703781
v -5.231514 4.969229 -253.474594
v -5.231514 4.969229 -254.703781
v -5.231514 7.427138 -254.703781
v -5.231514 7.427138 -253.474594
v -5.231514 4.969229 -253.474594
v -5.369883 7.427138 -254.703781
v -5.369883 4.969229 -254.703781
v -5.369883 4.969229 -253.474594
v -5.369883 7.427138 -253.474594
v -5.366877 7.267112 -253.899506
v -5.366877 7.267112 -253.583939
v -5.379541 7.267112 -253.583939
v -5.379541 7.267112 -253.899506
v -5.379541 7.366760 -253.583939
v -5.366877 7.366760 -253.583939
v -5.366877 7.366760 -253.899506
v -5.379541 7.366760 -253.899506
v -5.379541 7.343304 -253.925049
v -5.366877 7.343304 -253.925049
v -5.366877 7.290569 -253.925049
v -5.379541 7.290569 -253.925049
v -5.366877 7.343304 -253.558395
v -5.379541 7.343304 -253.558395
v -5.379541 7.290569 -253.558395
v -5.366877 7.290569 -253.558395
v -5.379541 7.364157 -253.906265
v -5.366877 7.364157 -253.906265
v -5.366877 7.349790 -253.922165
v -5.379541 7.349790 -253.922165
v -5.366877 7.269715 -253.906265
v -5.379541 7.269715 -253.906265
v -5.379541 7.284082 -253.922165
v -5.366877 7.284082 -253.922165
v -5.366877 7.364157 -253.577179
v -5.379541 7.364157 -253.577179
v -5.379541 7.349790 -253.561264
v -5.366877 7.349790 -253.561264
v -5.379541 7.269715 -253.577179
v -5.366877 7.269715 -253.577179
v -5.366877 7.284082 -253.561264
v -5.379541 7.284082 -253.561264
v -5.379541 7.349790 -253.561264
v -5.379541 7.364157 -253.577179
v -5.379541 7.364157 -253.906265
v -5.379541 7.349790 -253.922165
v -5.366877 7.284082 -253.922165
v -5.379541 7.284082 -253.922165
v -5.379541 7.284082 -253.561264
v -5.366877 7.284082 -253.561264
v -5.379541 7.267112 -253.899506
v -5.379541 7.267112 -253.583939
v -5.379541 7.269715 -253.577179
v -5.379541 7.269715 -253.906265
v -5.379541 7.290569 -253.925049
v -5.379541 7.290569 -253.558395
v -5.379541 7.343304 -253.558395
v -5.379541 7.343304 -253.925049
v -5.379541 7.284082 -253.922165
v -5.379541 7.284082 -253.561264
v -5.379541 7.366760 -253.583939
v -5.379541 7.366760 -253.899506
v -5.419242 7.274961 -253.893768
v -5.378416 7.274961 -253.893768
v -5.378416 7.274961 -253.589661
v -5.419242 7.274961 -253.589661
v -5.419242 7.361355 -253.893768
v -5.419242 7.361355 -253.589661
v -5.378416 7.361355 -253.589661
v -5.378416 7.361355 -253.893768
v -5.435821 7.345156 -253.893768
v -5.378416 7.345156 -253.893768
v -5.378416 7.291159 -253.893768
v -5.435821 7.291159 -253.893768
v -5.435821 7.345156 -253.589661
v -5.435821 7.345156 -253.893768
v -5.435821 7.291159 -253.893768
v -5.435821 7.291159 -253.589661
v -5.419242 7.361355 -253.893768
v -5.378416 7.361355 -253.893768
v -5.378416 7.274961 -253.893768
v -5.419242 7.274961 -253.893768
v -5.378416 7.361355 -253.589661
v -5.419242 7.361355 -253.589661
v -5.435821 7.345156 -253.589661
v -5.378416 7.345156 -253.589661
v -5.419242 7.274961 -253.589661
v -5.378416 7.274961 -253.589661
v -5.378416 7.291159 -253.589661
v -5.435821 7.291159 -253.589661
v -5.419242 7.361355 -253.589661
v -5.419242 7.361355 -253.893768
v -5.435821 7.345156 -253.893768
v -5.435821 7.345156 -253.589661
v -5.419242 7.274961 -253.893768
v -5.419242 7.274961 -253.589661
v -5.435821 7.291159 -253.589661
v -5.435821 7.291159 -253.893768
v -5.393431 7.339610 -253.593338
v -5.387525 7.334654 -253.593338
v -5.387525 7.334654 -253.589661
v -5.393431 7.339610 -253.589661
v -5.400676 7.342247 -253.589661
v -5.400676 7.342247 -253.593338
v -5.408386 7.342247 -253.589661
v -5.408386 7.342247 -253.593338
v -5.415631 7.339610 -253.589661
v -5.415631 7.339610 -253.593338
v -5.421537 7.334654 -253.589661
v -5.421537 7.334654 -253.593338
v -5.425392 7.327976 -253.589661
v -5.425392 7.327976 -253.593338
v -5.426731 7.320384 -253.589661
v -5.426731 7.320384 -253.593338
v -5.425392 7.312791 -253.589661
v -5.425392 7.312791 -253.593338
v -5.421537 7.306114 -253.589661
v -5.421537 7.306114 -253.593338
v -5.415631 7.301158 -253.589661
v -5.415631 7.301158 -253.593338
v -5.408386 7.298521 -253.589661
v -5.408386 7.298521 -253.593338
v -5.400676 7.298521 -253.589661
v -5.400676 7.298521 -253.593338
v -5.393431 7.301158 -253.589661
v -5.393431 7.301158 -253.593338
v -5.393431 7.301158 -253.593338
v -5.393431 7.301158 -253.589661
v -5.387525 7.306114 -253.589661
v -5.387525 7.306114 -253.593338
v -5.383669 7.312791 -253.589661
v -5.383669 7.312791 -253.593338
v -5.382330 7.320384 -253.589661
v -5.382330 7.320384 -253.593338
v -5.383669 7.327977 -253.589661
v -5.383669 7.327977 -253.593338
v -5.382330 7.320384 -253.589661
v -5.393431 7.339610 -253.589661
v -5.387525 7.334654 -253.589661
v -5.383669 7.327977 -253.589661
v -5.383669 7.312791 -253.589661
v -5.387525 7.306114 -253.589661
v -5.393431 7.301158 -253.589661
v -5.400676 7.298521 -253.589661
v -5.408386 7.298521 -253.589661
v -5.415631 7.301158 -253.589661
v -5.421537 7.306114 -253.589661
v -5.425392 7.312791 -253.589661
v -5.415631 7.339610 -253.589661
v -5.408386 7.342247 -253.589661
v -5.400676 7.342247 -253.589661
v -5.421537 7.334654 -253.589661
v -5.425392 7.327976 -253.589661
v -5.426731 7.320384 -253.589661
v -5.393431 7.339610 -253.593338
v -5.400676 7.342247 -253.593338
v -5.404531 7.320384 -253.594574
v -5.408386 7.342247 -253.593338
v -5.415631 7.339610 -253.593338
v -5.421537 7.334654 -253.593338
v -5.425392 7.327976 -253.593338
v -5.426731 7.320384 -253.593338
v -5.425392 7.312791 -253.593338
v -5.421537 7.306114 -253.593338
v -5.415631 7.301158 -253.593338
v -5.408386 7.298521 -253.593338
v -5.400676 7.298521 -253.593338
v -5.393431 7.301158 -253.593338
v -5.387525 7.306114 -253.593338
v -5.383669 7.312791 -253.593338
v -5.382330 7.320384 -253.593338
v -5.383669 7.327977 -253.593338
v -5.387525 7.334654 -253.593338
v -5.394526 7.383305 -253.721756
v -5.395089 7.383305 -253.718552
v -5.393814 7.379028 -253.718094
v -5.393168 7.379028 -253.721756
v -5.396712 7.383305 -253.715744
v -5.395672 7.379028 -253.714874
v -5.399199 7.383305 -253.713654
v -5.398520 7.379028 -253.712479
v -5.402248 7.383305 -253.712540
v -5.402012 7.379028 -253.711212
v -5.405494 7.383305 -253.712540
v -5.405730 7.379028 -253.711212
v -5.408544 7.383305 -253.713654
v -5.409222 7.379028 -253.712479
v -5.411030 7.383305 -253.715744
v -5.412070 7.379028 -253.714874
v -5.412653 7.383305 -253.718552
v -5.413928 7.379028 -253.718094
v -5.413217 7.383305 -253.721756
v -5.414574 7.379028 -253.721756
v -5.412653 7.383305 -253.724945
v -5.413928 7.379028 -253.725403
v -5.411030 7.383305 -253.727753
v -5.412070 7.379028 -253.728622
v -5.408544 7.383305 -253.729843
v -5.409222 7.379028 -253.731018
v -5.405494 7.383305 -253.730957
v -5.405730 7.379028 -253.732285
v -5.402248 7.383305 -253.730957
v -5.402012 7.379028 -253.732285
v -5.402248 7.383305 -253.730957
v -5.399199 7.383305 -253.729843
v -5.398520 7.379028 -253.731018
v -5.402012 7.379028 -253.732285
v -5.396712 7.383305 -253.727753
v -5.395672 7.379028 -253.728622
v -5.395089 7.383305 -253.724945
v -5.393814 7.379028 -253.725403
v -5.385386 7.408208 -253.794785
v -5.385386 7.408207 -254.046753
v -5.385386 7.414011 -254.046753
v -5.385386 7.414011 -253.794785
v -5.417809 7.414011 -254.046951
v -5.417809 7.408207 -254.046951
v -5.417809 7.408207 -253.794785
v -5.417809 7.414011 -253.794785
v -5.385386 7.414011 -254.046753
v -5.417809 7.414011 -254.046951
v -5.417809 7.414011 -253.794785
v -5.385386 7.414011 -253.794785
v -5.385386 7.408207 -254.046753
v -5.417809 7.408207 -254.046951
v -5.417809 7.414011 -254.046951
v -5.385386 7.414011 -254.046753
v -5.385386 7.408208 -253.794785
v -5.417809 7.408207 -253.794785
v -5.417809 7.408207 -254.046951
v -5.385386 7.408207 -254.046753
v -5.385386 7.379133 -253.750549
v -5.417809 7.378981 -253.750549
v -5.401255 7.378989 -253.702362
v -5.385386 7.373177 -253.706909
v -5.393150 7.373177 -253.703430
v -5.385386 7.373323 -253.750549
v -5.409361 7.378985 -253.703430
v -5.417809 7.378981 -253.706894
v -5.417809 7.373177 -253.706894
v -5.409361 7.373177 -253.703430
v -5.409361 7.378985 -253.703430
v -5.417809 7.378981 -253.706894
v -5.417809 7.373176 -253.750549
v -5.409361 7.373177 -253.703430
v -5.417809 7.373177 -253.706894
v -5.393150 7.378993 -253.703430
v -5.385386 7.378997 -253.706894
v -5.401256 7.373177 -253.702347
v -5.385386 7.373323 -253.750549
v -5.385386 7.379133 -253.750549
v -5.385386 7.378997 -253.706894
v -5.385386 7.373177 -253.706909
v -5.417809 7.378981 -253.706894
v -5.417809 7.378981 -253.750549
v -5.417809 7.373176 -253.750549
v -5.417809 7.373177 -253.706894
v -5.401256 7.373177 -253.702347
v -5.393150 7.373177 -253.703430
v -5.393150 7.378993 -253.703430
v -5.401255 7.378989 -253.702362
v -5.417809 7.378981 -253.750549
v -5.385386 7.379133 -253.750549
v -5.385386 7.414011 -253.794785
v -5.417809 7.414011 -253.794785
v -5.417809 7.408207 -253.794785
v -5.385386 7.408208 -253.794785
v -5.385386 7.373323 -253.750549
v -5.417809 7.373176 -253.750549
v -5.385386 7.378997 -253.706894
v -5.385386 7.373177 -253.706909
v -5.418939 7.415057 -254.052155
v -5.417893 7.415057 -254.058090
v -5.417893 7.408112 -254.058090
v -5.418939 7.408112 -254.052155
v -5.414882 7.415057 -254.063309
v -5.414882 7.408112 -254.063309
v -5.410268 7.415057 -254.067184
v -5.410268 7.408112 -254.067184
v -5.404609 7.415057 -254.069244
v -5.404609 7.408112 -254.069244
v -5.398586 7.415057 -254.069244
v -5.398586 7.408112 -254.069244
v -5.392927 7.415057 -254.067184
v -5.392927 7.408112 -254.067184
v -5.388313 7.415057 -254.063309
v -5.388313 7.408112 -254.063309
v -5.388313 7.415057 -254.063309
v -5.385302 7.415057 -254.058090
v -5.385302 7.408112 -254.058090
v -5.388313 7.408112 -254.063309
v -5.384256 7.415057 -254.052155
v -5.384256 7.408112 -254.052155
v -5.385302 7.415057 -254.046234
v -5.385302 7.408112 -254.046234
v -5.388313 7.415057 -254.041016
v -5.388313 7.408112 -254.041016
v -5.392927 7.415057 -254.037140
v -5.392927 7.408112 -254.037140
v -5.398586 7.415057 -254.035080
v -5.398586 7.408112 -254.035080
v -5.404609 7.415057 -254.035080
v -5.404609 7.408112 -254.035080
v -5.410268 7.415057 -254.037140
v -5.410268 7.408112 -254.037140
v -5.414882 7.415057 -254.041016
v -5.414882 7.408112 -254.041016
v -5.417893 7.415057 -254.046234
v -5.417893 7.408112 -254.046234
v -5.418939 7.408112 -254.052155
v -5.417893 7.408112 -254.058090
v -5.401597 7.408112 -254.052155
v -5.414882 7.408112 -254.063309
v -5.410268 7.408112 -254.067184
v -5.404609 7.408112 -254.069244
v -5.398586 7.408112 -254.069244
v -5.392927 7.408112 -254.067184
v -5.388313 7.408112 -254.063309
v -5.385302 7.408112 -254.058090
v -5.384256 7.408112 -254.052155
v -5.385302 7.408112 -254.046234
v -5.388313 7.408112 -254.041016
v -5.392927 7.408112 -254.037140
v -5.398586 7.408112 -254.035080
v -5.404609 7.408112 -254.035080
v -5.410268 7.408112 -254.037140
v -5.414882 7.408112 -254.041016
v -5.417893 7.408112 -254.046234
v -5.417893 7.415057 -254.058090
v -5.418939 7.415057 -254.052155
v -5.410648 7.415057 -254.052155
v -5.410102 7.415057 -254.055252
v -5.414882 7.415057 -254.063309
v -5.408531 7.415057 -254.057983
v -5.410268 7.415057 -254.067184
v -5.406123 7.415057 -254.059998
v -5.404609 7.415057 -254.069244
v -5.403169 7.415057 -254.061081
v -5.398586 7.415057 -254.069244
v -5.400026 7.415057 -254.061081
v -5.392927 7.415057 -254.067184
v -5.397072 7.415057 -254.059998
v -5.388313 7.415057 -254.063309
v -5.394664 7.415057 -254.057983
v -5.385302 7.415057 -254.058090
v -5.393093 7.415057 -254.055252
v -5.384256 7.415057 -254.052155
v -5.392547 7.415057 -254.052155
v -5.385302 7.415057 -254.046234
v -5.393093 7.415057 -254.049072
v -5.388313 7.415057 -254.041016
v -5.394664 7.415057 -254.046341
v -5.392927 7.415057 -254.037140
v -5.397072 7.415057 -254.044327
v -5.398586 7.415057 -254.035080
v -5.400026 7.415057 -254.043243
v -5.404609 7.415057 -254.035080
v -5.403169 7.415057 -254.043243
v -5.410268 7.415057 -254.037140
v -5.406123 7.415057 -254.044327
v -5.414882 7.415057 -254.041016
v -5.408531 7.415057 -254.046341
v -5.417893 7.415057 -254.046234
v -5.410102 7.415057 -254.049072
v -5.410102 7.415057 -254.055252
v -5.410648 7.415057 -254.052155
v -5.410648 7.441688 -254.052155
v -5.410102 7.441688 -254.055252
v -5.408531 7.415057 -254.057983
v -5.408531 7.441688 -254.057983
v -5.406123 7.415057 -254.059998
v -5.406123 7.441688 -254.059998
v -5.403169 7.415057 -254.061081
v -5.403169 7.441688 -254.061081
v -5.400026 7.415057 -254.061081
v -5.400026 7.441688 -254.061081
v -5.397072 7.415057 -254.059998
v -5.397072 7.441688 -254.059998
v -5.394664 7.415057 -254.057983
v -5.394664 7.441688 -254.057983
v -5.393093 7.415057 -254.055252
v -5.394664 7.415057 -254.057983
v -5.394664 7.441688 -254.057983
v -5.393093 7.441688 -254.055252
v -5.392547 7.415057 -254.052155
v -5.392547 7.441688 -254.052155
v -5.393093 7.415057 -254.049072
v -5.393093 7.441688 -254.049072
v -5.394664 7.415057 -254.046341
v -5.394664 7.441688 -254.046341
v -5.397072 7.415057 -254.044327
v -5.397072 7.441688 -254.044327
v -5.400026 7.415057 -254.043243
v -5.400026 7.441688 -254.043243
v -5.403169 7.415057 -254.043243
v -5.403169 7.441688 -254.043243
v -5.406123 7.415057 -254.044327
v -5.406123 7.441688 -254.044327
v -5.408531 7.415057 -254.046341
v -5.408531 7.441688 -254.046341
v -5.410102 7.415057 -254.049072
v -5.410102 7.441688 -254.049072
v -5.409109 7.444243 -254.052155
v -5.408656 7.444243 -254.054733
v -5.407351 7.444243 -254.056992
v -5.405353 7.444243 -254.058670
v -5.402902 7.444243 -254.059555
v -5.400293 7.444243 -254.059555
v -5.397842 7.444243 -254.058670
v -5.395844 7.444243 -254.056992
v -5.395844 7.444243 -254.056992
v -5.394539 7.444243 -254.054733
v -5.394086 7.444243 -254.052155
v -5.394539 7.444243 -254.049591
v -5.395844 7.444243 -254.047333
v -5.397842 7.444243 -254.045654
v -5.400293 7.444243 -254.044769
v -5.402902 7.444243 -254.044769
v -5.405353 7.444243 -254.045654
v -5.407351 7.444243 -254.047333
v -5.408656 7.444243 -254.049591
v -5.405825 7.446432 -254.052155
v -5.405571 7.446432 -254.053604
v -5.404836 7.446432 -254.054886
v -5.403711 7.446432 -254.055817
v -5.402332 7.446432 -254.056320
v -5.400863 7.446432 -254.056320
v -5.399484 7.446432 -254.055817
v -5.398359 7.446432 -254.054886
v -5.398359 7.446432 -254.054886
v -5.397624 7.446432 -254.053604
v -5.397370 7.446432 -254.052155
v -5.397624 7.446432 -254.050720
v -5.398359 7.446432 -254.049438
v -5.399484 7.446432 -254.048492
v -5.400863 7.446432 -254.048004
v -5.402332 7.446432 -254.048004
v -5.403711 7.446432 -254.048492
v -5.404836 7.446432 -254.049438
v -5.405571 7.446432 -254.050720
v -5.401597 7.447404 -254.052155
v -5.397104 7.427606 -253.683716
v -5.397375 7.426069 -253.683716
v -5.397375 7.426069 -254.046280
v -5.397104 7.427606 -254.046280
v -5.398156 7.424717 -253.683716
v -5.398156 7.424717 -254.046280
v -5.399351 7.423715 -253.683716
v -5.399351 7.423715 -254.046280
v -5.400817 7.423180 -253.683716
v -5.400817 7.423180 -254.046280
v -5.400817 7.423180 -253.683716
v -5.402378 7.423180 -253.683716
v -5.402378 7.423180 -254.046280
v -5.400817 7.423180 -254.046280
v -5.403844 7.423715 -253.683716
v -5.403844 7.423715 -254.046280
v -5.405039 7.424717 -253.683716
v -5.405039 7.424717 -254.046280
v -5.405819 7.426069 -253.683716
v -5.405820 7.426069 -254.046280
v -5.406091 7.427606 -253.683716
v -5.406091 7.427606 -254.046280
v -5.405820 7.429142 -253.683716
v -5.405820 7.429142 -254.046280
v -5.405039 7.430493 -253.683716
v -5.405039 7.430493 -254.046280
v -5.403844 7.431497 -253.683716
v -5.403844 7.431497 -254.046280
v -5.402378 7.432031 -253.683716
v -5.402378 7.432031 -254.046280
v -5.400817 7.432031 -253.683716
v -5.400817 7.432031 -254.046280
v -5.399351 7.431497 -253.683716
v -5.399351 7.431497 -254.046280
v -5.398156 7.430493 -253.683716
v -5.398156 7.430493 -254.046280
v -5.397375 7.429142 -253.683716
v -5.397375 7.429142 -254.046280
v -5.398139 7.449549 -253.679398
v -5.398504 7.449549 -253.681473
v -5.398504 7.456494 -253.681473
v -5.398139 7.456494 -253.679398
v -5.399556 7.449549 -253.683289
v -5.399556 7.456494 -253.683289
v -5.401168 7.449549 -253.684647
v -5.401168 7.456494 -253.684647
v -5.403145 7.449549 -253.685364
v -5.403145 7.456494 -253.685364
v -5.405249 7.449549 -253.685364
v -5.405249 7.456494 -253.685364
v -5.407226 7.449549 -253.684647
v -5.407226 7.456494 -253.684647
v -5.408837 7.449549 -253.683289
v -5.408837 7.456494 -253.683289
v -5.409890 7.449549 -253.681473
v -5.409890 7.456494 -253.681473
v -5.410255 7.449549 -253.679398
v -5.410255 7.456494 -253.679398
v -5.409890 7.449549 -253.677322
v -5.409890 7.456494 -253.677322
v -5.408837 7.449549 -253.675507
v -5.408837 7.456494 -253.675507
v -5.407226 7.449549 -253.674149
v -5.407226 7.456494 -253.674149
v -5.405249 7.449549 -253.673431
v -5.405249 7.456494 -253.673431
v -5.403145 7.449549 -253.673431
v -5.403145 7.456494 -253.673431
v -5.401168 7.449549 -253.674149
v -5.401168 7.456494 -253.674149
v -5.399556 7.449549 -253.675507
v -5.399556 7.456494 -253.675507
v -5.399556 7.449549 -253.675507
v -5.398504 7.449549 -253.677322
v -5.398504 7.456494 -253.677322
v -5.399556 7.456494 -253.675507
v -5.398504 7.449549 -253.681473
v -5.398139 7.449549 -253.679398
v -5.397279 7.449549 -253.679398
v -5.397696 7.449549 -253.681763
v -5.399556 7.449549 -253.683289
v -5.398898 7.449549 -253.683838
v -5.401168 7.449549 -253.684647
v -5.400738 7.449549 -253.685394
v -5.403145 7.449549 -253.685364
v -5.402996 7.449549 -253.686203
v -5.405249 7.449549 -253.685364
v -5.405398 7.449549 -253.686203
v -5.407226 7.449549 -253.684647
v -5.407656 7.449549 -253.685394
v -5.408837 7.449549 -253.683289
v -5.409496 7.449549 -253.683838
v -5.409890 7.449549 -253.681473
v -5.408837 7.449549 -253.683289
v -5.409496 7.449549 -253.683838
v -5.410697 7.449549 -253.681763
v -5.410255 7.449549 -253.679398
v -5.411114 7.449549 -253.679398
v -5.409890 7.449549 -253.677322
v -5.410697 7.449549 -253.677032
v -5.408837 7.449549 -253.675507
v -5.409496 7.449549 -253.674957
v -5.407226 7.449549 -253.674149
v -5.407656 7.449549 -253.673401
v -5.405249 7.449549 -253.673431
v -5.405398 7.449549 -253.672577
v -5.403145 7.449549 -253.673431
v -5.402996 7.449549 -253.672577
v -5.401168 7.449549 -253.674149
v -5.400738 7.449549 -253.673401
v -5.399556 7.449549 -253.675507
v -5.398898 7.449549 -253.674957
v -5.398504 7.449549 -253.677322
v -5.399556 7.449549 -253.675507
v -5.398898 7.449549 -253.674957
v -5.397696 7.449549 -253.677032
v -5.397696 7.449549 -253.681763
v -5.397279 7.449549 -253.679398
v -5.397279 7.422919 -253.679398
v -5.397696 7.422919 -253.681763
v -5.398898 7.449549 -253.683838
v -5.398898 7.422919 -253.683838
v -5.400738 7.449549 -253.685394
v -5.400738 7.422919 -253.685394
v -5.402996 7.449549 -253.686203
v -5.402996 7.422919 -253.686203
v -5.405398 7.449549 -253.686203
v -5.405398 7.422919 -253.686203
v -5.407656 7.449549 -253.685394
v -5.407656 7.422919 -253.685394
v -5.409496 7.449549 -253.683838
v -5.409496 7.422919 -253.683838
v -5.410697 7.449549 -253.681763
v -5.410697 7.422919 -253.681763
v -5.411114 7.449549 -253.679398
v -5.411114 7.422919 -253.679398
v -5.410697 7.449549 -253.677032
v -5.410697 7.422919 -253.677032
v -5.409496 7.449549 -253.674957
v -5.409496 7.422919 -253.674957
v -5.407656 7.449549 -253.673401
v -5.407656 7.422919 -253.673401
v -5.405398 7.449549 -253.672577
v -5.405398 7.422919 -253.672577
v -5.402996 7.449549 -253.672577
v -5.402996 7.422919 -253.672577
v -5.400738 7.449549 -253.673401
v -5.400738 7.422919 -253.673401
v -5.398898 7.449549 -253.674957
v -5.398898 7.422919 -253.674957
v -5.397696 7.449549 -253.677032
v -5.398898 7.449549 -253.674957
v -5.398898 7.422919 -253.674957
v -5.397696 7.422919 -253.677032
v -5.398456 7.420363 -253.679398
v -5.398802 7.420363 -253.681366
v -5.399799 7.420363 -253.683090
v -5.401327 7.420363 -253.684372
v -5.403200 7.420363 -253.685043
v -5.405194 7.420363 -253.685043
v -5.407067 7.420363 -253.684372
v -5.408595 7.420363 -253.683090
v -5.409591 7.420363 -253.681366
v -5.409938 7.420363 -253.679398
v -5.409591 7.420363 -253.677429
v -5.408595 7.420363 -253.675705
v -5.407067 7.420363 -253.674423
v -5.405194 7.420363 -253.673737
v -5.403200 7.420363 -253.673737
v -5.401327 7.420363 -253.674423
v -5.399799 7.420363 -253.675705
v -5.399799 7.420363 -253.675705
v -5.398802 7.420363 -253.677429
v -5.400966 7.418175 -253.679398
v -5.401161 7.418175 -253.680496
v -5.401721 7.418175 -253.681473
v -5.402581 7.418175 -253.682190
v -5.403636 7.418175 -253.682571
v -5.404758 7.418175 -253.682571
v -5.405812 7.418175 -253.682190
v -5.406672 7.418175 -253.681473
v -5.407233 7.418175 -253.680496
v -5.407428 7.418175 -253.679398
v -5.407233 7.418175 -253.678284
v -5.406672 7.418175 -253.677322
v -5.405812 7.418175 -253.676605
v -5.404758 7.418175 -253.676208
v -5.403636 7.418175 -253.676208
v -5.402581 7.418175 -253.676605
v -5.401721 7.418175 -253.677322
v -5.401721 7.418175 -253.677322
v -5.401161 7.418175 -253.678284
v -5.404197 7.417202 -253.679398
v -5.398139 7.456494 -253.679398
v -5.398504 7.456494 -253.681473
v -5.397346 7.456494 -253.681885
v -5.396907 7.456494 -253.679398
v -5.399556 7.456494 -253.683289
v -5.398612 7.456494 -253.684082
v -5.401168 7.456494 -253.684647
v -5.400552 7.456494 -253.685715
v -5.403145 7.456494 -253.685364
v -5.402931 7.456494 -253.686569
v -5.405249 7.456494 -253.685364
v -5.405463 7.456494 -253.686569
v -5.407226 7.456494 -253.684647
v -5.407842 7.456494 -253.685715
v -5.408837 7.456494 -253.683289
v -5.409781 7.456494 -253.684082
v -5.409890 7.456494 -253.681473
v -5.411047 7.456494 -253.681885
v -5.410255 7.456494 -253.679398
v -5.411487 7.456494 -253.679398
v -5.409890 7.456494 -253.677322
v -5.411047 7.456494 -253.676910
v -5.408837 7.456494 -253.675507
v -5.409781 7.456494 -253.674713
v -5.407226 7.456494 -253.674149
v -5.407842 7.456494 -253.673080
v -5.405249 7.456494 -253.673431
v -5.405463 7.456494 -253.672211
v -5.403145 7.456494 -253.673431
v -5.402931 7.456494 -253.672211
v -5.401168 7.456494 -253.674149
v -5.400552 7.456494 -253.673080
v -5.399556 7.456494 -253.675507
v -5.398612 7.456494 -253.674713
v -5.398504 7.456494 -253.677322
v -5.397346 7.456494 -253.676910
v -5.396907 7.456494 -253.679398
v -5.397346 7.456494 -253.681885
v -5.397346 7.472893 -253.681885
v -5.396907 7.472893 -253.679398
v -5.398612 7.456494 -253.684082
v -5.398612 7.472893 -253.684082
v -5.400552 7.456494 -253.685715
v -5.400552 7.472893 -253.685715
v -5.402931 7.456494 -253.686569
v -5.402931 7.472893 -253.686569
v -5.405463 7.456494 -253.686569
v -5.405463 7.472893 -253.686569
v -5.407842 7.456494 -253.685715
v -5.407842 7.472893 -253.685715
v -5.409781 7.456494 -253.684082
v -5.409781 7.472893 -253.684082
v -5.411047 7.456494 -253.681885
v -5.411047 7.472893 -253.681885
v -5.411487 7.456494 -253.679398
v -5.411487 7.472893 -253.679398
v -5.411047 7.456494 -253.676910
v -5.411047 7.472893 -253.676910
v -5.409781 7.456494 -253.674713
v -5.409781 7.472893 -253.674713
v -5.407842 7.456494 -253.673080
v -5.407842 7.472893 -253.673080
v -5.405463 7.456494 -253.672211
v -5.405463 7.472893 -253.672211
v -5.402931 7.456494 -253.672211
v -5.402931 7.472893 -253.672211
v -5.400552 7.456494 -253.673080
v -5.400552 7.472893 -253.673080
v -5.398612 7.456494 -253.674713
v -5.398612 7.472893 -253.674713
v -5.398612 7.456494 -253.674713
v -5.397346 7.456494 -253.676910
v -5.397346 7.472893 -253.676910
v -5.398612 7.472893 -253.674713
v -5.396907 7.472893 -253.679398
v -5.397346 7.472893 -253.681885
v -5.393857 7.472893 -253.683167
v -5.393193 7.472893 -253.679398
v -5.398612 7.472893 -253.684082
v -5.395768 7.472893 -253.686462
v -5.400552 7.472893 -253.685715
v -5.398695 7.472893 -253.688919
v -5.402931 7.472893 -253.686569
v -5.402286 7.472893 -253.690231
v -5.405463 7.472893 -253.686569
v -5.406107 7.472893 -253.690231
v -5.407842 7.472893 -253.685715
v -5.409699 7.472893 -253.688919
v -5.409781 7.472893 -253.684082
v -5.412626 7.472893 -253.686462
v -5.411047 7.472893 -253.681885
v -5.414537 7.472893 -253.683167
v -5.411487 7.472893 -253.679398
v -5.415201 7.472893 -253.679398
v -5.411047 7.472893 -253.676910
v -5.414537 7.472893 -253.675629
v -5.409781 7.472893 -253.674713
v -5.412626 7.472893 -253.672318
v -5.407842 7.472893 -253.673080
v -5.409699 7.472893 -253.669861
v -5.405463 7.472893 -253.672211
v -5.406107 7.472893 -253.668564
v -5.402931 7.472893 -253.672211
v -5.402286 7.472893 -253.668564
v -5.400552 7.472893 -253.673080
v -5.398695 7.472893 -253.669861
v -5.398612 7.472893 -253.674713
v -5.395768 7.472893 -253.672318
v -5.398612 7.472893 -253.674713
v -5.397346 7.472893 -253.676910
v -5.393857 7.472893 -253.675629
v -5.395768 7.472893 -253.672318
v -5.393193 7.472893 -253.679398
v -5.393857 7.472893 -253.683167
v -5.393857 7.476936 -253.683167
v -5.393193 7.476936 -253.679398
v -5.395768 7.472893 -253.686462
v -5.395768 7.476936 -253.686462
v -5.398695 7.472893 -253.688919
v -5.398695 7.476936 -253.688919
v -5.402286 7.472893 -253.690231
v -5.402286 7.476936 -253.690231
v -5.406107 7.472893 -253.690231
v -5.406107 7.476936 -253.690231
v -5.409699 7.472893 -253.688919
v -5.409699 7.476936 -253.688919
v -5.412626 7.472893 -253.686462
v -5.412626 7.476936 -253.686462
v -5.414537 7.472893 -253.683167
v -5.414537 7.476936 -253.683167
v -5.415201 7.472893 -253.679398
v -5.415201 7.476936 -253.679398
v -5.414537 7.472893 -253.675629
v -5.414537 7.476936 -253.675629
v -5.412626 7.472893 -253.672318
v -5.412626 7.476936 -253.672318
v -5.409699 7.472893 -253.669861
v -5.409699 7.476936 -253.669861
v -5.406107 7.472893 -253.668564
v -5.406107 7.476936 -253.668564
v -5.402286 7.472893 -253.668564
v -5.402286 7.476936 -253.668564
v -5.398695 7.472893 -253.669861
v -5.398695 7.476936 -253.669861
v -5.395768 7.472893 -253.672318
v -5.395768 7.476936 -253.672318
v -5.395768 7.472893 -253.672318
v -5.393857 7.472893 -253.675629
v -5.393857 7.476936 -253.675629
v -5.395768 7.476936 -253.672318
v -5.395089 7.383305 -253.718552
v -5.394526 7.383305 -253.721756
v -5.403871 7.383304 -253.721756
v -5.396712 7.383305 -253.715744
v -5.399199 7.383305 -253.713654
v -5.402248 7.383305 -253.712540
v -5.405494 7.383305 -253.712540
v -5.408544 7.383305 -253.713654
v -5.411030 7.383305 -253.715744
v -5.412653 7.383305 -253.718552
v -5.413217 7.383305 -253.721756
v -5.412653 7.383305 -253.724945
v -5.411030 7.383305 -253.727753
v -5.408544 7.383305 -253.729843
v -5.405494 7.383305 -253.730957
v -5.402248 7.383305 -253.730957
v -5.399199 7.383305 -253.729843
v -5.396712 7.383305 -253.727753
v -5.395089 7.383305 -253.724945
v -5.391060 7.366105 -253.721756
v -5.391832 7.366105 -253.717361
v -5.390084 7.361328 -253.716736
v -5.389199 7.361328 -253.721756
v -5.394057 7.366105 -253.713516
v -5.392632 7.361328 -253.712326
v -5.397466 7.366105 -253.710648
v -5.396535 7.361328 -253.709045
v -5.401647 7.366105 -253.709137
v -5.401323 7.361328 -253.707306
v -5.406096 7.366105 -253.709137
v -5.406419 7.361328 -253.707306
v -5.410276 7.366105 -253.710648
v -5.411207 7.361328 -253.709045
v -5.413685 7.366105 -253.713516
v -5.415110 7.361328 -253.712326
v -5.415910 7.366105 -253.717361
v -5.417658 7.361328 -253.716736
v -5.416682 7.366105 -253.721756
v -5.418543 7.361328 -253.721756
v -5.415910 7.366105 -253.726135
v -5.417658 7.361328 -253.726761
v -5.413685 7.366105 -253.729980
v -5.415110 7.361328 -253.731186
v -5.410276 7.366105 -253.732849
v -5.411207 7.361328 -253.734451
v -5.406096 7.366105 -253.734360
v -5.406419 7.361328 -253.736191
v -5.401647 7.366105 -253.734360
v -5.401323 7.361328 -253.736191
v -5.401647 7.366105 -253.734360
v -5.397466 7.366105 -253.732849
v -5.396535 7.361328 -253.734451
v -5.401323 7.361328 -253.736191
v -5.394057 7.366105 -253.729980
v -5.392632 7.361328 -253.731186
v -5.391832 7.366105 -253.726135
v -5.390084 7.361328 -253.726761
v -5.391832 7.366105 -253.717361
v -5.391060 7.366105 -253.721756
v -5.394417 7.366105 -253.721756
v -5.394988 7.366105 -253.718521
v -5.394057 7.366105 -253.713516
v -5.396629 7.366105 -253.715668
v -5.397466 7.366105 -253.710648
v -5.399144 7.366105 -253.713562
v -5.401647 7.366105 -253.709137
v -5.402229 7.366105 -253.712433
v -5.406096 7.366105 -253.709137
v -5.405513 7.366105 -253.712433
v -5.410276 7.366105 -253.710648
v -5.408598 7.366105 -253.713562
v -5.413685 7.366105 -253.713516
v -5.411113 7.366105 -253.715668
v -5.415910 7.366105 -253.717361
v -5.412755 7.366105 -253.718521
v -5.416682 7.366105 -253.721756
v -5.413325 7.366105 -253.721756
v -5.415910 7.366105 -253.726135
v -5.412755 7.366105 -253.724976
v -5.413685 7.366105 -253.729980
v -5.411113 7.366105 -253.727829
v -5.410276 7.366105 -253.732849
v -5.408598 7.366105 -253.729935
v -5.406096 7.366105 -253.734360
v -5.405513 7.366105 -253.731064
v -5.401647 7.366105 -253.734360
v -5.402229 7.366105 -253.731064
v -5.397466 7.366105 -253.732849
v -5.401647 7.366105 -253.734360
v -5.402229 7.366105 -253.731064
v -5.399144 7.366105 -253.729935
v -5.394057 7.366105 -253.729980
v -5.396629 7.366105 -253.727829
v -5.391832 7.366105 -253.726135
v -5.394988 7.366105 -253.724976
v -5.394988 7.366105 -253.718521
v -5.394417 7.366105 -253.721756
v -5.394417 7.373374 -253.721756
v -5.394988 7.373374 -253.718521
v -5.394988 7.366105 -253.724976
v -5.394988 7.373374 -253.724976
v -5.396629 7.366105 -253.727829
v -5.396629 7.373374 -253.727829
v -5.399144 7.366105 -253.729935
v -5.399144 7.373374 -253.729935
v -5.402229 7.366105 -253.731064
v -5.402229 7.373374 -253.731064
v -5.402229 7.366105 -253.731064
v -5.405513 7.366105 -253.731064
v -5.405513 7.373374 -253.731064
v -5.402229 7.373374 -253.731064
v -5.408598 7.366105 -253.729935
v -5.408598 7.373374 -253.729935
v -5.411113 7.366105 -253.727829
v -5.411113 7.373374 -253.727829
v -5.412755 7.366105 -253.724976
v -5.412755 7.373374 -253.724976
v -5.413325 7.366105 -253.721756
v -5.413325 7.373374 -253.721756
v -5.412755 7.366105 -253.718521
v -5.412755 7.373374 -253.718521
v -5.411113 7.366105 -253.715668
v -5.411113 7.373374 -253.715668
v -5.408598 7.366105 -253.713562
v -5.408598 7.373374 -253.713562
v -5.405513 7.366105 -253.712433
v -5.405513 7.373374 -253.712433
v -5.402229 7.366105 -253.712433
v -5.402229 7.373374 -253.712433
v -5.399144 7.366105 -253.713562
v -5.399144 7.373374 -253.713562
v -5.396629 7.366105 -253.715668
v -5.396629 7.373374 -253.715668
v -5.386021 7.438568 -253.702301
v -5.386021 7.438568 -253.652451
v -5.400889 7.438568 -253.677368
v -5.386021 7.466003 -253.652451
v -5.386021 7.466003 -253.702301
v -5.400889 7.466003 -253.677368
v -5.386021 7.466003 -253.702301
v -5.386021 7.438568 -253.702301
v -5.387386 7.441699 -253.698303
v -5.387386 7.462873 -253.698303
v -5.386021 7.438568 -253.702301
v -5.400889 7.438568 -253.677368
v -5.400889 7.441699 -253.677368
v -5.387386 7.441699 -253.698303
v -5.400889 7.438568 -253.677368
v -5.386021 7.438568 -253.652451
v -5.387386 7.441699 -253.656433
v -5.400889 7.441699 -253.677368
v -5.386021 7.438568 -253.652451
v -5.386021 7.466003 -253.652451
v -5.387386 7.462873 -253.656433
v -5.387386 7.441699 -253.656433
v -5.386021 7.466003 -253.652451
v -5.400889 7.466003 -253.677368
v -5.400889 7.462873 -253.677368
v -5.387386 7.462873 -253.656433
v -5.400889 7.466003 -253.677368
v -5.386021 7.466003 -253.702301
v -5.387386 7.462873 -253.698303
v -5.400889 7.462873 -253.677368
v -5.386235 7.446214 -253.666214
v -5.386235 7.458358 -253.666214
v -5.386235 7.458358 -253.688538
v -5.386235 7.446214 -253.688538
v -5.387386 7.462873 -253.656433
v -5.400889 7.462873 -253.677368
v -5.387386 7.462873 -253.698303
v -5.387386 7.441699 -253.698303
v -5.400889 7.441699 -253.677368
v -5.387386 7.441699 -253.656433
v -5.387386 7.462873 -253.698303
v -5.387386 7.441699 -253.698303
v -5.387386 7.444830 -253.689728
v -5.387386 7.459742 -253.689728
v -5.387386 7.441699 -253.656433
v -5.387386 7.444830 -253.665009
v -5.387386 7.462873 -253.656433
v -5.387386 7.459742 -253.665009
v -5.387386 7.459742 -253.689728
v -5.387386 7.444830 -253.689728
v -5.386235 7.446214 -253.688538
v -5.386235 7.458358 -253.688538
v -5.387386 7.444830 -253.689728
v -5.387386 7.444830 -253.665009
v -5.386235 7.446214 -253.666214
v -5.386235 7.446214 -253.688538
v -5.387386 7.444830 -253.665009
v -5.387386 7.459742 -253.665009
v -5.386235 7.458358 -253.666214
v -5.386235 7.446214 -253.666214
v -5.387386 7.459742 -253.665009
v -5.387386 7.459742 -253.689728
v -5.386235 7.458358 -253.688538
v -5.386235 7.458358 -253.666214
v -5.369939 7.027958 -253.488724
v -5.370799 7.027958 -253.493607
v -5.370799 7.277458 -253.493607
v -5.369939 7.277458 -253.488724
v -5.373272 7.027958 -253.497879
v -5.373272 7.277458 -253.497879
v -5.377061 7.027958 -253.501068
v -5.377061 7.277458 -253.501068
v -5.381710 7.027958 -253.502762
v -5.381710 7.277458 -253.502762
v -5.386656 7.027958 -253.502762
v -5.386656 7.277458 -253.502762
v -5.391304 7.027958 -253.501068
v -5.391304 7.277458 -253.501068
v -5.395094 7.027958 -253.497879
v -5.395094 7.277458 -253.497879
v -5.397567 7.027958 -253.493607
v -5.397567 7.277458 -253.493607
v -5.398427 7.027958 -253.488724
v -5.398427 7.277458 -253.488724
v -5.397567 7.027958 -253.483856
v -5.397567 7.277458 -253.483856
v -5.395094 7.027958 -253.479568
v -5.395094 7.277458 -253.479568
v -5.391304 7.027958 -253.476395
v -5.391304 7.277458 -253.476395
v -5.386656 7.027958 -253.474701
v -5.386656 7.277458 -253.474701
v -5.381710 7.027958 -253.474701
v -5.381710 7.277458 -253.474701
v -5.381710 7.027958 -253.474701
v -5.377061 7.027958 -253.476395
v -5.377061 7.277458 -253.476395
v -5.381710 7.277458 -253.474701
v -5.373272 7.027958 -253.479568
v -5.373272 7.277458 -253.479568
v -5.370799 7.027958 -253.483856
v -5.370799 7.277458 -253.483856
v -5.374497 7.021776 -253.488724
v -5.375081 7.021776 -253.492035
v -5.375081 7.021776 -253.485413
v -5.376763 7.021776 -253.482498
v -5.379340 7.021776 -253.480347
v -5.376763 7.021776 -253.482498
v -5.373272 7.027958 -253.479568
v -5.382501 7.021776 -253.479187
v -5.379340 7.021776 -253.480347
v -5.377061 7.027958 -253.476395
v -5.385865 7.021776 -253.479187
v -5.382501 7.021776 -253.479187
v -5.389026 7.021776 -253.480347
v -5.391603 7.021776 -253.482498
v -5.393285 7.021776 -253.485413
v -5.393869 7.021776 -253.488724
v -5.393285 7.021776 -253.492035
v -5.391603 7.021776 -253.494949
v -5.389026 7.021776 -253.497116
v -5.385865 7.021776 -253.498260
v -5.382501 7.021776 -253.498260
v -5.379340 7.021776 -253.497116
v -5.376763 7.021776 -253.494949
v -5.375081 7.283640 -253.492035
v -5.374497 7.283640 -253.488724
v -5.376763 7.283640 -253.494949
v -5.379340 7.283640 -253.497116
v -5.382501 7.283640 -253.498260
v -5.385865 7.283640 -253.498260
v -5.389026 7.283640 -253.497116
v -5.391603 7.283640 -253.494949
v -5.393285 7.283640 -253.492035
v -5.393869 7.283640 -253.488724
v -5.393285 7.283640 -253.485413
v -5.391603 7.283640 -253.482498
v -5.389026 7.283640 -253.480347
v -5.385865 7.283640 -253.479187
v -5.389026 7.283640 -253.480347
v -5.391304 7.277458 -253.476395
v -5.382501 7.283640 -253.479187
v -5.385865 7.283640 -253.479187
v -5.386656 7.277458 -253.474701
v -5.379340 7.283640 -253.480347
v -5.382501 7.283640 -253.479187
v -5.376763 7.283640 -253.482498
v -5.375081 7.283640 -253.485413
v -5.384183 7.020917 -253.488724
v -5.379340 7.021776 -253.480347
v -5.384183 7.284499 -253.488724
v -5.385865 7.283640 -253.479187
v -5.369939 5.421004 -253.488724
v -5.370799 5.421004 -253.493607
v -5.370799 5.670505 -253.493607
v -5.369939 5.670505 -253.488724
v -5.373272 5.421004 -253.497879
v -5.373272 5.670505 -253.497879
v -5.377061 5.421004 -253.501068
v -5.377061 5.670505 -253.501068
v -5.381710 5.421004 -253.502762
v -5.381710 5.670505 -253.502762
v -5.386656 5.421004 -253.502762
v -5.386656 5.670505 -253.502762
v -5.391304 5.421004 -253.501068
v -5.391304 5.670505 -253.501068
v -5.395094 5.421004 -253.497879
v -5.395094 5.670505 -253.497879
v -5.397567 5.421004 -253.493607
v -5.397567 5.670505 -253.493607
v -5.398427 5.421004 -253.488724
v -5.398427 5.670505 -253.488724
v -5.397567 5.421004 -253.483856
v -5.397567 5.670505 -253.483856
v -5.395094 5.421004 -253.479568
v -5.395094 5.670505 -253.479568
v -5.391304 5.421004 -253.476395
v -5.391304 5.670505 -253.476395
v -5.386656 5.421004 -253.474701
v -5.386656 5.670505 -253.474701
v -5.381710 5.421004 -253.474701
v -5.381710 5.670505 -253.474701
v -5.381710 5.421004 -253.474701
v -5.377061 5.421004 -253.476395
v -5.377061 5.670505 -253.476395
v -5.381710 5.670505 -253.474701
v -5.373272 5.421004 -253.479568
v -5.373272 5.670505 -253.479568
v -5.370799 5.421004 -253.483856
v -5.370799 5.670505 -253.483856
v -5.374497 5.414823 -253.488724
v -5.375081 5.414823 -253.492035
v -5.375081 5.414823 -253.485413
v -5.376763 5.414823 -253.482498
v -5.379340 5.414823 -253.480347
v -5.376763 5.414823 -253.482498
v -5.373272 5.421004 -253.479568
v -5.382501 5.414823 -253.479187
v -5.379340 5.414823 -253.480347
v -5.377061 5.421004 -253.476395
v -5.385865 5.414823 -253.479187
v -5.382501 5.414823 -253.479187
v -5.389026 5.414823 -253.480347
v -5.391603 5.414823 -253.482498
v -5.393285 5.414823 -253.485413
v -5.393869 5.414823 -253.488724
v -5.393285 5.414823 -253.492035
v -5.391603 5.414823 -253.494949
v -5.389026 5.414823 -253.497116
v -5.385865 5.414823 -253.498260
v -5.382501 5.414823 -253.498260
v -5.379340 5.414823 -253.497116
v -5.376763 5.414823 -253.494949
v -5.375081 5.676686 -253.492035
v -5.374497 5.676686 -253.488724
v -5.376763 5.676686 -253.494949
v -5.379340 5.676686 -253.497116
v -5.382501 5.676686 -253.498260
v -5.385865 5.676686 -253.498260
v -5.389026 5.676686 -253.497116
v -5.391603 5.676686 -253.494949
v -5.393285 5.676686 -253.492035
v -5.393869 5.676686 -253.488724
v -5.393285 5.676686 -253.485413
v -5.391603 5.676686 -253.482498
v -5.389026 5.676686 -253.480347
v -5.385865 5.676686 -253.479187
v -5.389026 5.676686 -253.480347
v -5.391304 5.670505 -253.476395
v -5.382501 5.676686 -253.479187
v -5.385865 5.676686 -253.479187
v -5.386656 5.670505 -253.474701
v -5.379340 5.676686 -253.480347
v -5.382501 5.676686 -253.479187
v -5.376763 5.676686 -253.482498
v -5.375081 5.676686 -253.485413
v -5.384183 5.413964 -253.488724
v -5.379340 5.414823 -253.480347
v -5.384183 5.677545 -253.488724
v -5.385865 5.676686 -253.479187
vn -0.0000 -0.0000 -1.0000
vn -0.0000 -0.0000 1.0000
vn -0.0000 1.0000 -0.0000
vn -0.0000 -1.0000 -0.0000
vn -1.0000 -0.0000 -0.0000
vn 1.0000 -0.0000 -0.0000
vn -0.0000 0.3420 0.9397
vn -0.0000 0.6428 0.7660
vn -0.0000 0.8660 0.5000
vn -0.0000 0.9848 0.1736
vn -0.0000 0.9848 -0.1736
vn -0.0000 0.8660 -0.5000
vn -0.0000 0.6428 -0.7660
vn -0.0000 0.3420 -0.9397
vn -0.0000 -0.3420 -0.9397
vn -0.0000 -0.5000 -0.8660
vn -0.0000 -0.7660 -0.6428
vn -0.0000 -0.8660 -0.5000
vn -0.0000 -0.9848 -0.1737
vn -0.0000 -0.9848 0.1737
vn -0.0000 -0.8660 0.5000
vn -0.0000 -0.6428 0.7660
vn -0.0000 -0.3420 0.9397
vn -0.8438 0.1836 0.5044
vn -0.9313 0.1246 0.3423
vn -0.9313 -0.0000 0.3643
vn -0.8437 -0.0000 0.5367
vn -0.8438 0.3450 0.4112
vn -0.9313 0.2341 0.2790
vn -0.8438 0.4648 0.2684
vn -0.9313 0.3155 0.1821
vn -0.8438 0.5286 0.0932
vn -0.9313 0.3587 0.0633
vn -0.8438 0.5286 -0.0932
vn -0.9313 0.3587 -0.0633
vn -0.8438 0.4648 -0.2684
vn -0.9313 0.3155 -0.1821
vn -0.8438 0.3450 -0.4112
vn -0.9313 0.2341 -0.2790
vn -0.8438 0.1836 -0.5044
vn -0.9313 0.1246 -0.3423
vn -0.8438 -0.0000 -0.5367
vn -0.9313 -0.0000 -0.3643
vn -0.8438 -0.1836 -0.5044
vn -0.9313 -0.1246 -0.3423
vn -0.8438 -0.3450 -0.4112
vn -0.9313 -0.2341 -0.2790
vn -0.8438 -0.4648 -0.2684
vn -0.9313 -0.3155 -0.1821
vn -0.8438 -0.5286 -0.0932
vn -0.9313 -0.3587 -0.0633
vn -0.8438 -0.5286 0.0932
vn -0.9313 -0.3587 0.0633
vn -0.8438 -0.4648 0.2684
vn -0.9313 -0.3155 0.1821
vn -0.8437 -0.3450 0.4112
vn -0.9313 -0.2341 0.2790
vn -0.8438 -0.1836 0.5044
vn -0.9313 -0.1246 0.3423
vn -0.9909 0.0460 0.1265
vn -0.9909 -0.0000 0.1346
vn -0.9909 0.0865 0.1031
vn -0.9909 0.1166 0.0673
vn -0.9909 0.1326 0.0234
vn -0.9909 0.1326 -0.0234
vn -0.9909 0.1166 -0.0673
vn -0.9909 0.0865 -0.1031
vn -0.9909 0.0460 -0.1265
vn -0.9909 -0.0000 -0.1346
vn -0.9909 -0.0460 -0.1265
vn -0.9909 -0.0865 -0.1031
vn -0.9909 -0.1166 -0.0673
vn -0.9909 -0.1326 -0.0234
vn -0.9909 -0.1326 0.0234
vn -0.9909 -0.1166 0.0673
vn -0.9909 -0.0865 0.1031
vn -0.9909 -0.0460 0.1265
vn -0.0000 0.9848 0.1737
vn -0.0000 0.9848 -0.1737
vn -0.0000 -0.6428 -0.7660
vn -0.0000 -0.9848 -0.1736
vn -0.0000 -0.9848 0.1736
vn -0.0000 -0.5000 0.8660
vn -0.0000 -0.1736 0.9848
vn -0.5048 -0.0000 -0.8632
vn -0.5048 -0.2952 -0.8112
vn -0.5048 -0.5549 -0.6613
vn -0.5048 -0.7476 -0.4316
vn -0.5049 -0.8501 -0.1499
vn -0.5049 -0.8501 0.1499
vn -0.5049 -0.7475 0.4316
vn -0.5049 -0.7476 0.4316
vn -0.5048 -0.5549 0.6613
vn -0.5048 -0.2952 0.8112
vn -0.5048 -0.0000 0.8633
vn -0.5048 0.2952 0.8112
vn -0.5048 0.2953 0.8112
vn -0.5048 0.5549 0.6613
vn -0.4991 0.6638 0.5570
vn -0.4990 0.8143 0.2964
vn -0.5048 0.8501 0.1499
vn -0.5047 0.8502 -0.1499
vn -0.5048 0.7476 -0.4316
vn -0.5048 0.5549 -0.6613
vn -0.5048 0.2952 -0.8112
vn 0.4579 -0.0000 -0.8890
vn 0.4580 -0.3040 -0.8354
vn 0.1906 -0.3357 -0.9225
vn 0.1906 -0.0000 -0.9817
vn 0.4580 -0.5714 -0.6810
vn 0.1906 -0.6310 -0.7520
vn 0.4580 -0.7699 -0.4445
vn 0.1906 -0.8502 -0.4908
vn 0.4524 -0.8380 -0.3050
vn 0.1878 -0.9230 -0.3359
vn 0.4524 -0.8918 -0.0000
vn 0.4579 -0.8755 0.1544
vn 0.1906 -0.9668 0.1705
vn 0.1878 -0.9822 -0.0000
vn 0.4580 -0.7699 0.4445
vn 0.1906 -0.8502 0.4908
vn 0.4580 -0.5714 0.6810
vn 0.1906 -0.6310 0.7520
vn 0.4580 -0.3040 0.8354
vn 0.1906 -0.3357 0.9225
vn 0.4580 -0.0000 0.8890
vn 0.1906 -0.0000 0.9817
vn 0.4580 0.3040 0.8354
vn 0.1906 0.3357 0.9225
vn 0.4580 0.5714 0.6810
vn 0.1906 0.6310 0.7520
vn 0.4580 0.7699 0.4445
vn 0.1906 0.8502 0.4908
vn 0.4580 0.8755 0.1544
vn 0.1906 0.9668 0.1705
vn 0.4580 0.8755 -0.1544
vn 0.1906 0.9668 -0.1705
vn 0.4580 0.7699 -0.4445
vn 0.1906 0.8502 -0.4908
vn 0.4580 0.5714 -0.6810
vn 0.1906 0.6310 -0.7520
vn 0.4580 0.3040 -0.8354
vn 0.1906 0.3358 -0.9225
vn -0.1761 -0.3366 -0.9250
vn -0.1763 -0.0000 -0.9843
vn -0.1758 -0.6327 -0.7542
vn -0.1752 -0.8525 -0.4924
vn -0.1725 -0.9256 -0.3369
vn -0.1687 -0.9724 0.1615
vn -0.1715 -0.9852 -0.0000
vn -0.1455 -0.8666 0.4773
vn -0.1110 -0.6442 0.7567
vn -0.0925 -0.3442 0.9343
vn -0.0860 -0.0000 0.9963
vn -0.0925 0.3442 0.9343
vn -0.1110 0.6442 0.7567
vn -0.1455 0.8666 0.4773
vn -0.1687 0.9724 0.1615
vn -0.1746 0.9696 -0.1712
vn -0.1752 0.8525 -0.4924
vn -0.1758 0.6327 -0.7542
vn -0.1761 0.3366 -0.9250
vn -0.2736 -0.3291 -0.9038
vn -0.2739 -0.0000 -0.9618
vn -0.2729 -0.6186 -0.7368
vn -0.2718 -0.8336 -0.4808
vn -0.2674 -0.9055 -0.3296
vn -0.2576 -0.9530 0.1594
vn -0.2660 -0.9640 -0.0000
vn -0.2705 0.9482 -0.1667
vn -0.2576 0.9530 0.1594
vn -0.2718 0.8336 -0.4808
vn -0.2729 0.6186 -0.7368
vn -0.2736 0.3291 -0.9038
vn -1.0000 -0.0000 -0.0028
vn -0.9962 -0.0000 0.0871
vn -0.2351 -0.9719 0.0137
vn -0.2334 -0.9723 0.0144
vn -0.1782 -0.9831 0.0416
vn -0.1618 -0.9855 0.0508
vn -0.2736 -0.3288 -0.9039
vn -0.2729 -0.6182 -0.7371
vn -0.2718 -0.8332 -0.4815
vn -0.2705 -0.9482 -0.1667
vn -0.2705 -0.9480 -0.1676
vn -0.2351 0.9719 0.0137
vn -0.2334 0.9723 0.0144
vn -0.2705 0.9480 -0.1676
vn -0.2718 0.8332 -0.4815
vn -0.2729 0.6182 -0.7371
vn -0.2737 0.3288 -0.9039
vn -0.1618 0.9855 0.0508
vn -0.1782 0.9831 0.0416
vn -0.0946 0.9839 0.1517
vn -0.0969 0.9844 0.1469
vn -0.0554 0.9816 0.1826
vn -0.0638 0.9819 0.1785
vn -0.7733 -0.0000 0.6341
vn -0.6438 -0.0000 0.7652
vn -0.0946 -0.9839 0.1517
vn -0.0638 -0.9819 0.1785
vn -0.0554 -0.9816 0.1826
vn -0.0969 -0.9844 0.1469
vn 0.8499 -0.0000 -0.5270
vn 0.7481 -0.0000 -0.6636
vn 0.1389 0.9614 0.2375
vn 0.1164 0.9640 0.2390
vn 0.1052 0.9651 0.2396
vn -0.0306 -0.0000 0.9995
vn -0.1294 -0.0000 0.9916
vn 0.1164 -0.9640 0.2390
vn 0.1389 -0.9614 0.2375
vn 0.1052 -0.9651 0.2396
vn 0.1501 -0.0000 -0.9887
vn 0.2543 -0.0000 -0.9671
vn -0.1221 -0.9878 0.0963
vn -0.1202 -0.9877 0.1000
vn -0.9273 -0.0000 0.3743
vn -0.1202 0.9877 0.1000
vn -0.1221 0.9878 0.0963
vn 0.0241 0.9759 0.2167
vn 0.0267 0.9756 0.2178
vn -0.4100 -0.0000 0.9121
vn 0.0267 -0.9756 0.2178
vn 0.0241 -0.9759 0.2167
vn 0.5341 -0.0000 -0.8454
vn -0.1981 -0.8383 0.5080
vn -0.1381 -0.6250 0.7683
vn -0.1035 -0.3326 0.9374
vn -0.0915 -0.0000 0.9958
vn -0.1035 0.3326 0.9374
vn -0.1381 0.6250 0.7683
vn -0.1981 0.8383 0.5080
vn 0.9962 -0.0000 -0.0875
vn 0.9998 -0.0000 -0.0177
vn 0.9871 -0.0000 -0.1602
vn 0.8874 -0.0000 -0.4609
vn -0.5997 -0.0000 0.8002
vn -0.5997 0.2737 0.7520
vn -0.5997 0.5144 0.6130
vn -0.5997 0.6930 0.4001
vn -0.5997 0.7881 0.1390
vn -0.5997 0.7881 -0.1390
vn -0.5997 0.6930 -0.4001
vn -0.5997 0.5144 -0.6130
vn -0.5997 0.2737 -0.7520
vn -0.5997 -0.0000 -0.8002
vn -0.5997 -0.2737 -0.7520
vn -0.5997 -0.5144 -0.6130
vn -0.5997 -0.6930 -0.4001
vn -0.5997 -0.7881 -0.1390
vn -0.5997 -0.7881 0.1390
vn -0.5997 -0.6930 0.4001
vn -0.5997 -0.5144 0.6130
vn -0.5997 -0.2737 0.7520
vn -0.0000 -0.9832 -0.1827
vn -0.0000 -0.9832 0.1827
vn -0.0000 0.9832 0.1827
vn -0.0000 0.9832 -0.1827
vn -0.0000 0.2075 -0.9782
vn -0.0000 -0.2075 -0.9782
vn -0.0000 0.2075 0.9782
vn -0.0000 -0.2075 0.9782
vn -0.0000 0.8520 -0.5236
vn -0.0000 0.5867 -0.8098
vn -0.0000 -0.8520 -0.5236
vn -0.0000 -0.7420 -0.6704
vn -0.0000 0.8520 0.5236
vn -0.0000 0.5867 0.8098
vn -0.0000 -0.8520 0.5236
vn -0.0000 -0.7420 0.6704
vn -0.0000 -0.4059 -0.9139
vn -0.0000 -0.4059 0.9139
vn -0.6989 0.7152 -0.0000
vn -0.6989 -0.7152 -0.0000
vn -0.5000 -0.8660 -0.0000
vn -0.7661 -0.6428 -0.0000
vn -0.1736 -0.9848 -0.0000
vn 0.1736 -0.9848 -0.0000
vn 0.5000 -0.8660 -0.0000
vn 0.7661 -0.6428 -0.0000
vn 0.9397 -0.3420 -0.0000
vn 0.9397 0.3420 -0.0000
vn 0.7660 0.6428 -0.0000
vn 0.5000 0.8660 -0.0000
vn 0.1736 0.9848 -0.0000
vn -0.1736 0.9848 -0.0000
vn -0.3420 0.9397 -0.0000
vn -0.6428 0.7661 -0.0000
vn -0.7660 0.6428 -0.0000
vn -0.9397 0.3420 -0.0000
vn -0.9397 -0.3420 -0.0000
vn -0.0281 -0.0486 0.9984
vn -0.0097 -0.0553 0.9984
vn 0.0097 -0.0553 0.9984
vn 0.0281 -0.0486 0.9984
vn 0.0430 -0.0361 0.9984
vn 0.0527 -0.0192 0.9984
vn 0.0561 -0.0000 0.9984
vn 0.0527 0.0192 0.9984
vn 0.0430 0.0361 0.9984
vn 0.0281 0.0486 0.9984
vn 0.0097 0.0553 0.9984
vn -0.0097 0.0553 0.9984
vn -0.0281 0.0486 0.9984
vn -0.0430 0.0361 0.9984
vn -0.0527 0.0192 0.9984
vn -0.0561 -0.0000 0.9984
vn -0.0527 -0.0192 0.9984
vn -0.0430 -0.0361 0.9984
vn 0.9531 0.3025 -0.0000
vn 0.8957 0.3025 0.3260
vn 0.7301 0.3025 0.6127
vn 0.4766 0.3025 0.8254
vn 0.1655 0.3025 0.9387
vn -0.1655 0.3025 0.9387
vn -0.4766 0.3025 0.8254
vn -0.7301 0.3026 0.6127
vn -0.8957 0.3025 0.3260
vn -0.9531 0.3025 -0.0000
vn -0.8957 0.3025 -0.3260
vn -0.7302 0.3025 -0.6127
vn -0.4766 0.3025 -0.8254
vn -0.1655 0.3025 -0.9387
vn -0.0000 0.2983 -0.9545
vn 0.3264 0.2983 -0.8969
vn 0.4766 0.3025 -0.8254
vn 0.7302 0.3025 -0.6127
vn 0.8957 0.3025 -0.3260
vn 0.0059 -0.0000 -1.0000
vn -0.0037 1.0000 0.0018
vn -0.0038 1.0000 0.0011
vn -0.0013 1.0000 0.0015
vn -0.0014 -1.0000 -0.0034
vn -0.0008 -1.0000 -0.0033
vn 0.0034 -1.0000 -0.0019
vn -0.2577 0.0005 0.9662
vn -0.3799 -0.0000 0.9250
vn -0.2578 0.0005 0.9662
vn -0.0005 1.0000 -0.0000
vn -0.0006 1.0000 -0.0000
vn 0.0036 -1.0000 -0.0012
vn 0.0001 -1.0000 -0.0000
vn 0.0003 1.0000 0.0030
vn 0.0009 1.0000 0.0031
vn 0.0009 -1.0000 -0.0016
vn 0.0001 0.0008 1.0000
vn 0.2727 -0.0002 0.9621
vn -0.0018 0.7846 0.6200
vn 0.0018 -0.7846 -0.6200
vn 0.4081 -0.0009 0.9129
vn -0.9397 -0.0000 -0.3420
vn -0.7660 -0.0000 -0.6428
vn -0.5000 -0.0000 -0.8660
vn -0.1737 -0.0000 -0.9848
vn 0.1737 -0.0000 -0.9848
vn 0.5000 -0.0000 -0.8660
vn 0.6428 -0.0000 -0.7661
vn 0.8660 -0.0000 -0.5000
vn 0.9397 -0.0000 -0.3420
vn 0.9397 -0.0000 0.3420
vn 0.7660 -0.0000 0.6428
vn 0.5000 -0.0000 0.8660
vn 0.1737 -0.0000 0.9848
vn -0.1737 -0.0000 0.9848
vn -0.5000 -0.0000 0.8660
vn -0.7660 -0.0000 0.6428
vn -0.9397 -0.0000 0.3420
vn -0.9655 0.2605 -0.0000
vn -0.9073 0.2605 -0.3302
vn -0.7396 0.2605 -0.6206
vn -0.4827 0.2604 -0.8361
vn -0.1736 -0.0000 -0.9848
vn -0.1676 0.2604 -0.9508
vn 0.1736 -0.0000 -0.9848
vn 0.1676 0.2604 -0.9508
vn 0.4827 0.2604 -0.8361
vn 0.6428 -0.0000 -0.7660
vn 0.6212 0.2568 -0.7404
vn 0.8370 0.2568 -0.4832
vn 0.9073 0.2605 -0.3302
vn 0.9655 0.2605 -0.0000
vn 0.9073 0.2605 0.3302
vn 0.7396 0.2605 0.6206
vn 0.4828 0.2605 0.8361
vn 0.1736 -0.0000 0.9848
vn 0.1676 0.2605 0.9508
vn -0.1736 -0.0000 0.9848
vn -0.1676 0.2605 0.9508
vn -0.4828 0.2605 0.8361
vn -0.7396 0.2605 0.6206
vn -0.9073 0.2605 0.3302
vn -0.7342 0.6789 -0.0000
vn -0.6900 0.6789 -0.2511
vn -0.5625 0.6789 -0.4720
vn -0.3671 0.6789 -0.6359
vn -0.1275 0.6789 -0.7231
vn 0.1275 0.6789 -0.7231
vn 0.3671 0.6789 -0.6359
vn 0.4753 0.6733 -0.5664
vn 0.6404 0.6732 -0.3697
vn 0.6900 0.6789 -0.2511
vn 0.7342 0.6789 -0.0000
vn 0.6900 0.6789 0.2511
vn 0.5625 0.6789 0.4720
vn 0.3672 0.6789 0.6359
vn 0.1275 0.6789 0.7231
vn -0.1275 0.6789 0.7231
vn -0.3671 0.6789 0.6359
vn -0.5625 0.6789 0.4720
vn -0.6900 0.6789 0.2511
vn -0.4124 0.9110 -0.0000
vn -0.3875 0.9110 -0.1410
vn -0.3159 0.9110 -0.2651
vn -0.2062 0.9110 -0.3571
vn -0.0716 0.9110 -0.4061
vn 0.0716 0.9110 -0.4061
vn 0.2061 0.9110 -0.3571
vn 0.2684 0.9086 -0.3199
vn 0.3617 0.9086 -0.2088
vn 0.3875 0.9110 -0.1410
vn 0.4124 0.9110 -0.0000
vn 0.3875 0.9110 0.1410
vn 0.3159 0.9110 0.2651
vn 0.2062 0.9110 0.3571
vn 0.0716 0.9110 0.4061
vn -0.0716 0.9110 0.4061
vn -0.2062 0.9110 0.3571
vn -0.3158 0.9110 0.2651
vn -0.3875 0.9110 0.1410
vn 0.7660 -0.6428 -0.0000
vn 0.5001 -0.8659 -0.0000
vn 0.3423 -0.9396 -0.0000
vn -0.1738 -0.9848 -0.0000
vn -0.5001 -0.8659 -0.0000
vn -0.7660 -0.6428 -0.0000
vn -0.7661 0.6427 -0.0000
vn -0.5000 0.8660 -0.0000
vn -0.1735 0.9848 -0.0000
vn 0.1735 0.9848 -0.0000
vn 0.7661 0.6427 -0.0000
vn 0.7660 -0.0000 -0.6428
vn 0.6428 -0.0000 0.7661
vn 0.8660 -0.0000 0.5000
vn -0.0001 1.0000 -0.0000
vn 0.0002 1.0000 -0.0000
vn 0.0001 1.0000 -0.0000
vn -0.0002 1.0000 -0.0000
vn 0.9779 -0.2093 -0.0000
vn 0.9189 -0.2093 -0.3344
vn 0.7661 -0.0000 -0.6428
vn 0.7491 -0.2093 -0.6285
vn 0.4889 -0.2093 -0.8468
vn 0.1698 -0.2093 -0.9630
vn -0.1698 -0.2093 -0.9630
vn -0.4889 -0.2093 -0.8468
vn -0.7661 -0.0000 -0.6428
vn -0.7491 -0.2093 -0.6285
vn -0.9189 -0.2093 -0.3344
vn -0.9779 -0.2093 -0.0000
vn -0.9189 -0.2093 0.3344
vn -0.7491 -0.2093 0.6285
vn -0.4889 -0.2093 0.8468
vn -0.1698 -0.2093 0.9630
vn 0.1698 -0.2093 0.9630
vn 0.4889 -0.2093 0.8468
vn 0.6290 -0.2063 0.7496
vn 0.8474 -0.2062 0.4892
vn 0.9189 -0.2093 0.3344
vn 0.8086 -0.5883 -0.0000
vn 0.7599 -0.5883 -0.2766
vn 0.6194 -0.5884 -0.5197
vn 0.4043 -0.5884 -0.7003
vn 0.1404 -0.5883 -0.7963
vn -0.1404 -0.5883 -0.7963
vn -0.4043 -0.5884 -0.7003
vn -0.6194 -0.5883 -0.5197
vn -0.7599 -0.5883 -0.2766
vn -0.8086 -0.5883 -0.0000
vn -0.7599 -0.5883 0.2766
vn -0.6194 -0.5884 0.5198
vn -0.4043 -0.5883 0.7003
vn -0.1404 -0.5884 0.7963
vn 0.1404 -0.5883 0.7963
vn 0.4043 -0.5883 0.7003
vn 0.5225 -0.5825 0.6227
vn 0.7039 -0.5825 0.4064
vn 0.7598 -0.5884 0.2766
vn 0.5011 -0.8654 -0.0000
vn 0.4709 -0.8654 -0.1714
vn 0.3839 -0.8654 -0.3221
vn 0.2506 -0.8654 -0.4340
vn 0.0871 -0.8654 -0.4935
vn -0.0871 -0.8654 -0.4935
vn -0.2506 -0.8654 -0.4339
vn -0.3839 -0.8654 -0.3221
vn -0.4709 -0.8654 -0.1714
vn -0.5011 -0.8654 -0.0000
vn -0.4709 -0.8654 0.1714
vn -0.3839 -0.8654 0.3221
vn -0.2505 -0.8654 0.4340
vn -0.0870 -0.8654 0.4935
vn 0.0870 -0.8654 0.4935
vn 0.2505 -0.8654 0.4340
vn 0.3258 -0.8620 0.3883
vn 0.4390 -0.8620 0.2534
vn 0.4709 -0.8654 0.1714
vn -0.0001 -1.0000 -0.0000
vn 0.6428 -0.0000 0.7660
vn -0.0000 1.0000 -0.0001
vn 0.0001 1.0000 -0.0001
vn -0.0000 1.0000 0.0001
vn 0.9318 0.3629 -0.0000
vn 0.8756 0.3629 0.3187
vn 0.7138 0.3629 0.5990
vn 0.4659 0.3629 0.8070
vn 0.1618 0.3629 0.9177
vn -0.1618 0.3629 0.9177
vn -0.4659 0.3629 0.8070
vn -0.7138 0.3629 0.5990
vn -0.8756 0.3629 0.3187
vn -0.9318 0.3629 -0.0000
vn -0.8756 0.3629 -0.3187
vn -0.7138 0.3629 -0.5990
vn -0.4659 0.3629 -0.8070
vn -0.1618 0.3629 -0.9177
vn -0.0000 0.3581 -0.9337
vn 0.3193 0.3581 -0.8774
vn 0.4659 0.3629 -0.8070
vn 0.7138 0.3629 -0.5990
vn 0.8756 0.3629 -0.3187
vn 0.3420 -0.0000 -0.9397
vn -0.9462 -0.0000 -0.3235
vn -0.8410 0.1485 -0.5203
vn -0.8410 0.1485 0.5203
vn -0.9462 -0.0000 0.3235
vn -0.8410 -0.1485 0.5202
vn -0.8410 -0.1485 -0.5202
vn -0.7208 -0.0000 0.6931
vn -0.7687 0.6396 -0.0000
vn -0.7208 -0.0000 -0.6931
vn -0.7687 -0.6396 -0.0000
vn 0.9531 -0.3025 -0.0000
vn 0.8957 -0.3025 -0.3260
vn 0.7301 -0.3025 -0.6127
vn 0.7301 0.3025 -0.6127
vn 0.4766 -0.3025 -0.8254
vn 0.1655 -0.3025 -0.9387
vn 0.1655 0.3025 -0.9386
vn -0.1655 -0.3025 -0.9387
vn -0.1655 0.3026 -0.9387
vn -0.4766 -0.3025 -0.8254
vn -0.4766 0.3026 -0.8254
vn -0.7301 -0.3025 -0.6127
vn -0.7301 0.3025 -0.6127
vn -0.8957 -0.3025 -0.3260
vn -0.9531 -0.3025 -0.0000
vn -0.8957 -0.3025 0.3260
vn -0.7301 -0.3025 0.6127
vn -0.7301 0.3025 0.6127
vn -0.4766 -0.3025 0.8254
vn -0.5305 0.1980 0.8242
vn -0.1655 -0.3025 0.9387
vn -0.2166 0.1980 0.9560
vn -0.0000 -0.2983 0.9545
vn -0.0000 0.2983 0.9545
vn 0.3264 -0.2983 0.8969
vn 0.5305 -0.1980 0.8242
vn 0.3264 0.2983 0.8969
vn 0.7804 -0.1980 0.5931
vn 0.8957 -0.3025 0.3260
vn 0.5230 -0.8523 -0.0000
vn 0.4915 -0.8523 -0.1789
vn 0.4915 -0.8523 0.1789
vn 0.3329 -0.9206 0.2043
vn 0.5201 -0.5875 0.6199
vn 0.2768 -0.5875 0.7604
vn -0.0908 -0.8523 0.5151
vn 0.0105 -0.9206 0.3905
vn -0.2615 -0.8523 0.4530
vn -0.4006 -0.8523 0.3362
vn -0.4915 -0.8523 0.1789
vn -0.5230 -0.8523 -0.0000
vn -0.4915 -0.8523 -0.1789
vn -0.4007 -0.8523 -0.3362
vn -0.2615 -0.8523 -0.4530
vn -0.0908 -0.8523 -0.5151
vn 0.0908 -0.8523 -0.5151
vn 0.2615 -0.8523 -0.4530
vn 0.4006 -0.8523 -0.3362
vn 0.4915 0.8523 -0.1789
vn 0.5230 0.8523 -0.0000
vn 0.4007 0.8523 -0.3362
vn 0.2615 0.8523 -0.4530
vn 0.0909 0.8523 -0.5151
vn -0.0909 0.8523 -0.5151
vn -0.2616 0.8523 -0.4530
vn -0.4006 0.8523 -0.3362
vn -0.4915 0.8523 -0.1789
vn -0.5230 0.8523 -0.0000
vn -0.4915 0.8523 0.1789
vn -0.4007 0.8523 0.3362
vn -0.2430 0.9206 0.3059
vn -0.2768 0.5875 0.7604
vn -0.0000 0.5875 0.8092
vn 0.2615 0.8523 0.4530
vn 0.1237 0.9206 0.3705
vn 0.4007 0.8523 0.3362
vn 0.4915 0.8523 0.1789
vn 0.0441 -0.9961 0.0765
vn -0.0153 0.9961 0.0870
vn 0.9531 -0.3026 -0.0000
vn 0.8957 -0.3026 -0.3260
vn 0.7301 -0.3026 -0.6127
vn 0.4766 -0.3026 -0.8254
vn 0.4766 0.3026 -0.8254
vn 0.1655 -0.3026 -0.9386
vn 0.1655 0.3026 -0.9386
vn -0.1655 -0.3026 -0.9386
vn -0.1655 0.3026 -0.9386
vn -0.4766 -0.3026 -0.8254
vn -0.7301 -0.3026 -0.6127
vn -0.8957 -0.3026 -0.3260
vn -0.9531 -0.3026 -0.0000
vn -0.8957 -0.3026 0.3260
vn -0.7301 -0.3026 0.6127
vn -0.2167 0.1980 0.9560
vn -0.0000 -0.2984 0.9545
vn 0.3264 -0.2984 0.8969
vn 0.3264 0.2984 0.8969
vn 0.8957 -0.3026 0.3260
vn 0.0105 -0.9205 0.3905
vn -0.4007 -0.8523 0.3362
vn -0.2615 -0.8523 -0.4529
vn 0.2615 -0.8523 -0.4529
vn 0.4007 -0.8523 -0.3362
vn 0.0908 0.8523 -0.5151
vn -0.0908 0.8523 -0.5151
vn -0.2615 0.8523 -0.4530
vn -0.4007 0.8523 -0.3362
vn 0.1237 0.9205 0.3705
vn 0.0442 -0.9961 0.0765
vt 0.651927 0.449306
vt 0.651927 0.831943
vt 0.623386 0.831943
vt 0.623386 0.449306
vt 0.612595 0.449306
vt 0.612595 0.831943
vt 0.584054 0.831943
vt 0.584054 0.449306
vt 0.913460 0.229417
vt 0.913460 0.003906
vt 0.942001 0.003906
vt 0.942001 0.229417
vt 0.101278 0.539330
vt 0.101278 0.906343
vt 0.072737 0.906343
vt 0.072737 0.539330
vt 0.061946 0.539330
vt 0.061946 0.906343
vt 0.033405 0.906343
vt 0.033405 0.539330
vt 0.942001 0.703549
vt 0.942001 0.897814
vt 0.913460 0.897814
vt 0.913460 0.703549
vt 0.962625 0.633057
vt 0.978249 0.633057
vt 0.978249 0.661598
vt 0.962625 0.661598
vt 0.883961 0.386543
vt 0.883961 0.003906
vt 0.899581 0.003906
vt 0.899581 0.370920
vt 0.870085 0.003906
vt 0.870085 0.386543
vt 0.854462 0.370920
vt 0.854462 0.003906
vt 0.883961 0.761222
vt 0.883961 0.394209
vt 0.899581 0.394209
vt 0.899581 0.776845
vt 0.968416 0.697881
vt 0.952792 0.697881
vt 0.952792 0.669340
vt 0.968416 0.669340
vt 0.870085 0.394256
vt 0.870085 0.761270
vt 0.854462 0.776893
vt 0.854462 0.394256
vt 0.929084 0.695835
vt 0.913460 0.680212
vt 0.913460 0.485948
vt 0.929084 0.470325
vt 0.913460 0.252753
vt 0.929084 0.237130
vt 0.929084 0.462641
vt 0.913460 0.447018
vt 0.780714 0.898955
vt 0.780714 0.531941
vt 0.787883 0.539162
vt 0.787883 0.898955
vt 0.974710 0.759202
vt 0.967541 0.759202
vt 0.967541 0.738947
vt 0.974710 0.736595
vt 0.178236 0.522968
vt 0.178236 0.889982
vt 0.171067 0.889982
vt 0.171067 0.530189
vt 0.011130 0.935177
vt 0.003906 0.928010
vt 0.003906 0.748080
vt 0.011130 0.740912
vt 0.131735 0.899123
vt 0.131735 0.539330
vt 0.138904 0.539330
vt 0.138904 0.906343
vt 0.974710 0.728852
vt 0.967541 0.728852
vt 0.967541 0.706245
vt 0.974710 0.708598
vt 0.112069 0.906319
vt 0.112069 0.546526
vt 0.119238 0.539305
vt 0.119238 0.906319
vt 0.829879 0.762907
vt 0.837099 0.755739
vt 0.837099 0.950005
vt 0.829879 0.942837
vt 0.967541 0.736595
vt 0.800380 0.891812
vt 0.800380 0.532019
vt 0.802736 0.532019
vt 0.802736 0.891812
vt 0.876479 0.774726
vt 0.876479 0.954656
vt 0.874128 0.954656
vt 0.874128 0.774726
vt 0.817481 0.548342
vt 0.817481 0.908135
vt 0.815130 0.908135
vt 0.815130 0.548342
vt 0.974710 0.706245
vt 0.983218 0.321276
vt 0.983218 0.324644
vt 0.982291 0.324644
vt 0.982291 0.321276
vt 0.983218 0.328012
vt 0.982291 0.328012
vt 0.983218 0.331380
vt 0.982291 0.331380
vt 0.983218 0.334748
vt 0.982291 0.334748
vt 0.983218 0.338116
vt 0.982291 0.338116
vt 0.983218 0.341483
vt 0.982291 0.341483
vt 0.983218 0.344852
vt 0.982291 0.344852
vt 0.983218 0.348220
vt 0.982291 0.348220
vt 0.983218 0.351588
vt 0.982291 0.351588
vt 0.983218 0.354955
vt 0.982291 0.354955
vt 0.983218 0.358323
vt 0.982291 0.358323
vt 0.983218 0.297702
vt 0.983218 0.301070
vt 0.982291 0.301070
vt 0.982291 0.297702
vt 0.983218 0.304437
vt 0.982291 0.304437
vt 0.983218 0.307805
vt 0.982291 0.307805
vt 0.983218 0.311174
vt 0.982291 0.311174
vt 0.983218 0.314541
vt 0.982291 0.314541
vt 0.983218 0.317909
vt 0.982291 0.317909
vt 0.603603 0.417830
vt 0.602424 0.421069
vt 0.601118 0.420319
vt 0.602120 0.417572
vt 0.600210 0.423710
vt 0.599236 0.422559
vt 0.597224 0.425434
vt 0.596707 0.424020
vt 0.593831 0.426033
vt 0.593827 0.424527
vt 0.590434 0.425434
vt 0.590946 0.424019
vt 0.587451 0.423712
vt 0.588414 0.422556
vt 0.585234 0.421071
vt 0.586536 0.420316
vt 0.584054 0.417833
vt 0.585537 0.417567
vt 0.584054 0.414386
vt 0.585537 0.414644
vt 0.585234 0.411146
vt 0.586540 0.411896
vt 0.587447 0.408506
vt 0.588418 0.409658
vt 0.590434 0.406783
vt 0.590950 0.408197
vt 0.593827 0.406183
vt 0.593831 0.407689
vt 0.597224 0.406781
vt 0.596711 0.408198
vt 0.600206 0.408505
vt 0.599240 0.409661
vt 0.602424 0.411144
vt 0.601122 0.411901
vt 0.603603 0.414383
vt 0.602120 0.414648
vt 0.598210 0.418637
vt 0.598810 0.416986
vt 0.597082 0.419982
vt 0.595559 0.420861
vt 0.593827 0.421166
vt 0.592099 0.420861
vt 0.590580 0.419983
vt 0.589447 0.418637
vt 0.588848 0.416986
vt 0.588848 0.415229
vt 0.589447 0.413580
vt 0.590580 0.412233
vt 0.592099 0.411356
vt 0.593827 0.411051
vt 0.595559 0.411356
vt 0.597082 0.412234
vt 0.598210 0.413579
vt 0.598810 0.415231
vt 0.982291 0.396128
vt 0.982291 0.394359
vt 0.983025 0.394359
vt 0.983025 0.396128
vt 0.982291 0.392591
vt 0.983025 0.392591
vt 0.982291 0.390822
vt 0.983025 0.390822
vt 0.982291 0.389054
vt 0.983025 0.389054
vt 0.982291 0.387285
vt 0.983025 0.387285
vt 0.982291 0.385518
vt 0.983025 0.385518
vt 0.982291 0.383749
vt 0.983025 0.383749
vt 0.982291 0.381981
vt 0.983025 0.381981
vt 0.982291 0.380212
vt 0.983025 0.380212
vt 0.982291 0.378445
vt 0.983025 0.378445
vt 0.982291 0.376675
vt 0.983025 0.376675
vt 0.982291 0.374908
vt 0.983025 0.374908
vt 0.982291 0.373140
vt 0.983025 0.373140
vt 0.982291 0.371372
vt 0.983025 0.371372
vt 0.982291 0.369603
vt 0.983025 0.369603
vt 0.982291 0.367835
vt 0.983025 0.367835
vt 0.982291 0.366066
vt 0.983025 0.366066
vt 0.982291 0.397895
vt 0.983025 0.397895
vt 0.977935 0.484315
vt 0.977935 0.485984
vt 0.977374 0.485984
vt 0.977374 0.484315
vt 0.977374 0.482646
vt 0.977935 0.482646
vt 0.977374 0.480977
vt 0.977935 0.480977
vt 0.977374 0.479308
vt 0.977935 0.479308
vt 0.977374 0.477639
vt 0.977935 0.477639
vt 0.977374 0.475971
vt 0.977935 0.475971
vt 0.977374 0.474302
vt 0.977935 0.474302
vt 0.977374 0.472633
vt 0.977935 0.472633
vt 0.977374 0.470964
vt 0.977935 0.470964
vt 0.977374 0.501002
vt 0.977374 0.499334
vt 0.977935 0.499334
vt 0.977935 0.501002
vt 0.977374 0.497664
vt 0.977935 0.497664
vt 0.977374 0.495996
vt 0.977935 0.495996
vt 0.977374 0.494328
vt 0.977935 0.494328
vt 0.977374 0.492658
vt 0.977935 0.492658
vt 0.977374 0.490989
vt 0.977935 0.490989
vt 0.977374 0.489321
vt 0.977935 0.489321
vt 0.977374 0.487652
vt 0.977935 0.487652
vt 0.953167 0.759437
vt 0.953167 0.760974
vt 0.952792 0.760974
vt 0.952792 0.759437
vt 0.953167 0.757899
vt 0.952792 0.757899
vt 0.953167 0.756362
vt 0.952792 0.756362
vt 0.953167 0.754824
vt 0.952792 0.754824
vt 0.953167 0.753287
vt 0.952792 0.753287
vt 0.953167 0.751749
vt 0.952792 0.751749
vt 0.953167 0.750212
vt 0.952792 0.750212
vt 0.953167 0.748674
vt 0.952792 0.748674
vt 0.953167 0.747137
vt 0.952792 0.747137
vt 0.953167 0.745599
vt 0.952792 0.745599
vt 0.953167 0.744061
vt 0.952792 0.744061
vt 0.953167 0.742524
vt 0.952792 0.742524
vt 0.953167 0.768662
vt 0.953167 0.770200
vt 0.952792 0.770200
vt 0.952792 0.768662
vt 0.953167 0.767124
vt 0.952792 0.767124
vt 0.953167 0.765586
vt 0.952792 0.765586
vt 0.953167 0.764049
vt 0.952792 0.764049
vt 0.953167 0.762511
vt 0.952792 0.762511
vt 0.977374 0.440360
vt 0.977374 0.438738
vt 0.978830 0.438738
vt 0.978830 0.440360
vt 0.977374 0.437115
vt 0.978830 0.437115
vt 0.977374 0.435493
vt 0.978830 0.435493
vt 0.977374 0.433870
vt 0.978830 0.433870
vt 0.977374 0.463222
vt 0.977374 0.461600
vt 0.978830 0.461600
vt 0.978830 0.463222
vt 0.977374 0.459862
vt 0.978830 0.459862
vt 0.977374 0.458254
vt 0.978830 0.458254
vt 0.977374 0.456645
vt 0.978830 0.456645
vt 0.977374 0.455036
vt 0.978830 0.455036
vt 0.977374 0.453428
vt 0.978830 0.453428
vt 0.977374 0.451819
vt 0.978830 0.451819
vt 0.977374 0.450211
vt 0.978830 0.450211
vt 0.977374 0.448473
vt 0.978830 0.448473
vt 0.977374 0.446851
vt 0.978830 0.446851
vt 0.977374 0.445228
vt 0.978830 0.445228
vt 0.977374 0.443605
vt 0.978830 0.443605
vt 0.977374 0.441982
vt 0.978830 0.441982
vt 0.979793 0.438738
vt 0.979793 0.440360
vt 0.979793 0.437115
vt 0.979793 0.435493
vt 0.979793 0.433870
vt 0.979793 0.461600
vt 0.979793 0.463222
vt 0.979793 0.459862
vt 0.979793 0.458254
vt 0.979793 0.456645
vt 0.979793 0.455036
vt 0.979793 0.453428
vt 0.979793 0.451819
vt 0.979793 0.450211
vt 0.979793 0.448473
vt 0.979793 0.446851
vt 0.979793 0.445228
vt 0.979793 0.443605
vt 0.979793 0.441982
vt 0.983072 0.438738
vt 0.983072 0.440360
vt 0.983072 0.437115
vt 0.983072 0.435493
vt 0.983072 0.433870
vt 0.983072 0.461600
vt 0.983072 0.463222
vt 0.983072 0.446851
vt 0.983072 0.448473
vt 0.983072 0.445228
vt 0.983072 0.443605
vt 0.983072 0.441982
vt 0.950297 0.653753
vt 0.942959 0.653753
vt 0.943720 0.625132
vt 0.949540 0.625132
vt 0.974072 0.163572
vt 0.974072 0.191869
vt 0.972458 0.191869
vt 0.972458 0.163572
vt 0.974072 0.156740
vt 0.974072 0.158106
vt 0.972458 0.158106
vt 0.972458 0.156740
vt 0.974072 0.159472
vt 0.972458 0.159472
vt 0.974072 0.160839
vt 0.972458 0.160839
vt 0.974072 0.162206
vt 0.972458 0.162206
vt 0.974072 0.149907
vt 0.974072 0.151273
vt 0.972458 0.151273
vt 0.972458 0.149907
vt 0.974072 0.152639
vt 0.972458 0.152639
vt 0.974072 0.154006
vt 0.972458 0.154006
vt 0.974072 0.155372
vt 0.972458 0.155372
vt 0.974072 0.121611
vt 0.972458 0.121611
vt 0.983415 0.405609
vt 0.983415 0.410411
vt 0.982291 0.410159
vt 0.982291 0.405860
vt 0.974072 0.117770
vt 0.974072 0.119014
vt 0.972458 0.119014
vt 0.972458 0.117770
vt 0.943933 0.620825
vt 0.949327 0.620825
vt 0.949429 0.622652
vt 0.943831 0.622652
vt 0.974072 0.194467
vt 0.974072 0.195711
vt 0.972458 0.195711
vt 0.972458 0.194467
vt 0.971341 0.773165
vt 0.971341 0.767085
vt 0.971984 0.767031
vt 0.971984 0.773219
vt 0.972458 0.113518
vt 0.974072 0.113518
vt 0.974072 0.115268
vt 0.972458 0.115268
vt 0.944478 0.616251
vt 0.948778 0.616251
vt 0.949070 0.618344
vt 0.944190 0.618344
vt 0.974072 0.199963
vt 0.972458 0.199963
vt 0.972458 0.198212
vt 0.974072 0.198212
vt 0.967541 0.772525
vt 0.967541 0.767725
vt 0.968883 0.767456
vt 0.968883 0.772794
vt 0.974072 0.193182
vt 0.972458 0.193182
vt 0.943764 0.623891
vt 0.949492 0.623891
vt 0.974072 0.120298
vt 0.972458 0.120298
vt 0.972458 0.116519
vt 0.974072 0.116519
vt 0.944036 0.619581
vt 0.949224 0.619581
vt 0.974072 0.196961
vt 0.972458 0.196961
vt 0.970106 0.773016
vt 0.970106 0.767234
vt 0.983072 0.459862
vt 0.983072 0.458254
vt 0.983072 0.456645
vt 0.983072 0.455036
vt 0.983072 0.453428
vt 0.983072 0.451819
vt 0.983072 0.450211
vt 0.949453 0.543745
vt 0.942959 0.543562
vt 0.942959 0.516007
vt 0.951007 0.516234
vt 0.949354 0.545107
vt 0.942979 0.544927
vt 0.973294 0.766934
vt 0.973294 0.773314
vt 0.950297 0.655047
vt 0.942959 0.655047
vt 0.949855 0.656262
vt 0.943405 0.656262
vt 0.949023 0.657254
vt 0.944237 0.657254
vt 0.947902 0.657901
vt 0.945358 0.657901
vt 0.946628 0.658125
vt 0.589798 0.438424
vt 0.589104 0.439250
vt 0.588370 0.438391
vt 0.588816 0.437868
vt 0.588169 0.439789
vt 0.587774 0.438730
vt 0.587108 0.439975
vt 0.587096 0.438845
vt 0.586046 0.439786
vt 0.586425 0.438721
vt 0.585111 0.439245
vt 0.585833 0.438374
vt 0.584421 0.438418
vt 0.585395 0.437845
vt 0.584054 0.437404
vt 0.585167 0.437198
vt 0.584054 0.436326
vt 0.585171 0.436511
vt 0.584421 0.435312
vt 0.585407 0.435868
vt 0.585115 0.434486
vt 0.585849 0.435345
vt 0.586050 0.433947
vt 0.586449 0.435006
vt 0.587112 0.433761
vt 0.587123 0.434891
vt 0.588173 0.433949
vt 0.587798 0.435015
vt 0.589108 0.434490
vt 0.588390 0.435363
vt 0.589802 0.435318
vt 0.588828 0.435891
vt 0.590169 0.436332
vt 0.589057 0.436538
vt 0.590169 0.437410
vt 0.589053 0.437224
vt 0.173182 0.008199
vt 0.172448 0.008069
vt 0.173182 0.006053
vt 0.171801 0.007698
vt 0.171324 0.007126
vt 0.171067 0.006426
vt 0.171067 0.005681
vt 0.171324 0.004979
vt 0.171801 0.004409
vt 0.172448 0.004036
vt 0.173182 0.003906
vt 0.173916 0.004036
vt 0.174559 0.004409
vt 0.175040 0.004979
vt 0.175297 0.005681
vt 0.175297 0.006426
vt 0.175040 0.007126
vt 0.174559 0.007698
vt 0.173916 0.008069
vt 0.571851 0.406186
vt 0.571851 0.800722
vt 0.549638 0.800722
vt 0.549638 0.406186
vt 0.500638 0.406186
vt 0.500638 0.800722
vt 0.456225 0.800722
vt 0.456225 0.406186
vt 0.515223 0.800722
vt 0.515223 0.406186
vt 0.537435 0.406186
vt 0.537435 0.800722
vt 0.017412 0.003906
vt 0.003906 0.003906
vt 0.388039 0.003906
vt 0.388039 0.398443
vt 0.190733 0.398443
vt 0.190733 0.003906
vt 0.402143 0.398443
vt 0.402143 0.003906
vt 0.599449 0.003906
vt 0.599449 0.398443
vt 0.824963 0.499336
vt 0.824963 0.045182
vt 0.843190 0.045182
vt 0.843190 0.499336
vt 0.022128 0.141506
vt 0.022128 0.595660
vt 0.003906 0.595660
vt 0.003906 0.141506
vt 0.022128 0.647138
vt 0.022128 0.723031
vt 0.003906 0.723031
vt 0.003906 0.647138
vt 0.022128 0.014124
vt 0.022128 0.090017
vt 0.003906 0.090017
vt 0.003906 0.014124
vt 0.022128 0.606094
vt 0.022128 0.636935
vt 0.003906 0.636935
vt 0.003906 0.606094
vt 0.824963 0.540600
vt 0.824963 0.509770
vt 0.843190 0.509770
vt 0.843190 0.540600
vt 0.022128 0.100220
vt 0.022128 0.131072
vt 0.003906 0.131072
vt 0.003906 0.100220
vt 0.824963 0.034747
vt 0.824963 0.003906
vt 0.843190 0.003906
vt 0.843190 0.034747
vt 0.037154 0.030924
vt 0.057843 0.008053
vt 0.057843 0.527440
vt 0.037154 0.504554
vt 0.022128 0.733249
vt 0.003906 0.733249
vt 0.022128 0.003906
vt 0.173071 0.030924
vt 0.176819 0.040662
vt 0.176819 0.494816
vt 0.173071 0.504554
vt 0.067166 0.003906
vt 0.143058 0.003906
vt 0.143058 0.531587
vt 0.067166 0.531587
vt 0.152397 0.008053
vt 0.152397 0.527440
vt 0.033405 0.040662
vt 0.033405 0.494816
vt 0.318563 0.843843
vt 0.318563 0.406186
vt 0.377319 0.406186
vt 0.377319 0.843843
vt 0.446150 0.406186
vt 0.446150 0.843843
vt 0.387394 0.843843
vt 0.387394 0.406186
vt 0.538840 0.831781
vt 0.538840 0.909486
vt 0.456225 0.909486
vt 0.456225 0.831781
vt 0.646912 0.003906
vt 0.724616 0.003906
vt 0.724616 0.441564
vt 0.646912 0.441564
vt 0.538840 0.808465
vt 0.480083 0.808465
vt 0.538840 0.932802
vt 0.480083 0.932802
vt 0.632253 0.940706
vt 0.632253 0.964022
vt 0.573496 0.964022
vt 0.549638 0.940706
vt 0.632253 0.839685
vt 0.632253 0.863002
vt 0.549638 0.863002
vt 0.573496 0.839685
vt 0.613553 0.441564
vt 0.613553 0.003906
vt 0.757976 0.003906
vt 0.757976 0.441564
vt 0.829879 0.603817
vt 0.835145 0.603817
vt 0.835145 0.614920
vt 0.829879 0.614920
vt 0.835145 0.626015
vt 0.829879 0.626015
vt 0.835145 0.637111
vt 0.829879 0.637111
vt 0.835145 0.648207
vt 0.829879 0.648207
vt 0.835145 0.659310
vt 0.829879 0.659310
vt 0.835145 0.670398
vt 0.829879 0.670398
vt 0.835145 0.681502
vt 0.829879 0.681502
vt 0.835145 0.692591
vt 0.829879 0.692591
vt 0.835145 0.703692
vt 0.829879 0.703692
vt 0.835145 0.714785
vt 0.829879 0.714785
vt 0.835145 0.725880
vt 0.829879 0.725880
vt 0.835145 0.736976
vt 0.829879 0.736976
vt 0.835145 0.748072
vt 0.829879 0.748072
vt 0.835145 0.559435
vt 0.829879 0.559435
vt 0.829879 0.548342
vt 0.835145 0.548342
vt 0.835145 0.570536
vt 0.829879 0.570536
vt 0.835145 0.581625
vt 0.829879 0.581625
vt 0.835145 0.592730
vt 0.829879 0.592730
vt 0.626619 0.905056
vt 0.610644 0.932734
vt 0.619144 0.925592
vt 0.624692 0.915992
vt 0.624692 0.894136
vt 0.619144 0.884521
vt 0.610644 0.877393
vt 0.600218 0.873600
vt 0.589122 0.873600
vt 0.578695 0.877393
vt 0.570195 0.884521
vt 0.564647 0.894136
vt 0.578695 0.932734
vt 0.589122 0.936528
vt 0.600218 0.936528
vt 0.570195 0.925592
vt 0.564647 0.915992
vt 0.562720 0.905056
vt 0.381358 0.899536
vt 0.377561 0.889100
vt 0.409058 0.883548
vt 0.377561 0.877995
vt 0.381358 0.867560
vt 0.388506 0.859052
vt 0.398113 0.853500
vt 0.409059 0.851572
vt 0.419988 0.853500
vt 0.429611 0.859052
vt 0.436743 0.867560
vt 0.440540 0.877995
vt 0.440540 0.889100
vt 0.436743 0.899536
vt 0.429611 0.908042
vt 0.419988 0.913595
vt 0.409059 0.915523
vt 0.398113 0.913595
vt 0.388506 0.908042
vt 0.969077 0.401079
vt 0.969077 0.406093
vt 0.962625 0.406093
vt 0.962625 0.401079
vt 0.962625 0.396069
vt 0.969077 0.396069
vt 0.962625 0.391055
vt 0.969077 0.391055
vt 0.962625 0.386046
vt 0.969077 0.386046
vt 0.962625 0.381036
vt 0.969077 0.381036
vt 0.962625 0.376026
vt 0.969077 0.376026
vt 0.962625 0.371013
vt 0.969077 0.371013
vt 0.962625 0.366003
vt 0.969077 0.366003
vt 0.962625 0.360989
vt 0.969077 0.360989
vt 0.962625 0.355983
vt 0.969077 0.355983
vt 0.962625 0.350972
vt 0.969077 0.350972
vt 0.962625 0.345964
vt 0.969077 0.345964
vt 0.962625 0.340954
vt 0.969077 0.340954
vt 0.962625 0.335944
vt 0.969077 0.335944
vt 0.962625 0.421118
vt 0.969077 0.421118
vt 0.969077 0.426127
vt 0.962625 0.426127
vt 0.962625 0.416109
vt 0.969077 0.416109
vt 0.962625 0.411099
vt 0.969077 0.411099
vt 0.993281 0.052269
vt 0.996094 0.052269
vt 0.996094 0.174165
vt 0.993281 0.174165
vt 0.996094 0.311838
vt 0.993281 0.311838
vt 0.993281 0.189849
vt 0.996094 0.189849
vt 0.662718 0.812224
vt 0.662718 0.449582
vt 0.709379 0.449306
vt 0.709379 0.812224
vt 0.721716 0.894660
vt 0.721716 0.532019
vt 0.768377 0.532019
vt 0.768377 0.894936
vt 0.797877 0.976039
vt 0.751215 0.976038
vt 0.775039 0.906689
vt 0.935539 0.968362
vt 0.924366 0.973370
vt 0.935539 0.905556
vt 0.975906 0.589535
vt 0.967551 0.589540
vt 0.967544 0.576397
vt 0.975900 0.576392
vt 0.763374 0.908225
vt 0.751216 0.913217
vt 0.888877 0.905557
vt 0.901035 0.973370
vt 0.888878 0.968378
vt 0.786705 0.908225
vt 0.797877 0.913217
vt 0.912701 0.974921
vt 0.996094 0.025020
vt 0.993281 0.025020
vt 0.993281 0.003906
vt 0.996094 0.003906
vt 0.993281 0.339131
vt 0.996094 0.339131
vt 0.996094 0.360247
vt 0.993281 0.360247
vt 0.975912 0.613070
vt 0.967541 0.613071
vt 0.967556 0.601306
vt 0.975912 0.601303
vt 0.306226 0.847709
vt 0.306226 0.928770
vt 0.259565 0.928770
vt 0.259565 0.847575
vt 0.365224 0.851586
vt 0.365224 0.932657
vt 0.318563 0.932780
vt 0.318563 0.851586
vt 0.975912 0.625315
vt 0.967541 0.625309
vt 0.672717 0.923979
vt 0.662718 0.923979
vt 0.662718 0.915323
vt 0.672717 0.915323
vt 0.672717 0.932650
vt 0.662718 0.932650
vt 0.672717 0.941321
vt 0.662718 0.941321
vt 0.672717 0.949988
vt 0.662718 0.949988
vt 0.672717 0.958656
vt 0.662718 0.958656
vt 0.672717 0.967323
vt 0.662718 0.967323
vt 0.672717 0.975993
vt 0.662718 0.975993
vt 0.672717 0.828638
vt 0.662718 0.828638
vt 0.662718 0.819966
vt 0.672717 0.819966
vt 0.672717 0.837294
vt 0.662718 0.837294
vt 0.672717 0.845966
vt 0.662718 0.845966
vt 0.672717 0.854637
vt 0.662718 0.854637
vt 0.672717 0.863307
vt 0.662718 0.863307
vt 0.672717 0.871975
vt 0.662718 0.871975
vt 0.672717 0.880642
vt 0.662718 0.880642
vt 0.672717 0.889309
vt 0.662718 0.889309
vt 0.672717 0.897979
vt 0.662718 0.897979
vt 0.672717 0.906651
vt 0.662718 0.906651
vt 0.085527 0.951499
vt 0.082570 0.943364
vt 0.107144 0.939027
vt 0.082570 0.934692
vt 0.085535 0.926545
vt 0.091108 0.919906
vt 0.098615 0.915575
vt 0.107152 0.914073
vt 0.115689 0.915584
vt 0.123196 0.919923
vt 0.128760 0.926555
vt 0.131724 0.934704
vt 0.131724 0.943375
vt 0.128760 0.951523
vt 0.123187 0.958160
vt 0.115680 0.962492
vt 0.107144 0.963995
vt 0.098606 0.962484
vt 0.091099 0.958145
vt 0.059435 0.945539
vt 0.060981 0.941288
vt 0.072726 0.943366
vt 0.069770 0.951502
vt 0.060980 0.936766
vt 0.072726 0.934694
vt 0.059428 0.932519
vt 0.069762 0.926547
vt 0.056521 0.929051
vt 0.064189 0.919908
vt 0.052603 0.926790
vt 0.056682 0.915577
vt 0.048146 0.926009
vt 0.048145 0.914074
vt 0.039607 0.915585
vt 0.043694 0.926792
vt 0.032100 0.919925
vt 0.039777 0.929054
vt 0.026537 0.926557
vt 0.036870 0.932519
vt 0.023572 0.934706
vt 0.035325 0.936770
vt 0.023572 0.943377
vt 0.035319 0.941306
vt 0.026537 0.951525
vt 0.036870 0.945553
vt 0.039776 0.949021
vt 0.032109 0.958163
vt 0.043695 0.951282
vt 0.039617 0.962494
vt 0.048152 0.952063
vt 0.048153 0.963997
vt 0.052604 0.951280
vt 0.056691 0.962486
vt 0.056529 0.949005
vt 0.064198 0.958147
vt 0.229559 0.895915
vt 0.192594 0.902146
vt 0.191637 0.896973
vt 0.228504 0.892574
vt 0.230997 0.899204
vt 0.193838 0.907197
vt 0.232795 0.902436
vt 0.195318 0.912103
vt 0.234919 0.905638
vt 0.196966 0.916864
vt 0.237301 0.908856
vt 0.198700 0.921480
vt 0.239906 0.912206
vt 0.200422 0.925978
vt 0.242526 0.915899
vt 0.202019 0.930404
vt 0.239654 0.859539
vt 0.199315 0.846183
vt 0.200916 0.841667
vt 0.242035 0.855839
vt 0.237168 0.862855
vt 0.197648 0.850784
vt 0.234819 0.866032
vt 0.196009 0.855507
vt 0.232698 0.869201
vt 0.194477 0.860384
vt 0.230923 0.872406
vt 0.193140 0.865384
vt 0.229496 0.875668
vt 0.192053 0.870515
vt 0.228463 0.878994
vt 0.191268 0.875748
vt 0.227846 0.882369
vt 0.190822 0.881050
vt 0.227634 0.885769
vt 0.190733 0.886377
vt 0.227863 0.889188
vt 0.191009 0.891709
vt 0.232441 0.891588
vt 0.233422 0.894406
vt 0.234699 0.897175
vt 0.236328 0.899846
vt 0.238255 0.902434
vt 0.240586 0.904907
vt 0.243201 0.907125
vt 0.246309 0.908837
vt 0.243072 0.864547
vt 0.246178 0.862675
vt 0.240419 0.866818
vt 0.238134 0.869271
vt 0.236210 0.871805
vt 0.234647 0.874459
vt 0.233335 0.877179
vt 0.232437 0.880002
vt 0.231879 0.882881
vt 0.231629 0.885787
vt 0.231839 0.888699
vt 0.237678 0.889804
vt 0.238356 0.891723
vt 0.239366 0.893507
vt 0.240592 0.895168
vt 0.242045 0.896627
vt 0.243658 0.897829
vt 0.245481 0.898607
vt 0.247494 0.898729
vt 0.247494 0.872892
vt 0.245363 0.873029
vt 0.243552 0.873811
vt 0.241941 0.875013
vt 0.240567 0.876487
vt 0.239343 0.878114
vt 0.238424 0.879919
vt 0.237688 0.881804
vt 0.237230 0.883779
vt 0.237148 0.885798
vt 0.237263 0.887811
vt 0.244157 0.885829
vt 0.779845 0.003906
vt 0.779845 0.524276
vt 0.777605 0.524276
vt 0.777605 0.003906
vt 0.775361 0.524276
vt 0.775361 0.003906
vt 0.773121 0.524276
vt 0.773121 0.003906
vt 0.770881 0.524276
vt 0.770881 0.003906
vt 0.811190 0.003906
vt 0.811190 0.524276
vt 0.808950 0.524276
vt 0.808950 0.003906
vt 0.806711 0.524276
vt 0.806711 0.003906
vt 0.804471 0.524276
vt 0.804471 0.003906
vt 0.802226 0.524276
vt 0.802226 0.003906
vt 0.799986 0.524276
vt 0.799986 0.003906
vt 0.797746 0.524276
vt 0.797746 0.003906
vt 0.795515 0.524276
vt 0.795515 0.003906
vt 0.793275 0.524276
vt 0.793275 0.003906
vt 0.791036 0.524276
vt 0.791036 0.003906
vt 0.788796 0.524276
vt 0.788796 0.003906
vt 0.786556 0.524276
vt 0.786556 0.003906
vt 0.784316 0.524276
vt 0.784316 0.003906
vt 0.782085 0.524276
vt 0.782085 0.003906
vt 0.952943 0.602451
vt 0.942959 0.602451
vt 0.942959 0.599425
vt 0.952943 0.599425
vt 0.942959 0.596393
vt 0.952943 0.596393
vt 0.942959 0.593363
vt 0.952943 0.593363
vt 0.942959 0.590338
vt 0.952943 0.590338
vt 0.942959 0.587310
vt 0.952943 0.587310
vt 0.942959 0.584284
vt 0.952943 0.584284
vt 0.942959 0.581253
vt 0.952943 0.581253
vt 0.942959 0.578221
vt 0.952943 0.578221
vt 0.942959 0.575196
vt 0.952943 0.575196
vt 0.942959 0.572170
vt 0.952943 0.572170
vt 0.942959 0.569138
vt 0.952943 0.569138
vt 0.942959 0.566118
vt 0.952943 0.566118
vt 0.942959 0.563087
vt 0.952943 0.563087
vt 0.942959 0.560059
vt 0.952943 0.560059
vt 0.942959 0.557028
vt 0.952943 0.557028
vt 0.942959 0.554007
vt 0.952943 0.554007
vt 0.942959 0.605477
vt 0.952943 0.605477
vt 0.952943 0.608508
vt 0.942959 0.608508
vt 0.983510 0.675816
vt 0.983510 0.679057
vt 0.982291 0.679057
vt 0.982291 0.675816
vt 0.983510 0.682299
vt 0.982291 0.682299
vt 0.983510 0.685542
vt 0.982291 0.685542
vt 0.983510 0.688781
vt 0.982291 0.688781
vt 0.983510 0.692021
vt 0.982291 0.692021
vt 0.983510 0.695259
vt 0.982291 0.695259
vt 0.983510 0.698502
vt 0.982291 0.698502
vt 0.954004 0.734782
vt 0.952792 0.734782
vt 0.952792 0.731540
vt 0.954004 0.731540
vt 0.954004 0.728298
vt 0.952792 0.728298
vt 0.954004 0.725065
vt 0.952792 0.725065
vt 0.952792 0.721822
vt 0.954004 0.721822
vt 0.952792 0.718585
vt 0.954004 0.718585
vt 0.952792 0.715343
vt 0.954004 0.715343
vt 0.952792 0.712103
vt 0.954004 0.712103
vt 0.952792 0.708862
vt 0.954004 0.708862
vt 0.952792 0.705624
vt 0.954004 0.705624
vt 0.983510 0.672583
vt 0.982291 0.672583
vt 0.982291 0.669340
vt 0.983510 0.669340
vt 0.736963 0.962846
vt 0.696764 0.955415
vt 0.698240 0.952688
vt 0.737738 0.959179
vt 0.699572 0.950007
vt 0.738455 0.955448
vt 0.700714 0.947326
vt 0.739081 0.951653
vt 0.701632 0.944634
vt 0.739586 0.947805
vt 0.702297 0.941920
vt 0.739946 0.943914
vt 0.702699 0.939183
vt 0.740147 0.939994
vt 0.702832 0.936432
vt 0.740177 0.936058
vt 0.702689 0.933679
vt 0.740035 0.932133
vt 0.702271 0.930929
vt 0.739727 0.928227
vt 0.701590 0.928206
vt 0.739265 0.924378
vt 0.700653 0.925490
vt 0.738667 0.920572
vt 0.699481 0.922784
vt 0.737960 0.916829
vt 0.698091 0.920078
vt 0.737180 0.913161
vt 0.696571 0.917335
vt 0.736364 0.909563
vt 0.694997 0.914476
vt 0.735559 0.906026
vt 0.693558 0.911367
vt 0.734811 0.902524
vt 0.695234 0.958245
vt 0.736176 0.966437
vt 0.735417 0.969986
vt 0.693774 0.961330
vt 0.693287 0.951869
vt 0.694814 0.949856
vt 0.696119 0.947751
vt 0.697192 0.945573
vt 0.698067 0.943348
vt 0.698720 0.941065
vt 0.699057 0.938749
vt 0.699198 0.936418
vt 0.699067 0.934086
vt 0.698679 0.931772
vt 0.698044 0.929492
vt 0.697177 0.927258
vt 0.696100 0.925085
vt 0.694770 0.922998
vt 0.693161 0.920955
vt 0.691357 0.919059
vt 0.688986 0.917461
vt 0.691511 0.953733
vt 0.689382 0.955292
vt 0.690259 0.945962
vt 0.691444 0.944987
vt 0.692448 0.943817
vt 0.693288 0.942506
vt 0.693918 0.941067
vt 0.694373 0.939552
vt 0.694713 0.937996
vt 0.694793 0.936406
vt 0.694675 0.934816
vt 0.694361 0.933251
vt 0.693864 0.931759
vt 0.693188 0.930342
vt 0.692340 0.929026
vt 0.691370 0.927847
vt 0.690220 0.926885
vt 0.688816 0.926234
vt 0.687301 0.926063
vt 0.687301 0.946859
vt 0.688890 0.946632
vt 0.689500 0.936437
vt 0.597970 0.907445
vt 0.594376 0.908078
vt 0.594376 0.906305
vt 0.597355 0.905779
vt 0.599982 0.904265
vt 0.601118 0.905624
vt 0.601933 0.901946
vt 0.603469 0.902832
vt 0.602961 0.899100
vt 0.604713 0.899408
vt 0.602961 0.896073
vt 0.604713 0.895764
vt 0.601933 0.893227
vt 0.603469 0.892341
vt 0.599982 0.890908
vt 0.601118 0.889549
vt 0.597355 0.889394
vt 0.597970 0.887727
vt 0.594376 0.888868
vt 0.594376 0.887094
vt 0.591396 0.889394
vt 0.590797 0.887727
vt 0.588769 0.890908
vt 0.587632 0.889549
vt 0.586834 0.893227
vt 0.585298 0.892341
vt 0.585789 0.896073
vt 0.584054 0.895764
vt 0.585789 0.899100
vt 0.584054 0.899408
vt 0.586834 0.901946
vt 0.585298 0.902832
vt 0.588769 0.904265
vt 0.587632 0.905624
vt 0.591396 0.905779
vt 0.590797 0.907445
vt 0.942959 0.449971
vt 0.966567 0.449971
vt 0.966567 0.453620
vt 0.942959 0.453620
vt 0.966567 0.457258
vt 0.942959 0.457258
vt 0.966567 0.460907
vt 0.942959 0.460907
vt 0.966567 0.464550
vt 0.942959 0.464550
vt 0.966567 0.468194
vt 0.942959 0.468194
vt 0.966567 0.471837
vt 0.942959 0.471837
vt 0.966567 0.475486
vt 0.942959 0.475486
vt 0.966567 0.479123
vt 0.942959 0.479123
vt 0.966567 0.482773
vt 0.942959 0.482773
vt 0.966567 0.486407
vt 0.942959 0.486407
vt 0.966567 0.490058
vt 0.942959 0.490058
vt 0.966567 0.493697
vt 0.942959 0.493697
vt 0.966567 0.497340
vt 0.942959 0.497340
vt 0.966567 0.500984
vt 0.942959 0.500984
vt 0.966567 0.504627
vt 0.942959 0.504627
vt 0.966567 0.508267
vt 0.942959 0.508267
vt 0.966567 0.446336
vt 0.942959 0.446336
vt 0.942959 0.442685
vt 0.966567 0.442685
vt 0.972458 0.221414
vt 0.972458 0.216838
vt 0.977725 0.216838
vt 0.977725 0.221414
vt 0.972458 0.225981
vt 0.977725 0.225981
vt 0.977725 0.230552
vt 0.972458 0.230552
vt 0.977725 0.235123
vt 0.972458 0.235123
vt 0.977725 0.239692
vt 0.972458 0.239692
vt 0.977725 0.244263
vt 0.972458 0.244263
vt 0.977725 0.248835
vt 0.972458 0.248835
vt 0.977725 0.253401
vt 0.972458 0.253401
vt 0.977725 0.257977
vt 0.972458 0.257977
vt 0.977725 0.262537
vt 0.972458 0.262537
vt 0.977725 0.267110
vt 0.972458 0.267110
vt 0.977725 0.271682
vt 0.972458 0.271682
vt 0.977725 0.276250
vt 0.972458 0.276250
vt 0.977725 0.280820
vt 0.972458 0.280820
vt 0.977725 0.285388
vt 0.972458 0.285388
vt 0.977725 0.289960
vt 0.972458 0.289960
vt 0.972458 0.212278
vt 0.972458 0.207705
vt 0.977725 0.207705
vt 0.977725 0.212278
vt 0.948780 0.423954
vt 0.942959 0.423954
vt 0.942959 0.418448
vt 0.948780 0.418448
vt 0.942959 0.412950
vt 0.948780 0.412950
vt 0.942959 0.407452
vt 0.948780 0.407452
vt 0.942959 0.401949
vt 0.948780 0.401949
vt 0.942959 0.396449
vt 0.948780 0.396449
vt 0.942959 0.390946
vt 0.948780 0.390946
vt 0.942959 0.385448
vt 0.948780 0.385448
vt 0.942959 0.379950
vt 0.948780 0.379950
vt 0.942959 0.374444
vt 0.948780 0.374444
vt 0.942959 0.368954
vt 0.948780 0.368954
vt 0.942959 0.363455
vt 0.948780 0.363455
vt 0.942959 0.357947
vt 0.948780 0.357947
vt 0.942959 0.352450
vt 0.948780 0.352450
vt 0.942959 0.346950
vt 0.948780 0.346950
vt 0.942959 0.341452
vt 0.948780 0.341452
vt 0.942959 0.335944
vt 0.948780 0.335944
vt 0.942959 0.429444
vt 0.948780 0.429444
vt 0.948780 0.434943
vt 0.942959 0.434943
vt 0.226747 0.951156
vt 0.225149 0.946758
vt 0.238395 0.944426
vt 0.229747 0.954729
vt 0.233793 0.957074
vt 0.238393 0.957886
vt 0.242993 0.957076
vt 0.247039 0.954742
vt 0.250041 0.951157
vt 0.251641 0.946774
vt 0.251641 0.942095
vt 0.250046 0.937712
vt 0.247043 0.934124
vt 0.243000 0.931794
vt 0.238399 0.930982
vt 0.233799 0.931792
vt 0.229754 0.934126
vt 0.226749 0.937696
vt 0.225151 0.942095
vt 0.975129 0.077480
vt 0.975129 0.083144
vt 0.967852 0.083144
vt 0.967852 0.077480
vt 0.967852 0.071818
vt 0.975129 0.071818
vt 0.967852 0.066162
vt 0.975129 0.066162
vt 0.967852 0.060500
vt 0.975129 0.060500
vt 0.967852 0.054841
vt 0.975129 0.054841
vt 0.967852 0.049179
vt 0.975129 0.049179
vt 0.967852 0.043523
vt 0.975129 0.043523
vt 0.967852 0.037862
vt 0.975129 0.037862
vt 0.967852 0.032198
vt 0.975129 0.032198
vt 0.967852 0.026541
vt 0.975129 0.026541
vt 0.967852 0.020886
vt 0.975129 0.020886
vt 0.967852 0.015225
vt 0.975129 0.015225
vt 0.967852 0.009566
vt 0.975129 0.009566
vt 0.967852 0.003906
vt 0.975129 0.003906
vt 0.967852 0.100116
vt 0.975129 0.100116
vt 0.975129 0.105775
vt 0.967852 0.105775
vt 0.967852 0.094455
vt 0.975129 0.094455
vt 0.967852 0.088800
vt 0.975129 0.088800
vt 0.963143 0.083144
vt 0.963143 0.077480
vt 0.963143 0.071818
vt 0.963143 0.066162
vt 0.963143 0.060500
vt 0.963143 0.054841
vt 0.963143 0.049179
vt 0.963143 0.043523
vt 0.963143 0.037862
vt 0.963143 0.032198
vt 0.963143 0.026541
vt 0.963143 0.020886
vt 0.963143 0.015225
vt 0.963143 0.009566
vt 0.963143 0.003906
vt 0.963143 0.100116
vt 0.963143 0.105775
vt 0.963143 0.094455
vt 0.963143 0.088800
vt 0.952792 0.083144
vt 0.952792 0.077480
vt 0.952792 0.088800
vt 0.952792 0.094455
vt 0.952792 0.100116
vt 0.952792 0.105775
vt 0.952792 0.003906
vt 0.952792 0.009566
vt 0.952792 0.015225
vt 0.952792 0.020886
vt 0.952792 0.026541
vt 0.952792 0.032198
vt 0.952792 0.037862
vt 0.952792 0.043523
vt 0.952792 0.049179
vt 0.952792 0.054841
vt 0.952792 0.060500
vt 0.952792 0.066162
vt 0.952792 0.071818
vt 0.721716 0.520922
vt 0.721716 0.449177
vt 0.743115 0.485057
vt 0.151401 0.952860
vt 0.151401 0.881115
vt 0.172800 0.916980
vt 0.952792 0.292983
vt 0.952792 0.261236
vt 0.958364 0.261236
vt 0.958364 0.292983
vt 0.952792 0.226018
vt 0.958364 0.226018
vt 0.958228 0.149630
vt 0.952792 0.149630
vt 0.952792 0.113518
vt 0.958228 0.113518
vt 0.958228 0.182168
vt 0.952792 0.182168
vt 0.958228 0.218275
vt 0.952792 0.218275
vt 0.958364 0.328202
vt 0.952792 0.328202
vt 0.264481 0.936513
vt 0.281961 0.936513
vt 0.281961 0.968630
vt 0.264481 0.968630
vt 0.706734 0.879988
vt 0.687301 0.849852
vt 0.706734 0.819732
vt 0.982058 0.568884
vt 0.962625 0.538763
vt 0.982058 0.508627
vt 0.408035 0.983508
vt 0.377561 0.983508
vt 0.382076 0.971159
vt 0.403534 0.971159
vt 0.377561 0.923252
vt 0.382076 0.935602
vt 0.408035 0.923252
vt 0.403534 0.935602
vt 0.178473 0.973547
vt 0.196792 0.973613
vt 0.199314 0.975779
vt 0.175984 0.975729
vt 0.178494 0.940280
vt 0.175984 0.938115
vt 0.196813 0.940345
vt 0.199314 0.938161
vt 0.281026 0.421012
vt 0.280761 0.824875
vt 0.274465 0.823649
vt 0.274702 0.422304
vt 0.268158 0.822630
vt 0.268368 0.423372
vt 0.261844 0.821869
vt 0.262031 0.424163
vt 0.255516 0.821400
vt 0.255689 0.424651
vt 0.249171 0.821242
vt 0.249339 0.424820
vt 0.242825 0.821407
vt 0.242997 0.424667
vt 0.236479 0.821891
vt 0.236665 0.424201
vt 0.230136 0.822679
vt 0.230344 0.423443
vt 0.223814 0.823740
vt 0.224050 0.422429
vt 0.217490 0.825028
vt 0.217753 0.421207
vt 0.211122 0.826460
vt 0.211403 0.419849
vt 0.204655 0.827884
vt 0.204941 0.418476
vt 0.197927 0.829120
vt 0.198208 0.417234
vt 0.190538 0.829682
vt 0.190925 0.416248
vt 0.300302 0.828856
vt 0.300586 0.416908
vt 0.307971 0.416346
vt 0.307582 0.829846
vt 0.293566 0.827611
vt 0.293854 0.418149
vt 0.287097 0.826233
vt 0.287380 0.419579
vt 0.269292 0.832208
vt 0.266516 0.830765
vt 0.270481 0.834030
vt 0.268768 0.836109
vt 0.262209 0.837648
vt 0.249281 0.839901
vt 0.235971 0.837035
vt 0.229330 0.834998
vt 0.227918 0.832768
vt 0.229486 0.831172
vt 0.232458 0.830079
vt 0.236146 0.829222
vt 0.240299 0.828511
vt 0.244796 0.828008
vt 0.249492 0.827843
vt 0.254194 0.828092
vt 0.258705 0.828715
vt 0.262870 0.829619
vt 0.266048 0.415973
vt 0.269021 0.414879
vt 0.262356 0.416832
vt 0.258203 0.417549
vt 0.253710 0.418055
vt 0.249014 0.418221
vt 0.244311 0.417974
vt 0.239797 0.417353
vt 0.235631 0.416454
vt 0.231988 0.415313
vt 0.229213 0.413871
vt 0.228016 0.412051
vt 0.229719 0.409972
vt 0.236273 0.408434
vt 0.249196 0.406173
vt 0.262506 0.409025
vt 0.269160 0.411056
vt 0.270582 0.413284
vt 0.249233 0.836416
vt 0.249264 0.409651
s 1
usemtl 材质.002
f 4/1/1 1/2/1 2/3/1 3/4/1
f 7/5/2 8/6/2 5/7/2 6/8/2
f 11/9/3 12/10/3 9/11/3 10/12/3
f 15/13/2 16/14/2 13/15/2 14/16/2
f 20/17/1 17/18/1 18/19/1 19/20/1
f 24/21/4 21/22/4 22/23/4 23/24/4
f 26/25/4 27/26/4 28/27/4 25/28/4
f 29/29/5 30/30/5 31/31/5 32/32/5
f 33/33/6 34/34/6 35/35/6 36/36/6
f 39/37/5 40/38/5 37/39/5 38/40/5
f 44/41/4 41/42/4 42/43/4 43/44/4
f 47/45/6 48/46/6 45/47/6 46/48/6
f 50/49/5 51/50/5 52/51/5 49/52/5
f 56/53/6 53/54/6 54/55/6 55/56/6
f 59/57/6 60/58/6 57/59/6 58/60/6
f 64/61/4 61/62/4 62/63/4 63/64/4
f 67/65/5 68/66/5 65/67/5 66/68/5
f 72/69/5 69/70/5 70/71/5 71/72/5
f 73/73/5 74/74/5 75/75/5 76/76/5
f 78/77/4 79/78/4 80/79/4 77/80/4
f 81/81/6 82/82/6 83/83/6 84/84/6
f 86/85/6 87/86/6 88/87/6 85/88/6
f 62/63/4 89/89/4 63/64/4
f 90/90/2 91/91/2 92/92/2 93/93/2
f 94/94/4 95/95/4 96/96/4 97/97/4
f 98/98/1 99/99/1 100/100/1 101/101/1
f 77/80/4 80/79/4 102/102/4
f 103/103/2 104/104/7 105/105/7 106/106/2
f 104/104/7 107/107/8 108/108/8 105/105/7
f 107/107/8 109/109/9 110/110/9 108/108/8
f 109/109/9 111/111/10 112/112/10 110/110/9
f 111/111/10 113/113/11 114/114/11 112/112/10
f 113/113/11 115/115/12 116/116/12 114/114/11
f 115/115/12 117/117/13 118/118/13 116/116/12
f 117/117/13 119/119/14 120/120/14 118/118/13
f 119/119/14 121/121/1 122/122/1 120/120/14
f 121/121/1 123/123/15 124/124/15 122/122/1
f 123/123/15 125/125/16 126/126/16 124/124/15
f 127/127/17 128/128/18 129/129/18 130/130/17
f 128/128/18 131/131/19 132/132/19 129/129/18
f 131/131/19 133/133/20 134/134/20 132/132/19
f 133/133/20 135/135/21 136/136/21 134/134/20
f 135/135/21 137/137/22 138/138/22 136/136/21
f 137/137/22 139/139/23 140/140/23 138/138/22
f 139/139/23 103/103/2 106/106/2 140/140/23
f 144/141/27 141/142/24 142/143/25 143/144/26
f 141/142/24 145/145/28 146/146/29 142/143/25
f 145/145/28 147/147/30 148/148/31 146/146/29
f 147/147/30 149/149/32 150/150/33 148/148/31
f 149/149/32 151/151/34 152/152/35 150/150/33
f 151/151/34 153/153/36 154/154/37 152/152/35
f 153/153/36 155/155/38 156/156/39 154/154/37
f 155/155/38 157/157/40 158/158/41 156/156/39
f 157/157/40 159/159/42 160/160/43 158/158/41
f 159/159/42 161/161/44 162/162/45 160/160/43
f 161/161/44 163/163/46 164/164/47 162/162/45
f 163/163/46 165/165/48 166/166/49 164/164/47
f 165/165/48 167/167/50 168/168/51 166/166/49
f 167/167/50 169/169/52 170/170/53 168/168/51
f 169/169/52 171/171/54 172/172/55 170/170/53
f 171/171/54 173/173/56 174/174/57 172/172/55
f 173/173/56 175/175/58 176/176/59 174/174/57
f 175/175/58 144/141/27 143/144/26 176/176/59
f 143/144/26 142/143/25 177/177/60 178/178/61
f 142/143/25 146/146/29 179/179/62 177/177/60
f 146/146/29 148/148/31 180/180/63 179/179/62
f 148/148/31 150/150/33 181/181/64 180/180/63
f 150/150/33 152/152/35 182/182/65 181/181/64
f 152/152/35 154/154/37 183/183/66 182/182/65
f 154/154/37 156/156/39 184/184/67 183/183/66
f 156/156/39 158/158/41 185/185/68 184/184/67
f 158/158/41 160/160/43 186/186/69 185/185/68
f 160/160/43 162/162/45 187/187/70 186/186/69
f 162/162/45 164/164/47 188/188/71 187/187/70
f 164/164/47 166/166/49 189/189/72 188/188/71
f 166/166/49 168/168/51 190/190/73 189/189/72
f 168/168/51 170/170/53 191/191/74 190/190/73
f 170/170/53 172/172/55 192/192/75 191/191/74
f 172/172/55 174/174/57 193/193/76 192/192/75
f 174/174/57 176/176/59 194/194/77 193/193/76
f 176/176/59 143/144/26 178/178/61 194/194/77
f 195/195/2 196/196/7 197/197/7 198/198/2
f 196/196/7 199/199/8 200/200/8 197/197/7
f 199/199/8 201/201/9 202/202/9 200/200/8
f 201/201/9 203/203/78 204/204/78 202/202/9
f 203/203/78 205/205/79 206/206/79 204/204/78
f 205/205/79 207/207/12 208/208/12 206/206/79
f 207/207/12 209/209/13 210/210/13 208/208/12
f 209/209/13 211/211/14 212/212/14 210/210/13
f 211/211/14 213/213/1 214/214/1 212/212/14
f 213/213/1 215/215/15 216/216/15 214/214/1
f 215/215/15 217/217/80 218/218/80 216/216/15
f 217/217/80 219/219/18 220/220/18 218/218/80
f 219/219/18 221/221/81 222/222/81 220/220/18
f 221/221/81 223/223/82 224/224/82 222/222/81
f 223/223/82 225/225/21 226/226/21 224/224/82
f 225/225/21 227/227/22 228/228/22 226/226/21
f 227/227/22 229/229/83 230/230/83 228/228/22
f 231/231/84 195/195/2 198/198/2 232/232/84
f 235/233/5 236/234/5 233/235/5 234/236/5
f 237/237/5 238/238/5 235/233/5 234/236/5
f 239/239/5 240/240/5 238/238/5 237/237/5
f 241/241/5 242/242/5 240/240/5 239/239/5
f 243/243/5 244/244/5 242/242/5 241/241/5
f 245/245/5 246/246/5 244/244/5 243/243/5
f 247/247/5 248/248/5 246/246/5 245/245/5
f 249/249/5 250/250/5 248/248/5 247/247/5
f 249/249/5 251/251/5 252/252/5 250/250/5
f 253/253/5 254/254/5 255/255/5 256/256/5
f 255/255/5 254/254/5 257/257/5 258/258/5
f 258/258/5 257/257/5 259/259/5 260/260/5
f 260/260/5 259/259/5 261/261/5 262/262/5
f 262/262/5 261/261/5 263/263/5 264/264/5
f 264/264/5 263/263/5 265/265/5 266/266/5
f 266/266/5 265/265/5 267/267/5 268/268/5
f 268/268/5 267/267/5 269/269/5 270/270/5
f 236/234/5 270/270/5 269/269/5 233/235/5
f 273/271/86 274/272/85 271/273/85 272/274/86
f 276/275/87 273/271/86 272/274/86 275/276/87
f 278/277/88 276/275/87 275/276/87 277/278/88
f 280/279/89 278/277/88 277/278/88 279/280/89
f 282/281/90 280/279/89 279/280/89 281/282/90
f 284/283/92 282/281/90 281/282/90 283/284/91
f 286/285/93 284/283/92 283/284/91 285/286/93
f 288/287/94 286/285/93 285/286/93 287/288/94
f 290/289/95 288/287/94 287/288/94 289/290/95
f 292/291/97 290/289/95 289/290/95 291/292/96
f 294/293/98 292/291/97 291/292/96 293/294/98
f 296/295/99 294/293/98 293/294/98 295/296/99
f 299/297/101 300/298/100 297/299/100 298/300/101
f 302/301/102 299/297/101 298/300/101 301/302/102
f 304/303/103 302/301/102 301/302/102 303/304/103
f 306/305/104 304/303/103 303/304/103 305/306/104
f 308/307/105 306/305/104 305/306/104 307/308/105
f 274/272/85 308/307/105 307/308/105 271/273/85
f 309/309/106 310/310/107 311/311/108 312/312/109
f 310/310/107 313/313/110 314/314/111 311/311/108
f 313/313/110 315/315/112 316/316/113 314/314/111
f 315/315/112 317/317/114 318/318/115 316/316/113
f 319/319/116 320/320/117 321/321/118 322/322/119
f 320/320/117 323/323/120 324/324/121 321/321/118
f 323/323/120 325/325/122 326/326/123 324/324/121
f 325/325/122 327/327/124 328/328/125 326/326/123
f 327/327/124 329/329/126 330/330/127 328/328/125
f 329/329/126 331/331/128 332/332/129 330/330/127
f 331/331/128 333/333/130 334/334/131 332/332/129
f 333/333/130 335/335/132 336/336/133 334/334/131
f 335/335/132 337/337/134 338/338/135 336/336/133
f 337/337/134 339/339/136 340/340/137 338/338/135
f 339/339/136 341/341/138 342/342/139 340/340/137
f 341/341/138 343/343/140 344/344/141 342/342/139
f 343/343/140 345/345/142 346/346/143 344/344/141
f 345/345/142 309/309/106 312/312/109 346/346/143
f 312/312/109 311/311/108 347/347/144 348/348/145
f 311/311/108 314/314/111 349/349/146 347/347/144
f 314/314/111 316/316/113 350/350/147 349/349/146
f 316/316/113 318/318/115 351/351/148 350/350/147
f 322/322/119 321/321/118 352/352/149 353/353/150
f 321/321/118 324/324/121 354/354/151 352/352/149
f 324/324/121 326/326/123 355/355/152 354/354/151
f 326/326/123 328/328/125 356/356/153 355/355/152
f 328/328/125 330/330/127 357/357/154 356/356/153
f 330/330/127 332/332/129 358/358/155 357/357/154
f 332/332/129 334/334/131 359/359/156 358/358/155
f 334/334/131 336/336/133 360/360/157 359/359/156
f 336/336/133 338/338/135 361/361/158 360/360/157
f 338/338/135 340/340/137 362/362/159 361/361/158
f 340/340/137 342/342/139 363/363/160 362/362/159
f 342/342/139 344/344/141 364/364/161 363/363/160
f 344/344/141 346/346/143 365/365/162 364/364/161
f 346/346/143 312/312/109 348/348/145 365/365/162
f 348/348/145 347/347/144 366/366/163 367/367/164
f 347/347/144 349/349/146 368/368/165 366/366/163
f 349/349/146 350/350/147 369/369/166 368/368/165
f 350/350/147 351/351/148 370/370/167 369/369/166
f 353/353/150 352/352/149 371/371/168 372/372/169
f 361/361/158 362/362/159 373/373/170 374/374/171
f 362/362/159 363/363/160 375/375/172 373/373/170
f 363/363/160 364/364/161 376/376/173 375/375/172
f 364/364/161 365/365/162 377/377/174 376/376/173
f 365/365/162 348/348/145 367/367/164 377/377/174
f 381/378/175 378/379/175 379/380/176 380/381/176
f 383/382/178 384/383/179 385/384/180 382/385/177
f 388/386/164 389/387/181 386/388/163 387/389/164
f 389/387/181 391/390/182 390/391/165 386/388/163
f 391/390/182 393/392/183 392/393/166 390/391/165
f 393/392/183 395/394/185 394/395/184 392/393/166
f 395/394/185 383/382/178 382/385/177 394/395/184
f 398/396/187 399/397/188 396/398/170 397/399/186
f 399/397/188 401/400/189 400/401/172 396/398/170
f 401/400/189 403/402/190 402/403/173 400/401/172
f 403/402/190 405/404/191 404/405/174 402/403/173
f 405/404/191 388/386/164 387/389/164 404/405/174
f 407/406/193 398/396/187 397/399/186 406/407/192
f 410/408/6 411/409/6 408/410/6 409/411/6
f 415/412/197 412/413/194 413/414/195 414/415/196
f 417/416/199 418/417/199 419/418/198 416/419/198
f 420/420/200 421/421/201 422/422/202 423/423/203
f 425/424/205 426/425/205 427/426/204 424/427/204
f 428/428/206 429/429/206 430/430/207 431/431/208
f 432/432/209 433/433/209 434/434/210 435/435/210
f 437/436/212 438/437/212 439/438/213 436/439/211
f 440/440/214 441/441/214 442/442/215 443/443/215
f 384/383/179 444/444/216 445/445/217 385/384/180
f 446/446/218 447/447/218 380/381/176 379/380/176
f 449/448/220 407/406/193 406/407/192 448/449/219
f 412/413/194 449/448/220 448/449/219 413/414/195
f 416/419/198 419/418/198 447/447/218 446/446/218
f 444/444/216 420/420/200 423/423/203 445/445/217
f 450/450/221 451/451/222 415/412/197 414/415/196
f 452/452/223 453/453/223 418/417/199 417/416/199
f 454/454/224 455/455/225 422/422/202 421/421/201
f 456/456/226 457/457/226 426/425/205 425/424/205
f 431/431/208 430/430/207 451/451/222 450/450/221
f 435/435/210 434/434/210 453/453/223 452/452/223
f 436/439/211 439/438/213 455/455/225 454/454/224
f 443/443/215 442/442/215 457/457/226 456/456/226
f 352/352/149 354/354/151 458/458/227 371/371/168
f 354/354/151 355/355/152 459/459/228 458/458/227
f 355/355/152 356/356/153 460/460/229 459/459/228
f 356/356/153 357/357/154 461/461/230 460/460/229
f 357/357/154 358/358/155 462/462/231 461/461/230
f 358/358/155 359/359/156 463/463/232 462/462/231
f 359/359/156 360/360/157 464/464/233 463/463/232
f 360/360/157 361/361/158 374/374/171 464/464/233
f 465/465/234 466/466/234 467/467/235 468/468/235
f 469/469/236 470/470/236 466/466/234 465/465/234
f 424/427/204 427/426/204 471/471/237 472/472/237
f 473/473/5 474/474/5 378/379/175 381/378/175
f 475/475/5 476/476/5 474/474/5 473/473/5
f 477/477/5 478/478/5 476/476/5 475/475/5
f 479/479/5 480/480/5 478/478/5 477/477/5
f 479/479/5 481/481/5 480/480/5
f 482/482/238 483/483/239 484/484/239 485/485/238
f 483/483/239 486/486/240 487/487/240 484/484/239
f 486/486/240 488/488/241 489/489/241 487/487/240
f 488/488/241 490/490/242 491/491/242 489/489/241
f 490/490/242 492/492/243 493/493/243 491/491/242
f 492/492/243 494/494/244 495/495/244 493/493/243
f 494/494/244 496/496/245 497/497/245 495/495/244
f 496/496/245 498/498/246 499/499/246 497/497/245
f 498/498/246 500/500/247 501/501/247 499/499/246
f 500/500/247 502/502/248 503/503/248 501/501/247
f 502/502/248 504/504/249 505/505/249 503/503/248
f 504/504/249 506/506/250 507/507/250 505/505/249
f 506/506/250 508/508/251 509/509/251 507/507/250
f 508/508/251 510/510/252 511/511/252 509/509/251
f 510/510/252 512/512/253 513/513/253 511/511/252
f 512/512/253 514/514/254 515/515/254 513/513/253
f 514/514/254 516/516/255 517/517/255 515/515/254
f 516/516/255 482/482/238 485/485/238 517/517/255
f 518/518/5 519/519/5 520/520/5
f 519/519/5 521/521/5 520/520/5
f 521/521/5 522/522/5 520/520/5
f 522/522/5 523/523/5 520/520/5
f 523/523/5 524/524/5 520/520/5
f 524/524/5 525/525/5 520/520/5
f 525/525/5 526/526/5 520/520/5
f 526/526/5 527/527/5 520/520/5
f 527/527/5 528/528/5 520/520/5
f 528/528/5 529/529/5 520/520/5
f 529/529/5 530/530/5 520/520/5
f 530/530/5 531/531/5 520/520/5
f 531/531/5 532/532/5 520/520/5
f 532/532/5 533/533/5 520/520/5
f 533/533/5 534/534/5 520/520/5
f 534/534/5 535/535/5 520/520/5
f 535/535/5 536/536/5 520/520/5
f 536/536/5 518/518/5 520/520/5
f 539/537/2 540/538/2 537/539/2 538/540/2
f 544/541/4 541/542/4 542/543/4 543/544/4
f 548/545/1 545/546/1 546/547/1 547/548/1
f 551/549/4 552/549/4 549/550/4 550/550/4
f 553/551/6 554/552/6 555/553/6 556/554/6
f 557/555/5 558/556/5 559/557/5 560/558/5
f 561/559/256 562/560/257 563/561/257 564/562/256
f 566/563/258 567/564/259 568/565/259 565/566/258
f 570/567/260 571/568/261 572/569/261 569/570/260
f 576/571/263 573/572/262 574/573/262 575/574/263
f 578/575/264 579/576/265 580/577/265 577/578/264
f 584/579/267 581/580/266 582/581/266 583/582/267
f 588/583/269 585/584/268 586/585/268 587/586/269
f 590/587/270 591/588/271 592/589/271 589/590/270
f 595/591/5 596/592/5 593/593/5 594/594/5
f 581/580/266 561/559/256 564/562/256 582/581/266
f 562/560/257 590/587/270 589/590/270 563/561/257
f 585/584/268 566/563/258 565/566/258 586/585/268
f 567/564/259 578/575/264 577/578/264 568/565/259
f 579/576/265 570/567/260 569/570/260 580/577/265
f 571/568/261 597/595/272 598/596/272 572/569/261
f 573/572/262 588/583/269 587/586/269 574/573/262
f 600/597/273 576/571/263 575/574/263 599/550/273
f 604/598/5 601/599/5 602/600/5 603/601/5
f 608/602/5 605/603/5 606/604/5 607/605/5
f 605/603/5 609/606/5 610/607/5 606/604/5
f 609/606/5 604/598/5 603/601/5 610/607/5
f 596/592/5 608/602/5 607/605/5 593/593/5
f 612/608/5 595/591/5 594/594/5 611/609/5
f 614/610/4 615/611/4 616/612/4 613/613/4
f 619/614/3 620/615/3 617/616/3 618/617/3
f 622/618/1 623/619/1 624/620/1 621/621/1
f 626/622/5 627/623/5 628/624/5 625/625/5
f 630/626/1 622/618/1 621/621/1 629/627/1
f 623/619/1 631/628/1 632/629/1 624/620/1
f 636/630/2 633/631/2 634/632/2 635/633/2
f 638/634/2 639/635/2 640/636/2 637/637/2
f 641/638/274 642/639/274 643/622/274 644/625/274
f 645/640/275 646/641/275 647/624/275 648/623/275
f 650/642/277 651/643/277 652/644/276 649/645/276
f 649/645/276 652/644/276 653/646/278 654/647/278
f 654/647/278 653/646/278 655/648/279 656/649/279
f 656/649/279 655/648/279 657/650/280 658/651/280
f 658/651/280 657/650/280 659/652/281 660/653/281
f 660/653/281 659/652/281 661/654/282 662/655/282
f 662/655/282 661/654/282 663/656/6 664/657/6
f 665/658/283 666/659/283 664/657/6 663/656/6
f 667/660/284 668/661/284 666/659/283 665/658/283
f 669/662/285 670/663/285 668/661/284 667/660/284
f 671/664/286 672/665/286 670/663/285 669/662/285
f 673/666/287 674/667/287 672/665/286 671/664/286
f 675/668/288 676/669/288 674/667/287 673/666/287
f 679/670/290 680/671/290 677/672/289 678/673/289
f 681/674/291 682/675/291 680/671/290 679/670/290
f 683/676/5 684/677/5 682/675/291 681/674/291
f 684/677/5 683/676/5 685/678/292 686/679/292
f 686/679/292 685/678/292 651/643/277 650/642/277
f 636/630/2 687/680/2 639/635/2
f 636/630/2 688/681/2 689/682/2
f 636/630/2 689/682/2 690/683/2
f 639/635/2 691/684/2 692/685/2
f 639/635/2 692/685/2 693/686/2
f 639/635/2 693/686/2 694/687/2
f 640/636/2 639/635/2 695/688/2
f 640/636/2 695/688/2 696/689/2
f 640/636/2 696/689/2 697/690/2
f 640/636/2 697/690/2 698/691/2
f 635/633/2 699/692/2 700/693/2
f 636/630/2 635/633/2 700/693/2
f 636/630/2 700/693/2 701/694/2
f 636/630/2 701/694/2 688/681/2
f 635/633/2 702/695/2 699/692/2
f 635/633/2 703/696/2 702/695/2
f 635/633/2 704/697/2 703/696/2
f 635/633/2 640/636/2 704/697/2
f 640/636/2 698/691/2 704/697/2
f 639/635/2 694/687/2 695/688/2
f 636/630/2 690/683/2 687/680/2
f 687/680/2 691/684/2 639/635/2
f 705/698/293 706/699/294 707/700/2
f 706/699/294 708/701/295 707/700/2
f 708/701/295 709/702/296 707/700/2
f 709/702/296 710/703/297 707/700/2
f 710/703/297 711/704/298 707/700/2
f 711/704/298 712/705/299 707/700/2
f 712/705/299 713/706/300 707/700/2
f 713/706/300 714/707/301 707/700/2
f 714/707/301 715/708/302 707/700/2
f 715/708/302 716/709/303 707/700/2
f 716/709/303 717/710/304 707/700/2
f 717/710/304 718/711/305 707/700/2
f 718/711/305 719/712/306 707/700/2
f 719/712/306 720/713/307 707/700/2
f 720/713/307 721/714/308 707/700/2
f 721/714/308 722/715/309 707/700/2
f 722/715/309 723/716/310 707/700/2
f 723/716/310 705/698/293 707/700/2
f 726/717/312 727/718/311 724/719/311 725/720/312
f 726/717/312 725/720/312 728/721/313 729/722/313
f 729/722/313 728/721/313 730/723/314 731/724/314
f 731/724/314 730/723/314 732/725/315 733/726/315
f 733/726/315 732/725/315 734/727/316 735/728/316
f 735/728/316 734/727/316 736/729/317 737/730/317
f 737/730/317 736/729/317 738/731/318 739/732/318
f 739/732/318 738/731/318 740/733/319 741/734/319
f 740/733/319 742/735/320 743/736/320 741/734/319
f 742/735/320 744/737/321 745/738/321 743/736/320
f 746/739/322 747/740/322 745/738/321 744/737/321
f 748/741/323 749/742/323 747/740/322 746/739/322
f 750/743/324 751/744/324 749/742/323 748/741/323
f 752/745/325 753/746/325 751/744/324 750/743/324
f 755/747/327 756/748/327 757/749/326 754/750/326
f 758/751/328 759/752/328 756/748/327 755/747/327
f 760/753/329 761/754/329 759/752/328 758/751/328
f 727/718/311 761/754/329 760/753/329 724/719/311
f 765/755/6 762/756/6 763/757/6 764/758/6
f 768/759/5 769/760/5 766/761/5 767/762/5
f 773/763/3 770/764/3 771/765/3 772/766/3
f 777/758/330 774/757/330 775/762/330 776/761/330
f 781/767/4 778/768/4 779/769/4 780/770/4
f 782/771/331 783/772/332 784/773/333
f 785/774/334 786/775/335 787/776/336
f 791/777/339 788/778/337 789/779/338 790/780/338
f 792/781/340 783/772/332 793/782/341
f 794/783/342 795/784/343 796/785/4
f 782/771/331 797/786/344 798/787/345
f 787/776/336 786/775/335 799/788/346
f 782/771/331 784/773/333 797/786/344
f 784/773/333 783/772/332 792/781/340
f 787/776/336 799/788/346 794/783/342
f 794/783/342 799/788/346 795/784/343
f 800/789/6 801/790/6 802/791/6 803/792/6
f 762/756/6 765/755/6 801/790/6 800/789/6
f 805/793/5 806/794/5 807/795/5 804/796/5
f 769/760/5 768/759/5 806/794/5 805/793/5
f 809/797/348 810/798/348 811/799/347 808/800/347
f 813/801/349 814/802/349 815/803/349 812/804/349
f 817/805/350 818/806/350 819/807/350 816/808/350
f 808/800/347 811/799/347 788/778/337 791/777/339
f 821/809/351 820/810/351 810/798/348 809/797/348
f 823/811/352 824/812/352 825/813/5 822/814/5
f 826/815/353 827/816/353 824/812/352 823/811/352
f 828/817/354 829/818/354 827/816/353 826/815/353
f 830/819/355 831/820/355 829/818/354 828/817/354
f 832/821/356 833/822/356 831/820/355 830/819/355
f 834/823/357 835/824/357 833/822/356 832/821/356
f 836/825/358 837/826/358 835/824/357 834/823/357
f 839/827/360 840/828/360 841/829/359 838/830/359
f 842/831/6 843/832/6 840/828/360 839/827/360
f 843/832/6 842/831/6 844/833/361 845/834/361
f 845/834/361 844/833/361 846/835/362 847/836/362
f 847/836/362 846/835/362 848/837/363 849/838/363
f 849/838/363 848/837/363 850/839/364 851/840/364
f 851/840/364 850/839/364 852/841/365 853/842/365
f 853/842/365 852/841/365 854/843/366 855/844/366
f 855/844/366 854/843/366 856/845/367 857/846/367
f 857/846/367 856/845/367 858/847/368 859/848/368
f 859/848/368 858/847/368 822/814/5 825/813/5
f 860/849/4 861/850/4 862/851/4
f 861/850/4 863/852/4 862/851/4
f 863/852/4 864/853/4 862/851/4
f 864/853/4 865/854/4 862/851/4
f 865/854/4 866/855/4 862/851/4
f 866/855/4 867/856/4 862/851/4
f 867/856/4 868/857/4 862/851/4
f 868/857/4 869/858/4 862/851/4
f 869/858/4 870/859/4 862/851/4
f 870/859/4 871/860/4 862/851/4
f 871/860/4 872/861/4 862/851/4
f 872/861/4 873/862/4 862/851/4
f 873/862/4 874/863/4 862/851/4
f 874/863/4 875/864/4 862/851/4
f 875/864/4 876/865/4 862/851/4
f 876/865/4 877/866/4 862/851/4
f 877/866/4 878/867/4 862/851/4
f 878/867/4 860/849/4 862/851/4
f 881/868/3 882/869/3 879/870/3 880/871/3
f 882/869/3 884/872/3 883/873/3 879/870/3
f 884/872/3 886/874/3 885/875/3 883/873/3
f 888/876/3 887/877/3 885/875/3 886/874/3
f 890/878/3 889/879/3 887/877/3 888/876/3
f 892/880/3 891/881/3 889/879/3 890/878/3
f 893/882/3 891/881/3 892/880/3 894/883/3
f 895/884/3 893/882/3 894/883/3 896/885/3
f 897/886/3 895/884/3 896/885/3 898/887/3
f 899/888/3 897/886/3 898/887/3 900/889/3
f 901/890/3 899/888/3 900/889/3 902/891/3
f 903/892/3 901/890/3 902/891/3 904/893/3
f 903/892/3 904/893/3 906/894/3 905/895/3
f 905/895/3 906/894/3 908/896/3 907/897/3
f 907/897/3 908/896/3 910/898/3 909/899/3
f 910/898/3 912/900/3 911/901/3 909/899/3
f 912/900/3 914/902/3 913/903/3 911/901/3
f 914/902/3 881/868/3 880/871/3 913/903/3
f 918/904/370 915/905/352 916/906/5 917/907/369
f 920/908/371 919/909/353 915/905/352 918/904/370
f 922/910/372 921/911/354 919/909/353 920/908/371
f 924/912/374 923/913/373 921/911/354 922/910/372
f 926/914/376 925/915/375 923/913/373 924/912/374
f 928/916/377 927/917/357 925/915/375 926/914/376
f 930/918/379 929/919/378 927/917/357 928/916/377
f 934/920/381 931/921/360 932/922/359 933/923/380
f 936/924/382 935/925/6 931/921/360 934/920/381
f 935/925/6 936/924/382 938/926/383 937/927/361
f 937/927/361 938/926/383 940/928/384 939/929/362
f 939/929/362 940/928/384 942/930/385 941/931/363
f 941/931/363 942/930/385 944/932/387 943/933/386
f 943/933/386 944/932/387 946/934/389 945/935/388
f 945/935/388 946/934/389 948/936/390 947/937/366
f 947/937/366 948/936/390 950/938/391 949/939/367
f 949/939/367 950/938/391 952/940/392 951/941/368
f 951/941/368 952/940/392 917/907/369 916/906/5
f 953/942/393 954/943/394 918/904/370 917/907/369
f 955/944/395 920/908/371 918/904/370 954/943/394
f 956/945/396 922/910/372 920/908/371 955/944/395
f 957/946/397 924/912/374 922/910/372 956/945/396
f 958/947/398 926/914/376 924/912/374 957/946/397
f 959/948/399 928/916/377 926/914/376 958/947/398
f 960/949/400 930/918/379 928/916/377 959/948/399
f 962/950/402 934/920/381 933/923/380 961/951/401
f 936/924/382 934/920/381 962/950/402 963/952/403
f 938/926/383 936/924/382 963/952/403 964/953/404
f 938/926/383 964/953/404 965/954/405 940/928/384
f 940/928/384 965/954/405 966/955/406 942/930/385
f 942/930/385 966/955/406 967/956/407 944/932/387
f 944/932/387 967/956/407 968/957/408 946/934/389
f 946/934/389 968/957/408 969/958/409 948/936/390
f 948/936/390 969/958/409 970/959/410 950/938/391
f 950/938/391 970/959/410 971/960/411 952/940/392
f 971/960/411 953/942/393 917/907/369 952/940/392
f 972/961/412 973/962/413 954/943/394 953/942/393
f 973/962/413 974/963/414 955/944/395 954/943/394
f 974/963/414 975/964/415 956/945/396 955/944/395
f 976/965/416 957/946/397 956/945/396 975/964/415
f 977/966/417 958/947/398 957/946/397 976/965/416
f 978/967/418 959/948/399 958/947/398 977/966/417
f 960/949/400 959/948/399 978/967/418 979/968/419
f 962/950/402 961/951/401 980/969/420 981/970/421
f 963/952/403 962/950/402 981/970/421 982/971/422
f 964/953/404 963/952/403 982/971/422 983/972/423
f 965/954/405 964/953/404 983/972/423 984/973/424
f 966/955/406 965/954/405 984/973/424 985/974/425
f 966/955/406 985/974/425 986/975/426 967/956/407
f 967/956/407 986/975/426 987/976/427 968/957/408
f 968/957/408 987/976/427 988/977/428 969/958/409
f 988/977/428 989/978/429 970/959/410 969/958/409
f 989/978/429 990/979/430 971/960/411 970/959/410
f 990/979/430 972/961/412 953/942/393 971/960/411
f 972/961/412 991/980/3 973/962/413
f 973/962/413 991/980/3 974/963/414
f 974/963/414 991/980/3 975/964/415
f 975/964/415 991/980/3 976/965/416
f 976/965/416 991/980/3 977/966/417
f 977/966/417 991/980/3 978/967/418
f 978/967/418 991/980/3 979/968/419
f 980/969/420 991/980/3 981/970/421
f 981/970/421 991/980/3 982/971/422
f 982/971/422 991/980/3 983/972/423
f 983/972/423 991/980/3 984/973/424
f 984/973/424 991/980/3 985/974/425
f 985/974/425 991/980/3 986/975/426
f 986/975/426 991/980/3 987/976/427
f 987/976/427 991/980/3 988/977/428
f 988/977/428 991/980/3 989/978/429
f 989/978/429 991/980/3 990/979/430
f 990/979/430 991/980/3 972/961/412
f 995/981/6 992/982/6 993/983/282 994/984/282
f 994/984/282 993/983/282 996/985/431 997/986/431
f 997/986/431 996/985/431 998/987/432 999/988/432
f 999/988/432 998/987/432 1000/989/433 1001/990/433
f 1005/991/4 1002/992/4 1003/993/434 1004/994/434
f 1004/994/434 1003/993/434 1006/995/435 1007/996/435
f 1007/996/435 1006/995/435 1008/997/436 1009/998/436
f 1009/998/436 1008/997/436 1010/999/292 1011/1000/292
f 1011/1000/292 1010/999/292 1012/1001/5 1013/1002/5
f 1014/1003/291 1015/1004/291 1013/1002/5 1012/1001/5
f 1016/1005/437 1017/1006/437 1015/1004/291 1014/1003/291
f 1018/1007/438 1019/1008/438 1017/1006/437 1016/1005/437
f 1020/1009/439 1021/1010/439 1019/1008/438 1018/1007/438
f 1022/1011/440 1023/1012/440 1021/1010/439 1020/1009/439
f 1024/1013/285 1025/1014/285 1023/1012/440 1022/1011/440
f 1026/1015/441 1027/1016/441 1025/1014/285 1024/1013/285
f 1028/1017/283 1029/1018/283 1027/1016/441 1026/1015/441
f 992/982/6 995/981/6 1029/1018/283 1028/1017/283
f 1033/1019/6 1030/1020/6 1031/1021/360 1032/1022/360
f 1032/1022/360 1031/1021/360 1034/1023/442 1035/1024/442
f 1035/1024/442 1034/1023/442 1036/1025/357 1037/1026/357
f 1037/1026/357 1036/1025/357 1038/1027/356 1039/1028/356
f 1039/1028/356 1038/1027/356 1040/1029/355 1041/1030/355
f 1041/1030/355 1040/1029/355 1042/1031/354 1043/1032/354
f 1043/1032/354 1042/1031/354 1044/1033/353 1045/1034/353
f 1045/1034/353 1044/1033/353 1046/1035/352 1047/1036/352
f 1047/1036/352 1046/1035/352 1048/1037/5 1049/1038/5
f 1050/1039/368 1051/1040/368 1049/1038/5 1048/1037/5
f 1052/1041/367 1053/1042/367 1051/1040/368 1050/1039/368
f 1054/1043/366 1055/1044/366 1053/1042/367 1052/1041/367
f 1056/1045/365 1057/1046/365 1055/1044/366 1054/1043/366
f 1058/1047/364 1059/1048/364 1057/1046/365 1056/1045/365
f 1060/1049/363 1061/1050/363 1059/1048/364 1058/1047/364
f 1062/1051/443 1063/1052/443 1061/1050/363 1060/1049/363
f 1065/1053/361 1066/1054/361 1067/1055/444 1064/1056/444
f 1030/1020/6 1033/1019/6 1066/1054/361 1065/1053/361
f 1070/1057/3 1071/1058/445 1068/1059/445 1069/1060/3
f 1068/1059/445 1071/1058/445 1073/1061/3 1072/1062/3
f 1072/1062/3 1073/1061/3 1075/1063/3 1074/1064/3
f 1074/1064/3 1075/1063/3 1077/1065/445 1076/1066/445
f 1076/1066/445 1077/1065/445 1079/1067/3 1078/1068/3
f 1078/1068/3 1079/1067/3 1081/1069/3 1080/1070/3
f 1080/1070/3 1081/1069/3 1083/1071/3 1082/1072/3
f 1085/1073/447 1086/1074/447 1087/1075/446 1084/1076/446
f 1088/1077/3 1084/1076/446 1087/1075/446 1089/1078/3
f 1090/1079/448 1088/1077/3 1089/1078/3 1091/1080/448
f 1093/1081/445 1092/1082/445 1090/1079/448 1091/1080/448
f 1095/1083/3 1094/1084/3 1092/1082/445 1093/1081/445
f 1097/1085/3 1096/1086/3 1094/1084/3 1095/1083/3
f 1099/1087/3 1098/1088/3 1096/1086/3 1097/1085/3
f 1101/1089/3 1100/1090/3 1098/1088/3 1099/1087/3
f 1103/1091/3 1102/1092/3 1100/1090/3 1101/1089/3
f 1107/1093/447 1104/1094/447 1105/1095/445 1106/1096/445
f 1107/1093/447 1070/1057/3 1069/1060/3 1104/1094/447
f 1109/1097/6 1110/1098/449 1111/1099/450 1108/1100/360
f 1108/1100/360 1111/1099/450 1113/1101/452 1112/1102/451
f 1112/1102/451 1113/1101/452 1115/1103/453 1114/1104/357
f 1114/1104/357 1115/1103/453 1117/1105/454 1116/1106/375
f 1116/1106/375 1117/1105/454 1119/1107/455 1118/1108/373
f 1118/1108/373 1119/1107/455 1121/1109/456 1120/1110/354
f 1120/1110/354 1121/1109/456 1123/1111/458 1122/1112/457
f 1122/1112/457 1123/1111/458 1125/1113/459 1124/1114/352
f 1124/1114/352 1125/1113/459 1127/1115/460 1126/1116/5
f 1129/1117/461 1128/1118/368 1126/1116/5 1127/1115/460
f 1131/1119/462 1130/1120/367 1128/1118/368 1129/1117/461
f 1133/1121/463 1132/1122/366 1130/1120/367 1131/1119/462
f 1135/1123/464 1134/1124/365 1132/1122/366 1133/1121/463
f 1137/1125/465 1136/1126/364 1134/1124/365 1135/1123/464
f 1139/1127/466 1138/1128/363 1136/1126/364 1137/1125/465
f 1141/1129/467 1140/1130/443 1138/1128/363 1139/1127/466
f 1145/1131/469 1142/1132/361 1143/1133/444 1144/1134/468
f 1110/1098/449 1109/1097/6 1142/1132/361 1145/1131/469
f 1111/1099/450 1110/1098/449 1146/1135/470 1147/1136/471
f 1111/1099/450 1147/1136/471 1148/1137/472 1113/1101/452
f 1113/1101/452 1148/1137/472 1149/1138/473 1115/1103/453
f 1115/1103/453 1149/1138/473 1150/1139/474 1117/1105/454
f 1117/1105/454 1150/1139/474 1151/1140/475 1119/1107/455
f 1119/1107/455 1151/1140/475 1152/1141/476 1121/1109/456
f 1121/1109/456 1152/1141/476 1153/1142/477 1123/1111/458
f 1123/1111/458 1153/1142/477 1154/1143/478 1125/1113/459
f 1154/1143/478 1155/1144/479 1127/1115/460 1125/1113/459
f 1155/1144/479 1156/1145/480 1129/1117/461 1127/1115/460
f 1157/1146/481 1131/1119/462 1129/1117/461 1156/1145/480
f 1158/1147/482 1133/1121/463 1131/1119/462 1157/1146/481
f 1159/1148/483 1135/1123/464 1133/1121/463 1158/1147/482
f 1160/1149/484 1137/1125/465 1135/1123/464 1159/1148/483
f 1161/1150/485 1139/1127/466 1137/1125/465 1160/1149/484
f 1162/1151/486 1141/1129/467 1139/1127/466 1161/1150/485
f 1164/1152/488 1145/1131/469 1144/1134/468 1163/1153/487
f 1110/1098/449 1145/1131/469 1164/1152/488 1146/1135/470
f 1147/1136/471 1146/1135/470 1165/1154/489 1166/1155/490
f 1148/1137/472 1147/1136/471 1166/1155/490 1167/1156/491
f 1149/1138/473 1148/1137/472 1167/1156/491 1168/1157/492
f 1149/1138/473 1168/1157/492 1169/1158/493 1150/1139/474
f 1150/1139/474 1169/1158/493 1170/1159/494 1151/1140/475
f 1151/1140/475 1170/1159/494 1171/1160/495 1152/1141/476
f 1171/1160/495 1172/1161/496 1153/1142/477 1152/1141/476
f 1172/1161/496 1173/1162/497 1154/1143/478 1153/1142/477
f 1173/1162/497 1174/1163/498 1155/1144/479 1154/1143/478
f 1174/1163/498 1175/1164/499 1156/1145/480 1155/1144/479
f 1175/1164/499 1176/1165/500 1157/1146/481 1156/1145/480
f 1176/1165/500 1177/1166/501 1158/1147/482 1157/1146/481
f 1178/1167/502 1159/1148/483 1158/1147/482 1177/1166/501
f 1179/1168/503 1160/1149/484 1159/1148/483 1178/1167/502
f 1180/1169/504 1161/1150/485 1160/1149/484 1179/1168/503
f 1162/1151/486 1161/1150/485 1180/1169/504 1181/1170/505
f 1164/1152/488 1163/1153/487 1182/1171/506 1183/1172/507
f 1146/1135/470 1164/1152/488 1183/1172/507 1165/1154/489
f 1165/1154/489 1184/1173/4 1166/1155/490
f 1166/1155/490 1184/1173/4 1167/1156/491
f 1167/1156/491 1184/1173/4 1168/1157/492
f 1168/1157/492 1184/1173/4 1169/1158/493
f 1169/1158/493 1184/1173/4 1170/1159/494
f 1170/1159/494 1184/1173/4 1171/1160/495
f 1171/1160/495 1184/1173/4 1172/1161/496
f 1172/1161/496 1184/1173/4 1173/1162/497
f 1173/1162/497 1184/1173/4 1174/1163/498
f 1174/1163/498 1184/1173/4 1175/1164/499
f 1175/1164/499 1184/1173/4 1176/1165/500
f 1176/1165/500 1184/1173/4 1177/1166/501
f 1177/1166/501 1184/1173/4 1178/1167/502
f 1178/1167/502 1184/1173/4 1179/1168/503
f 1179/1168/503 1184/1173/4 1180/1169/504
f 1180/1169/504 1184/1173/4 1181/1170/505
f 1182/1171/506 1184/1173/4 1183/1172/507
f 1183/1172/507 1184/1173/4 1165/1154/489
f 1187/1174/4 1188/1175/4 1185/1176/4 1186/1177/4
f 1187/1174/4 1186/1177/4 1189/1178/4 1190/1179/4
f 1190/1179/4 1189/1178/4 1191/1180/4 1192/1181/4
f 1192/1181/4 1191/1180/4 1193/1182/4 1194/1183/4
f 1194/1183/4 1193/1182/4 1195/1184/4 1196/1185/4
f 1196/1185/4 1195/1184/4 1197/1186/508 1198/1187/508
f 1198/1187/508 1197/1186/508 1199/1188/4 1200/1189/4
f 1200/1189/4 1199/1188/4 1201/1190/4 1202/1191/4
f 1201/1190/4 1203/1192/4 1204/1193/4 1202/1191/4
f 1203/1192/4 1205/1194/4 1206/1195/4 1204/1193/4
f 1207/1196/508 1208/1197/508 1206/1195/4 1205/1194/4
f 1209/1198/4 1210/1199/4 1208/1197/508 1207/1196/508
f 1211/1200/4 1212/1201/4 1210/1199/4 1209/1198/4
f 1213/1202/4 1214/1203/4 1212/1201/4 1211/1200/4
f 1215/1204/4 1216/1205/4 1214/1203/4 1213/1202/4
f 1217/1206/4 1218/1207/4 1216/1205/4 1215/1204/4
f 1219/1208/4 1220/1209/4 1218/1207/4 1217/1206/4
f 1188/1175/4 1220/1209/4 1219/1208/4 1185/1176/4
f 1224/1210/6 1221/1211/6 1222/1212/360 1223/1213/360
f 1223/1213/360 1222/1212/360 1225/1214/451 1226/1215/451
f 1226/1215/451 1225/1214/451 1227/1216/357 1228/1217/357
f 1228/1217/357 1227/1216/357 1229/1218/375 1230/1219/375
f 1230/1219/375 1229/1218/375 1231/1220/373 1232/1221/373
f 1232/1221/373 1231/1220/373 1233/1222/354 1234/1223/354
f 1234/1223/354 1233/1222/354 1235/1224/457 1236/1225/457
f 1236/1225/457 1235/1224/457 1237/1226/352 1238/1227/352
f 1238/1227/352 1237/1226/352 1239/1228/5 1240/1229/5
f 1241/1230/368 1242/1231/368 1240/1229/5 1239/1228/5
f 1243/1232/367 1244/1233/367 1242/1231/368 1241/1230/368
f 1245/1234/366 1246/1235/366 1244/1233/367 1243/1232/367
f 1247/1236/365 1248/1237/365 1246/1235/366 1245/1234/366
f 1249/1238/364 1250/1239/364 1248/1237/365 1247/1236/365
f 1251/1240/363 1252/1241/363 1250/1239/364 1249/1238/364
f 1253/1242/509 1254/1243/509 1252/1241/363 1251/1240/363
f 1256/1244/361 1257/1245/361 1258/1246/444 1255/1247/444
f 1221/1211/6 1224/1210/6 1257/1245/361 1256/1244/361
f 1261/1248/4 1262/1249/4 1259/1250/4 1260/1251/4
f 1264/1252/4 1261/1248/4 1260/1251/4 1263/1253/4
f 1264/1252/4 1263/1253/4 1265/1254/4 1266/1255/4
f 1266/1255/4 1265/1254/4 1267/1256/4 1268/1257/4
f 1268/1257/4 1267/1256/4 1269/1258/4 1270/1259/4
f 1270/1259/4 1269/1258/4 1271/1260/4 1272/1261/4
f 1272/1261/4 1271/1260/4 1273/1262/4 1274/1263/4
f 1273/1262/4 1275/1264/4 1276/1265/4 1274/1263/4
f 1275/1264/4 1277/1266/4 1278/1267/4 1276/1265/4
f 1277/1266/4 1279/1268/4 1280/1269/4 1278/1267/4
f 1279/1268/4 1281/1270/4 1282/1271/4 1280/1269/4
f 1283/1272/343 1284/1273/343 1282/1271/4 1281/1270/4
f 1285/1274/4 1286/1275/4 1284/1273/343 1283/1272/343
f 1287/1276/4 1288/1277/4 1286/1275/4 1285/1274/4
f 1289/1278/4 1290/1279/4 1288/1277/4 1287/1276/4
f 1291/1280/508 1292/1281/508 1290/1279/4 1289/1278/4
f 1295/1282/4 1296/1283/4 1293/1284/4 1294/1285/4
f 1262/1249/4 1295/1282/4 1294/1285/4 1259/1250/4
f 1300/1286/6 1297/1287/6 1298/1288/360 1299/1289/360
f 1299/1289/360 1298/1288/360 1301/1290/442 1302/1291/442
f 1302/1291/442 1301/1290/442 1303/1292/357 1304/1293/357
f 1304/1293/357 1303/1292/357 1305/1294/375 1306/1295/375
f 1306/1295/375 1305/1294/375 1307/1296/373 1308/1297/373
f 1308/1297/373 1307/1296/373 1309/1298/354 1310/1299/354
f 1310/1299/354 1309/1298/354 1311/1300/353 1312/1301/353
f 1312/1301/353 1311/1300/353 1313/1302/352 1314/1303/352
f 1314/1303/352 1313/1302/352 1315/1304/5 1316/1305/5
f 1317/1306/368 1318/1307/368 1316/1305/5 1315/1304/5
f 1319/1308/367 1320/1309/367 1318/1307/368 1317/1306/368
f 1321/1310/366 1322/1311/366 1320/1309/367 1319/1308/367
f 1323/1312/388 1324/1313/388 1322/1311/366 1321/1310/366
f 1325/1314/386 1326/1315/386 1324/1313/388 1323/1312/388
f 1327/1316/363 1328/1317/363 1326/1315/386 1325/1314/386
f 1329/1318/443 1330/1319/443 1328/1317/363 1327/1316/363
f 1332/1320/361 1333/1321/361 1334/1322/444 1331/1323/444
f 1297/1287/6 1300/1286/6 1333/1321/361 1332/1320/361
f 1335/1324/3 1336/1325/445 1337/1326/3
f 1338/1327/3 1335/1324/3 1337/1326/3
f 1339/1328/510 1338/1327/3 1337/1326/3
f 1340/1329/510 1339/1328/510 1337/1326/3
f 1341/1330/510 1340/1329/510 1337/1326/3
f 1342/1331/511 1341/1330/510 1337/1326/3
f 1343/1332/447 1342/1331/511 1337/1326/3
f 1344/1333/3 1343/1332/447 1337/1326/3
f 1345/1334/447 1344/1333/3 1337/1326/3
f 1346/1335/3 1345/1334/447 1337/1326/3
f 1347/1336/3 1346/1335/3 1337/1326/3
f 1348/1337/512 1347/1336/3 1337/1326/3
f 1349/1338/512 1348/1337/512 1337/1326/3
f 1350/1339/512 1349/1338/512 1337/1326/3
f 1351/1340/512 1350/1339/512 1337/1326/3
f 1352/1341/3 1351/1340/512 1337/1326/3
f 1353/1342/3 1352/1341/3 1337/1326/3
f 1336/1325/445 1353/1342/3 1337/1326/3
f 1356/1343/514 1357/1344/513 1354/1345/513 1355/1346/514
f 1356/1343/514 1355/1346/514 1358/1347/515 1359/1348/515
f 1359/1348/515 1358/1347/515 1360/1349/516 1361/1350/516
f 1361/1350/516 1360/1349/516 1362/1351/517 1363/1352/517
f 1363/1352/517 1362/1351/517 1364/1353/518 1365/1354/518
f 1365/1354/518 1364/1353/518 1366/1355/519 1367/1356/519
f 1367/1356/519 1366/1355/519 1368/1357/520 1369/1358/520
f 1369/1358/520 1368/1357/520 1370/1359/521 1371/1360/521
f 1370/1359/521 1372/1361/522 1373/1362/522 1371/1360/521
f 1372/1361/522 1374/1363/523 1375/1364/523 1373/1362/522
f 1376/1365/524 1377/1366/524 1375/1364/523 1374/1363/523
f 1378/1367/525 1379/1368/525 1377/1366/524 1376/1365/524
f 1380/1369/526 1381/1370/526 1379/1368/525 1378/1367/525
f 1382/1371/527 1383/1372/527 1381/1370/526 1380/1369/526
f 1385/1373/529 1386/1374/529 1387/1375/528 1384/1376/528
f 1388/1377/530 1389/1378/530 1386/1374/529 1385/1373/529
f 1390/1379/531 1391/1380/531 1389/1378/530 1388/1377/530
f 1357/1344/513 1391/1380/531 1390/1379/531 1354/1345/513
f 1392/1346/3 1393/1345/3 1394/1381/3 1395/1382/3
f 1396/1347/3 1392/1346/3 1395/1382/3 1397/1383/3
f 1396/1347/3 1397/1383/3 1399/1384/510 1398/1349/510
f 1398/1349/510 1399/1384/510 1401/1385/510 1400/1351/510
f 1400/1351/510 1401/1385/510 1403/1386/510 1402/1353/510
f 1402/1353/510 1403/1386/510 1405/1387/510 1404/1355/510
f 1404/1355/510 1405/1387/510 1407/1388/447 1406/1357/447
f 1407/1388/447 1409/1389/3 1408/1359/3 1406/1357/447
f 1409/1389/3 1411/1390/3 1410/1361/3 1408/1359/3
f 1411/1390/3 1413/1391/447 1412/1363/447 1410/1361/3
f 1413/1391/447 1415/1392/447 1414/1365/447 1412/1363/447
f 1417/1393/512 1416/1367/512 1414/1365/447 1415/1392/447
f 1419/1394/512 1418/1369/512 1416/1367/512 1417/1393/512
f 1421/1395/512 1420/1371/512 1418/1369/512 1419/1394/512
f 1425/1396/512 1422/1373/512 1423/1376/512 1424/1397/512
f 1427/1398/445 1426/1377/445 1422/1373/512 1425/1396/512
f 1428/1379/445 1426/1377/445 1427/1398/445 1429/1399/445
f 1393/1345/3 1428/1379/445 1429/1399/445 1394/1381/3
f 1431/1381/6 1432/1400/6 1433/1401/361 1430/1382/361
f 1432/1400/6 1431/1381/6 1434/1399/360 1435/1402/360
f 1435/1402/360 1434/1399/360 1436/1398/442 1437/1403/442
f 1437/1403/442 1436/1398/442 1438/1396/357 1439/1404/357
f 1439/1404/357 1438/1396/357 1440/1397/532 1441/1405/532
f 1445/1406/1 1442/1395/1 1443/1394/355 1444/1407/355
f 1444/1407/355 1443/1394/355 1446/1393/354 1447/1408/354
f 1447/1408/354 1446/1393/354 1448/1392/353 1449/1409/353
f 1449/1409/353 1448/1392/353 1450/1391/352 1451/1410/352
f 1451/1410/352 1450/1391/352 1452/1390/5 1453/1411/5
f 1454/1389/368 1455/1412/368 1453/1411/5 1452/1390/5
f 1456/1388/367 1457/1413/367 1455/1412/368 1454/1389/368
f 1458/1387/366 1459/1414/366 1457/1413/367 1456/1388/367
f 1460/1386/365 1461/1415/365 1459/1414/366 1458/1387/366
f 1462/1385/364 1463/1416/364 1461/1415/365 1460/1386/365
f 1464/1384/363 1465/1417/363 1463/1416/364 1462/1385/364
f 1466/1383/362 1467/1418/362 1465/1417/363 1464/1384/363
f 1430/1382/361 1433/1401/361 1467/1418/362 1466/1383/362
f 1468/1419/4 1469/1420/4 1470/1421/4
f 1471/1422/3 1472/1423/3 1473/1424/3
f 1474/1425/533 1475/1426/533 1476/1427/533 1477/1428/533
f 1481/1427/534 1478/1426/534 1479/1429/534 1480/1430/534
f 1483/1431/535 1484/1432/535 1485/1433/535 1482/1434/535
f 1486/1431/536 1487/1435/536 1488/1436/536 1489/1432/536
f 1493/1436/537 1490/1435/537 1491/1437/537 1492/1438/537
f 1495/1425/538 1496/1428/538 1497/1439/538 1494/1440/538
f 1500/1441/5 1501/1442/5 1498/1443/5 1499/1444/5
f 1502/1445/4 1503/1446/4 1504/1447/4
f 1505/1448/3 1506/1449/3 1507/1450/3
f 1508/1451/5 1509/1452/5 1510/1453/5 1511/1454/5
f 1510/1453/5 1509/1452/5 1512/1455/5 1513/1456/5
f 1513/1456/5 1512/1455/5 1514/1457/5 1515/1458/5
f 1508/1451/5 1511/1454/5 1515/1458/5 1514/1457/5
f 1518/1459/539 1519/1460/539 1516/1461/539 1517/1462/539
f 1522/1463/540 1523/1459/540 1520/1462/540 1521/1464/540
f 1526/1465/541 1527/1463/541 1524/1464/541 1525/1466/541
f 1530/1460/542 1531/1465/542 1528/1466/542 1529/1461/542
f 1535/1467/311 1532/1468/543 1533/1469/544 1534/1470/329
f 1534/1470/329 1533/1469/544 1536/1471/545 1537/1472/546
f 1537/1472/546 1536/1471/545 1538/1473/547 1539/1474/327
f 1539/1474/327 1538/1473/547 1540/1475/548 1541/1476/549
f 1541/1476/549 1540/1475/548 1542/1477/550 1543/1478/551
f 1543/1478/551 1542/1477/550 1544/1479/552 1545/1480/553
f 1545/1480/553 1544/1479/552 1546/1481/554 1547/1482/555
f 1547/1482/555 1546/1481/554 1548/1483/556 1549/1484/321
f 1549/1484/321 1548/1483/556 1550/1485/557 1551/1486/320
f 1552/1487/558 1553/1488/319 1551/1486/320 1550/1485/557
f 1554/1489/559 1555/1490/560 1553/1488/319 1552/1487/558
f 1556/1491/561 1557/1492/562 1555/1490/560 1554/1489/559
f 1558/1493/563 1559/1494/564 1557/1492/562 1556/1491/561
f 1560/1495/565 1561/1496/566 1559/1494/564 1558/1493/563
f 1563/1497/568 1564/1498/314 1565/1499/569 1562/1500/567
f 1566/1501/570 1567/1502/313 1564/1498/314 1563/1497/568
f 1568/1503/571 1569/1504/312 1567/1502/313 1566/1501/570
f 1532/1468/543 1535/1467/311 1569/1504/312 1568/1503/571
f 1533/1469/544 1532/1468/543 1570/1505/572 1571/1506/573
f 1532/1468/543 1568/1503/571 1572/1507/574 1570/1505/572
f 1568/1503/571 1566/1501/570 1573/1508/575 1572/1507/574
f 1575/1508/576 1576/1501/576 1563/1497/568 1574/1509/576
f 1578/1509/577 1579/1497/577 1562/1500/567 1577/1510/577
f 1581/1510/579 1560/1495/565 1558/1493/563 1580/1511/578
f 1580/1511/578 1558/1493/563 1556/1491/561 1582/1512/580
f 1582/1512/580 1556/1491/561 1554/1489/559 1583/1513/581
f 1584/1514/582 1583/1513/581 1554/1489/559 1552/1487/558
f 1585/1515/583 1584/1514/582 1552/1487/558 1550/1485/557
f 1586/1516/584 1585/1515/583 1550/1485/557 1548/1483/556
f 1587/1517/585 1586/1516/584 1548/1483/556 1546/1481/554
f 1544/1479/552 1588/1518/586 1587/1517/585 1546/1481/554
f 1542/1477/550 1589/1519/587 1588/1518/586 1544/1479/552
f 1540/1475/548 1590/1520/588 1589/1519/587 1542/1477/550
f 1538/1473/547 1591/1521/589 1590/1520/588 1540/1475/548
f 1536/1471/545 1592/1522/590 1591/1521/589 1538/1473/547
f 1536/1471/545 1533/1469/544 1571/1506/573 1592/1522/590
f 1535/1467/311 1534/1470/329 1593/1523/591 1594/1524/592
f 1534/1470/329 1537/1472/546 1595/1525/593 1593/1523/591
f 1595/1525/593 1537/1472/546 1539/1474/327 1596/1526/594
f 1596/1526/594 1539/1474/327 1541/1476/549 1597/1527/595
f 1597/1527/595 1541/1476/549 1543/1478/551 1598/1528/596
f 1598/1528/596 1543/1478/551 1545/1480/553 1599/1529/597
f 1599/1529/597 1545/1480/553 1547/1482/555 1600/1530/598
f 1601/1531/599 1600/1530/598 1547/1482/555 1549/1484/321
f 1602/1532/600 1601/1531/599 1549/1484/321 1551/1486/320
f 1603/1533/601 1602/1532/600 1551/1486/320 1553/1488/319
f 1604/1534/602 1603/1533/601 1553/1488/319 1555/1490/560
f 1557/1492/562 1605/1535/603 1604/1534/602 1555/1490/560
f 1559/1494/564 1606/1536/604 1607/1535/604 1608/1492/604
f 1561/1496/566 1609/1537/605 1610/1536/605 1611/1494/605
f 1564/1498/314 1612/1538/606 1613/1537/607 1565/1499/569
f 1567/1502/313 1614/1539/608 1612/1538/606 1564/1498/314
f 1567/1502/313 1569/1504/312 1615/1540/609 1614/1539/608
f 1569/1504/312 1535/1467/311 1594/1524/592 1615/1540/609
f 1570/1505/572 1616/1541/4 1571/1506/573
f 1572/1507/574 1616/1541/4 1570/1505/572
f 1573/1508/575 1616/1541/4 1572/1507/574
f 1617/1509/610 1616/1541/4 1573/1508/575
f 1581/1510/579 1616/1541/4 1617/1509/610
f 1580/1511/578 1616/1541/4 1581/1510/579
f 1582/1512/580 1616/1541/4 1580/1511/578
f 1583/1513/581 1616/1541/4 1582/1512/580
f 1584/1514/582 1616/1541/4 1583/1513/581
f 1585/1515/583 1616/1541/4 1584/1514/582
f 1586/1516/584 1616/1541/4 1585/1515/583
f 1587/1517/585 1616/1541/4 1586/1516/584
f 1588/1518/586 1616/1541/4 1587/1517/585
f 1589/1519/587 1616/1541/4 1588/1518/586
f 1590/1520/588 1616/1541/4 1589/1519/587
f 1591/1521/589 1616/1541/4 1590/1520/588
f 1592/1522/590 1616/1541/4 1591/1521/589
f 1571/1506/573 1616/1541/4 1592/1522/590
f 1593/1523/591 1618/1542/3 1594/1524/592
f 1595/1525/593 1618/1542/3 1593/1523/591
f 1596/1526/594 1618/1542/3 1595/1525/593
f 1597/1527/595 1618/1542/3 1596/1526/594
f 1598/1528/596 1618/1542/3 1597/1527/595
f 1599/1529/597 1618/1542/3 1598/1528/596
f 1600/1530/598 1618/1542/3 1599/1529/597
f 1601/1531/599 1618/1542/3 1600/1530/598
f 1602/1532/600 1618/1542/3 1601/1531/599
f 1603/1533/601 1618/1542/3 1602/1532/600
f 1604/1534/602 1618/1542/3 1603/1533/601
f 1605/1535/603 1618/1542/3 1604/1534/602
f 1619/1536/611 1618/1542/3 1605/1535/603
f 1613/1537/607 1618/1542/3 1619/1536/611
f 1612/1538/606 1618/1542/3 1613/1537/607
f 1614/1539/608 1618/1542/3 1612/1538/606
f 1615/1540/609 1618/1542/3 1614/1539/608
f 1594/1524/592 1618/1542/3 1615/1540/609
f 1623/1467/311 1620/1468/612 1621/1469/613 1622/1470/329
f 1622/1470/329 1621/1469/613 1624/1471/614 1625/1472/546
f 1625/1472/546 1624/1471/614 1626/1473/615 1627/1474/616
f 1627/1474/616 1626/1473/615 1628/1475/617 1629/1476/618
f 1629/1476/618 1628/1475/617 1630/1477/619 1631/1478/620
f 1631/1478/620 1630/1477/619 1632/1479/621 1633/1480/323
f 1633/1480/323 1632/1479/621 1634/1481/622 1635/1482/555
f 1635/1482/555 1634/1481/622 1636/1483/623 1637/1484/321
f 1637/1484/321 1636/1483/623 1638/1485/624 1639/1486/320
f 1640/1487/625 1641/1488/319 1639/1486/320 1638/1485/624
f 1642/1489/626 1643/1490/560 1641/1488/319 1640/1487/625
f 1644/1491/561 1645/1492/562 1643/1490/560 1642/1489/626
f 1646/1493/563 1647/1494/627 1645/1492/562 1644/1491/561
f 1648/1495/628 1649/1496/566 1647/1494/627 1646/1493/563
f 1651/1497/568 1652/1498/314 1653/1499/630 1650/1500/629
f 1654/1501/570 1655/1502/313 1652/1498/314 1651/1497/568
f 1656/1503/631 1657/1504/312 1655/1502/313 1654/1501/570
f 1620/1468/612 1623/1467/311 1657/1504/312 1656/1503/631
f 1621/1469/613 1620/1468/612 1658/1505/572 1659/1506/573
f 1620/1468/612 1656/1503/631 1660/1507/574 1658/1505/572
f 1656/1503/631 1654/1501/570 1661/1508/575 1660/1507/574
f 1663/1508/576 1664/1501/576 1651/1497/568 1662/1509/576
f 1666/1509/577 1667/1497/577 1650/1500/629 1665/1510/577
f 1669/1510/632 1648/1495/628 1646/1493/563 1668/1511/578
f 1668/1511/578 1646/1493/563 1644/1491/561 1670/1512/580
f 1670/1512/580 1644/1491/561 1642/1489/626 1671/1513/633
f 1672/1514/582 1671/1513/633 1642/1489/626 1640/1487/625
f 1673/1515/583 1672/1514/582 1640/1487/625 1638/1485/624
f 1674/1516/584 1673/1515/583 1638/1485/624 1636/1483/623
f 1675/1517/585 1674/1516/584 1636/1483/623 1634/1481/622
f 1632/1479/621 1676/1518/634 1675/1517/585 1634/1481/622
f 1630/1477/619 1677/1519/587 1676/1518/634 1632/1479/621
f 1628/1475/617 1678/1520/588 1677/1519/587 1630/1477/619
f 1626/1473/615 1679/1521/635 1678/1520/588 1628/1475/617
f 1624/1471/614 1680/1522/636 1679/1521/635 1626/1473/615
f 1624/1471/614 1621/1469/613 1659/1506/573 1680/1522/636
f 1623/1467/311 1622/1470/329 1681/1523/591 1682/1524/592
f 1622/1470/329 1625/1472/546 1683/1525/593 1681/1523/591
f 1683/1525/593 1625/1472/546 1627/1474/616 1684/1526/594
f 1684/1526/594 1627/1474/616 1629/1476/618 1685/1527/637
f 1685/1527/637 1629/1476/618 1631/1478/620 1686/1528/638
f 1686/1528/638 1631/1478/620 1633/1480/323 1687/1529/639
f 1687/1529/639 1633/1480/323 1635/1482/555 1688/1530/640
f 1689/1531/599 1688/1530/640 1635/1482/555 1637/1484/321
f 1690/1532/600 1689/1531/599 1637/1484/321 1639/1486/320
f 1691/1533/601 1690/1532/600 1639/1486/320 1641/1488/319
f 1692/1534/602 1691/1533/601 1641/1488/319 1643/1490/560
f 1645/1492/562 1693/1535/603 1692/1534/602 1643/1490/560
f 1647/1494/627 1694/1536/604 1695/1535/604 1696/1492/604
f 1649/1496/566 1697/1537/605 1698/1536/605 1699/1494/605
f 1652/1498/314 1700/1538/606 1701/1537/641 1653/1499/630
f 1655/1502/313 1702/1539/608 1700/1538/606 1652/1498/314
f 1655/1502/313 1657/1504/312 1703/1540/609 1702/1539/608
f 1657/1504/312 1623/1467/311 1682/1524/592 1703/1540/609
f 1658/1505/572 1704/1541/4 1659/1506/573
f 1660/1507/574 1704/1541/4 1658/1505/572
f 1661/1508/575 1704/1541/4 1660/1507/574
f 1705/1509/642 1704/1541/4 1661/1508/575
f 1669/1510/632 1704/1541/4 1705/1509/642
f 1668/1511/578 1704/1541/4 1669/1510/632
f 1670/1512/580 1704/1541/4 1668/1511/578
f 1671/1513/633 1704/1541/4 1670/1512/580
f 1672/1514/582 1704/1541/4 1671/1513/633
f 1673/1515/583 1704/1541/4 1672/1514/582
f 1674/1516/584 1704/1541/4 1673/1515/583
f 1675/1517/585 1704/1541/4 1674/1516/584
f 1676/1518/634 1704/1541/4 1675/1517/585
f 1677/1519/587 1704/1541/4 1676/1518/634
f 1678/1520/588 1704/1541/4 1677/1519/587
f 1679/1521/635 1704/1541/4 1678/1520/588
f 1680/1522/636 1704/1541/4 1679/1521/635
f 1659/1506/573 1704/1541/4 1680/1522/636
f 1681/1523/591 1706/1542/3 1682/1524/592
f 1683/1525/593 1706/1542/3 1681/1523/591
f 1684/1526/594 1706/1542/3 1683/1525/593
f 1685/1527/637 1706/1542/3 1684/1526/594
f 1686/1528/638 1706/1542/3 1685/1527/637
f 1687/1529/639 1706/1542/3 1686/1528/638
f 1688/1530/640 1706/1542/3 1687/1529/639
f 1689/1531/599 1706/1542/3 1688/1530/640
f 1690/1532/600 1706/1542/3 1689/1531/599
f 1691/1533/601 1706/1542/3 1690/1532/600
f 1692/1534/602 1706/1542/3 1691/1533/601
f 1693/1535/603 1706/1542/3 1692/1534/602
f 1707/1536/611 1706/1542/3 1693/1535/603
f 1701/1537/641 1706/1542/3 1707/1536/611
f 1700/1538/606 1706/1542/3 1701/1537/641
f 1702/1539/608 1706/1542/3 1700/1538/606
f 1703/1540/609 1706/1542/3 1702/1539/608
f 1682/1524/592 1706/1542/3 1703/1540/609
