# Blender 4.3.2
# www.blender.org
mtllib TvMonster.mtl
o Cube
v -4.754714 5.495552 -1.732964
v -4.682398 3.149492 -1.527506
v -4.668208 5.256601 1.799026
v -4.683967 3.159266 1.800794
v -6.295241 5.286564 -1.536089
v -6.234366 3.092811 -1.561867
v -6.295241 5.286564 1.799026
v -6.335148 3.088159 1.801391
v -4.732517 5.371789 -1.569816
v -4.682393 3.226337 -1.412549
v -4.668208 5.192466 1.683493
v -4.685920 3.187468 1.685480
v -4.774875 5.360440 -1.559460
v -4.729486 3.226663 -1.412597
v -4.715392 5.192497 1.683493
v -4.732883 3.186728 1.685455
v -4.741172 5.211635 -1.402508
v -4.727901 3.314461 -1.291668
v -4.715392 5.129416 1.561265
v -4.733659 3.216458 1.563314
v -4.674792 5.224908 -1.413664
v -4.655934 3.314274 -1.291639
v -4.643368 5.129416 1.561265
v -4.661911 3.217103 1.563345
v -4.709864 5.088156 -1.280001
v -4.725571 3.368104 -1.188550
v -4.715082 5.086228 1.505356
v -4.733154 3.243498 1.507383
v -4.670895 4.651865 -0.476704
v -4.712293 3.548549 -0.447311
v -4.715082 4.879405 1.364014
v -4.729802 3.411302 1.365665
v -4.663221 4.672578 -0.580074
v -4.713254 3.526311 -0.537989
v -4.712465 3.347574 -0.537748
v -4.677422 4.903627 -0.574310
v -4.707741 3.341237 -0.537740
v -4.667451 4.823004 -1.140150
v -4.653404 4.374537 -1.130270
v -4.652262 4.258486 -0.704127
v -4.655989 4.709314 -0.724576
v -4.582925 4.328600 -0.776062
v -4.649236 4.258262 -0.704211
v -4.650430 4.374456 -1.130417
v -4.587094 4.417457 -1.080157
v -4.664508 4.823006 -1.140318
v -4.597577 4.728200 -1.089843
v -4.653008 4.709211 -0.724688
v -4.587995 4.639446 -0.791265
v -4.598500 4.648900 -0.477903
v -4.641578 3.548507 -0.447309
v -4.644386 4.879405 1.364014
v -4.659309 3.411780 1.365688
v -4.569444 4.613680 -0.403236
v -4.606341 3.594705 -0.380756
v -4.609537 4.833644 1.297492
v -4.622390 3.458303 1.298934
v -4.547992 4.589721 -0.336854
v -4.578106 3.637511 -0.321198
v -4.581498 4.793401 1.237951
v -4.592100 3.508197 1.239140
v -4.547688 4.746967 1.167378
v -4.555341 3.575663 1.168236
v -4.713769 3.353257 -0.602410
v -4.724417 3.369747 -1.123008
v -4.701304 3.879880 -1.131942
v -4.704629 3.854027 -0.600844
v -4.747005 3.409437 -0.658129
v -4.754756 3.424433 -1.068169
v -4.739579 3.805605 -0.656248
v -4.738466 3.822327 -1.072081
v -6.265745 3.069271 0.119931
v -4.656276 3.137956 0.132439
v -4.645552 4.215341 -1.447886
v -4.668208 4.169175 1.683493
v -4.668208 5.203521 0.131468
v -4.656276 3.185885 0.132439
v -4.668208 5.224533 1.741260
v -4.744076 5.433858 -1.650987
v -4.685065 3.173654 1.743151
v -4.682592 3.187265 -1.469930
v -4.693418 4.216249 -1.446958
v -4.715392 4.169079 1.683493
v -4.715392 5.203537 0.131468
v -4.703536 3.185953 0.132432
v -4.691800 5.192482 1.683493
v -4.753779 5.366313 -1.564814
v -4.705962 3.226420 -1.412561
v -4.709427 3.187160 1.685471
v -4.683185 4.196595 -1.332863
v -4.715412 4.151542 1.561267
v -4.715392 5.130385 0.131468
v -4.703714 3.239562 0.132418
v -4.759350 5.287800 -1.478953
v -4.728873 3.270129 -1.352063
v -4.733459 3.202034 1.624406
v -4.715392 5.160957 1.622379
v -4.609985 4.194945 -1.334325
v -4.643395 4.151556 1.561268
v -4.643368 5.130385 0.131468
v -4.631638 3.239440 0.132422
v -4.691963 3.314216 -1.291631
v -4.697852 3.216938 1.563337
v -4.679380 5.129416 1.561265
v -4.708102 5.218600 -1.408448
v -4.674832 4.170489 -1.232125
v -4.715118 4.143733 1.505360
v -4.715082 5.025216 0.482869
v -4.725010 3.368885 -1.155773
v -4.679225 5.107822 1.533310
v -4.691766 5.155430 -1.345498
v -4.690861 3.340924 -1.240053
v -4.697646 3.230567 1.535377
v -4.690138 4.090182 -0.451254
v -4.715110 4.128140 1.364017
v -4.715082 4.804870 0.458238
v -4.707870 3.449280 0.458825
v -4.712780 3.537445 -0.492650
v -4.731944 3.328495 1.436576
v -4.715082 4.982817 1.434685
v -4.645519 4.303498 -0.921989
v -4.666949 4.661999 -0.528415
v -4.655413 4.593892 -1.144805
v -4.706762 3.258214 0.484380
v -4.671933 4.959367 -0.928476
v -4.669453 4.786968 -0.578403
v -4.682512 4.079452 -0.547409
v -4.710103 3.344405 -0.537744
v -4.712787 3.436777 -0.537860
v -4.704393 3.255030 0.484385
v -4.656208 4.758761 -0.939735
v -4.647092 4.472554 -0.720779
v -4.678154 4.052510 -0.647640
v -4.666079 4.805410 -0.649939
v -4.684166 4.947387 -1.205473
v -4.720830 3.638771 -1.157708
v -4.615432 4.291988 -0.740108
v -4.642490 4.303282 -0.922102
v -4.618478 4.395574 -1.105664
v -4.581712 4.367761 -0.931204
v -4.630933 4.775797 -1.115759
v -4.589646 4.570045 -1.089887
v -4.652454 4.593868 -1.144988
v -4.653242 4.758712 -0.939889
v -4.620168 4.673756 -0.758229
v -4.589653 4.679466 -0.944503
v -4.582395 4.479604 -0.787283
v -4.650749 4.258374 -0.704169
v -4.651917 4.374496 -1.130344
v -4.654498 4.709262 -0.724632
v -4.665979 4.823005 -1.140234
v -4.618242 4.087831 -0.451704
v -4.644421 4.128156 1.364018
v -4.644386 4.804870 0.458238
v -4.637140 3.449203 0.458827
v -4.634531 4.650090 -0.477421
v -4.676921 3.548495 -0.447309
v -4.694605 3.411656 1.365682
v -4.679734 4.879405 1.364014
v -4.588736 4.099940 -0.382345
v -4.609539 4.130890 1.297493
v -4.609537 4.760621 0.458238
v -4.602936 3.499921 0.458775
v -4.626961 4.856525 1.330753
v -4.583733 4.630747 -0.440543
v -4.623940 3.571561 -0.414031
v -4.640895 3.435147 1.332316
v -4.565388 4.113580 -0.320820
v -4.581498 4.138353 1.237951
v -4.581498 4.723468 0.458238
v -4.575609 3.550775 0.458717
v -4.592205 3.616066 -0.350975
v -4.607265 3.483298 1.269039
v -4.595517 4.813522 1.267721
v -4.558616 4.601429 -0.369971
v -4.547688 4.152331 1.167378
v -4.402586 4.571052 0.860036
v -4.402754 3.735478 0.860073
v -4.573721 3.541931 1.203688
v -4.564593 4.770184 1.202664
v -4.467029 4.524336 0.115610
v -4.463216 3.770124 0.115920
v -4.713099 3.350624 -0.570104
v -4.719339 3.368008 -0.863392
v -4.671079 4.115805 -1.129019
v -4.714086 3.613558 -0.570170
v -4.697350 3.859042 -0.868068
v -4.720363 3.638710 -1.124804
v -4.714381 3.615964 -0.602497
v -4.750959 3.420702 -0.863554
v -4.736005 3.810879 -0.864830
v -4.751671 3.633586 -1.069453
v -4.746984 3.617256 -0.658312
v -4.739601 3.397086 -1.095587
v -4.730406 3.381464 -0.630280
v -4.722086 3.829746 -0.628500
v -4.719894 3.850927 -1.101830
v -4.736023 3.636112 -1.097122
v -4.716790 3.835172 -0.866276
v -4.730679 3.616704 -0.630415
v -4.735161 3.394321 -0.863468
v -4.666719 4.068832 -0.891511
v -4.748810 3.627820 -0.864156
v -4.530710 3.579530 0.659380
v -4.467019 4.151588 0.115611
v -4.533692 4.705593 0.659137
v -4.402586 4.153066 0.860036
v -4.577068 4.106732 -0.351517
v -4.595517 4.742044 0.458238
v -4.595517 4.134619 1.267721
v -4.564593 4.145342 1.202664
v -4.626976 4.129515 1.330755
v -4.620026 3.474533 0.458802
v -4.603451 4.093768 -0.416970
v -4.589264 3.525330 0.458747
v -4.679734 4.804870 0.458238
v -4.679767 4.128152 1.364018
v -4.672480 3.449183 0.458828
v -4.626961 4.782745 0.458238
v -4.644004 4.303389 -0.922046
v -4.621255 4.718923 -0.942597
v -4.620901 4.581898 -1.117855
v -4.611706 4.334762 -0.926824
v -4.653933 4.593880 -1.144897
v -4.582060 4.518304 -0.941999
v -4.654724 4.758736 -0.939813
v -4.686254 4.084596 -0.499230
v -4.663745 4.859135 -0.935331
v -4.715121 4.135953 1.434689
v -4.654072 4.088774 -0.451521
v -4.679259 4.147651 1.533314
v -4.642126 4.182419 -1.283729
v -4.646465 4.195600 -1.333740
v -4.679380 5.130385 0.131468
v -4.679405 4.151552 1.561268
v -4.715392 5.166961 0.131468
v -4.715396 4.160296 1.622380
v -4.703602 3.212705 0.132427
v -4.667634 3.239403 0.132424
v -4.691800 4.169127 1.683493
v -4.679887 3.185875 0.132437
v -4.669445 4.215742 -1.447475
v -4.688343 4.206680 -1.390172
v -4.656256 3.161874 0.132440
v -4.650289 4.222759 -1.501073
v -4.668208 4.179305 1.741260
v -4.691800 5.203529 0.131468
v -4.668208 5.237552 0.131468
v -5.477918 3.171668 0.130508
v -4.840344 4.552404 -1.047234
v -4.585097 4.541255 -1.066953
v -4.839772 4.526658 -1.043875
v -4.584213 4.514575 -1.063211
v -4.839184 4.501625 -1.035652
v -4.583260 4.488437 -1.054514
v -4.838612 4.478297 -1.022890
v -4.582286 4.463884 -1.041217
v -4.838086 4.457595 -1.006090
v -4.581342 4.441897 -1.023849
v -4.837634 4.440337 -0.985907
v -4.580473 4.423353 -1.003088
v -4.837278 4.427198 -0.963120
v -4.579723 4.408987 -0.979740
v -4.837032 4.418686 -0.938607
v -4.579123 4.399362 -0.954702
v -4.836904 4.415122 -0.913307
v -4.578699 4.394845 -0.928931
v -4.836891 4.416624 -0.888186
v -4.578462 4.395595 -0.903408
v -4.836955 4.423031 -0.864185
v -4.578411 4.401555 -0.879100
v -4.837013 4.433895 -0.842186
v -4.578410 4.412140 -0.856870
v -4.837157 4.449029 -0.823070
v -4.578522 4.427098 -0.837590
v -4.837376 4.467833 -0.807564
v -4.578783 4.445950 -0.822013
v -4.837656 4.489573 -0.796261
v -4.579175 4.467947 -0.810729
v -4.837988 4.513412 -0.789592
v -4.579678 4.492233 -0.804168
v -4.838360 4.538440 -0.787816
v -4.580275 4.517878 -0.802584
v -4.838763 4.563709 -0.791007
v -4.580948 4.543915 -0.806047
v -4.839189 4.588269 -0.799050
v -4.581681 4.569371 -0.814433
v -4.839629 4.611199 -0.811645
v -4.582457 4.593300 -0.827434
v -4.840073 4.631639 -0.828317
v -4.583257 4.614817 -0.844567
v -4.840510 4.648824 -0.848434
v -4.584060 4.633125 -0.865185
v -4.840929 4.662104 -0.871227
v -4.584841 4.647543 -0.888509
v -4.841313 4.670974 -0.895824
v -4.585575 4.657529 -0.913647
v -4.841647 4.675087 -0.921277
v -4.586233 4.662697 -0.939635
v -4.841912 4.674273 -0.946603
v -4.586783 4.662835 -0.965470
v -4.842093 4.668541 -0.970821
v -4.587173 4.657853 -0.990137
v -4.842102 4.657914 -0.992958
v -4.587276 4.647656 -1.012625
v -4.841949 4.642817 -1.012162
v -4.587201 4.632908 -1.032106
v -4.841689 4.623947 -1.027709
v -4.586939 4.614135 -1.047810
v -4.841325 4.602013 -1.038996
v -4.586490 4.592026 -1.059114
v -4.840870 4.577854 -1.045588
v -4.585868 4.567415 -1.065576
v -4.715082 4.949197 0.415743
v -4.713310 4.902135 -0.038241
v -4.712622 4.823085 -0.030213
v -4.715082 4.903730 0.929442
v -4.715082 4.988400 0.913175
v -4.827381 4.949197 0.415743
v -4.826339 4.903868 -0.038439
v -4.825805 4.825141 -0.030387
v -4.827381 4.903730 0.929442
v -4.827381 4.988400 0.913175
v -4.524797 4.514482 -1.079501
v -4.525792 4.544493 -1.083735
v -4.523724 4.485081 -1.069700
v -4.522628 4.457466 -1.054734
v -4.521568 4.432745 -1.035198
v -4.520597 4.411910 -1.011856
v -4.519763 4.395786 -0.985615
v -4.519047 4.384863 -0.957455
v -4.518168 4.378791 -0.928313
v -4.517615 4.378930 -0.899505
v -4.517414 4.385275 -0.872129
v -4.517395 4.397137 -0.847143
v -4.517547 4.414025 -0.825493
v -4.518014 4.435653 -0.808067
v -4.518755 4.461127 -0.795521
v -4.519727 4.489434 -0.788327
v -4.520440 4.518363 -0.786560
v -4.521173 4.547566 -0.790431
v -4.521972 4.576109 -0.799835
v -4.522818 4.602934 -0.814426
v -4.523692 4.627054 -0.833662
v -4.524574 4.647578 -0.856822
v -4.525438 4.663745 -0.883028
v -4.526254 4.674948 -0.911282
v -4.526990 4.680756 -0.940500
v -4.527612 4.680927 -0.969555
v -4.528064 4.675372 -0.997308
v -4.528194 4.663961 -1.022617
v -4.528125 4.647439 -1.044549
v -4.527845 4.626388 -1.062232
v -4.527352 4.601571 -1.074956
v -4.526658 4.573912 -1.082210
v -4.548351 4.517406 -1.024876
v -4.548974 4.535667 -1.027446
v -4.547680 4.499504 -1.018918
v -4.546990 4.482669 -1.009809
v -4.546314 4.467565 -0.997911
v -4.545683 4.454789 -0.983685
v -4.545126 4.444843 -0.967684
v -4.544666 4.438115 -0.950520
v -4.544322 4.434863 -0.932853
v -4.544106 4.435207 -0.915356
v -4.544024 4.439126 -0.898696
v -4.544012 4.446295 -0.883476
v -4.544065 4.456426 -0.870275
v -4.544238 4.469267 -0.859621
v -4.544518 4.484308 -0.851918
v -4.544891 4.500961 -0.847460
v -4.545343 4.518588 -0.846420
v -4.545858 4.536518 -0.848839
v -4.546422 4.554076 -0.854633
v -4.547017 4.570604 -0.863585
v -4.547628 4.585485 -0.875361
v -4.548235 4.598163 -0.889513
v -4.548820 4.608163 -0.905506
v -4.549362 4.615109 -0.922727
v -4.549839 4.618734 -0.940517
v -4.550233 4.618891 -0.958188
v -4.550482 4.615462 -0.975037
v -4.550546 4.608495 -0.990396
v -4.550481 4.598401 -1.003694
v -4.550285 4.585547 -1.014407
v -4.549961 4.570412 -1.022115
v -4.549518 4.553569 -1.026517
v -4.715066 4.969498 0.409884
v -4.706786 4.888480 -0.181258
v -4.703978 4.758719 -0.172445
v -4.713881 4.890453 1.072788
v -4.713745 5.025433 1.053129
v -4.715066 4.969498 0.409884
v -4.706786 4.888480 -0.181258
v -4.703978 4.758719 -0.172445
v -4.713881 4.890453 1.072788
v -4.713745 5.025433 1.053129
v -4.607512 4.969498 0.409884
v -4.598433 4.887029 -0.181736
v -4.595480 4.756960 -0.172938
v -4.606328 4.890453 1.072788
v -4.606191 5.025433 1.053129
v -4.607508 4.983590 0.402649
v -4.584338 4.861609 -0.355082
v -4.577771 4.691542 -0.344184
v -4.606015 4.883967 1.238140
v -4.605843 5.054088 1.213363
v -4.745345 4.983590 0.402649
v -4.724262 4.865161 -0.353464
v -4.718110 4.696010 -0.342572
v -4.743852 4.883967 1.238140
v -4.743680 5.054088 1.213363
v -4.399058 4.542198 0.809624
v -4.430775 4.469839 0.299976
v -4.428319 3.829590 0.300176
v -4.398896 3.763803 0.809640
v -4.430775 4.152535 0.299976
v -4.399058 4.153187 0.809624
v -4.838387 5.232533 -1.297116
v -4.825914 5.159824 1.483367
v -6.144959 5.184115 1.483367
v -6.144959 5.184115 -1.220430
v -4.816058 3.334995 1.701626
v -6.197667 3.266155 1.701901
v -6.112052 3.273035 -1.413834
v -4.813033 3.322534 -1.385147
v -6.163171 5.110883 -1.392188
v -4.828610 5.191599 -1.486629
v -4.800279 5.085784 1.699856
v -6.163171 5.110883 1.699856
v -6.212683 3.235689 0.120777
v -6.271478 3.269844 1.554952
v -6.192029 3.273512 -1.310472
v -6.240019 5.136298 1.553087
v -6.240019 5.136298 -1.290151
v -4.568966 5.837171 -2.019627
v -4.432408 5.468614 1.971775
v -6.531041 5.507262 1.971775
v -6.531041 5.507262 -1.708839
v -4.728334 5.598606 -1.664221
v -4.635826 5.343786 1.694129
v -6.337200 5.375118 1.694129
v -6.337200 5.375118 -1.453686
v -4.570238 5.919911 -2.023851
v -4.431331 5.545680 1.972896
v -6.529964 5.584329 1.972896
v -6.529964 5.584329 -1.707718
v -4.738935 5.836794 -1.689679
v -4.634749 5.553759 1.695250
v -6.336123 5.585091 1.695250
v -6.336123 5.585091 -1.452565
v -5.553847 5.225287 0.429562
v -5.550618 5.229424 0.423788
v -5.550345 5.233770 0.417312
v -5.553069 5.237662 0.411121
v -5.558375 5.240509 0.406157
v -5.565457 5.241876 0.403177
v -5.573235 5.241555 0.402634
v -5.580525 5.239595 0.404610
v -5.586219 5.236296 0.408804
v -5.589448 5.232158 0.414579
v -5.589721 5.227812 0.421055
v -5.586997 5.223920 0.427246
v -5.581691 5.221074 0.432209
v -5.574609 5.219707 0.435190
v -5.566831 5.220028 0.435733
v -5.559541 5.221987 0.433757
v -5.586473 5.576323 0.661633
v -5.583251 5.580801 0.656114
v -5.582991 5.585821 0.650144
v -5.585732 5.590617 0.644633
v -5.591058 5.594460 0.640419
v -5.598158 5.596765 0.638144
v -5.605951 5.597180 0.638153
v -5.613250 5.595643 0.640447
v -5.618944 5.592388 0.644675
v -5.622166 5.587910 0.650194
v -5.622427 5.582891 0.656163
v -5.619685 5.578094 0.661675
v -5.614358 5.574251 0.665889
v -5.607258 5.571946 0.668164
v -5.599466 5.571531 0.668154
v -5.592167 5.573068 0.665861
v -5.502818 6.004132 1.059860
v -5.499856 6.004725 1.052665
v -5.499873 6.005610 1.044912
v -5.502866 6.006653 1.037781
v -5.508380 6.007694 1.032358
v -5.515575 6.008575 1.029469
v -5.523356 6.009163 1.029553
v -5.530538 6.009367 1.032597
v -5.536028 6.009157 1.038139
v -5.538990 6.008564 1.045334
v -5.538973 6.007679 1.053088
v -5.535980 6.006636 1.060218
v -5.530466 6.005595 1.065641
v -5.523271 6.004713 1.068531
v -5.515490 6.004126 1.068447
v -5.508307 6.003922 1.065402
v -5.516189 6.278238 0.855313
v -5.513279 6.281522 0.848860
v -5.513342 6.284732 0.841747
v -5.516367 6.287379 0.835058
v -5.521894 6.289062 0.829812
v -5.529080 6.289522 0.826807
v -5.536833 6.288690 0.826500
v -5.543972 6.286694 0.828938
v -5.549410 6.283835 0.833750
v -5.552320 6.280551 0.840204
v -5.552257 6.277341 0.847316
v -5.549232 6.274693 0.854005
v -5.543705 6.273012 0.859251
v -5.536519 6.272552 0.862256
v -5.528765 6.273383 0.862563
v -5.521626 6.275380 0.860125
v -5.580562 6.427382 1.428758
v -5.577348 6.429424 1.421946
v -5.576906 6.430578 1.414241
v -5.579303 6.430668 1.406815
v -5.584175 6.429680 1.400800
v -5.590779 6.427765 1.397110
v -5.598110 6.425215 1.396307
v -5.605052 6.422418 1.398514
v -5.610549 6.419798 1.403395
v -5.613763 6.417757 1.410207
v -5.614205 6.416603 1.417912
v -5.611808 6.416513 1.425338
v -5.606936 6.417500 1.431354
v -5.600332 6.419415 1.435044
v -5.593001 6.421966 1.435846
v -5.586059 6.424763 1.433639
v -5.653613 6.754292 0.872914
v -5.649421 6.749065 0.868913
v -5.648041 6.743240 0.863907
v -5.649683 6.737706 0.858656
v -5.654095 6.733304 0.853960
v -5.660607 6.730704 0.850535
v -5.668227 6.730303 0.848902
v -5.675796 6.732161 0.849309
v -5.682159 6.735995 0.851694
v -5.686351 6.741223 0.855695
v -5.687731 6.747047 0.860702
v -5.686090 6.752582 0.865953
v -5.681677 6.756984 0.870648
v -5.675165 6.759583 0.874073
v -5.667545 6.759985 0.875707
v -5.659976 6.758127 0.875300
v -5.533268 7.001870 0.699245
v -5.527689 7.001636 0.693795
v -5.524398 7.002675 0.686796
v -5.523900 7.004832 0.679312
v -5.526268 7.007776 0.672485
v -5.531143 7.011061 0.667352
v -5.537782 7.014184 0.664695
v -5.545175 7.016673 0.664919
v -5.552196 7.018146 0.667990
v -5.557776 7.018381 0.673440
v -5.561066 7.017341 0.680439
v -5.561565 7.015184 0.687923
v -5.559196 7.012240 0.694750
v -5.554322 7.008956 0.699883
v -5.547683 7.005832 0.702540
v -5.540290 7.003344 0.702316
v -5.493368 7.168350 1.067797
v -5.486937 7.170721 1.064066
v -5.482586 7.175009 1.059209
v -5.480979 7.180561 1.053967
v -5.482358 7.186532 1.049136
v -5.486516 7.192014 1.045453
v -5.492818 7.196172 1.043479
v -5.500305 7.198372 1.043513
v -5.507837 7.198279 1.045550
v -5.514268 7.195909 1.049281
v -5.518619 7.191621 1.054138
v -5.520226 7.186069 1.059380
v -5.518846 7.180097 1.064211
v -5.514689 7.174615 1.067894
v -5.508387 7.170458 1.069868
v -5.500900 7.168258 1.069834
v -5.399635 7.463026 1.306679
v -5.393445 7.464618 1.302202
v -5.389396 7.467935 1.296415
v -5.388102 7.472473 1.290199
v -5.389762 7.477540 1.284501
v -5.394123 7.482365 1.280188
v -5.400520 7.486213 1.277918
v -5.407981 7.488500 1.278034
v -5.415368 7.488875 1.280521
v -5.421558 7.487283 1.284998
v -5.425608 7.483966 1.290785
v -5.426901 7.479428 1.297001
v -5.425241 7.474361 1.302699
v -5.420880 7.469536 1.307011
v -5.414483 7.465688 1.309282
v -5.407022 7.463401 1.309165
v -5.443850 5.172888 -0.447997
v -5.442052 5.178464 -0.453150
v -5.443292 5.184239 -0.458250
v -5.447381 5.189333 -0.462520
v -5.453696 5.192970 -0.465310
v -5.461277 5.194597 -0.466194
v -5.468969 5.193965 -0.465039
v -5.475601 5.191172 -0.462020
v -5.480163 5.186642 -0.457597
v -5.481961 5.181066 -0.452443
v -5.480721 5.175291 -0.447343
v -5.476632 5.170197 -0.443073
v -5.470316 5.166560 -0.440284
v -5.462735 5.164933 -0.439399
v -5.455044 5.165565 -0.440554
v -5.448412 5.168358 -0.443573
v -5.389209 5.829896 0.161224
v -5.388023 5.827535 0.153882
v -5.389872 5.825411 0.146604
v -5.394475 5.823848 0.140499
v -5.401130 5.823084 0.136496
v -5.408824 5.823235 0.135205
v -5.416387 5.824278 0.136822
v -5.422666 5.826055 0.141101
v -5.426706 5.828294 0.147390
v -5.427892 5.830656 0.154733
v -5.426043 5.832780 0.162010
v -5.421441 5.834343 0.168116
v -5.414786 5.835107 0.172118
v -5.407091 5.834956 0.173410
v -5.399529 5.833913 0.171793
v -5.393249 5.832136 0.167514
v -5.388963 6.022923 -1.354904
v -5.387729 6.021206 -1.362416
v -5.389528 6.019744 -1.369867
v -5.394086 6.018759 -1.376124
v -5.400711 6.018401 -1.380233
v -5.408392 6.018725 -1.381570
v -5.415961 6.019682 -1.379930
v -5.422266 6.021125 -1.375564
v -5.426346 6.022836 -1.369135
v -5.427581 6.024553 -1.361624
v -5.425782 6.026015 -1.354173
v -5.421223 6.027000 -1.347916
v -5.414599 6.027358 -1.343807
v -5.406918 6.027034 -1.342470
v -5.399348 6.026077 -1.344110
v -5.393044 6.024634 -1.348476
v -5.350236 6.413891 -0.706788
v -5.348955 6.412784 -0.714406
v -5.350708 6.411914 -0.721960
v -5.355229 6.411413 -0.728301
v -5.361830 6.411356 -0.732463
v -5.369505 6.411754 -0.733812
v -5.377088 6.412544 -0.732143
v -5.383421 6.413608 -0.727711
v -5.387543 6.414782 -0.721190
v -5.388825 6.415889 -0.713572
v -5.387072 6.416759 -0.706018
v -5.382551 6.417260 -0.699677
v -5.375950 6.417316 -0.695515
v -5.368274 6.416919 -0.694166
v -5.360692 6.416128 -0.695834
v -5.354358 6.415065 -0.700267
v -5.335671 6.752502 -1.553812
v -5.334760 6.745883 -1.557842
v -5.336883 6.739511 -1.561818
v -5.341717 6.734360 -1.565133
v -5.348526 6.731212 -1.567283
v -5.356273 6.730546 -1.567940
v -5.363779 6.732463 -1.567005
v -5.369902 6.736673 -1.564620
v -5.373708 6.742535 -1.561148
v -5.374619 6.749154 -1.557117
v -5.372497 6.755525 -1.553142
v -5.367662 6.760676 -1.549827
v -5.360854 6.763825 -1.547677
v -5.353106 6.764491 -1.547019
v -5.345600 6.762573 -1.547954
v -5.339478 6.758363 -1.550339
v -5.297747 7.379171 -2.149078
v -5.296766 7.373779 -2.154633
v -5.298819 7.368630 -2.160125
v -5.303594 7.364509 -2.164720
v -5.310364 7.362041 -2.167716
v -5.318099 7.361604 -2.168657
v -5.325620 7.363264 -2.167402
v -5.331782 7.366768 -2.164140
v -5.335649 7.371582 -2.159368
v -5.336629 7.376974 -2.153813
v -5.334576 7.382123 -2.148320
v -5.329801 7.386245 -2.143726
v -5.323031 7.388712 -2.140730
v -5.315297 7.389149 -2.139788
v -5.307776 7.387489 -2.141044
v -5.301613 7.383986 -2.144306
vn 1.0000 -0.0000 -0.0000
vn -0.0005 -1.0000 -0.0071
vn 0.9998 -0.0174 -0.0080
vn 0.9941 0.0660 -0.0865
vn 0.9998 0.0121 -0.0164
vn 0.9889 0.0503 -0.1401
vn 0.1159 0.1073 0.9875
vn 0.0068 0.9996 0.0262
vn 0.0003 -0.0020 -1.0000
vn 0.0013 -0.9986 -0.0525
vn 0.9999 0.0023 -0.0169
vn 0.9998 -0.0192 -0.0027
vn 0.9500 -0.3122 -0.0015
vn -0.0001 0.0022 1.0000
vn -0.0000 1.0000 0.0007
vn -0.0762 -0.0793 -0.9939
vn 1.0000 0.0044 0.0089
vn 0.8985 0.0654 0.4341
vn 0.5390 0.8417 0.0302
vn 0.6158 -0.0141 -0.7878
vn -0.0106 -0.0460 -0.9989
vn 0.9998 -0.0207 0.0043
vn 0.9965 0.0810 0.0209
vn 0.9971 0.0685 0.0347
vn 0.9966 -0.0300 0.0769
vn 0.8019 0.5967 0.0293
vn 0.0347 0.9740 0.2239
vn 0.9901 -0.0209 -0.1386
vn 0.9998 0.0037 -0.0192
vn 0.9971 -0.0227 0.0724
vn 0.9991 0.0412 0.0062
vn -0.0591 0.0172 -0.9981
vn 0.6918 -0.6761 -0.2536
vn 0.6359 -0.0439 -0.7705
vn 0.7816 0.6063 0.1466
vn -0.0601 -0.9453 -0.3206
vn 0.7696 0.6362 -0.0546
vn 0.0004 -0.9940 -0.1089
vn -0.0001 0.0023 1.0000
vn -0.0000 0.9966 -0.0820
vn 0.8745 -0.4816 -0.0568
vn 0.9236 -0.0504 -0.3800
vn 0.8324 -0.5503 -0.0652
vn 0.8825 -0.0163 0.4700
vn 0.8975 -0.0121 0.4408
vn 0.9010 -0.0149 0.4336
vn 0.7882 0.6130 -0.0545
vn 0.9419 -0.0466 -0.3327
vn 0.9043 -0.0000 0.4269
vn 0.7462 0.6649 -0.0336
vn 0.9973 -0.0000 0.0730
vn 0.9816 0.0086 -0.1908
vn 0.9985 -0.0543 0.0021
vn 0.9955 -0.0816 -0.0489
vn 0.9968 -0.0792 -0.0143
vn 0.8645 0.5025 -0.0088
vn 0.8612 0.0001 -0.5083
vn 0.7966 -0.6045 0.0013
vn 0.8704 -0.0544 0.4893
vn 0.7085 0.0420 0.7044
vn 0.8709 -0.0099 0.4914
vn 0.8707 -0.0099 0.4918
vn 0.8718 -0.0546 0.4868
vn 0.7995 -0.5988 -0.0468
vn 0.7941 -0.6053 -0.0556
vn 0.7919 -0.6106 0.0071
vn 0.8598 -0.0292 -0.5098
vn 0.8601 -0.0309 -0.5093
vn 0.8614 0.0013 -0.5079
vn 0.8563 0.5163 0.0114
vn 0.8567 0.5156 0.0109
vn 0.8631 0.5049 -0.0121
vn 0.9997 -0.0156 -0.0167
vn 0.9998 -0.0156 -0.0142
vn 0.9997 -0.0152 -0.0177
vn 0.9945 -0.1012 0.0257
vn 0.9906 -0.1333 0.0307
vn 0.9900 -0.1368 -0.0349
vn 0.9999 -0.0053 -0.0143
vn 0.9998 -0.0126 -0.0165
vn 0.9974 -0.0699 -0.0158
vn 0.7773 -0.6283 0.0328
vn 0.7159 -0.6982 -0.0101
vn 0.8371 -0.5423 -0.0725
vn 0.9719 -0.0101 -0.2353
vn 0.9798 -0.0238 -0.1984
vn 0.9812 -0.0000 -0.1929
vn 0.7975 0.5978 -0.0810
vn 0.6440 0.7624 -0.0625
vn 0.9009 -0.0067 0.4340
vn 0.8729 -0.4789 -0.0933
vn 0.8498 0.5163 -0.1060
vn 0.9240 -0.0267 -0.3814
vn 0.9248 -0.0312 -0.3792
vn 0.9412 -0.0483 -0.3345
vn 0.8072 0.5867 -0.0642
vn 0.8090 0.5845 -0.0626
vn 0.7885 0.6126 -0.0537
vn 0.9047 -0.0000 0.4260
vn 0.9047 -0.0000 0.4261
vn 0.9014 -0.0158 0.4327
vn 0.9018 -0.0000 0.4321
vn 0.8979 -0.0136 0.4400
vn 0.8857 -0.0000 0.4642
vn 0.8857 -0.0000 0.4643
vn 0.8831 -0.0170 0.4689
vn 0.8034 -0.5954 -0.0092
vn 0.8058 -0.5921 -0.0061
vn 0.8311 -0.5524 -0.0649
vn 0.9083 -0.0355 -0.4169
vn 0.9085 -0.0404 -0.4160
vn 0.9210 -0.0506 -0.3862
vn 0.8658 -0.5003 -0.0078
vn 0.8668 -0.4986 -0.0056
vn 0.8738 -0.4828 -0.0577
vn 0.0154 0.9865 -0.1630
vn 0.0228 0.9866 -0.1613
vn -0.0000 -0.0000 1.0000
vn -0.0003 0.0023 1.0000
vn 0.0020 -0.9991 -0.0412
vn 0.0037 -0.9991 -0.0415
vn -0.0021 -0.9940 -0.1089
vn 0.8040 0.5913 -0.0624
vn 0.8060 0.5889 -0.0597
vn 0.7702 0.6356 -0.0530
vn -0.0771 -0.9759 -0.2040
vn -0.0779 -0.9759 -0.2040
vn -0.0609 -0.9454 -0.3203
vn 0.7688 0.6185 0.1626
vn 0.7692 0.6193 0.1577
vn 0.7826 0.6063 0.1411
vn 0.6463 0.0459 -0.7617
vn 0.6605 0.0383 -0.7498
vn 0.6524 -0.0394 -0.7568
vn 0.6866 -0.7092 -0.1601
vn 0.6569 -0.7402 -0.1436
vn 0.6678 -0.6964 -0.2628
vn -0.0562 -0.0666 -0.9962
vn -0.0567 -0.0666 -0.9962
vn -0.0595 0.0172 -0.9981
vn 1.0000 -0.0002 0.0049
vn 0.9991 0.0068 -0.0413
vn 0.9982 0.0482 -0.0363
vn 0.9991 -0.0408 -0.0122
vn 1.0000 0.0038 -0.0089
vn 0.9998 0.0023 -0.0205
vn 0.0239 0.9523 0.3041
vn 0.0245 0.9524 0.3040
vn 0.0354 0.9740 0.2238
vn 0.8008 0.5970 0.0477
vn 0.8013 0.5963 0.0477
vn 0.8007 0.5971 0.0477
vn 0.9980 -0.0442 0.0442
vn 0.9977 -0.0513 0.0438
vn 0.9969 -0.0290 0.0730
vn 0.9946 0.0978 -0.0352
vn 0.9909 0.1255 -0.0492
vn 0.9959 0.0868 0.0270
vn 1.0000 -0.0000 0.0001
vn 0.9998 -0.0204 -0.0026
vn -0.0027 -0.0079 -1.0000
vn -0.0039 -0.0074 -1.0000
vn -0.0156 -0.0451 -0.9989
vn 0.6148 -0.0000 -0.7887
vn 0.6143 -0.0140 -0.7889
vn 0.8353 -0.0214 0.5493
vn 0.8347 -0.0183 0.5504
vn 0.8999 0.0816 0.4285
vn -0.0086 -0.0476 -0.9988
vn -0.0123 -0.0466 -0.9988
vn -0.0905 -0.0756 -0.9930
vn -0.0859 0.9945 0.0606
vn -0.0953 0.9938 0.0565
vn -0.0003 0.0022 1.0000
vn 0.9884 0.1511 -0.0122
vn 0.9918 0.1259 -0.0205
vn 1.0000 -0.0000 -0.0001
vn 0.9998 -0.0183 -0.0057
vn 0.9990 0.0385 0.0209
vn 0.9989 0.0437 0.0196
vn 0.9998 0.0066 -0.0167
vn 0.0028 -0.9999 -0.0156
vn 0.0045 -0.9999 -0.0158
vn -0.0056 -0.9986 -0.0524
vn -0.0000 -0.0000 -1.0000
vn 0.0002 -0.0020 -1.0000
vn -0.0075 1.0000 -0.0008
vn -0.0068 1.0000 -0.0011
vn 0.0016 0.9997 0.0262
vn 0.0107 0.0346 0.9993
vn 0.0088 0.0352 0.9993
vn 0.1061 0.1104 0.9882
vn 0.9981 -0.0484 -0.0379
vn 0.9985 -0.0411 -0.0365
vn 0.9918 0.0576 -0.1143
vn 0.9985 0.0509 0.0182
vn 0.9984 0.0532 0.0167
vn 0.9997 0.0176 -0.0159
vn 0.9988 -0.0352 -0.0345
vn -0.8762 -0.0531 -0.4790
vn 0.1180 -0.9882 -0.0975
vn 0.1094 -0.9889 -0.1004
vn 0.5933 -0.0100 0.8049
vn -0.0115 -0.6239 0.7814
vn 0.9951 0.0942 -0.0302
vn 0.9946 0.0673 -0.0784
vn 0.0358 -0.9989 0.0305
vn -0.0410 -0.9991 0.0121
vn 0.9906 -0.0073 0.1367
vn 0.1287 -0.9916 0.0164
vn 0.9552 0.2959 -0.0034
vn -0.9386 -0.3449 -0.0000
vn 0.8793 -0.0146 -0.4760
vn -0.0817 -0.1360 -0.9873
vn -0.0862 -0.3151 -0.9451
vn -0.0892 -0.4783 -0.8736
vn -0.0912 -0.6242 -0.7759
vn -0.0922 -0.7511 -0.6538
vn -0.0919 -0.8563 -0.5083
vn -0.0898 -0.9358 -0.3410
vn -0.0850 -0.9843 -0.1548
vn -0.0770 -0.9960 0.0447
vn -0.0651 -0.9667 0.2475
vn -0.0502 -0.8987 0.4358
vn -0.0316 -0.7868 0.6164
vn -0.0107 -0.6366 0.7711
vn 0.0111 -0.4587 0.8885
vn 0.0323 -0.2644 0.9639
vn 0.0514 -0.0651 0.9966
vn 0.0673 0.1297 0.9893
vn 0.0794 0.3127 0.9465
vn 0.0872 0.4793 0.8733
vn 0.0906 0.6264 0.7742
vn 0.0896 0.7523 0.6527
vn 0.0844 0.8552 0.5114
vn 0.0752 0.9330 0.3520
vn 0.0621 0.9824 0.1761
vn 0.0456 0.9989 -0.0139
vn 0.0263 0.9764 -0.2143
vn 0.0049 0.9062 -0.4229
vn -0.0162 0.7916 -0.6108
vn -0.0358 0.6380 -0.7692
vn -0.0525 0.4550 -0.8889
vn -0.2370 -0.6085 -0.7573
vn -0.0656 0.2567 -0.9643
vn -0.0751 0.0564 -0.9956
vn -0.9998 -0.0181 0.0067
vn 1.0000 0.0065 0.0008
vn 0.9992 -0.0339 0.0216
vn -0.0000 -0.1887 -0.9820
vn 0.0001 0.1014 0.9948
vn -0.0000 -0.9969 0.0786
vn 0.0092 0.9965 -0.0827
vn -0.0077 -0.9948 0.1012
vn 0.8994 0.4146 0.1381
vn -0.2760 -0.6103 0.7425
vn -0.2699 0.8152 0.5124
vn -0.2868 0.2364 -0.9284
vn -0.2609 -0.9652 0.0196
vn -0.2583 0.2957 0.9197
vn -0.3053 0.8683 -0.3910
vn -0.2336 -0.7301 -0.6422
vn -0.2683 -0.4373 0.8584
vn -0.2761 0.8906 0.3614
vn -0.2621 -0.1430 -0.9544
vn -0.2743 0.0421 -0.9607
vn -0.2730 -0.9356 0.2241
vn -0.2595 0.4549 0.8519
vn -0.3071 0.7590 -0.5742
vn -0.2326 -0.8318 -0.5040
vn -0.2605 -0.2511 0.9322
vn -0.2835 0.9392 0.1939
vn -0.2514 -0.3141 -0.9155
vn -0.2788 -0.8673 0.4124
vn -0.2616 0.5956 0.7594
vn -0.3045 0.6095 -0.7320
vn -0.2345 -0.9088 -0.3452
vn -0.2577 -0.0654 0.9640
vn -0.2915 0.9565 0.0116
vn -0.2429 -0.4695 -0.8489
vn -0.2799 -0.7586 0.5884
vn -0.2651 0.7163 0.6455
vn -0.2975 0.4304 -0.8522
vn -0.2446 -0.9531 -0.1780
vn -0.2578 0.1207 0.9586
vn -0.2994 0.9363 -0.1834
vn 0.9994 0.0291 -0.0172
vn 0.9260 -0.2629 -0.2709
vn 0.9026 0.4261 0.0613
vn 0.9282 -0.3011 -0.2185
vn 0.9067 0.4213 -0.0194
vn 0.9311 -0.3283 -0.1588
vn 0.9107 0.4009 -0.0993
vn 0.9345 -0.3437 -0.0931
vn 0.9142 0.3661 -0.1740
vn 0.9380 -0.3459 -0.0228
vn 0.9168 0.3183 -0.2413
vn 0.9414 -0.3332 0.0523
vn 0.9186 0.2598 -0.2979
vn 0.9436 -0.3035 0.1326
vn 0.9199 0.1936 -0.3411
vn 0.9165 0.0858 0.3907
vn 0.9436 -0.2625 0.2019
vn 0.9212 0.1232 -0.3691
vn 0.9094 0.1613 0.3834
vn 0.9416 -0.2083 0.2645
vn 0.9224 0.0462 -0.3835
vn 0.9036 0.2315 0.3604
vn 0.9375 -0.1430 0.3172
vn 0.9228 -0.0269 -0.3844
vn 0.8997 0.2940 0.3228
vn 0.9314 -0.0697 0.3571
vn 0.9230 -0.0956 -0.3727
vn 0.8977 0.3467 0.2719
vn 0.9241 0.0077 0.3820
vn 0.9235 -0.1589 -0.3491
vn 0.8977 0.3875 0.2096
vn 0.9245 -0.2151 -0.3148
vn 1.0000 -0.0021 -0.0088
vn 0.9987 0.0206 0.0475
vn 0.9997 -0.0260 0.0010
vn 0.9920 0.1257 -0.0065
vn 0.9790 -0.2009 0.0340
vn -0.0000 1.0000 -0.0000
vn -0.0000 -0.9962 0.0866
vn 0.0079 0.9944 -0.1058
vn -0.0064 -0.9906 0.1368
vn -0.0000 -0.1441 -0.9896
vn 0.0055 0.0677 0.9977
vn 1.0000 -0.0013 -0.0019
vn 0.9959 0.0370 0.0822
vn 0.9696 0.2442 -0.0147
vn 0.8495 -0.5183 0.0988
vn -0.0000 0.9962 -0.0866
vn -0.0153 -0.9928 0.1191
vn 0.0117 0.9876 -0.1565
vn -0.0000 0.1441 0.9896
vn -0.0133 -0.0646 -0.9978
vn 0.9982 0.0037 -0.0597
vn 0.9981 -0.0000 -0.0621
vn 0.9976 -0.0000 0.0698
vn 0.1290 -0.9916 -0.0115
vn -0.0410 -0.9991 -0.0063
vn 0.9993 -0.0305 0.0234
vn 0.0430 -0.9987 -0.0279
vn 0.9905 0.1345 -0.0274
vn 0.9996 -0.0168 -0.0232
vn -0.0088 0.9999 0.0133
vn -0.8721 0.4875 0.0409
vn -0.0147 -0.6334 -0.7737
vn -0.0013 0.7329 0.6803
vn 0.0001 0.0011 1.0000
vn -0.0239 -0.0220 -0.9995
vn -0.0066 0.6349 -0.7726
vn -0.0224 0.4898 0.8715
vn 0.7534 0.0287 -0.6569
vn -0.0148 -0.6321 -0.7747
vn -0.0091 -0.4968 0.8678
vn -0.6003 0.0057 0.7997
vn -0.9999 -0.0094 -0.0141
vn -0.9722 0.0168 -0.2337
vn -0.9562 0.2894 -0.0443
vn -0.9622 0.2722 -0.0107
vn -0.9806 -0.0285 0.1941
vn -0.9999 0.0140 -0.0000
vn -0.0003 -0.0145 0.9999
vn 1.0000 -0.0051 -0.0000
vn 0.0001 0.0053 -1.0000
vn 0.7862 -0.6136 -0.0729
vn 0.0138 0.7471 -0.6645
vn -0.6833 -0.7301 -0.0000
vn 0.7048 0.7094 -0.0000
vn -0.1396 0.9799 0.1429
vn 0.0184 0.9997 0.0156
vn -0.1832 0.9787 0.0932
vn -0.0039 1.0000 -0.0000
vn 0.1298 0.0565 0.9899
vn -0.9994 -0.0197 0.0276
vn -0.1546 -0.0194 -0.9878
vn 0.9994 0.0005 -0.0344
vn 0.6798 -0.3595 0.6393
vn 0.9061 -0.1715 0.3867
vn 0.9963 0.0429 0.0750
vn 0.9350 0.2518 -0.2497
vn 0.7298 0.4229 -0.5372
vn 0.4119 0.5291 -0.7419
vn 0.0319 0.5539 -0.8320
vn -0.3512 0.4944 -0.7952
vn -0.6799 0.3605 -0.6386
vn -0.9062 0.1724 -0.3861
vn -0.9963 -0.0423 -0.0746
vn -0.9350 -0.2516 0.2499
vn -0.7298 -0.4229 0.5372
vn -0.4119 -0.5290 0.7420
vn -0.0319 -0.5534 0.8323
vn 0.3511 -0.4935 0.7957
vn 0.6261 -0.5928 0.5065
vn 0.8727 -0.4134 0.2596
vn 0.9875 -0.1506 -0.0473
vn 0.9246 0.1475 -0.3513
vn 0.7022 0.4106 -0.5817
vn 0.3873 0.5928 -0.7061
vn 0.0397 0.6841 -0.7283
vn -0.3062 0.6868 -0.6592
vn -0.6240 0.5991 -0.5018
vn -0.8719 0.4161 -0.2582
vn -0.9875 0.1504 0.0472
vn -0.9246 -0.1467 0.3517
vn -0.7026 -0.4058 0.5846
vn -0.3878 -0.5846 0.7127
vn -0.0390 -0.6745 0.7372
vn 0.3084 -0.6780 0.6672
vn 0.4959 0.5369 0.6825
vn 0.8077 0.3760 0.4542
vn 0.9984 0.0556 0.0100
vn 0.8498 -0.2819 -0.4454
vn 0.5503 -0.4707 -0.6896
vn 0.2709 -0.5542 -0.7871
vn 0.0208 -0.5856 -0.8103
vn -0.2263 -0.5816 -0.7813
vn -0.4998 -0.5304 -0.6847
vn -0.8057 -0.3798 -0.4545
vn -0.9983 -0.0569 -0.0103
vn -0.8423 0.3010 0.4472
vn -0.5356 0.4986 0.6815
vn -0.2616 0.5812 0.7706
vn -0.0209 0.6080 0.7937
vn 0.2205 0.5972 0.7712
vn 0.6084 -0.7488 0.2632
vn 0.8632 -0.4568 0.2150
vn 0.9856 0.1535 0.0704
vn 0.6659 0.7375 -0.1127
vn 0.2816 0.9380 -0.2022
vn 0.0122 0.9717 -0.2361
vn -0.1943 0.9487 -0.2496
vn -0.3856 0.8872 -0.2534
vn -0.5995 0.7616 -0.2460
vn -0.8567 0.4730 -0.2055
vn -0.9860 -0.1516 -0.0699
vn -0.6617 -0.7416 0.1104
vn -0.2831 -0.9373 0.2035
vn -0.0166 -0.9694 0.2448
vn 0.1923 -0.9449 0.2651
vn 0.3894 -0.8799 0.2723
vn 0.3550 0.8241 0.4415
vn 0.7014 0.6519 0.2883
vn 0.9597 0.2787 0.0352
vn 0.9568 -0.1827 -0.2263
vn 0.7556 -0.5261 -0.3902
vn 0.5036 -0.7266 -0.4674
vn 0.2452 -0.8337 -0.4948
vn -0.0310 -0.8735 -0.4858
vn -0.3482 -0.8336 -0.4289
vn -0.7001 -0.6539 -0.2868
vn -0.9604 -0.2761 -0.0362
vn -0.9575 0.1737 0.2304
vn -0.7616 0.5051 0.4060
vn -0.5104 0.7036 0.4944
vn -0.2464 0.8144 0.5255
vn 0.0364 0.8590 0.5108
vn 0.4683 0.3443 0.8137
vn 0.7245 0.1224 0.6783
vn 0.8999 -0.1495 0.4096
vn 0.9105 -0.4125 0.0277
vn 0.7317 -0.5806 -0.3571
vn 0.4437 -0.6268 -0.6405
vn 0.1302 -0.5824 -0.8024
vn -0.1751 -0.4778 -0.8608
vn -0.4642 -0.3224 -0.8250
vn -0.7225 -0.1123 -0.6821
vn -0.9002 0.1486 -0.4094
vn -0.9112 0.4111 -0.0273
vn -0.7272 0.5884 0.3535
vn -0.4338 0.6454 0.6288
vn -0.1198 0.6085 0.7845
vn 0.1824 0.5055 0.8433
vn 0.0555 -0.9127 0.4049
vn 0.4101 -0.8464 0.3397
vn 0.7529 -0.6258 0.2040
vn 0.9677 -0.2519 0.0076
vn 0.9688 0.1613 -0.1881
vn 0.8033 0.4955 -0.3304
vn 0.5543 0.7230 -0.4123
vn 0.2625 0.8573 -0.4428
vn -0.0634 0.9031 -0.4247
vn -0.4165 0.8391 -0.3498
vn -0.7544 0.6233 -0.2060
vn -0.9678 0.2517 -0.0078
vn -0.9687 -0.1675 0.1834
vn -0.8014 -0.5075 0.3164
vn -0.5536 -0.7359 0.3899
vn -0.2664 -0.8685 0.4180
vn 0.2078 -0.6551 0.7264
vn 0.5544 -0.6233 0.5515
vn 0.8180 -0.4961 0.2912
vn 0.9563 -0.2920 -0.0151
vn 0.9468 -0.0433 -0.3188
vn 0.7924 0.2108 -0.5724
vn 0.5187 0.4315 -0.7380
vn 0.1682 0.5868 -0.7921
vn -0.2081 0.6541 -0.7272
vn -0.5545 0.6228 -0.5519
vn -0.8180 0.4960 -0.2913
vn -0.9563 0.2920 0.0151
vn -0.9469 0.0431 0.3186
vn -0.7926 -0.2114 0.5719
vn -0.5191 -0.4326 0.7371
vn -0.1685 -0.5880 0.7911
vn 0.7246 -0.4992 0.4751
vn 0.9572 -0.2359 0.1679
vn 0.9712 0.1149 -0.2085
vn 0.7631 0.4097 -0.4998
vn 0.4739 0.5864 -0.6570
vn 0.1805 0.6717 -0.7185
vn -0.1110 0.6915 -0.7138
vn -0.4136 0.6458 -0.6418
vn -0.7220 0.5064 -0.4715
vn -0.9570 0.2370 -0.1675
vn -0.9713 -0.1136 0.2089
vn -0.7647 -0.4018 0.5039
vn -0.4762 -0.5729 0.6671
vn -0.1807 -0.6559 0.7329
vn 0.1141 -0.6759 0.7281
vn 0.4181 -0.6331 0.6515
vn 0.5624 0.8202 0.1044
vn 0.9259 0.3748 0.0480
vn 0.8297 -0.5537 -0.0707
vn 0.4085 -0.9054 -0.1161
vn 0.1596 -0.9791 -0.1259
vn -0.0088 -0.9918 -0.1278
vn -0.1566 -0.9796 -0.1263
vn -0.3232 -0.9386 -0.1209
vn -0.5636 -0.8193 -0.1054
vn -0.9261 -0.3743 -0.0481
vn -0.8295 0.5540 0.0706
vn -0.4074 0.9059 0.1152
vn -0.1587 0.9795 0.1243
vn 0.0092 0.9920 0.1258
vn 0.1562 0.9799 0.1242
vn 0.3222 0.9391 0.1192
vn 0.4300 -0.7843 0.4471
vn 0.8558 -0.4639 0.2289
vn 0.8967 0.3529 -0.2671
vn 0.5262 0.7130 -0.4634
vn 0.2927 0.8097 -0.5086
vn 0.1306 0.8441 -0.5200
vn -0.0145 0.8553 -0.5180
vn -0.1816 0.8457 -0.5017
vn -0.4320 0.7828 -0.4480
vn -0.8560 0.4635 -0.2289
vn -0.8962 -0.3541 0.2672
vn -0.5241 -0.7153 0.4622
vn -0.2910 -0.8120 0.5060
vn -0.1301 -0.8462 0.5167
vn 0.0135 -0.8572 0.5148
vn 0.1796 -0.8475 0.4995
vn 0.7951 0.5579 0.2380
vn 0.9841 0.1589 0.0799
vn 0.9392 -0.3247 -0.1118
vn 0.6795 -0.6877 -0.2557
vn 0.3633 -0.8715 -0.3293
vn 0.0625 -0.9325 -0.3558
vn -0.2238 -0.9091 -0.3514
vn -0.5112 -0.7994 -0.3157
vn -0.7926 -0.5639 -0.2318
vn -0.9840 -0.1599 -0.0792
vn -0.9395 0.3236 0.1126
vn -0.6828 0.6819 0.2622
vn -0.3682 0.8639 0.3436
vn -0.0649 0.9246 0.3753
vn 0.2257 0.9009 0.3707
vn 0.5153 0.7911 0.3296
vn 0.8635 0.3188 0.3908
vn 0.9907 0.0575 0.1236
vn 0.9629 -0.2142 -0.1641
vn 0.7849 -0.4513 -0.4245
vn 0.4889 -0.6167 -0.6170
vn 0.1229 -0.6881 -0.7151
vn -0.2596 -0.6575 -0.7073
vn -0.6055 -0.5291 -0.5945
vn -0.8635 -0.3191 -0.3904
vn -0.9907 -0.0575 -0.1235
vn -0.9629 0.2142 0.1641
vn -0.7849 0.4510 0.4249
vn -0.4889 0.6160 0.6177
vn -0.1229 0.6871 0.7161
vn 0.2596 0.6565 0.7083
vn 0.6054 0.5284 0.5952
vt 0.196800 0.372840
vt 0.193751 0.367476
vt 0.182619 0.212213
vt 0.190702 0.362113
vt 0.179847 0.212431
vt 0.878646 0.149065
vt 0.881580 0.000053
vt 0.883860 0.000106
vt 0.880926 0.149118
vt 0.108637 0.374153
vt 0.026736 0.380775
vt 0.027423 0.375128
vt 0.107375 0.368649
vt 0.087644 0.061307
vt 0.184993 0.039202
vt 0.180570 0.047413
vt 0.087450 0.066477
vt 0.013619 0.225556
vt 0.003512 0.070952
vt 0.007128 0.076234
vt 0.015574 0.225402
vt 0.504924 0.018357
vt 0.592915 0.007900
vt 0.586885 0.015412
vt 0.504230 0.023911
vt 0.893220 0.705197
vt 0.899048 0.610432
vt 0.901093 0.610899
vt 0.895536 0.705101
vt 0.893195 0.149427
vt 0.895868 0.000001
vt 0.898142 -0.000000
vt 0.895482 0.149429
vt 0.924810 0.610599
vt 0.923929 0.690798
vt 0.921667 0.690852
vt 0.922534 0.610622
vt 0.842285 0.652204
vt 0.844978 0.788372
vt 0.841496 0.788364
vt 0.838806 0.652196
vt 0.426970 0.167336
vt 0.428464 0.023746
vt 0.432214 0.029505
vt 0.429163 0.167287
vt 0.507502 0.309689
vt 0.429226 0.311611
vt 0.430274 0.305679
vt 0.506657 0.303797
vt 0.586538 0.163762
vt 0.589218 0.307901
vt 0.586512 0.302050
vt 0.583551 0.163828
vt 0.754596 0.323262
vt 0.750950 0.472796
vt 0.754596 0.611001
vt 0.752706 0.608376
vt 0.750816 0.605750
vt 0.743171 0.507050
vt 0.730545 0.405100
vt 0.734182 0.370739
vt 0.743725 0.336510
vt 0.749075 0.330017
vt 0.907964 0.771313
vt 0.908883 0.847466
vt 0.905408 0.847409
vt 0.904482 0.771269
vt 0.863524 0.758583
vt 0.864703 0.896825
vt 0.861221 0.896855
vt 0.860042 0.758613
vt 0.899301 0.537922
vt 0.894144 0.454144
vt 0.897393 0.453632
vt 0.902824 0.537993
vt 0.600332 0.609997
vt 0.598909 0.511060
vt 0.603534 0.412070
vt 0.610816 0.411864
vt 0.618126 0.411656
vt 0.619154 0.416014
vt 0.620179 0.420372
vt 0.614441 0.508172
vt 0.613670 0.595928
vt 0.607090 0.602965
vt 0.669862 0.338079
vt 0.668974 0.343119
vt 0.862553 0.276152
vt 0.860042 0.137765
vt 0.862773 -0.000000
vt 0.866119 0.004969
vt 0.869443 0.009929
vt 0.869378 0.013098
vt 0.869311 0.016264
vt 0.868743 0.041367
vt 0.868135 0.066615
vt 0.868062 0.069742
vt 0.867993 0.072873
vt 0.867766 0.072876
vt 0.867540 0.072879
vt 0.866962 0.171800
vt 0.869443 0.270733
vt 0.866009 0.273444
vt 0.925834 0.080112
vt 0.924921 0.155015
vt 0.921666 0.153910
vt 0.922561 0.080384
vt 0.949159 0.187279
vt 0.949082 0.141329
vt 0.952563 0.141270
vt 0.952617 0.187202
vt 0.673041 0.601001
vt 0.672219 0.594187
vt 0.725993 0.370290
vt 0.722346 0.397995
vt 0.714320 0.390983
vt 0.717797 0.370078
vt 0.711686 0.405037
vt 0.721021 0.404953
vt 0.731766 0.456948
vt 0.725334 0.457897
vt 0.734415 0.550482
vt 0.733561 0.592541
vt 0.725115 0.505152
vt 0.710253 0.415080
vt 0.710951 0.410057
vt 0.663852 0.414158
vt 0.664428 0.418786
vt 0.598652 0.511066
vt 0.966650 0.942572
vt 0.967196 0.963424
vt 0.967052 0.963422
vt 0.966507 0.942568
vt 0.603495 0.349130
vt 0.732464 0.344001
vt 0.722503 0.350574
vt 0.703802 0.350616
vt 0.685932 0.352500
vt 0.664783 0.353202
vt 0.645466 0.353461
vt 0.625683 0.351514
vt 0.603697 0.408937
vt 0.625165 0.408355
vt 0.663313 0.409509
vt 0.644734 0.404856
vt 0.660858 0.399876
vt 0.677568 0.393944
vt 0.695011 0.391862
vt 0.698268 0.370326
vt 0.711409 0.369737
vt 0.708543 0.384635
vt 0.695511 0.385366
vt 0.967183 0.200392
vt 0.966649 0.181663
vt 0.966791 0.181668
vt 0.967326 0.200398
vt 0.969325 0.095270
vt 0.969964 0.111912
vt 0.967011 0.109222
vt 0.966507 0.095353
vt 0.970153 0.201559
vt 0.969770 0.216805
vt 0.966794 0.218349
vt 0.714589 0.369860
vt 0.711383 0.387779
vt 0.972371 0.095138
vt 0.973119 0.114517
vt 0.972975 0.114523
vt 0.972225 0.095142
vt 0.361432 0.829555
vt 0.355517 0.745179
vt 0.357356 0.748411
vt 0.363213 0.829571
vt 0.907898 0.086819
vt 0.909246 0.172983
vt 0.905830 0.172998
vt 0.904482 0.086834
vt 0.925084 0.468568
vt 0.925822 0.526951
vt 0.922410 0.526897
vt 0.921666 0.468524
vt 0.896488 0.876489
vt 0.894329 0.963961
vt 0.890912 0.963879
vt 0.893071 0.876407
vt 0.464082 0.829684
vt 0.456572 0.907966
vt 0.454802 0.905095
vt 0.461983 0.829694
vt 0.417561 0.914283
vt 0.373667 0.916514
vt 0.375044 0.912919
vt 0.417039 0.910945
vt 0.468278 0.829661
vt 0.460247 0.914044
vt 0.458334 0.910838
vt 0.466178 0.829673
vt 0.414900 0.745265
vt 0.471638 0.745185
vt 0.469714 0.748425
vt 0.414757 0.748494
vt 0.413496 0.757696
vt 0.462797 0.757662
vt 0.460010 0.761100
vt 0.412895 0.761121
vt 0.414428 0.751383
vt 0.467646 0.751324
vt 0.465585 0.754224
vt 0.414097 0.754272
vt 0.364709 0.829584
vt 0.358974 0.751303
vt 0.360592 0.754195
vt 0.366205 0.829597
vt 0.416470 0.907973
vt 0.376033 0.909713
vt 0.376977 0.906520
vt 0.415897 0.905012
vt 0.412575 0.790950
vt 0.378434 0.790901
vt 0.364325 0.761050
vt 0.917066 0.312431
vt 0.920044 0.364913
vt 0.918422 0.361527
vt 0.904482 0.332010
vt 0.444359 0.795872
vt 0.412553 0.795827
vt 0.446684 0.790996
vt 0.443851 0.862901
vt 0.412699 0.862883
vt 0.412590 0.845083
vt 0.438965 0.845104
vt 0.625511 0.379936
vt 0.640476 0.379459
vt 0.640583 0.399635
vt 0.625188 0.399854
vt 0.661573 0.376259
vt 0.680686 0.372782
vt 0.625764 0.354694
vt 0.606468 0.380502
vt 0.606083 0.358063
vt 0.608364 0.360666
vt 0.608598 0.380449
vt 0.625240 0.402538
vt 0.606033 0.403067
vt 0.608220 0.400327
vt 0.642485 0.379250
vt 0.642653 0.402250
vt 0.625601 0.357389
vt 0.643153 0.356450
vt 0.640867 0.359403
vt 0.625443 0.360081
vt 0.677561 0.393939
vt 0.677554 0.393934
vt 0.680265 0.390363
vt 0.683209 0.386781
vt 0.714316 0.390970
vt 0.714318 0.390977
vt 0.603802 0.355460
vt 0.644458 0.379009
vt 0.625277 0.405225
vt 0.603827 0.405809
vt 0.604344 0.380555
vt 0.603645 0.352296
vt 0.459591 0.810322
vt 0.971165 -0.000000
vt 0.971165 0.074616
vt 0.966506 0.055146
vt 0.969534 0.003127
vt 0.382252 0.862839
vt 0.386672 0.845046
vt 0.367618 0.810210
vt 0.921666 0.292984
vt 0.921666 0.368298
vt 0.380779 0.795781
vt 0.362459 0.757623
vt 0.353679 0.741947
vt 0.415042 0.742035
vt 0.473579 0.741947
vt 0.470373 0.829648
vt 0.462153 0.917252
vt 0.418064 0.917631
vt 0.372202 0.920113
vt 0.894393 0.786112
vt 0.890912 0.785983
vt 0.897906 0.786264
vt 0.899905 0.876572
vt 0.897746 0.964043
vt 0.925808 0.407386
vt 0.922390 0.407342
vt 0.929225 0.407430
vt 0.928501 0.468613
vt 0.929225 0.527023
vt 0.909264 0.000010
vt 0.905853 0.000024
vt 0.912665 0.000000
vt 0.911319 0.086803
vt 0.912665 0.172967
vt 0.359652 0.829539
vt 0.973116 0.074619
vt 0.972970 0.074622
vt 0.973263 0.074616
vt 0.972518 0.095133
vt 0.973263 0.114512
vt 0.718767 0.353006
vt 0.714998 0.355588
vt 0.722507 0.350556
vt 0.717797 0.370061
vt 0.969729 0.185706
vt 0.972636 0.189778
vt 0.972946 0.202712
vt 0.972689 0.215199
vt 0.969754 0.077722
vt 0.966672 0.080803
vt 0.966650 0.218340
vt 0.966507 0.218332
vt 0.967040 0.200386
vt 0.966507 0.181658
vt 0.686005 0.371699
vt 0.689666 0.357196
vt 0.702096 0.355924
vt 0.967198 0.923103
vt 0.967055 0.923098
vt 0.967340 0.923107
vt 0.966794 0.942576
vt 0.967340 0.963426
vt 0.603279 0.412076
vt 0.603023 0.412081
vt 0.742189 0.599145
vt 0.673860 0.607815
vt 0.948976 0.231459
vt 0.952382 0.231307
vt 0.945566 0.231607
vt 0.945676 0.187320
vt 0.945566 0.141342
vt 0.924922 0.001715
vt 0.921666 0.003429
vt 0.928178 -0.000000
vt 0.929108 0.079842
vt 0.928199 0.156163
vt 0.601193 0.344183
vt 0.598935 0.339227
vt 0.670801 0.333135
vt 0.894379 0.609986
vt 0.897855 0.610000
vt 0.890912 0.609946
vt 0.895753 0.537823
vt 0.890912 0.454712
vt 0.864978 0.609576
vt 0.861749 0.609093
vt 0.868185 0.610130
vt 0.867006 0.758553
vt 0.868185 0.896795
vt 0.908862 0.691675
vt 0.905381 0.691632
vt 0.912344 0.691718
vt 0.911445 0.771356
vt 0.912344 0.847547
vt 0.598652 0.000000
vt 0.589524 0.163697
vt 0.591923 0.313753
vt 0.508349 0.315581
vt 0.428107 0.317539
vt 0.424785 0.167384
vt 0.424785 0.017972
vt 0.844993 0.514912
vt 0.841519 0.514902
vt 0.848452 0.514926
vt 0.845773 0.652211
vt 0.848452 0.788381
vt 0.923942 0.527041
vt 0.921666 0.527059
vt 0.926218 0.527023
vt 0.927086 0.610576
vt 0.926196 0.690753
vt 0.895874 0.299590
vt 0.898142 0.299592
vt 0.893601 0.299589
vt 0.890912 0.149425
vt 0.893589 0.000000
vt 0.898820 0.785919
vt 0.901093 0.785842
vt 0.896542 0.785983
vt 0.890912 0.705284
vt 0.896986 0.610000
vt 0.505577 0.012854
vt 0.026003 0.386422
vt 0.011671 0.225708
vt 0.000000 0.065643
vt 0.860042 -0.000000
vt 0.860042 0.192521
vt 0.844737 0.180100
vt 0.838806 0.027264
vt 0.881827 0.310701
vt 0.883860 0.310287
vt 0.879777 0.311084
vt 0.876367 0.149012
vt 0.879301 0.000000
vt 0.352418 0.741947
vt 0.353679 0.921057
vt 0.340736 0.905612
vt 0.339580 0.755315
vt 0.179602 0.406793
vt 0.022269 0.406537
vt -0.000000 0.387930
vt 0.202936 0.388260
vt 0.189380 0.030915
vt 0.607700 0.323262
vt 0.680021 0.161840
vt 0.757626 0.323262
vt 0.600552 0.163987
vt 0.598652 0.003470
vt 0.755947 0.161856
vt 0.758036 0.000000
vt 0.383996 0.388171
vt 0.383996 0.710635
vt 0.371812 0.686937
vt 0.371812 0.412031
vt 0.952854 0.292817
vt 0.954089 0.268077
vt 0.956279 0.268046
vt 0.954966 0.292812
vt 0.958439 0.268040
vt 0.957033 0.292837
vt 0.960482 0.268061
vt 0.958974 0.292892
vt 0.962326 0.268108
vt 0.960712 0.292975
vt 0.940837 0.792571
vt 0.942412 0.817438
vt 0.940585 0.817553
vt 0.939054 0.792643
vt 0.938471 0.817645
vt 0.936983 0.792694
vt 0.936152 0.817709
vt 0.934705 0.792722
vt 0.933716 0.817742
vt 0.932306 0.792724
vt 0.931256 0.817744
vt 0.929878 0.792703
vt 0.928866 0.817716
vt 0.927514 0.792663
vt 0.926634 0.817673
vt 0.925301 0.792614
vt 0.924646 0.817610
vt 0.923327 0.792547
vt 0.922978 0.817526
vt 0.921666 0.792467
vt 0.959059 0.742159
vt 0.960461 0.767159
vt 0.958754 0.767119
vt 0.957373 0.742130
vt 0.956826 0.767059
vt 0.955482 0.742088
vt 0.954750 0.766983
vt 0.953458 0.742034
vt 0.952604 0.766892
vt 0.951376 0.741970
vt 0.950469 0.766790
vt 0.949316 0.741898
vt 0.948424 0.766678
vt 0.947355 0.741820
vt 0.946544 0.766560
vt 0.945566 0.741738
vt 0.945566 0.262200
vt 0.946704 0.237355
vt 0.948718 0.237388
vt 0.947530 0.262200
vt 0.950990 0.237417
vt 0.949749 0.262195
vt 0.953432 0.237442
vt 0.952137 0.262187
vt 0.955951 0.237460
vt 0.954602 0.262176
vt 0.958449 0.237472
vt 0.957050 0.262161
vt 0.960829 0.237473
vt 0.959386 0.262143
vt 0.962993 0.237453
vt 0.961515 0.262115
vt 0.964860 0.237424
vt 0.963355 0.262079
vt 0.945566 0.293105
vt 0.946699 0.268410
vt 0.948189 0.268301
vt 0.947064 0.292997
vt 0.949963 0.268208
vt 0.948824 0.292912
vt 0.961057 0.262224
vt 0.963131 0.262277
vt 0.951956 0.268132
vt 0.950779 0.292851
vt 0.959095 0.293556
vt 0.961011 0.294478
vt 0.962735 0.295833
vt 0.964198 0.297567
vt 0.965342 0.299612
vt 0.966122 0.301888
vt 0.966507 0.304307
vt 0.966481 0.306776
vt 0.966047 0.309201
vt 0.965222 0.311489
vt 0.964046 0.313557
vt 0.962577 0.315333
vt 0.960856 0.316742
vt 0.958951 0.317730
vt 0.956934 0.318259
vt 0.954883 0.318310
vt 0.952878 0.317880
vt 0.950994 0.316984
vt 0.949301 0.315657
vt 0.947865 0.313948
vt 0.946738 0.311921
vt 0.945962 0.309653
vt 0.945566 0.307229
vt 0.945566 0.304744
vt 0.945962 0.302293
vt 0.946739 0.299970
vt 0.947869 0.297867
vt 0.949323 0.296072
vt 0.951044 0.294654
vt 0.952956 0.293664
vt 0.954987 0.293141
vt 0.957060 0.293105
vt 0.921666 0.872962
vt 0.921789 0.824756
vt 0.928797 0.823665
vt 0.928797 0.916699
vt 0.922329 0.917031
vt 0.741286 0.548724
vt 0.736789 0.500728
vt 0.973467 0.699353
vt 0.966507 0.699260
vt 0.966507 0.688426
vt 0.973467 0.688519
vt 0.973003 0.761930
vt 0.966506 0.761775
vt 0.966506 0.750845
vt 0.972977 0.750985
vt 0.921770 0.297050
vt 0.921666 0.248892
vt 0.932521 0.248883
vt 0.932624 0.297041
vt 0.921684 0.248864
vt 0.921666 0.156163
vt 0.932609 0.156163
vt 0.932543 0.248883
vt 0.921666 0.341104
vt 0.932595 0.341098
vt 0.921666 0.779524
vt 0.921666 0.776659
vt 0.925983 0.777091
vt 0.925978 0.778839
vt 0.923537 0.823528
vt 0.921666 0.823415
vt 0.947829 0.231642
vt 0.950381 0.231673
vt 0.949228 0.262388
vt 0.951467 0.262304
vt 0.933738 0.823633
vt 0.930968 0.823664
vt 0.952360 0.772690
vt 0.949966 0.772577
vt 0.961446 0.231736
vt 0.963881 0.231715
vt 0.943522 0.823246
vt 0.941467 0.823376
vt 0.961340 0.773061
vt 0.959360 0.772986
vt 0.953126 0.231699
vt 0.953866 0.262242
vt 0.956330 0.262207
vt 0.928279 0.823648
vt 0.947673 0.772454
vt 0.965983 0.231683
vt 0.939091 0.823478
vt 0.957109 0.772879
vt 0.955958 0.231720
vt 0.958759 0.262200
vt 0.925771 0.823601
vt 0.945566 0.772324
vt 0.945566 0.262613
vt 0.947236 0.262492
vt 0.936484 0.823554
vt 0.954767 0.772789
vt 0.958768 0.231733
vt 0.945566 0.231606
vt 0.929892 0.769996
vt 0.931232 0.769297
vt 0.932649 0.768928
vt 0.934088 0.768906
vt 0.935495 0.769230
vt 0.936815 0.769888
vt 0.937998 0.770854
vt 0.939001 0.772088
vt 0.939775 0.773549
vt 0.940294 0.775177
vt 0.940549 0.776903
vt 0.940528 0.778661
vt 0.940234 0.780384
vt 0.939676 0.782006
vt 0.938876 0.783466
vt 0.937862 0.784707
vt 0.936674 0.785685
vt 0.935356 0.786362
vt 0.933957 0.786714
vt 0.932530 0.786727
vt 0.931131 0.786401
vt 0.929814 0.785747
vt 0.928631 0.784792
vt 0.927616 0.783575
vt 0.926811 0.782144
vt 0.926257 0.780545
vt 0.926274 0.775369
vt 0.926837 0.773738
vt 0.927651 0.772262
vt 0.928683 0.770998
vt 0.945082 0.782105
vt 0.944186 0.784753
vt 0.922073 0.782355
vt 0.945547 0.779287
vt 0.922951 0.784998
vt 0.945566 0.776407
vt 0.924267 0.787352
vt 0.945137 0.773575
vt 0.925939 0.789347
vt 0.944276 0.770902
vt 0.927902 0.790908
vt 0.943009 0.768493
vt 0.930104 0.791960
vt 0.941362 0.766457
vt 0.932458 0.792467
vt 0.928051 0.765022
vt 0.930252 0.763872
vt 0.939420 0.764861
vt 0.934871 0.792411
vt 0.926064 0.766669
vt 0.937254 0.763771
vt 0.937169 0.791839
vt 0.924372 0.768744
vt 0.934945 0.763231
vt 0.939319 0.790742
vt 0.923042 0.771166
vt 0.932580 0.763266
vt 0.941251 0.789154
vt 0.922128 0.773839
vt 0.942893 0.787133
vt 0.744676 0.562170
vt 0.733706 0.564366
vt 0.719720 0.444283
vt 0.730289 0.443149
vt 0.738431 0.500118
vt 0.966507 0.987647
vt 0.914878 0.172998
vt 0.915434 0.235317
vt 0.905039 0.235377
vt 0.904482 0.173057
vt 0.914972 0.571371
vt 0.914972 0.691632
vt 0.904572 0.691557
vt 0.904482 0.571249
vt 0.914958 0.292865
vt 0.904482 0.292984
vt 0.966506 0.560579
vt 0.966506 0.549500
vt 0.976882 0.549388
vt 0.976882 0.560467
vt 0.976989 0.560579
vt 0.976989 0.571217
vt 0.966507 0.571625
vt 0.966520 0.560961
vt 0.874211 0.292003
vt 0.863049 0.292770
vt 0.862299 0.277118
vt 0.876367 0.276152
vt 0.862116 0.412711
vt 0.872767 0.412951
vt 0.876367 0.429979
vt 0.862451 0.429606
vt 0.861259 0.355110
vt 0.860042 0.355688
vt 0.876367 0.818517
vt 0.877585 0.740216
vt 0.890912 0.740387
vt 0.889694 0.818689
vt 0.890912 0.453632
vt 0.891161 0.299803
vt 0.904482 0.299592
vt 0.904482 0.453221
vt 0.876367 0.667062
vt 0.889891 0.667388
vt 0.966507 0.425520
vt 0.966507 0.411479
vt 0.979834 0.411478
vt 0.979834 0.425519
vt 0.979995 0.397548
vt 0.980032 0.411478
vt 0.966507 0.410580
vt 0.966507 0.396726
vt 0.436617 0.353123
vt 0.563141 0.357158
vt 0.570209 0.618491
vt 0.442726 0.621978
vt 0.804766 0.237641
vt 0.791857 0.506214
vt 0.775154 0.525205
vt 0.777256 0.199980
vt 0.169703 0.774320
vt 0.018834 0.770704
vt -0.000000 0.749327
vt 0.193288 0.748663
vt 0.424785 0.317539
vt 0.580991 0.333905
vt 0.207789 0.755315
vt 0.207247 0.897932
vt 0.157507 0.798371
vt 0.137143 0.949923
vt 0.012702 0.936252
vt 0.028469 0.786979
vt 0.148644 0.965415
vt 0.000000 0.948883
vt 0.194132 0.912785
vt 0.860042 0.609093
vt 0.860042 0.429979
vt 0.874054 0.443929
vt 0.874049 0.593984
vt 0.195085 0.741947
vt 0.216615 0.550595
vt 0.219310 0.411844
vt 0.219738 0.689007
vt 0.204367 0.387930
vt 0.202936 0.550605
vt 0.204910 0.713257
vt 0.876367 0.667062
vt 0.876367 0.311193
vt 0.882663 0.311084
vt 0.882663 0.666953
vt 0.910751 0.368298
vt 0.910751 0.571235
vt 0.904482 0.571249
vt 0.904482 0.368313
vt 0.775189 0.525314
vt 0.775189 0.829691
vt 0.758036 0.829582
vt 0.758036 0.525205
vt 0.838807 0.514902
vt 0.838807 0.350737
vt 0.855948 0.350532
vt 0.855948 0.514697
vt 0.215298 0.000935
vt 0.215716 0.387930
vt 0.589219 0.638154
vt 0.424785 0.642651
vt 0.179602 0.727280
vt 0.202936 0.741947
vt 0.222002 0.000000
vt 0.412647 0.024423
vt 0.394755 0.049720
vt 0.239460 0.031822
vt 0.424785 0.380092
vt 0.222002 0.387074
vt 0.240739 0.359563
vt 0.405136 0.353902
vt 0.838807 0.350532
vt 0.838807 0.193966
vt 0.858371 0.192521
vt 0.855747 0.348250
vt 0.758036 0.524115
vt 0.758036 0.196184
vt 0.000967 0.743111
vt 0.194132 0.741947
vt 0.222002 0.000000
vt 0.222002 0.387545
vt 0.760475 0.195981
vt 0.777686 0.163920
vt 0.778141 0.164119
vt 0.760926 0.196184
vt 0.759863 0.195739
vt 0.777095 0.163647
vt 0.759185 0.195497
vt 0.776455 0.163342
vt 0.758544 0.195290
vt 0.775866 0.163051
vt 0.758036 0.195151
vt 0.775416 0.162819
vt 0.967981 0.790788
vt 0.967987 0.762088
vt 0.968615 0.762391
vt 0.968615 0.791017
vt 0.967240 0.790689
vt 0.967251 0.761930
vt 0.966507 0.790733
vt 0.966520 0.761941
vt 0.706746 0.938080
vt 0.689356 0.905476
vt 0.689815 0.905279
vt 0.707202 0.937879
vt 0.706131 0.938319
vt 0.688761 0.905747
vt 0.705452 0.938559
vt 0.688120 0.906049
vt 0.704811 0.938763
vt 0.687531 0.906337
vt 0.704307 0.938900
vt 0.687084 0.906567
vt 0.945566 0.841169
vt 0.951480 0.815954
vt 0.952155 0.816205
vt 0.946232 0.841496
vt 0.967224 0.843092
vt 0.967229 0.816056
vt 0.967974 0.815944
vt 0.967974 0.843036
vt 0.966507 0.842992
vt 0.966515 0.815988
vt 0.949444 0.816385
vt 0.945566 0.773789
vt 0.946134 0.773301
vt 0.950012 0.816052
vt 0.808832 0.122828
vt 0.809529 0.122760
vt 0.808082 0.122885
vt 0.807391 0.122924
vt 0.806865 0.122938
vt 0.967134 0.625784
vt 0.967125 0.664072
vt 0.966507 0.664495
vt 0.966513 0.626148
vt 0.967870 0.625622
vt 0.967861 0.663918
vt 0.968608 0.625688
vt 0.968603 0.664056
vt 0.969236 0.625972
vt 0.969236 0.664465
vt 0.657334 0.865084
vt 0.658032 0.865155
vt 0.656583 0.865023
vt 0.655895 0.864982
vt 0.655373 0.864966
vt 0.947601 0.773106
vt 0.948277 0.773429
vt 0.950727 0.815900
vt 0.946849 0.773061
vt 0.966529 0.688401
vt 0.966506 0.664495
vt 0.967043 0.664730
vt 0.967055 0.688426
vt 0.785548 0.103962
vt 0.786211 0.104123
vt 0.784825 0.103822
vt 0.784154 0.103724
vt 0.969212 0.722956
vt 0.969210 0.699399
vt 0.969709 0.699552
vt 0.969709 0.723057
vt 0.968537 0.722875
vt 0.968536 0.699352
vt 0.967785 0.722827
vt 0.967790 0.699419
vt 0.967073 0.722818
vt 0.967085 0.699588
vt 0.966507 0.722851
vt 0.966530 0.699835
vt 0.680742 0.846725
vt 0.681408 0.846567
vt 0.680019 0.846862
vt 0.679349 0.846957
vt 0.969184 0.688152
vt 0.969186 0.664777
vt 0.969715 0.664566
vt 0.969715 0.687992
vt 0.968492 0.688291
vt 0.968493 0.664882
vt 0.967745 0.688387
vt 0.967740 0.664866
vt 0.966507 0.339525
vt 0.966723 0.282700
vt 0.967195 0.282201
vt 0.966973 0.339035
vt 0.838126 0.082619
vt 0.838806 0.082674
vt 0.837375 0.082654
vt 0.966864 0.340584
vt 0.967012 0.396036
vt 0.966706 0.396726
vt 0.966507 0.341200
vt 0.967448 0.340134
vt 0.967542 0.395509
vt 0.968170 0.339918
vt 0.968216 0.395223
vt 0.968919 0.339969
vt 0.968930 0.395224
vt 0.969582 0.340278
vt 0.969577 0.395510
vt 0.970057 0.340799
vt 0.970057 0.396039
vt 0.628358 0.826071
vt 0.629041 0.826018
vt 0.627608 0.826033
vt 0.969690 0.339336
vt 0.969746 0.282800
vt 0.970057 0.283483
vt 0.970057 0.339918
vt 0.969101 0.338909
vt 0.969215 0.282267
vt 0.968377 0.338702
vt 0.968543 0.281966
vt 0.967630 0.338746
vt 0.967834 0.281943
vt 0.921954 0.762496
vt 0.930794 0.708685
vt 0.931398 0.708934
vt 0.922469 0.762990
vt 0.921666 0.761824
vt 0.930406 0.708289
vt 0.780637 0.066743
vt 0.781034 0.066193
vt 0.836669 0.082773
vt 0.780216 0.067278
vt 0.836115 0.082959
vt 0.779835 0.067716
vt 0.922323 0.342403
vt 0.933007 0.391604
vt 0.932362 0.391290
vt 0.921666 0.342070
vt 0.923030 0.342460
vt 0.933751 0.391720
vt 0.923681 0.342233
vt 0.934482 0.391619
vt 0.924176 0.341757
vt 0.935089 0.391317
vt 0.924440 0.341104
vt 0.935478 0.390860
vt 0.685264 0.809048
vt 0.685659 0.809600
vt 0.626904 0.825910
vt 0.684846 0.808511
vt 0.626353 0.825722
vt 0.684470 0.808071
vt 0.923847 0.763182
vt 0.932869 0.708867
vt 0.933512 0.708562
vt 0.924499 0.762851
vt 0.923134 0.763231
vt 0.932127 0.708998
vt 0.966507 0.815338
vt 0.966507 0.791017
vt 0.967148 0.791248
vt 0.967185 0.815366
vt 0.760684 0.048616
vt 0.761205 0.048514
vt 0.781346 0.065712
vt 0.759999 0.048644
vt 0.759256 0.048594
vt 0.758566 0.048474
vt 0.922174 0.407342
vt 0.921666 0.406909
vt 0.968496 0.750551
vt 0.968382 0.723145
vt 0.969053 0.723057
vt 0.969107 0.750160
vt 0.967787 0.750791
vt 0.967662 0.723332
vt 0.967089 0.750845
vt 0.967004 0.723588
vt 0.966507 0.750705
vt 0.966507 0.723875
vt 0.706515 0.790213
vt 0.707202 0.790245
vt 0.705771 0.790260
vt 0.705083 0.790377
vt 0.921666 0.691334
vt 0.922154 0.690852
vt 0.967900 0.815579
vt 0.967873 0.791407
vt 0.968571 0.791468
vt 0.968543 0.815944
vt 0.946194 0.905311
vt 0.949657 0.868368
vt 0.950408 0.868314
vt 0.946921 0.905137
vt 0.945566 0.905726
vt 0.948990 0.868583
vt 0.793012 0.028527
vt 0.793539 0.028797
vt 0.792433 0.028165
vt 0.791890 0.027767
vt 0.758036 0.048302
vt 0.791467 0.027393
vt 0.946140 0.905853
vt 0.949208 0.942424
vt 0.948654 0.942740
vt 0.945566 0.906239
vt 0.946842 0.905726
vt 0.949916 0.942278
vt 0.947566 0.905877
vt 0.950669 0.942322
vt 0.948202 0.906282
vt 0.951354 0.942550
vt 0.673522 0.769781
vt 0.674053 0.769513
vt 0.672941 0.770140
vt 0.672398 0.770536
vt 0.704556 0.790548
vt 0.671975 0.770909
vt 0.947637 0.905229
vt 0.951128 0.868428
vt 0.951708 0.868695
vt 0.948233 0.905575
vt 0.946227 0.841599
vt 0.946974 0.841496
vt 0.945566 0.841895
vt 0.811400 0.000885
vt 0.812002 0.001061
vt 0.810743 0.000621
vt 0.810131 0.000311
vt 0.809657 0.000000
vt 0.967250 0.867239
vt 0.967250 0.843093
vt 0.967922 0.843215
vt 0.967922 0.867387
vt 0.966506 0.867287
vt 0.966506 0.843133
vt 0.946314 0.966117
vt 0.945566 0.966028
vt 0.946990 0.966420
vt 0.655354 0.742121
vt 0.655959 0.741947
vt 0.654695 0.742381
vt 0.654083 0.742690
vt 0.653610 0.742998
vt 0.966507 0.963488
vt 0.967207 0.963426
vt 0.967207 0.987560
vt 0.947694 0.841601
vt 0.550086 0.974878
vt 0.625898 0.999525
vt 0.626353 0.999969
vt 0.549971 0.975440
vt 0.550237 0.974218
vt 0.625380 0.999001
vt 0.550403 0.973558
vt 0.624880 0.998478
vt 0.550557 0.972999
vt 0.624473 0.998034
vt 0.967086 0.491177
vt 0.967113 0.548942
vt 0.966509 0.549388
vt 0.966507 0.491507
vt 0.967807 0.491020
vt 0.967842 0.548747
vt 0.968558 0.491061
vt 0.968584 0.548832
vt 0.969226 0.491293
vt 0.969226 0.549184
vt 0.549498 0.973603
vt 0.475002 0.998512
vt 0.475458 0.998065
vt 0.549384 0.973039
vt 0.549650 0.974265
vt 0.474484 0.999036
vt 0.549816 0.974924
vt 0.473985 0.999559
vt 0.549971 0.975480
vt 0.473579 1.000000
vt 0.968632 0.490748
vt 0.968618 0.425687
vt 0.969236 0.426117
vt 0.969237 0.491020
vt 0.967901 0.490634
vt 0.967883 0.425520
vt 0.967155 0.490694
vt 0.967141 0.425640
vt 0.966506 0.490920
vt 0.966506 0.426030
vt 0.945566 0.465112
vt 0.945568 0.318310
vt 0.945961 0.318930
vt 0.945955 0.465718
vt 0.566725 0.863701
vt 0.567205 0.864265
vt 0.566264 0.863136
vt 0.946006 0.597241
vt 0.946003 0.741206
vt 0.945566 0.740593
vt 0.945566 0.596637
vt 0.946646 0.597637
vt 0.946641 0.741608
vt 0.947389 0.597764
vt 0.947384 0.741738
vt 0.948123 0.597604
vt 0.948118 0.741577
vt 0.948736 0.597181
vt 0.948732 0.741148
vt 0.949134 0.596558
vt 0.949133 0.740517
vt 0.533071 0.863712
vt 0.533550 0.863147
vt 0.532610 0.864276
vt 0.948680 0.465776
vt 0.948684 0.318984
vt 0.949126 0.318380
vt 0.949126 0.465188
vt 0.948035 0.466162
vt 0.948043 0.319380
vt 0.947291 0.466286
vt 0.947300 0.319509
vt 0.946561 0.466130
vt 0.946569 0.319351
vt 0.966506 0.181594
vt 0.966506 0.115683
vt 0.966934 0.115064
vt 0.966931 0.180980
vt 0.625521 0.902337
vt 0.625962 0.902935
vt 0.625097 0.901739
vt 0.966908 0.218963
vt 0.966904 0.281304
vt 0.966507 0.281943
vt 0.966507 0.219594
vt 0.967522 0.218526
vt 0.967515 0.280861
vt 0.968255 0.218349
vt 0.968247 0.280683
vt 0.968995 0.218459
vt 0.968989 0.280796
vt 0.969629 0.218840
vt 0.969627 0.281184
vt 0.970062 0.219433
vt 0.970064 0.281786
vt 0.474314 0.902358
vt 0.474755 0.901760
vt 0.473890 0.902955
vt 0.969661 0.181029
vt 0.969665 0.115112
vt 0.970074 0.115745
vt 0.970073 0.181658
vt 0.969039 0.180602
vt 0.969045 0.114683
vt 0.968302 0.180443
vt 0.968308 0.114523
vt 0.967562 0.180575
vt 0.967567 0.114657
vt 0.609577 0.818040
vt 0.610156 0.818101
vt 0.626353 0.903442
vt 0.608915 0.817967
vt 0.608271 0.817893
vt 0.946012 0.466894
vt 0.946818 0.544362
vt 0.946357 0.544002
vt 0.945566 0.466286
vt 0.946657 0.467286
vt 0.947472 0.544588
vt 0.947402 0.467402
vt 0.948221 0.544647
vt 0.948134 0.467224
vt 0.948949 0.544530
vt 0.948741 0.466780
vt 0.949546 0.544254
vt 0.491543 0.817892
vt 0.492123 0.817829
vt 0.475147 0.901250
vt 0.490881 0.817966
vt 0.490237 0.818040
vt 0.948287 0.140787
vt 0.949637 0.058209
vt 0.950118 0.057912
vt 0.948747 0.140191
vt 0.947635 0.141166
vt 0.948969 0.058390
vt 0.946889 0.141270
vt 0.948218 0.058426
vt 0.946162 0.141083
vt 0.947497 0.058311
vt 0.945566 0.140634
vt 0.946916 0.058064
vt 0.625697 0.742663
vt 0.626263 0.742875
vt 0.625050 0.742412
vt 0.624420 0.742160
vt 0.607742 0.817829
vt 0.623903 0.741947
vt 0.946220 0.596558
vt 0.945566 0.596257
vt 0.967901 0.625622
vt 0.967901 0.571841
vt 0.968629 0.571705
vt 0.968629 0.625466
vt 0.967156 0.625572
vt 0.967156 0.571813
vt 0.966507 0.625323
vt 0.966506 0.571625
vt 0.475372 0.742162
vt 0.475939 0.741947
vt 0.474724 0.742414
vt 0.474095 0.742664
vt 0.489710 0.818101
vt 0.473579 0.742875
vt 0.947039 0.000263
vt 0.947705 0.000000
vt 0.946288 0.000327
vt 0.945566 0.000181
vt 0.966507 0.923099
vt 0.966507 0.867616
vt 0.967111 0.867387
vt 0.967112 0.922805
s 0
usemtl Material
f 3/1/1 78/2/1 248/3/1
f 248/3/1 78/2/1 11/4/1 76/5/1
f 247/6/2 86/7/2 15/8/2 84/9/2
f 246/10/3 80/11/3 12/12/3 75/13/3
f 245/14/4 79/15/4 9/16/4 74/17/4
f 244/18/5 81/19/5 10/20/5 77/21/5
f 243/22/6 94/23/6 17/24/6 90/25/6
f 242/26/7 87/27/7 13/28/7 82/29/7
f 241/30/8 88/31/8 14/32/8 85/33/8
f 240/34/9 89/35/9 16/36/9 83/37/9
f 239/38/10 102/39/10 22/40/10 101/41/10
f 238/42/11 95/43/11 18/44/11 93/45/11
f 237/46/12 96/47/12 20/48/12 91/49/12
f 236/50/1 97/51/1 19/52/1 92/53/1
f 21/54/13 100/55/13 23/56/13 110/57/13 27/58/13 108/59/13 36/60/13 125/61/13 25/62/13 111/63/13
f 235/64/14 103/65/14 24/66/14 99/67/14
f 234/68/15 104/69/15 23/70/15 100/71/15
f 233/72/16 105/73/16 21/74/16 98/75/16
f 28/76/17 124/77/17 35/78/17 129/79/17 34/80/17 118/81/17 30/82/17 117/83/17 32/84/17 119/85/17
f 232/86/18 111/63/18 25/62/18 106/87/18
f 24/88/19 101/89/19 22/90/19 112/91/19 26/92/19 109/93/19 65/94/19 184/95/19 64/96/19 183/97/19 35/98/19 128/99/19 37/100/19 130/101/19 28/102/19 113/103/19
f 231/104/20 113/105/20 28/106/20 107/107/20
f 230/108/21 156/109/21 50/110/21 152/111/21
f 229/112/22 119/85/22 32/84/22 115/113/22
f 228/114/23 134/115/23 41/116/23 131/117/23
f 33/118/24 126/119/24 315/120/24 316/121/24 317/122/24 31/123/24 116/124/24 29/125/24 122/126/24
f 227/127/25 122/126/25 29/125/25 114/128/25
f 28/76/26 130/129/26 124/77/26
f 226/130/27 150/131/27 48/132/27 144/133/27
f 26/134/28 106/87/28 25/62/28 135/135/28 38/136/28 123/137/28 39/138/28 185/139/28 66/140/28 136/141/28
f 35/78/29 183/142/29 186/143/29
f 33/118/30 127/144/30 34/80/30 129/79/30 35/78/30 186/143/30 67/145/30 133/146/30 40/147/30 132/148/30 41/116/30 134/115/30 36/60/30 126/119/30
f 225/149/31 146/150/31 49/151/31 147/152/31
f 224/153/32 151/154/32 46/155/32 143/156/32
f 223/157/33 139/158/33 45/159/33 140/160/33
f 222/161/34 139/162/34 44/163/34 143/156/34
f 221/164/35 145/165/35 49/151/35 146/150/35
f 220/166/36 149/167/36 44/168/36 138/169/36
f 219/170/37 164/171/37 56/172/37 162/173/37
f 218/174/38 157/175/38 51/176/38 155/177/38
f 217/178/39 158/179/39 53/180/39 153/181/39
f 216/182/40 159/183/40 52/184/40 154/185/40
f 215/186/41 172/187/41 59/188/41 171/189/41
f 214/190/42 165/191/42 54/192/42 160/193/42
f 213/194/43 166/195/43 55/196/43 163/197/43
f 212/198/44 167/199/44 57/200/44 161/201/44
f 211/202/45 179/203/45 63/204/45 176/205/45
f 210/206/46 173/207/46 61/208/46 169/209/46
f 209/210/47 174/211/47 60/212/47 170/213/47
f 208/214/48 175/215/48 58/216/48 168/217/48
f 207/218/49 177/219/49 62/220/49 176/205/49
f 206/221/50 180/222/50 62/223/50 177/224/50
f 416/225/51 418/226/51 207/218/51 178/227/51
f 182/228/52 205/229/52 417/230/52 415/231/52
f 203/232/53 191/233/53 70/234/53 193/235/53
f 202/236/54 185/139/54 39/138/54 121/237/54
f 66/140/55 188/238/55 136/141/55
f 201/239/56 194/240/56 69/241/56 190/242/56
f 200/243/57 195/244/57 68/245/57 193/235/57
f 199/246/58 196/247/58 70/234/58 191/233/58
f 198/248/59 197/249/59 71/250/59 192/251/59
f 41/116/60 132/148/60 40/147/60 148/252/60 43/253/60 137/254/60 42/255/60 147/152/60 49/151/60 145/165/60 48/256/60 150/257/60
f 194/240/61 198/248/61 192/251/61 69/241/61
f 65/258/62 188/238/62 198/248/62 194/240/62
f 188/238/63 66/140/63 197/249/63 198/248/63
f 197/249/64 199/246/64 191/233/64 71/250/64
f 66/140/65 187/259/65 199/246/65 197/249/65
f 187/259/66 67/145/66 196/247/66 199/246/66
f 196/247/67 200/243/67 193/235/67 70/234/67
f 67/145/68 189/260/68 200/243/68 196/247/68
f 189/260/69 64/261/69 195/244/69 200/243/69
f 195/244/70 201/239/70 190/242/70 68/245/70
f 64/261/71 184/262/71 201/239/71 195/244/71
f 184/262/72 65/258/72 194/240/72 201/239/72
f 136/141/73 109/263/73 26/134/73
f 136/141/74 188/238/74 109/263/74
f 188/238/75 65/258/75 109/263/75
f 133/146/76 202/236/76 121/237/76 40/147/76
f 67/145/77 187/259/77 202/236/77 133/146/77
f 187/259/78 66/140/78 185/139/78 202/236/78
f 190/242/79 203/232/79 193/235/79 68/245/79
f 69/241/80 192/251/80 203/232/80 190/242/80
f 192/251/81 71/250/81 191/233/81 203/232/81
f 179/203/82 204/264/82 178/227/82 63/204/82
f 61/265/83 171/266/83 204/267/83 179/268/83
f 171/189/84 59/188/84 182/228/84 204/264/84
f 59/188/85 168/217/85 205/229/85 182/228/85
f 168/217/86 58/216/86 181/269/86 205/229/86
f 205/229/87 181/269/87 414/270/87 417/230/87
f 58/216/88 170/213/88 206/271/88 181/269/88
f 170/272/89 60/273/89 180/222/89 206/221/89
f 178/227/90 207/218/90 176/205/90 63/204/90
f 204/264/91 182/228/91 415/231/91 416/225/91 178/227/91
f 181/269/92 206/271/92 177/219/92 413/274/92 414/270/92
f 172/187/93 208/214/93 168/217/93 59/188/93
f 55/196/94 160/193/94 208/214/94 172/187/94
f 160/193/95 54/192/95 175/215/95 208/214/95
f 175/215/96 209/210/96 170/213/96 58/216/96
f 54/192/97 162/173/97 209/210/97 175/215/97
f 162/173/98 56/172/98 174/211/98 209/210/98
f 174/211/99 210/206/99 169/209/99 60/212/99
f 56/172/100 161/201/100 210/206/100 174/211/100
f 161/201/101 57/200/101 173/207/101 210/206/101
f 180/275/102 211/202/102 176/205/102 62/220/102
f 60/212/102 169/209/102 211/202/102 180/275/102
f 169/209/103 61/208/103 179/203/103 211/202/103
f 164/171/104 212/198/104 161/201/104 56/172/104
f 52/276/105 153/277/105 212/198/105 164/171/105
f 153/277/106 53/278/106 167/199/106 212/198/106
f 167/199/107 213/194/107 163/197/107 57/200/107
f 53/278/108 155/279/108 213/194/108 167/199/108
f 155/279/109 51/280/109 166/195/109 213/194/109
f 166/195/110 214/190/110 160/193/110 55/196/110
f 51/280/111 152/281/111 214/190/111 166/195/111
f 152/281/112 50/282/112 165/191/112 214/190/112
f 173/207/113 215/186/113 171/189/113 61/208/113
f 57/200/114 163/197/114 215/186/114 173/207/114
f 163/197/115 55/196/115 172/187/115 215/186/115
f 156/283/116 216/182/116 154/185/116 50/284/116
f 29/285/117 116/286/117 216/182/117 156/283/117
f 116/286/40 31/287/40 159/183/40 216/182/40
f 159/288/118 217/178/118 153/181/118 52/289/118
f 31/290/118 115/291/118 217/178/118 159/288/118
f 115/291/119 32/292/119 158/179/119 217/178/119
f 158/293/120 218/174/120 155/177/120 53/294/120
f 32/295/121 117/296/121 218/174/121 158/293/121
f 117/296/122 30/297/122 157/175/122 218/174/122
f 165/191/123 219/170/123 162/173/123 54/192/123
f 50/282/124 154/298/124 219/170/124 165/191/124
f 154/298/125 52/276/125 164/171/125 219/170/125
f 148/299/126 220/166/126 138/169/126 43/300/126
f 40/301/127 121/302/127 220/166/127 148/299/127
f 121/302/128 39/303/128 149/167/128 220/166/128
f 141/304/129 221/164/129 146/150/129 47/305/129
f 46/306/130 144/307/130 221/164/130 141/304/130
f 144/307/131 48/256/131 145/165/131 221/164/131
f 141/308/132 222/161/132 143/156/132 46/155/132
f 47/309/133 142/310/133 222/161/133 141/308/133
f 142/310/134 45/311/134 139/162/134 222/161/134
f 137/312/135 223/157/135 140/160/135 42/313/135
f 43/300/136 138/169/136 223/157/136 137/312/136
f 138/169/137 44/168/137 139/158/137 223/157/137
f 149/314/138 224/153/138 143/156/138 44/163/138
f 39/315/139 123/316/139 224/153/139 149/314/139
f 123/316/140 38/317/140 151/154/140 224/153/140
f 140/318/141 225/149/141 147/152/141 42/255/141
f 45/319/142 142/320/142 225/149/142 140/318/142
f 142/320/143 47/305/143 146/150/143 225/149/143
f 186/143/144 189/260/144 67/145/144
f 186/143/145 183/142/145 189/260/145
f 183/142/146 64/261/146 189/260/146
f 151/321/147 226/130/147 144/133/147 46/322/147
f 38/323/148 131/324/148 226/130/148 151/321/148
f 131/324/149 41/325/149 150/131/149 226/130/149
f 124/77/150 128/326/150 35/78/150
f 124/77/151 130/129/151 128/326/151
f 130/129/152 37/327/152 128/326/152
f 118/81/153 227/127/153 114/128/153 30/82/153
f 34/80/154 127/144/154 227/127/154 118/81/154
f 127/144/155 33/118/155 122/126/155 227/127/155
f 135/135/156 228/114/156 131/117/156 38/136/156
f 25/62/157 125/61/157 228/114/157 135/135/157
f 125/61/158 36/60/158 134/115/158 228/114/158
f 120/328/159 229/112/159 115/113/159 31/123/159
f 27/58/1 107/329/1 229/112/1 120/328/1
f 107/329/160 28/76/160 119/85/160 229/112/160
f 157/330/161 230/108/161 152/111/161 51/331/161
f 30/332/162 114/333/162 230/108/162 157/330/162
f 114/333/163 29/334/163 156/109/163 230/108/163
f 110/335/164 231/104/164 107/107/164 27/336/164
f 23/337/164 99/338/164 231/104/164 110/335/164
f 99/338/165 24/339/165 113/105/165 231/104/165
f 112/340/166 232/86/166 106/87/166 26/134/166
f 22/341/167 98/342/167 232/86/167 112/340/167
f 98/342/168 21/54/168 111/63/168 232/86/168
f 102/343/169 233/72/169 98/75/169 22/344/169
f 18/345/170 90/346/170 233/72/170 102/343/170
f 90/346/171 17/347/171 105/73/171 233/72/171
f 105/348/172 234/68/172 100/71/172 21/349/172
f 17/350/173 92/351/173 234/68/173 105/348/173
f 92/351/15 19/352/15 104/69/15 234/68/15
f 104/353/118 235/64/118 99/67/118 23/354/118
f 19/355/118 91/356/118 235/64/118 104/353/118
f 91/356/174 20/357/174 103/65/174 235/64/174
f 94/23/175 236/50/175 92/53/175 17/24/175
f 13/358/176 84/359/176 236/50/176 94/23/176
f 84/359/1 15/360/1 97/51/1 236/50/1
f 97/51/177 237/46/177 91/49/177 19/52/177
f 15/360/1 83/361/1 237/46/1 97/51/1
f 83/361/178 16/362/178 96/47/178 237/46/178
f 96/47/179 238/42/179 93/45/179 20/48/179
f 16/362/180 85/363/180 238/42/180 96/47/180
f 85/363/181 14/364/181 95/43/181 238/42/181
f 103/365/182 239/38/182 101/41/182 24/366/182
f 20/367/183 93/368/183 239/38/183 103/365/183
f 93/368/184 18/369/184 102/39/184 239/38/184
f 86/370/185 240/34/185 83/37/185 15/371/185
f 11/372/185 75/373/185 240/34/185 86/370/185
f 75/373/186 12/374/186 89/35/186 240/34/186
f 89/375/187 241/30/187 85/33/187 16/376/187
f 12/377/188 77/378/188 241/30/188 89/375/188
f 77/378/189 10/379/189 88/31/189 241/30/189
f 88/380/190 242/26/190 82/29/190 14/381/190
f 10/382/191 74/383/191 242/26/191 88/380/191
f 74/383/192 9/384/192 87/27/192 242/26/192
f 95/43/193 243/22/193 90/25/193 18/44/193
f 14/364/194 82/385/194 243/22/194 95/43/194
f 82/385/195 13/358/195 94/23/195 243/22/195
f 80/11/196 244/18/196 77/21/196 12/12/196
f 4/386/197 73/387/197 244/18/197 80/11/197
f 73/387/198 2/388/198 81/19/198 244/18/198
f 81/19/199 245/14/199 74/17/199 10/20/199
f 1/389/200 2/390/200 426/391/200 428/392/200
f 78/2/1 246/10/1 75/13/1 11/4/1
f 87/393/201 247/6/201 84/9/201 13/394/201
f 9/395/202 76/396/202 247/6/202 87/393/202
f 76/396/2 11/397/2 86/7/2 247/6/2
f 7/398/203 8/399/203 424/400/203 430/401/203
f 7/402/204 3/403/204 437/404/204 438/405/204
f 79/15/205 248/3/205 76/5/205 9/16/205
f 1/406/206 79/15/206 245/14/206
f 2/407/207 249/408/207 6/409/207
f 249/408/208 73/410/208 4/411/208
f 246/10/209 3/1/209 4/386/209
f 72/412/210 249/408/210 8/413/210
f 3/1/211 248/3/211 1/406/211
f 7/414/212 5/415/212 435/416/212 434/417/212
f 245/14/213 2/388/213 1/406/213
f 250/418/214 251/419/214 253/420/214 252/421/214
f 252/421/215 253/420/215 255/422/215 254/423/215
f 254/423/216 255/422/216 257/424/216 256/425/216
f 256/425/217 257/424/217 259/426/217 258/427/217
f 258/428/218 259/429/218 261/430/218 260/431/218
f 260/431/219 261/430/219 263/432/219 262/433/219
f 262/433/220 263/432/220 265/434/220 264/435/220
f 264/435/221 265/434/221 267/436/221 266/437/221
f 266/437/222 267/436/222 269/438/222 268/439/222
f 268/439/223 269/438/223 271/440/223 270/441/223
f 270/441/224 271/440/224 273/442/224 272/443/224
f 272/443/225 273/442/225 275/444/225 274/445/225
f 274/445/226 275/444/226 277/446/226 276/447/226
f 276/448/227 277/449/227 279/450/227 278/451/227
f 278/451/228 279/450/228 281/452/228 280/453/228
f 280/453/229 281/452/229 283/454/229 282/455/229
f 282/455/230 283/454/230 285/456/230 284/457/230
f 284/457/231 285/456/231 287/458/231 286/459/231
f 286/459/232 287/458/232 289/460/232 288/461/232
f 288/461/233 289/460/233 291/462/233 290/463/233
f 290/464/234 291/465/234 293/466/234 292/467/234
f 292/467/235 293/466/235 295/468/235 294/469/235
f 294/469/236 295/468/236 297/470/236 296/471/236
f 296/471/237 297/470/237 299/472/237 298/473/237
f 298/473/238 299/472/238 301/474/238 300/475/238
f 300/475/239 301/474/239 303/476/239 302/477/239
f 302/477/240 303/476/240 305/478/240 304/479/240
f 304/479/241 305/478/241 307/480/241 306/481/241
f 306/482/242 307/483/242 309/484/242 308/485/242
f 308/485/243 309/484/243 311/486/243 310/487/243
f 259/426/244 257/424/244 327/488/244 328/489/244
f 310/487/245 311/486/245 313/490/245 312/491/245
f 312/491/246 313/490/246 251/419/246 250/418/246
f 250/492/247 252/493/247 254/494/247 256/495/247 258/496/247 260/497/247 262/498/247 264/499/247 266/500/247 268/501/247 270/502/247 272/503/247 274/504/247 276/505/247 278/506/247 280/507/247 282/508/247 284/509/247 286/510/247 288/511/247 290/512/247 292/513/247 294/514/247 296/515/247 298/516/247 300/517/247 302/518/247 304/519/247 306/520/247 308/521/247 310/522/247 312/523/247
f 319/524/248 323/525/248 322/526/248 321/527/248 320/528/248
f 31/123/249 317/122/249 318/529/249 314/530/249 315/120/249 126/119/249 36/60/249 108/59/249 27/58/249 120/328/249
f 318/531/250 317/532/250 322/533/250 323/534/250
f 316/535/251 315/536/251 320/537/251 321/538/251
f 314/539/252 318/540/252 323/541/252 319/542/252
f 317/543/253 316/544/253 321/545/253 322/546/253
f 315/547/254 314/539/254 319/542/254 320/548/254
f 331/549/255 330/550/255 362/551/255 363/552/255
f 277/446/256 275/444/256 336/553/256 337/554/256
f 295/468/257 293/466/257 345/555/257 346/556/257
f 313/490/258 311/486/258 354/557/258 355/558/258
f 269/438/259 267/436/259 332/559/259 333/560/259
f 287/458/260 285/456/260 341/561/260 342/562/260
f 305/478/261 303/476/261 350/563/261 351/564/261
f 261/430/262 259/429/262 328/565/262 329/566/262
f 279/450/263 277/449/263 337/567/263 338/568/263
f 297/470/264 295/468/264 346/556/264 347/569/264
f 253/420/265 251/419/265 325/570/265 324/571/265
f 251/419/266 313/490/266 355/558/266 325/570/266
f 271/440/267 269/438/267 333/560/267 334/572/267
f 289/460/268 287/458/268 342/562/268 343/573/268
f 307/480/269 305/478/269 351/564/269 352/574/269
f 263/432/270 261/430/270 329/566/270 330/575/270
f 281/452/271 279/450/271 338/568/271 339/576/271
f 299/472/272 297/470/272 347/569/272 348/577/272
f 255/422/273 253/420/273 324/571/273 326/578/273
f 273/442/274 271/440/274 334/572/274 335/579/274
f 291/462/275 289/460/275 343/573/275 344/580/275
f 309/484/276 307/483/276 352/581/276 353/582/276
f 265/434/277 263/432/277 330/575/277 331/583/277
f 283/454/278 281/452/278 339/576/278 340/584/278
f 301/474/279 299/472/279 348/577/279 349/585/279
f 257/424/280 255/422/280 326/578/280 327/488/280
f 275/444/281 273/442/281 335/579/281 336/553/281
f 293/466/282 291/465/282 344/586/282 345/555/282
f 311/486/283 309/484/283 353/582/283 354/557/283
f 267/436/284 265/434/284 331/583/284 332/559/284
f 285/456/285 283/454/285 340/584/285 341/561/285
f 303/476/286 301/474/286 349/585/286 350/563/286
f 356/587/287 357/588/287 387/589/287 386/590/287 385/591/287 384/592/287 383/593/287 382/594/287 381/595/287 380/596/287 379/597/287 378/598/287 377/599/287 376/600/287 375/601/287 374/602/287 373/603/287 372/604/287 371/605/287 370/606/287 369/607/287 368/608/287 367/609/287 366/610/287 365/611/287 364/612/287 363/552/287 362/551/287 361/613/287 360/614/287 359/615/287 358/616/287
f 345/617/288 344/618/288 376/600/288 377/599/288
f 332/619/289 331/549/289 363/552/289 364/612/289
f 346/620/290 345/617/290 377/599/290 378/598/290
f 333/621/291 332/619/291 364/612/291 365/611/291
f 347/622/292 346/620/292 378/598/292 379/597/292
f 334/623/293 333/621/293 365/611/293 366/610/293
f 348/624/294 347/622/294 379/597/294 380/596/294
f 335/625/295 334/623/295 366/610/295 367/609/295
f 349/626/296 348/624/296 380/596/296 381/595/296
f 336/627/297 335/625/297 367/609/297 368/608/297
f 350/628/298 349/626/298 381/595/298 382/594/298
f 337/629/299 336/627/299 368/608/299 369/607/299
f 351/630/300 350/628/300 382/594/300 383/593/300
f 338/631/301 337/629/301 369/607/301 370/606/301
f 324/632/302 325/633/302 357/588/302 356/587/302
f 352/634/303 351/630/303 383/593/303 384/592/303
f 339/635/304 338/631/304 370/606/304 371/605/304
f 326/636/305 324/632/305 356/587/305 358/616/305
f 353/637/306 352/634/306 384/592/306 385/591/306
f 340/638/307 339/635/307 371/605/307 372/604/307
f 327/639/308 326/636/308 358/616/308 359/615/308
f 354/640/309 353/637/309 385/591/309 386/590/309
f 341/641/310 340/638/310 372/604/310 373/603/310
f 328/642/311 327/639/311 359/615/311 360/614/311
f 355/643/312 354/640/312 386/590/312 387/589/312
f 342/644/313 341/641/313 373/603/313 374/602/313
f 329/645/314 328/642/314 360/614/314 361/613/314
f 325/633/315 355/643/315 387/589/315 357/588/315
f 343/646/316 342/644/316 374/602/316 375/601/316
f 330/550/317 329/645/317 361/613/317 362/551/317
f 344/618/318 343/646/318 375/601/318 376/600/318
f 317/122/319 318/529/319 392/647/319 391/648/319
f 315/120/320 316/121/320 390/649/320 389/650/320
f 318/529/321 314/530/321 388/651/321 392/647/321
f 316/121/322 317/122/322 391/648/322 390/649/322
f 314/530/323 315/120/323 389/650/323 388/651/323
f 391/652/324 392/652/324 397/652/324 396/652/324
f 389/652/324 390/652/324 395/652/324 394/652/324
f 392/652/324 388/652/324 393/652/324 397/652/324
f 390/652/324 391/652/324 396/652/324 395/652/324
f 388/652/324 389/652/324 394/652/324 393/652/324
f 397/653/325 393/654/325 398/655/325 402/656/325
f 395/657/326 396/658/326 401/659/326 400/660/326
f 393/654/327 394/661/327 399/662/327 398/655/327
f 396/663/328 397/664/328 402/665/328 401/666/328
f 394/667/329 395/668/329 400/669/329 399/670/329
f 401/671/330 402/672/330 407/673/330 406/674/330
f 399/675/331 400/676/331 405/677/331 404/678/331
f 402/672/330 398/679/330 403/680/330 407/673/330
f 400/676/332 401/671/332 406/674/332 405/677/332
f 398/679/333 399/675/333 404/678/333 403/680/333
f 407/681/334 403/682/334 408/683/334 412/684/334
f 405/685/335 406/686/335 411/687/335 410/688/335
f 403/682/336 404/689/336 409/690/336 408/683/336
f 406/691/337 407/692/337 412/693/337 411/694/337
f 404/695/338 405/696/338 410/697/338 409/698/338
f 418/226/339 416/225/339 415/231/339 417/230/339
f 413/274/340 418/226/340 417/230/340 414/270/340
f 418/226/341 413/274/341 177/219/341 207/218/341
f 72/412/342 6/409/342 249/408/342
f 2/407/343 73/410/343 249/408/343
f 81/19/344 2/388/344 245/14/344
f 78/2/1 3/1/1 246/10/1
f 249/408/345 4/411/345 8/413/345
f 79/15/346 1/406/346 248/3/346
f 4/386/347 80/11/347 246/10/347
f 419/699/348 422/700/348 421/701/348 420/702/348
f 419/703/349 420/704/349 441/705/349 440/706/349
f 1/707/350 5/708/350 439/709/350 436/710/350
f 422/700/351 419/699/351 440/711/351 443/712/351
f 429/713/352 430/401/352 424/400/352 423/714/352
f 428/715/353 426/716/353 425/717/353 427/718/353
f 2/719/354 6/720/354 425/717/354 426/716/354
f 8/399/355 4/721/355 423/714/355 424/400/355
f 6/722/356 5/723/356 427/724/356 425/725/356
f 5/708/357 1/707/357 428/715/357 427/718/357
f 3/726/358 7/398/358 430/401/358 429/713/358
f 4/721/359 3/726/359 429/713/359 423/714/359
f 431/727/360 432/728/360 434/417/360 435/416/360 433/729/360
f 8/730/361 7/414/361 434/417/361 432/728/361
f 72/731/362 8/730/362 432/728/362 431/727/362
f 6/732/363 72/731/363 431/727/363 433/729/363
f 5/415/364 6/732/364 433/729/364 435/416/364
f 439/733/365 438/734/365 446/735/365 447/736/365
f 438/737/366 437/738/366 445/739/366 446/740/366
f 442/741/367 443/742/367 451/743/367 450/744/367
f 441/745/368 442/746/368 450/747/368 449/748/368
f 3/1/369 1/406/369 436/749/369 437/750/369
f 420/702/370 421/701/370 442/751/370 441/752/370
f 5/753/371 7/402/371 438/405/371 439/754/371
f 421/701/372 422/700/372 443/712/372 442/751/372
f 444/755/373 447/756/373 451/757/373 448/758/373
f 446/759/374 445/760/374 449/761/374 450/762/374
f 445/760/375 444/755/375 448/758/375 449/761/375
f 447/756/376 446/759/376 450/762/376 451/757/376
f 443/763/377 440/764/377 448/765/377 451/766/377
f 440/706/378 441/705/378 449/767/378 448/768/378
f 436/710/379 439/709/379 447/769/379 444/770/379
f 437/750/380 436/749/380 444/771/380 445/772/380
f 452/773/381 468/774/381 483/775/381 467/776/381
f 453/777/382 469/778/382 468/774/382 452/773/382
f 454/779/383 470/780/383 469/778/383 453/777/383
f 455/781/384 471/782/384 470/780/384 454/779/384
f 456/783/385 472/784/385 471/782/385 455/781/385
f 457/785/386 473/786/386 472/787/386 456/788/386
f 458/789/387 474/790/387 473/786/387 457/785/387
f 459/791/388 475/792/388 474/790/388 458/789/388
f 460/793/389 476/794/389 475/795/389 459/796/389
f 461/797/390 477/798/390 476/794/390 460/793/390
f 462/799/391 478/800/391 477/798/391 461/797/391
f 463/801/392 479/802/392 478/800/392 462/799/392
f 464/803/393 480/804/393 479/802/393 463/801/393
f 465/805/394 481/806/394 480/807/394 464/808/394
f 466/809/395 482/810/395 481/811/395 465/812/395
f 467/813/396 483/814/396 482/810/396 466/809/396
f 468/815/397 484/816/397 499/817/397 483/818/397
f 469/778/398 485/819/398 484/820/398 468/774/398
f 470/780/399 486/821/399 485/819/399 469/778/399
f 471/782/400 487/822/400 486/821/400 470/780/400
f 472/784/401 488/823/401 487/822/401 471/782/401
f 473/824/402 489/825/402 488/826/402 472/827/402
f 474/828/403 490/829/403 489/825/403 473/824/403
f 475/830/404 491/831/404 490/829/404 474/828/404
f 476/832/405 492/833/405 491/831/405 475/830/405
f 477/798/406 493/834/406 492/835/406 476/794/406
f 478/800/407 494/836/407 493/834/407 477/798/407
f 479/802/408 495/837/408 494/836/408 478/800/408
f 480/804/409 496/838/409 495/837/409 479/802/409
f 481/806/410 497/839/410 496/840/410 480/807/410
f 482/841/411 498/842/411 497/839/411 481/806/411
f 483/818/412 499/817/412 498/842/412 482/841/412
f 484/843/413 500/844/413 515/845/413 499/846/413
f 485/819/414 501/847/414 500/848/414 484/820/414
f 486/821/415 502/849/415 501/847/415 485/819/415
f 487/822/416 503/850/416 502/849/416 486/821/416
f 488/851/417 504/852/417 503/853/417 487/854/417
f 489/855/418 505/856/418 504/852/418 488/851/418
f 490/857/419 506/858/419 505/856/419 489/855/419
f 491/859/420 507/860/420 506/858/420 490/857/420
f 492/861/421 508/862/421 507/860/421 491/859/421
f 493/834/422 509/863/422 508/864/422 492/835/422
f 494/836/423 510/865/423 509/863/423 493/834/423
f 495/837/424 511/866/424 510/865/424 494/836/424
f 496/867/425 512/868/425 511/869/425 495/870/425
f 497/871/426 513/872/426 512/868/426 496/867/426
f 498/873/427 514/874/427 513/872/427 497/871/427
f 499/846/428 515/845/428 514/874/428 498/873/428
f 500/875/429 516/876/429 531/877/429 515/878/429
f 501/847/430 517/879/430 516/880/430 500/848/430
f 502/849/431 518/881/431 517/879/431 501/847/431
f 503/882/432 519/883/432 518/884/432 502/885/432
f 504/886/433 520/887/433 519/883/433 503/882/433
f 505/888/434 521/889/434 520/887/434 504/886/434
f 506/890/435 522/891/435 521/889/435 505/888/435
f 507/892/436 523/893/436 522/891/436 506/890/436
f 508/894/437 524/895/437 523/893/437 507/892/437
f 509/863/438 525/896/438 524/897/438 508/864/438
f 510/865/439 526/898/439 525/896/439 509/863/439
f 511/899/440 527/900/440 526/901/440 510/902/440
f 512/903/441 528/904/441 527/900/441 511/899/441
f 513/905/442 529/906/442 528/904/442 512/903/442
f 514/907/443 530/908/443 529/906/443 513/905/443
f 515/878/444 531/877/444 530/908/444 514/907/444
f 516/909/445 532/910/445 547/911/445 531/912/445
f 517/913/446 533/914/446 532/910/446 516/909/446
f 518/881/447 534/915/447 533/916/447 517/879/447
f 519/917/448 535/918/448 534/915/448 518/881/448
f 520/919/449 536/920/449 535/918/449 519/917/449
f 521/921/450 537/922/450 536/923/450 520/924/450
f 522/925/451 538/926/451 537/922/451 521/921/451
f 523/927/452 539/928/452 538/926/452 522/925/452
f 524/929/453 540/930/453 539/928/453 523/927/453
f 525/931/454 541/932/454 540/930/454 524/929/454
f 526/898/455 542/933/455 541/934/455 525/896/455
f 527/935/456 543/936/456 542/933/456 526/898/456
f 528/937/457 544/938/457 543/936/457 527/935/457
f 529/939/458 545/940/458 544/941/458 528/942/458
f 530/943/459 546/944/459 545/940/459 529/939/459
f 531/912/460 547/911/460 546/944/460 530/943/460
f 532/945/461 548/946/461 563/947/461 547/948/461
f 533/916/462 549/949/462 548/950/462 532/951/462
f 534/915/463 550/952/463 549/949/463 533/916/463
f 535/918/464 551/953/464 550/952/464 534/915/464
f 536/920/465 552/954/465 551/953/465 535/918/465
f 537/922/466 553/955/466 552/956/466 536/923/466
f 538/957/467 554/958/467 553/959/467 537/960/467
f 539/961/468 555/962/468 554/958/468 538/957/468
f 540/963/469 556/964/469 555/962/469 539/961/469
f 541/965/470 557/966/470 556/964/470 540/963/470
f 542/933/471 558/967/471 557/968/471 541/934/471
f 543/936/472 559/969/472 558/967/472 542/933/472
f 544/938/473 560/970/473 559/969/473 543/936/473
f 545/940/474 561/971/474 560/972/474 544/941/474
f 546/973/475 562/974/475 561/975/475 545/976/475
f 547/948/476 563/947/476 562/974/476 546/973/476
f 548/977/477 564/978/477 579/979/477 563/980/477
f 549/981/478 565/982/478 564/978/478 548/977/478
f 550/952/479 566/983/479 565/984/479 549/949/479
f 551/953/480 567/985/480 566/983/480 550/952/480
f 552/954/481 568/986/481 567/985/481 551/953/481
f 553/987/482 569/988/482 568/986/482 552/954/482
f 554/989/483 570/990/483 569/991/483 553/992/483
f 555/993/484 571/994/484 570/990/484 554/989/484
f 556/995/485 572/996/485 571/994/485 555/993/485
f 557/997/486 573/998/486 572/996/486 556/995/486
f 558/967/487 574/999/487 573/1000/487 557/968/487
f 559/969/488 575/1001/488 574/999/488 558/967/488
f 560/970/489 576/1002/489 575/1001/489 559/969/489
f 561/1003/490 577/1004/490 576/1002/490 560/970/490
f 562/1005/491 578/1006/491 577/1007/491 561/1008/491
f 563/980/492 579/979/492 578/1006/492 562/1005/492
f 564/978/493 580/1009/493 595/1010/493 579/979/493
f 565/982/494 581/1011/494 580/1009/494 564/978/494
f 566/983/495 582/1012/495 581/1013/495 565/984/495
f 567/985/496 583/1014/496 582/1012/496 566/983/496
f 568/986/497 584/1015/497 583/1014/497 567/985/497
f 569/988/498 585/1016/498 584/1015/498 568/986/498
f 570/1017/499 586/1018/499 585/1019/499 569/1020/499
f 571/1021/500 587/1022/500 586/1018/500 570/1017/500
f 572/996/501 588/1023/501 587/1024/501 571/994/501
f 573/998/502 589/1025/502 588/1023/502 572/996/502
f 574/999/503 590/1026/503 589/1027/503 573/1000/503
f 575/1001/504 591/1028/504 590/1026/504 574/999/504
f 576/1002/505 592/1029/505 591/1028/505 575/1001/505
f 577/1004/506 593/1030/506 592/1029/506 576/1002/506
f 578/652/507 594/1031/507 593/1032/507 577/1033/507
f 579/979/508 595/1010/508 594/1034/508 578/1006/508
f 596/1035/509 612/1036/509 627/1037/509 611/1038/509
f 597/1039/510 613/1040/510 612/1036/510 596/1035/510
f 598/1041/511 614/1042/511 613/1040/511 597/1039/511
f 599/1043/512 615/1044/512 614/1042/512 598/1041/512
f 600/1045/513 616/1046/513 615/1047/513 599/1048/513
f 601/1049/514 617/1050/514 616/1046/514 600/1045/514
f 602/1051/515 618/1052/515 617/1050/515 601/1049/515
f 603/1053/516 619/1054/516 618/1052/516 602/1051/516
f 604/1055/517 620/1056/517 619/1057/517 603/1058/517
f 605/1059/518 621/1060/518 620/1056/518 604/1055/518
f 606/1061/519 622/1062/519 621/1060/519 605/1059/519
f 607/1063/520 623/1064/520 622/1062/520 606/1061/520
f 608/1065/521 624/1066/521 623/1067/521 607/1068/521
f 609/1069/522 625/1070/522 624/1066/522 608/1065/522
f 610/1071/523 626/1072/523 625/1070/523 609/1069/523
f 611/1073/524 627/1074/524 626/1072/524 610/1071/524
f 612/1075/525 628/1076/525 643/1077/525 627/1078/525
f 613/1040/526 629/1079/526 628/1080/526 612/1036/526
f 614/1042/527 630/1081/527 629/1079/527 613/1040/527
f 615/1082/528 631/1083/528 630/1084/528 614/1085/528
f 616/1086/529 632/1087/529 631/1083/529 615/1082/529
f 617/1088/530 633/1089/530 632/1087/530 616/1086/530
f 618/1090/531 634/1091/531 633/1089/531 617/1088/531
f 619/1092/532 635/1093/532 634/1091/532 618/1090/532
f 620/1094/533 636/1095/533 635/1093/533 619/1092/533
f 621/1060/534 637/1096/534 636/1097/534 620/1056/534
f 622/1062/535 638/1098/535 637/1096/535 621/1060/535
f 623/1099/536 639/1100/536 638/1101/536 622/1102/536
f 624/1103/537 640/1104/537 639/1100/537 623/1099/537
f 625/1105/538 641/1106/538 640/1104/538 624/1103/538
f 626/1107/539 642/1108/539 641/1106/539 625/1105/539
f 627/1078/540 643/1077/540 642/1108/540 626/1107/540
f 628/1109/541 644/1110/541 659/1111/541 643/1112/541
f 629/1079/542 645/1113/542 644/1114/542 628/1080/542
f 630/1081/543 646/1115/543 645/1113/543 629/1079/543
f 631/1116/544 647/1117/544 646/1118/544 630/1119/544
f 632/1120/545 648/1121/545 647/1117/545 631/1116/545
f 633/1122/546 649/1123/546 648/1121/546 632/1120/546
f 634/1124/547 650/1125/547 649/1123/547 633/1122/547
f 635/1126/548 651/1127/548 650/1125/548 634/1124/548
f 636/1128/549 652/1129/549 651/1127/549 635/1126/549
f 637/1096/550 653/1130/550 652/1131/550 636/1097/550
f 638/1098/551 654/1132/551 653/1130/551 637/1096/551
f 639/1133/552 655/1134/552 654/1135/552 638/1136/552
f 640/1137/553 656/1138/553 655/1134/553 639/1133/553
f 641/1139/554 657/1140/554 656/1138/554 640/1137/554
f 642/1141/555 658/1142/555 657/1140/555 641/1139/555
f 643/1112/556 659/1111/556 658/1142/556 642/1141/556
f 644/1114/557 660/1143/557 675/1144/557 659/1145/557
f 645/1113/558 661/1146/558 660/1143/558 644/1114/558
f 646/1115/559 662/1147/559 661/1146/559 645/1113/559
f 647/1148/560 663/1149/560 662/1150/560 646/1151/560
f 648/1152/561 664/1153/561 663/1149/561 647/1148/561
f 649/1154/562 665/1155/562 664/1153/562 648/1152/562
f 650/1156/563 666/1157/563 665/1155/563 649/1154/563
f 651/1158/564 667/1159/564 666/1157/564 650/1156/564
f 652/1131/565 668/1160/565 667/1161/565 651/1162/565
f 653/1130/566 669/1163/566 668/1160/566 652/1131/566
f 654/1132/567 670/1164/567 669/1163/567 653/1130/567
f 655/1165/568 671/1166/568 670/1167/568 654/1168/568
f 656/1169/569 672/1170/569 671/1166/569 655/1165/569
f 657/1171/570 673/1172/570 672/1170/570 656/1169/570
f 658/1173/571 674/1174/571 673/1172/571 657/1171/571
f 659/1175/572 675/1176/572 674/1174/572 658/1173/572
f 660/1143/573 676/1177/573 691/1178/573 675/1144/573
f 661/1146/574 677/1179/574 676/1177/574 660/1143/574
f 662/1147/575 678/1180/575 677/1179/575 661/1146/575
f 663/1181/576 679/1182/576 678/1180/576 662/1147/576
f 664/1153/577 680/1183/577 679/1184/577 663/1149/577
f 665/1185/578 681/1186/578 680/1187/578 664/1188/578
f 666/1189/579 682/1190/579 681/1186/579 665/1185/579
f 667/1191/580 683/1192/580 682/1190/580 666/1189/580
f 668/1160/581 684/1193/581 683/1194/581 667/1161/581
f 669/1163/582 685/1195/582 684/1193/582 668/1160/582
f 670/1164/583 686/1196/583 685/1195/583 669/1163/583
f 671/1197/584 687/1198/584 686/1196/584 670/1164/584
f 672/1170/585 688/1199/585 687/1200/585 671/1166/585
f 673/1172/586 689/1201/586 688/1199/586 672/1170/586
f 674/1174/587 690/1202/587 689/1201/587 673/1172/587
f 675/1203/588 691/1204/588 690/1205/588 674/1206/588
o Cube.001
v -6.471647 1.895908 2.110552
v -6.573763 2.728326 2.516280
v -6.471647 1.914398 -2.076370
v -6.579396 2.746413 -2.405207
v -4.471647 1.890993 2.110552
v -4.201836 2.902728 2.450420
v -4.471647 1.912654 -2.076370
v -4.201836 2.914273 -2.420184
v -6.471647 1.751229 -2.076370
v -6.471647 1.747941 2.110552
v -4.471647 1.751229 -2.076370
v -4.471647 1.745753 2.110552
v -6.651020 3.152311 2.704475
v -6.651020 3.152407 -2.517943
v -4.201836 3.157632 -2.463902
v -4.201836 3.157413 2.498084
v -6.413529 2.092457 -1.781465
v -6.330777 2.007787 -1.954702
v -6.461306 1.917188 -2.054721
v -6.330777 1.968753 1.988883
v -6.413529 2.047960 1.815646
v -6.461306 1.895859 2.088902
v -6.463414 2.844053 2.126844
v -6.386020 2.748302 2.340264
v -6.555719 2.717971 2.480520
v -6.391030 2.768572 -2.249085
v -6.465660 2.855317 -2.045753
v -6.561808 2.737281 -2.375214
v -4.611217 2.007451 -1.954702
v -4.524006 2.086385 -1.781465
v -4.481989 1.915071 -2.054721
v -4.338476 3.013981 -2.023868
v -4.397947 2.787855 -2.195213
v -4.214437 2.906579 -2.391797
v -4.527587 2.040085 1.815646
v -4.612406 1.967750 1.988883
v -4.481989 1.890725 2.088902
v -4.398580 2.769037 2.221164
v -4.338998 3.008519 2.057177
v -4.214428 2.893873 2.421556
v -4.509463 2.825993 -1.345702
v -4.547097 2.193197 -1.333698
v -4.547097 2.144947 1.478107
v -4.476160 2.839016 1.519451
v -6.294618 2.820374 -1.358963
v -6.297869 2.199174 -1.333698
v -6.297869 2.154121 1.478107
v -6.290002 2.830033 1.544245
v -5.471647 1.913526 -2.076370
v -5.471647 1.893450 2.110552
v -5.471647 1.751229 -2.076370
v -5.471647 1.746847 2.110552
v -6.471647 1.896822 1.903701
v -4.471647 1.892063 1.903701
v -6.471647 1.748103 1.903701
v -4.471647 1.746024 1.903701
v -5.471647 1.747064 1.903701
v -4.471647 1.911557 -1.864374
v -4.471647 1.750952 -1.864374
v -6.471647 1.913462 -1.864374
v -6.471647 1.751063 -1.864374
v -5.471647 1.751007 -1.864374
v -6.471647 1.898450 1.535085
v -6.471647 1.748393 1.535085
v -5.471647 1.747449 1.535085
v -4.471647 1.893970 1.535085
v -4.471647 1.746506 1.535085
v -4.471647 1.909607 -1.487418
v -4.471647 1.750459 -1.487418
v -6.471647 1.911797 -1.487418
v -6.471647 1.750767 -1.487418
v -5.471647 1.750613 -1.487418
v -6.231921 1.914189 -2.076370
v -6.231921 1.751229 -2.076370
v -6.231921 1.895319 2.110552
v -6.231921 1.747679 2.110552
v -6.231921 1.747854 1.903701
v -6.231921 1.751049 -1.864374
v -6.231921 1.748167 1.535085
v -6.231921 1.750730 -1.487418
v -4.694620 1.891541 2.110552
v -4.694620 1.745997 2.110552
v -4.694620 1.912848 -2.076370
v -4.694620 1.751229 -2.076370
v -4.694620 1.746256 1.903701
v -4.694620 1.750964 -1.864374
v -4.694620 1.746716 1.535085
v -4.694620 1.750493 -1.487418
v -5.851784 1.894385 2.110552
v -5.851784 1.747263 2.110552
v -5.851784 1.913858 -2.076370
v -5.851784 1.751229 -2.076370
v -5.851784 1.747459 1.903701
v -5.851784 1.751028 -1.864374
v -5.851784 1.747808 1.535085
v -5.851784 1.750671 -1.487418
v -5.083134 1.913187 -2.076370
v -5.083134 1.751229 -2.076370
v -5.083134 1.746660 1.903701
v -5.083134 1.750986 -1.864374
v -5.083134 1.747083 1.535085
v -5.083134 1.750553 -1.487418
v -5.083134 1.892496 2.110552
v -5.083134 1.746422 2.110552
v -5.851784 1.747459 1.903701
v -6.231921 1.747854 1.903701
v -5.851784 1.751028 -1.864374
v -6.231921 1.751049 -1.864374
v -5.851784 1.747808 1.535085
v -6.231921 1.748167 1.535085
v -5.851784 1.750671 -1.487418
v -6.231921 1.750730 -1.487418
v -4.694620 1.750964 -1.864374
v -4.694620 1.750493 -1.487418
v -4.694620 1.746716 1.535085
v -4.694620 1.746256 1.903701
v -5.083134 1.746660 1.903701
v -5.083134 1.750986 -1.864374
v -5.083134 1.747083 1.535085
v -5.083134 1.750553 -1.487418
v -5.974068 0.027423 1.785123
v -6.109638 0.027564 1.785123
v -5.974068 0.030657 -1.743113
v -6.109638 0.030664 -1.743113
v -5.974068 0.027547 1.653662
v -6.109638 0.027675 1.653662
v -5.974068 0.030530 -1.608678
v -6.109638 0.030550 -1.608678
v -4.819599 0.030557 -1.743113
v -4.819599 0.030389 -1.608678
v -4.819599 0.026423 1.653662
v -4.819599 0.026259 1.785123
v -4.958156 0.026403 1.785123
v -4.958156 0.030564 -1.743113
v -4.958156 0.026553 1.653662
v -4.958156 0.030410 -1.608678
v -6.585256 3.152452 2.562201
v -6.585256 3.152543 -2.379759
v -4.267599 3.157487 -2.328621
v -4.267599 3.157281 2.366893
v -6.651803 3.212737 2.704499
v -6.651803 3.212832 -2.517919
v -4.202619 3.218057 -2.463878
v -4.202619 3.217839 2.498108
v -6.586039 3.212878 2.562225
v -6.586039 3.212968 -2.379735
v -4.268382 3.217913 -2.328597
v -4.268382 3.217706 2.366918
vn -0.9979 -0.0653 -0.0002
vn 0.0478 -0.9635 -0.2633
vn 0.0587 -0.9613 0.2692
vn -0.9419 0.3359 0.0026
vn -0.0000 -0.0000 -1.0000
vn -0.9843 -0.1766 0.0002
vn 0.0154 -0.3292 -0.9441
vn 0.0320 -0.3490 0.9366
vn -0.5944 -0.8042 -0.0017
vn 0.0016 0.8550 0.5186
vn 0.9804 -0.1140 0.1608
vn 0.9467 0.3221 0.0031
vn 0.7005 -0.7136 -0.0031
vn -0.0011 -1.0000 -0.0013
vn -1.0000 -0.0000 -0.0000
vn 1.0000 -0.0000 -0.0000
vn -0.0000 -0.0000 1.0000
vn 0.9999 0.0130 -0.0000
vn 0.0653 -0.3209 0.9448
vn 0.0162 -0.2325 -0.9725
vn -0.1967 0.8406 -0.5048
vn -0.1334 0.8757 0.4641
vn -0.1362 -0.9214 -0.3640
vn -0.0962 -0.9278 0.3605
vn 0.2193 0.8415 -0.4938
vn 0.7613 -0.5068 0.4046
vn 0.1722 0.8762 0.4502
vn 0.7748 -0.4769 -0.4149
vn -0.9345 -0.1891 0.3015
vn -0.9340 -0.1817 -0.3076
vn 0.9488 -0.2685 -0.1662
vn 0.9510 -0.2607 0.1661
vn 0.0006 0.7944 -0.6074
vn 0.0043 0.9999 0.0166
vn 0.9807 0.1956 0.0034
vn 0.9783 -0.1245 -0.1659
vn 0.7569 -0.6535 -0.0029
vn -0.0037 0.0298 0.9995
vn 0.0041 -1.0000 0.0039
vn -0.0069 0.0786 -0.9969
vn 1.0000 -0.0085 -0.0009
vn -0.0011 -1.0000 -0.0010
vn -0.0010 -1.0000 -0.0010
vn -0.0010 -1.0000 -0.0013
vn -0.0000 -1.0000 -0.0013
vn -0.0000 -1.0000 -0.0010
vn -0.0005 -1.0000 -0.0013
vn -0.0005 -1.0000 -0.0010
vn -0.0001 -1.0000 -0.0010
vn -0.0001 -1.0000 -0.0013
vn -0.0001 -1.0000 -0.0008
vn -0.0005 -1.0000 -0.0008
vn -0.0000 -1.0000 -0.0008
vn -0.0010 -1.0000 -0.0008
vn -0.0011 -1.0000 -0.0008
vn -0.0000 1.0000 -0.0000
vn -0.0005 -1.0000 -0.0012
vn -0.0000 -1.0000 -0.0012
vn -0.0011 -1.0000 -0.0012
vn -0.0005 -1.0000 -0.0009
vn -0.0000 -1.0000 -0.0009
vn -0.0011 -1.0000 -0.0009
vn -0.0011 -1.0000 -0.0011
vn -0.0010 -1.0000 -0.0011
vn -0.0000 -1.0000 -0.0011
vn -0.0005 -1.0000 -0.0011
vn -0.0001 -1.0000 -0.0011
vn -0.9974 -0.0725 -0.0001
vn -0.0001 -0.0688 0.9976
vn 0.9974 -0.0725 -0.0001
vn -0.0001 -1.0000 -0.0012
vn -0.0010 -1.0000 -0.0012
vn -0.0001 -1.0000 -0.0009
vn -0.0010 -1.0000 -0.0009
vn 0.9975 -0.0709 -0.0001
vn -0.0000 -0.0703 -0.9975
vn -0.0001 -0.0688 -0.9976
vn -0.0000 -0.0703 0.9975
vn -0.9975 -0.0709 -0.0001
vn -0.0021 1.0000 -0.0000
vn -0.9999 -0.0130 -0.0000
vn 0.0221 0.0007 -0.9998
vn -0.0840 -0.0007 -0.9965
vn -0.0221 -0.0007 0.9998
vn 0.0840 0.0007 0.9965
vt 0.375000 0.010982
vt 0.625000 0.010982
vt 0.625000 0.239018
vt 0.375000 0.239018
vt 0.875000 0.500000
vt 0.625000 0.500000
vt 0.635982 0.500000
vt 0.864018 0.500000
vt 0.625000 0.750000
vt 0.875000 0.750000
vt 0.875000 0.750000
vt 0.864018 0.750000
vt 0.635982 0.750000
vt 0.125000 0.500000
vt 0.125000 0.512658
vt 0.125000 0.535166
vt 0.125000 0.715639
vt 0.125000 0.737649
vt 0.125000 0.750000
vt 0.125000 0.739018
vt 0.125000 0.510982
vt 0.347128 0.500000
vt 0.375000 0.500000
vt 0.347128 0.500000
vt 0.375000 0.260982
vt 0.625000 0.260982
vt 0.625000 0.489018
vt 0.375000 0.489018
vt 0.375000 0.760982
vt 0.625000 0.760982
vt 0.625000 0.989018
vt 0.375000 0.989018
vt 0.625000 0.739018
vt 0.625000 0.510982
vt 0.154966 0.750000
vt 0.202483 0.750000
vt 0.250000 0.750000
vt 0.298564 0.750000
vt 0.347128 0.750000
vt 0.375000 0.750000
vt 0.364018 0.750000
vt 0.135982 0.750000
vt 0.375000 0.510982
vt 0.375000 0.737649
vt 0.375000 0.715639
vt 0.375000 0.535166
vt 0.375000 0.512658
vt 0.375000 0.510982
vt 0.375000 0.739018
vt 0.875000 0.510982
vt 0.875000 0.739018
vt 0.347128 0.737649
vt 0.125000 0.512658
vt 0.364018 0.500000
vt 0.375000 0.000000
vt 0.625000 0.000000
vt 0.625000 0.739018
vt 0.298564 0.500000
vt 0.250000 0.500000
vt 0.202483 0.500000
vt 0.154966 0.500000
vt 0.135982 0.500000
vt 0.250000 0.750000
vt 0.298564 0.750000
vt 0.202483 0.737649
vt 0.250000 0.737649
vt 0.202483 0.750000
vt 0.202483 0.500000
vt 0.202483 0.715639
vt 0.250000 0.715639
vt 0.375000 0.715639
vt 0.347128 0.715639
vt 0.375000 0.512658
vt 0.347128 0.512658
vt 0.250000 0.512658
vt 0.202483 0.512658
vt 0.125000 0.535166
vt 0.347128 0.535166
vt 0.375000 0.535166
vt 0.202483 0.535166
vt 0.250000 0.535166
vt 0.154966 0.512658
vt 0.154966 0.535166
vt 0.154966 0.715639
vt 0.154966 0.737649
vt 0.298564 0.737649
vt 0.298564 0.535166
vt 0.298564 0.715639
vt 0.298564 0.512658
s 0
f 712/1207/589 714/1208/589 718/1209/589 708/1210/589
f 695/1211/590 699/1212/590 725/1212/590 724/1213/590 717/1214/590 719/1211/590
f 697/1215/591 693/1216/591 716/1217/591 715/1218/591 729/1219/591 731/1215/591
f 694/1220/592 751/1221/592 761/1222/592 754/1223/592 744/1224/592 692/1225/592 713/1225/592 712/1226/592 708/1227/592 710/1220/592
f 774/1228/593 698/1229/593 702/1229/593 775/1230/593
f 695/1211/594 693/1216/594 704/1216/594 705/1211/594
f 709/1231/595 717/1232/595 724/1233/595 720/1234/595
f 727/1235/596 729/1236/596 715/1237/596 711/1238/596
f 699/1212/597 697/1215/597 731/1215/597 730/1239/597 723/1240/597 725/1212/597
f 692/1225/598 766/1241/598 780/1242/598 741/1243/598 794/1244/598 772/1245/598 696/1246/598 728/1246/598 727/1247/598 711/1248/598 713/1225/598
f 721/1249/599 723/1240/599 732/1240/599 733/1249/599
f 696/1246/600 745/1250/600 757/1251/600 759/1252/600 749/1253/600 698/1229/600 722/1229/600 721/1254/600 726/1255/600 728/1246/600
f 693/1216/601 695/1211/601 719/1211/601 718/1256/601 714/1257/601 716/1216/601
f 776/1258/602 747/1250/602 703/1246/602 773/1245/602
f 751/1221/603 694/1220/603 700/1220/603 752/1259/603
f 745/1250/604 696/1246/604 703/1246/604 747/1250/604
f 766/1241/605 692/1225/605 701/1225/605 767/1241/605
f 707/1215/606 706/1212/606 834/1212/606 835/1215/606
f 693/1216/607 697/1215/607 707/1215/607 704/1216/607
f 699/1212/608 695/1211/608 705/1211/608 706/1212/608
f 697/1215/604 699/1212/604 706/1212/604 707/1215/604
f 708/1227/609 709/1220/609 710/1220/609
f 711/1225/610 712/1226/610 713/1225/610
f 714/1257/611 715/1216/611 716/1216/611
f 717/1211/612 718/1256/612 719/1211/612
f 720/1260/613 721/1229/613 722/1229/613
f 723/1212/614 724/1213/614 725/1212/614
f 726/1246/615 727/1247/615 728/1246/615
f 729/1219/616 730/1215/616 731/1215/616
f 711/1261/617 715/1262/617 714/1208/617 712/1207/617
f 717/1232/618 709/1231/618 708/1210/618 718/1209/618
f 723/1240/619 721/1249/619 720/1234/619 724/1233/619
f 729/1236/620 727/1235/620 726/1255/620 730/1263/620
f 698/1229/621 774/1228/621 788/1264/621 740/1265/621 782/1266/621 764/1267/621 694/1220/621 710/1220/621 709/1268/621 720/1260/621 722/1229/621
f 734/1255/622 733/1254/622 737/1254/622 738/1255/622
f 726/1255/623 721/1254/623 733/1254/623 734/1255/623
f 730/1263/624 726/1255/624 734/1255/624 735/1263/624
f 723/1240/625 730/1239/625 735/1239/625 732/1240/625
f 733/1249/626 732/1240/626 736/1240/626 737/1249/626
f 732/1240/627 735/1239/627 739/1239/627 736/1240/627
f 735/1263/628 734/1255/628 738/1255/628 739/1263/628
f 736/1240/629 739/1239/629 738/1255/629 737/1254/629
f 794/1244/605 741/1243/605 743/1269/605 795/1270/605
f 784/1271/630 748/1272/630 743/1269/630 781/1273/630
f 782/1266/593 740/1265/593 742/1265/593 783/1274/593
f 786/1275/631 756/1276/631 748/1272/631 784/1271/631
f 757/1251/604 745/1250/604 747/1250/604 758/1277/604
f 692/1225/603 744/1224/603 746/1224/603 701/1225/603
f 778/1278/632 758/1277/632 747/1250/632 776/1258/632
f 775/1230/633 702/1229/633 750/1279/633 777/1280/633
f 698/1229/604 749/1253/604 750/1279/604 702/1229/604
f 783/1274/634 742/1265/634 753/1281/634 785/1282/634
f 761/1222/603 751/1221/603 752/1259/603 762/1283/603
f 744/1224/603 754/1223/603 755/1223/603 746/1224/603
f 779/1284/635 760/1285/635 758/1277/635 778/1278/635
f 759/1252/604 757/1251/604 758/1277/604 760/1285/604
f 787/1286/636 763/1287/636 756/1276/636 786/1275/636
f 785/1282/637 753/1281/637 763/1287/637 787/1286/637
f 749/1253/604 759/1252/604 760/1285/604 750/1279/604
f 777/1280/638 750/1279/638 760/1285/638 779/1284/638
f 754/1223/603 761/1222/603 762/1283/603 755/1223/603
f 752/1259/639 769/1288/639 771/1289/639 762/1283/639
f 762/1283/640 771/1289/640 770/1290/640 755/1223/640
f 700/1220/641 765/1267/641 769/1288/641 752/1259/641
f 755/1223/642 770/1290/642 768/1291/642 746/1224/642
f 694/1220/593 764/1267/593 765/1267/593 700/1220/593
f 746/1224/643 768/1291/643 767/1241/643 701/1225/643
f 780/1242/605 766/1241/605 767/1241/605 781/1273/605
f 776/1258/644 790/1292/644 808/1292/644 807/1258/644
f 793/1293/645 779/1284/645 778/1278/645 792/1294/645
f 789/1264/646 775/1230/646 777/1280/646 791/1295/646
f 785/1282/644 787/1286/644 802/1286/644 798/1282/644
f 696/1246/605 772/1245/605 773/1245/605 703/1246/605
f 790/1292/647 776/1258/647 773/1245/647 795/1270/647
f 788/1264/593 774/1228/593 775/1230/593 789/1264/593
f 741/1243/605 780/1242/605 781/1273/605 743/1269/605
f 777/1280/644 779/1284/644 805/1284/644 804/1280/644
f 771/1289/648 787/1286/648 786/1275/648 770/1290/648
f 765/1267/649 783/1274/649 785/1282/649 769/1288/649
f 771/1289/644 769/1288/644 799/1288/644 803/1289/644
f 764/1267/593 782/1266/593 783/1274/593 765/1267/593
f 768/1291/650 784/1271/650 781/1273/650 767/1241/650
f 740/1265/593 788/1264/593 789/1264/593 742/1265/593
f 748/1272/651 790/1292/651 795/1270/651 743/1269/651
f 756/1276/652 792/1294/652 790/1292/652 748/1272/652
f 742/1265/653 789/1264/653 791/1295/653 753/1281/653
f 763/1287/654 793/1293/654 792/1294/654 756/1276/654
f 753/1281/655 791/1295/655 793/1293/655 763/1287/655
f 772/1245/605 794/1244/605 795/1270/605 773/1245/605
f 811/1293/656 809/1295/656 825/1295/656 827/1293/656
f 796/1271/657 797/1291/657 813/1291/657 812/1271/657
f 806/1278/658 807/1258/658 823/1258/658 822/1278/658
f 808/1292/656 810/1294/656 826/1294/656 824/1292/656
f 790/1292/644 792/1294/644 810/1294/644 808/1292/644
f 768/1291/644 770/1290/644 801/1290/644 797/1291/644
f 791/1295/644 777/1280/644 804/1280/644 809/1295/644
f 778/1278/644 776/1258/644 807/1258/644 806/1278/644
f 784/1271/644 768/1291/644 797/1291/644 796/1271/644
f 792/1294/644 778/1278/644 806/1278/644 810/1294/644
f 769/1288/644 785/1282/644 798/1282/644 799/1288/644
f 786/1275/644 784/1271/644 796/1271/644 800/1275/644
f 779/1284/644 793/1293/644 811/1293/644 805/1284/644
f 770/1290/644 786/1275/644 800/1275/644 801/1290/644
f 793/1293/644 791/1295/644 809/1295/644 811/1293/644
f 787/1286/644 771/1289/644 803/1289/644 802/1286/644
f 825/1295/659 820/1280/659 821/1284/659 827/1293/659
f 826/1294/660 822/1278/660 823/1258/660 824/1292/660
f 815/1288/661 814/1282/661 818/1286/661 819/1289/661
f 817/1290/662 816/1275/662 812/1271/662 813/1291/662
f 798/1282/663 802/1286/663 818/1286/663 814/1282/663
f 799/1288/664 798/1282/664 814/1282/664 815/1288/664
f 800/1275/663 796/1271/663 812/1271/663 816/1275/663
f 801/1290/665 800/1275/665 816/1275/665 817/1290/665
f 807/1258/657 808/1292/657 824/1292/657 823/1258/657
f 802/1286/666 803/1289/666 819/1289/666 818/1286/666
f 809/1295/664 804/1280/664 820/1280/664 825/1295/664
f 803/1289/667 799/1288/667 815/1288/667 819/1289/667
f 810/1294/665 806/1278/665 822/1278/665 826/1294/665
f 797/1291/667 801/1290/667 817/1290/667 813/1291/667
f 805/1284/666 811/1293/666 827/1293/666 821/1284/666
f 804/1280/658 805/1284/658 821/1284/658 820/1280/658
f 830/1212/668 829/1211/668 828/1216/668 831/1215/668
f 828/1216/606 829/1211/606 837/1211/606 836/1216/606
f 830/1212/669 831/1215/669 839/1215/669 838/1212/669
f 706/1212/670 705/1211/670 833/1211/670 834/1212/670
f 832/1216/668 835/1215/668 839/1215/668 836/1216/668
f 834/1212/668 833/1211/668 837/1211/668 838/1212/668
f 835/1215/668 834/1212/668 838/1212/668 839/1215/668
f 833/1211/668 832/1216/668 836/1216/668 837/1211/668
f 831/1215/671 828/1216/671 836/1216/671 839/1215/671
f 705/1211/669 704/1216/669 832/1216/669 833/1211/669
f 829/1211/672 830/1212/672 838/1212/672 837/1211/672
f 704/1216/673 707/1215/673 835/1215/673 832/1216/673
