# This file uses centimeters as units for non-parametric coordinates.

mtllib omjattempt.mtl
g default
v -0.066640 5.170176 1.159176
v -0.602593 5.147974 1.191043
v -0.164322 5.605616 1.182238
v -0.466099 5.605585 1.182236
v -0.164322 5.587132 1.741597
v -0.466099 5.587132 1.741597
v -0.051386 5.164032 1.718943
v -0.605376 5.151721 1.718537
v -0.423915 5.557201 1.180640
v -0.432569 5.517322 1.739295
v -0.585201 4.940826 1.711581
v -0.569165 4.937848 1.151513
v -0.209006 5.557213 1.180641
v -0.200206 5.517322 1.739295
v -0.070523 4.940826 1.711581
v -0.086662 4.937849 1.151513
v -0.594845 5.414139 1.167222
v -0.517734 5.423204 1.095704
v -0.125572 5.423938 1.095746
v -0.044165 5.414177 1.167225
v -0.044165 5.395686 1.726584
v -0.109646 5.395686 1.726584
v -0.533659 5.395686 1.726584
v -0.594845 5.395686 1.726584
v -0.311437 5.580779 1.158312
v -0.310905 5.537707 1.763075
v -0.311269 5.401670 1.749889
v -0.311979 5.130881 1.740957
v -0.312788 5.150156 1.135408
v -0.312096 5.431740 1.072891
v -0.146111 5.632562 1.423186
v -0.010934 5.417355 1.407388
v -0.062317 5.160661 1.398922
v -0.083515 5.133972 1.398042
v -0.314631 5.104619 1.396780
v -0.577237 5.137684 1.398164
v -0.602888 5.149342 1.398549
v -0.628076 5.417355 1.407388
v -0.484310 5.632562 1.423186
v -0.446733 5.632621 1.423187
v -0.310330 5.656330 1.423676
v -0.186326 5.632621 1.423187
v -0.592285 5.260708 1.162162
v -0.515927 5.248701 1.089947
v -0.312207 5.235202 1.066400
v -0.127410 5.248935 1.089960
v -0.046725 5.260717 1.162162
v -0.013802 5.230597 1.401229
v -0.046725 5.242257 1.721523
v -0.111597 5.242257 1.721523
v -0.311350 5.228040 1.744162
v -0.531669 5.242257 1.721523
v -0.592285 5.242257 1.721523
v -0.625207 5.230597 1.401229
v -0.485759 5.429031 1.095897
v -0.313394 5.443097 1.073267
v -0.156905 5.429663 1.095933
v -0.088614 5.414622 1.167239
v -0.060748 5.426292 1.407683
v -0.088614 5.396137 1.726599
v -0.143524 5.396137 1.726599
v -0.312673 5.407265 1.750073
v -0.499088 5.396137 1.726599
v -0.550396 5.396137 1.726599
v -0.578262 5.426292 1.407683
v -0.550396 5.414591 1.167237
v -0.310680 5.370164 1.748850
v -0.095434 5.374693 1.725891
v -0.025518 5.374693 1.725891
v 0.009963 5.379016 1.406124
v -0.025518 5.393179 1.166532
v -0.112456 5.391887 1.094686
v -0.311582 5.388406 1.071460
v -0.531177 5.391260 1.094650
v -0.613492 5.393146 1.166530
v -0.648973 5.379016 1.406124
v -0.613492 5.374693 1.725891
v -0.548162 5.374693 1.725891
v 3.605876 5.473487 1.377477
v 3.812050 5.474831 1.377554
v 3.639813 5.208912 1.415542
v 3.765148 5.209723 1.415589
v 3.605876 5.200472 1.627120
v 3.799885 5.203650 1.570547
v 3.605876 5.463650 1.635800
v 3.812050 5.464746 1.635863
v 3.707333 5.310618 1.405468
v 3.708963 5.418283 1.424908
v 3.788859 5.310437 1.423307
v 3.708963 5.215580 1.383677
v 3.625808 5.309379 1.423247
v 3.708963 5.012321 1.491601
v 3.856617 5.212235 1.498219
v 3.713513 5.207278 1.602911
v 3.558690 5.210356 1.498111
v 3.707333 5.303021 1.600244
v 3.788859 5.304302 1.580651
v 3.708963 5.411108 1.608832
v 3.625808 5.303296 1.580593
v 3.708963 5.298859 1.501054
v 3.843651 5.525092 1.508537
v 3.558690 5.523242 1.508431
v 3.813850 5.307517 1.501987
v 3.588491 5.306044 1.501903
v 3.748294 5.216244 1.383705
v 3.767597 5.111337 1.494877
v 3.762420 5.208043 1.602943
v 3.753703 5.303301 1.600740
v 3.767597 5.465441 1.610634
v 3.767597 5.553443 1.509461
v 3.767597 5.472618 1.426710
v 3.753703 5.310928 1.405160
v 3.676299 5.215781 1.383678
v 3.660268 5.110158 1.494821
v 3.672896 5.207465 1.602910
v 3.668823 5.302767 1.600230
v 3.660268 5.464743 1.610594
v 3.660268 5.550792 1.509356
v 3.660268 5.471918 1.426670
v 3.668823 5.310366 1.405454
v 3.843651 5.495465 1.441561
v 3.767597 5.522824 1.442452
v 3.708963 5.401606 1.438444
v 3.638978 5.523273 1.442446
v 3.582983 5.493763 1.441463
v 3.588491 5.307613 1.461753
v 3.606569 5.213663 1.432228
v 3.660268 5.113182 1.428922
v 3.708963 5.113045 1.428925
v 3.767597 5.114108 1.428969
v 3.856617 5.215260 1.432319
v 3.813850 5.309084 1.461837
v 3.843651 5.490460 1.569720
v 3.767597 5.517872 1.570613
v 3.708963 5.396601 1.566603
v 3.660268 5.517627 1.532860
v 3.584502 5.488894 1.569630
v 3.588491 5.304627 1.539822
v 3.599185 5.208717 1.560390
v 3.660268 5.108194 1.557082
v 3.708963 5.108058 1.557085
v 3.767597 5.109137 1.557130
v 3.856617 5.210269 1.560479
v 3.813850 5.306040 1.539903
v -1.824031 5.416329 1.250339
v -1.394510 5.416329 1.250339
v -1.824031 5.133000 1.240994
v -1.394510 5.133000 1.240994
v -1.824031 5.116022 1.755771
v -1.394510 5.116022 1.755771
v -1.824031 5.399351 1.765116
v -1.394510 5.399351 1.765116
v -1.609271 5.253174 1.186626
v -1.609271 5.345506 1.189672
v -1.394510 5.251253 1.244894
v -1.609271 5.142233 1.182967
v -1.824031 5.251253 1.244894
v -1.609271 5.099151 1.497546
v -1.328676 5.120563 1.498252
v -1.609271 5.121215 1.820213
v -1.922333 5.120563 1.498252
v -1.609271 5.232156 1.823873
v -1.394510 5.234274 1.759672
v -1.609271 5.324488 1.826918
v -1.824031 5.234274 1.759672
v -1.609271 5.184946 1.500376
v -1.328676 5.659737 1.516036
v -1.922333 5.659737 1.516036
v -1.328676 5.231505 1.501911
v -1.922333 5.231505 1.501911
v -1.487120 5.126294 1.182441
v -1.487120 5.121225 1.498274
v -1.487120 5.169894 1.821819
v -1.487120 5.232105 1.825439
v -1.487120 5.397233 1.829317
v -1.487120 5.716498 1.517908
v -1.487120 5.418251 1.192071
v -1.487120 5.253210 1.185563
v -1.710716 5.128253 1.182506
v -1.710716 5.120563 1.498252
v -1.710716 5.169894 1.821819
v -1.710716 5.232156 1.823873
v -1.710716 5.397233 1.829317
v -1.710716 5.713871 1.517821
v -1.710716 5.418251 1.192071
v -1.710716 5.253174 1.186626
v -1.328676 5.620647 1.383245
v -1.487120 5.676068 1.385072
v -1.609271 5.324325 1.373471
v -1.755070 5.677811 1.385130
v -1.871722 5.620647 1.383245
v -1.922333 5.235837 1.370553
v -1.922333 5.173575 1.368499
v -1.710716 5.173575 1.368499
v -1.609271 5.124896 1.366893
v -1.487120 5.173900 1.368510
v -1.328676 5.173575 1.368499
v -1.328676 5.235837 1.370553
v -1.328676 5.623482 1.639021
v -1.487120 5.678977 1.640851
v -1.609271 5.327160 1.629247
v -1.710716 5.680093 1.565718
v -1.868560 5.623482 1.639021
v -1.922333 5.238672 1.626329
v -1.922333 5.176410 1.624275
v -1.710716 5.176410 1.624275
v -1.609271 5.127730 1.622670
v -1.487120 5.176753 1.624287
v -1.328676 5.176410 1.624275
v -1.328676 5.238672 1.626329
v 1.647016 5.440666 1.333048
v 2.037557 5.440666 1.333048
v 1.647016 5.158778 1.323751
v 2.037557 5.158778 1.323751
v 1.647016 5.143340 1.791811
v 2.037557 5.143340 1.791811
v 1.647016 5.425228 1.801108
v 2.037557 5.425228 1.801108
v 1.842286 5.298164 1.275311
v 1.842286 5.363086 1.277452
v 2.037557 5.296416 1.328291
v 1.842286 5.168497 1.271034
v 1.647016 5.296416 1.328291
v 1.842286 5.123268 1.556864
v 2.097416 5.159031 1.558044
v 1.842286 5.149386 1.850448
v 1.557635 5.159031 1.558044
v 1.842286 5.279053 1.854725
v 2.037557 5.280978 1.796351
v 1.842286 5.343976 1.856866
v 1.647016 5.280978 1.796351
v 1.842286 5.193477 1.559180
v 2.097416 5.610362 1.572930
v 1.557635 5.610362 1.572930
v 2.097416 5.288697 1.562320
v 1.557635 5.288697 1.562320
v 1.953352 5.056831 1.267351
v 1.953352 5.123989 1.556888
v 1.953352 5.037721 1.846765
v 1.953352 5.279006 1.856149
v 1.953352 5.423302 1.859483
v 1.953352 5.663573 1.574685
v 1.953352 5.442413 1.280069
v 1.953352 5.298195 1.274344
v 1.750047 5.056831 1.267351
v 1.750047 5.123268 1.556864
v 1.750047 5.037721 1.846765
v 1.750047 5.279053 1.854725
v 1.750047 5.423302 1.859483
v 1.750047 5.660709 1.574590
v 1.750047 5.442413 1.280069
v 1.750047 5.298164 1.275311
v 2.097416 5.566950 1.451930
v 1.953352 5.618700 1.453637
v 1.842286 5.344681 1.444599
v 1.709719 5.620601 1.453700
v 1.603653 5.566950 1.451930
v 1.557635 5.292637 1.442883
v 1.557635 5.119999 1.437189
v 1.750047 5.084236 1.436009
v 1.842286 5.127207 1.437426
v 1.953352 5.084590 1.436021
v 2.097416 5.119999 1.437189
v 2.097416 5.292637 1.442883
v 2.097416 5.559291 1.684157
v 1.953352 5.611122 1.685866
v 1.842286 5.337022 1.676826
v 1.750047 5.611890 1.617543
v 1.606528 5.559291 1.684157
v 1.557635 5.284977 1.675109
v 1.557635 5.112340 1.669415
v 1.750047 5.076577 1.668236
v 1.842286 5.119547 1.669653
v 1.953352 5.076951 1.668248
v 2.097416 5.112340 1.669415
v 2.097416 5.284977 1.675109
v 0.239356 5.456145 1.242748
v 0.686400 5.456145 1.242748
v 0.239356 5.137738 1.232246
v 0.686400 5.137738 1.232246
v 0.239356 5.121343 1.729321
v 0.686400 5.121343 1.729321
v 0.239356 5.439750 1.739823
v 0.686400 5.439750 1.739823
v 0.462878 5.302246 1.181347
v 0.462878 5.389363 1.184220
v 0.686400 5.300390 1.237611
v 0.462878 5.146491 1.176209
v 0.239356 5.300390 1.237611
v 0.462878 5.136438 1.481011
v 0.754921 5.136438 1.481011
v 0.462878 5.126195 1.791543
v 0.137044 5.136438 1.481011
v 0.462878 5.281950 1.796680
v 0.686400 5.283995 1.734686
v 0.462878 5.369068 1.799553
v 0.239356 5.283995 1.734686
v 0.462878 5.197186 1.483015
v 0.754921 5.619771 1.496953
v 0.137044 5.619771 1.496953
v 0.754921 5.292192 1.486148
v 0.137044 5.292192 1.486148
v 0.590013 5.049873 1.173023
v 0.590013 5.137063 1.481032
v 0.590013 5.029578 1.788356
v 0.590013 5.281900 1.798192
v 0.590013 5.437705 1.801817
v 0.590013 5.622250 1.497035
v 0.590013 5.458001 1.186484
v 0.590013 5.302279 1.180320
v 0.357294 5.049873 1.173023
v 0.357294 5.136438 1.481011
v 0.357294 5.029578 1.788356
v 0.357294 5.281950 1.796680
v 0.357294 5.437705 1.801817
v 0.357294 5.619771 1.496953
v 0.357294 5.458001 1.186484
v 0.357294 5.302246 1.181347
v 0.754921 5.582985 1.368760
v 0.590013 5.584198 1.368800
v 0.462878 5.328789 1.360376
v 0.311131 5.585843 1.368854
v 0.189719 5.582985 1.368760
v 0.137044 5.296376 1.359307
v 0.137044 5.044003 1.350983
v 0.357294 5.044003 1.350983
v 0.462878 5.140621 1.354169
v 0.590013 5.044309 1.350993
v 0.754921 5.044003 1.350983
v 0.754921 5.296376 1.359307
v 0.754921 5.574851 1.615382
v 0.590013 5.576135 1.615425
v 0.462878 5.320655 1.606998
v 0.357294 5.577242 1.542875
v 0.193011 5.574851 1.615382
v 0.137044 5.288242 1.605929
v 0.137044 5.035869 1.597605
v 0.357294 5.035870 1.597605
v 0.462878 5.132487 1.600792
v 0.590013 5.036193 1.597616
v 0.754921 5.035869 1.597605
v 0.754921 5.288242 1.605929
v -2.283962 5.584857 1.491779
v -1.990201 5.584857 1.491779
v -2.235608 5.364024 1.548254
v -2.057028 5.364024 1.548254
v -2.283962 5.354168 1.836624
v -2.007534 5.356714 1.759441
v -2.283962 5.573245 1.843850
v -1.990201 5.573245 1.843850
v -2.139404 5.416565 1.531671
v -2.137081 5.509144 1.556376
v -2.023244 5.415764 1.555946
v -2.137081 5.372216 1.504785
v -2.255563 5.415764 1.555946
v -2.137081 5.042083 1.650104
v -1.926701 5.367360 1.660833
v -2.130599 5.362652 1.803594
v -2.351194 5.367360 1.660833
v -2.139404 5.407809 1.797148
v -2.023244 5.408691 1.770401
v -2.137081 5.500876 1.807061
v -2.255563 5.408691 1.770401
v -2.137081 5.432414 1.662978
v -1.945174 5.594671 1.668330
v -2.351194 5.689875 1.671470
v -1.987636 5.412228 1.663174
v -2.308733 5.412228 1.663174
v -2.081042 5.372779 1.504803
v -2.053539 5.176459 1.654536
v -2.060915 5.363268 1.803614
v -2.073335 5.407787 1.797800
v -2.053539 5.574378 1.809485
v -2.053539 5.597325 1.668417
v -2.053539 5.582646 1.558800
v -2.073335 5.416579 1.531228
v -2.183622 5.372779 1.504803
v -2.206463 5.175790 1.654514
v -2.188471 5.363268 1.803614
v -2.194273 5.407809 1.797148
v -2.206463 5.574378 1.809485
v -2.206463 5.689875 1.671470
v -2.206463 5.582646 1.558800
v -2.194273 5.416565 1.531671
v -1.945174 5.776773 1.584398
v -2.053539 5.778073 1.584441
v -2.137081 5.449930 1.573618
v -2.236798 5.652025 1.580284
v -2.316580 5.648964 1.580183
v -2.308733 5.414032 1.608449
v -2.282975 5.370940 1.571013
v -2.206463 5.179369 1.564694
v -2.137081 5.178753 1.564674
v -2.053539 5.179697 1.564705
v -1.926701 5.370940 1.571013
v -1.987636 5.414032 1.608449
v -1.945174 5.713763 1.757189
v -2.053539 5.715138 1.757234
v -2.137081 5.566067 1.752318
v -2.206463 5.644897 1.703506
v -2.314417 5.643203 1.754862
v -2.308733 5.410523 1.714851
v -2.293495 5.365179 1.745692
v -2.206463 5.173608 1.739373
v -2.137081 5.172992 1.739353
v -2.053539 5.173955 1.739385
v -1.926701 5.365179 1.745692
v -1.987636 5.410523 1.714851
v 4.575077 5.438072 1.745196
v 4.396261 5.437339 1.745154
v 4.575077 5.233569 1.738450
v 4.396261 5.232841 1.738408
v 4.575077 5.241768 1.524205
v 4.396261 5.241064 1.524165
v 4.575077 5.446284 1.530952
v 4.396261 5.445577 1.530912
v 4.485669 5.318375 1.765520
v 4.485669 5.384608 1.767705
v 4.396261 5.318922 1.741248
v 4.485669 5.237537 1.762853
v 4.575077 5.319653 1.741289
v 4.485669 5.227193 1.630973
v 4.368854 5.242066 1.631452
v 4.485669 5.247703 1.497640
v 4.616001 5.243054 1.631508
v 4.485669 5.328548 1.500307
v 4.396261 5.327153 1.527005
v 4.485669 5.394788 1.502492
v 4.575077 5.327858 1.527045
v 4.485669 5.288745 1.633004
v 4.368854 5.498747 1.639920
v 4.616001 5.507132 1.640220
v 4.368854 5.322906 1.634119
v 4.616001 5.323896 1.634176
v 4.434816 5.225891 1.762464
v 4.434816 5.242822 1.631484
v 4.434816 5.282426 1.498780
v 4.434816 5.328371 1.499643
v 4.434816 5.446771 1.504202
v 4.434816 5.538496 1.641238
v 4.434816 5.436579 1.769414
v 4.434816 5.318146 1.765950
v 4.527902 5.227678 1.762532
v 4.527902 5.242722 1.631489
v 4.527902 5.282792 1.498801
v 4.527902 5.328712 1.500316
v 4.527902 5.447138 1.504223
v 4.527902 5.544380 1.641441
v 4.527902 5.436963 1.769436
v 4.527902 5.318545 1.765530
v 4.368854 5.465499 1.693562
v 4.434816 5.504288 1.694848
v 4.485669 5.383530 1.690870
v 4.546367 5.513382 1.695159
v 4.594932 5.473814 1.693859
v 4.616001 5.321807 1.688846
v 4.616001 5.275890 1.687331
v 4.527902 5.275554 1.687312
v 4.485669 5.240462 1.686150
v 4.434816 5.275409 1.687298
v 4.368854 5.274893 1.687274
v 4.368854 5.320809 1.688789
v 4.368854 5.469588 1.587267
v 4.434816 5.508427 1.588555
v 4.485669 5.387609 1.584574
v 4.527902 5.514015 1.620038
v 4.593615 5.477882 1.587562
v 4.616001 5.325874 1.582549
v 4.616001 5.279955 1.581034
v 4.527902 5.279626 1.581015
v 4.485669 5.244536 1.579854
v 4.434816 5.279501 1.581002
v 4.368854 5.278976 1.580978
v 4.368854 5.324893 1.582493
v -2.843365 5.514493 1.399732
v -2.488127 5.547077 1.435219
v -2.750825 5.280538 1.471888
v -2.531377 5.325764 1.402088
v -2.834570 5.302481 1.688029
v -2.556546 5.384161 1.736571
v -2.862322 5.503513 1.834740
v -2.472532 5.538045 1.793064
v -2.679704 5.367541 1.433427
v -2.673022 5.461884 1.400237
v -2.542881 5.401229 1.505400
v -2.673022 5.260286 1.320745
v -2.807271 5.405052 1.515163
v -2.673022 5.022377 1.596951
v -2.475564 5.388467 1.606049
v -2.685317 5.235703 1.805757
v -2.875714 5.306203 1.575177
v -2.695234 5.355755 1.790758
v -2.542881 5.394462 1.710566
v -2.694455 5.441252 1.874236
v -2.807271 5.398639 1.709616
v -2.673022 5.254960 1.604622
v -2.437361 5.683605 1.616446
v -2.926161 5.698669 1.620639
v -2.524707 5.361703 1.610429
v -2.852637 5.361703 1.610429
v -2.558997 5.325762 1.402088
v -2.558997 5.252145 1.601552
v -2.558997 5.308728 1.746829
v -2.558997 5.393598 1.736778
v -2.558997 5.506610 1.797209
v -2.558997 5.717559 1.616903
v -2.558997 5.514177 1.460076
v -2.558997 5.402009 1.481754
v -2.725264 5.323863 1.437971
v -2.786453 5.250761 1.603841
v -2.786453 5.271341 1.725421
v -2.786453 5.394501 1.691829
v -2.786453 5.508371 1.732315
v -2.786453 5.715716 1.619176
v -2.786453 5.511938 1.516275
v -2.786453 5.399868 1.529110
v -2.451403 5.639504 1.498038
v -2.558997 5.658832 1.498675
v -2.672175 5.401753 1.445848
v -2.786453 5.658525 1.542783
v -2.876224 5.644005 1.508617
v -2.834404 5.367169 1.444708
v -2.781557 5.308763 1.497559
v -2.786453 5.172022 1.526737
v -2.672175 5.105815 1.436088
v -2.558997 5.174659 1.482706
v -2.489181 5.392298 1.489884
v -2.538217 5.367169 1.444708
v -2.459056 5.622205 1.691958
v -2.558997 5.645231 1.692718
v -2.672397 5.393814 1.719226
v -2.786453 5.645221 1.666953
v -2.870678 5.631090 1.692527
v -2.830528 5.358154 1.718049
v -2.853188 5.302689 1.681696
v -2.786453 5.175055 1.651446
v -2.691267 5.109245 1.709839
v -2.558997 5.175384 1.677221
v -2.492689 5.385890 1.684164
v -2.541822 5.358154 1.718049
v 4.027660 5.487558 1.219292
v 4.305192 5.488880 1.219368
v 4.027660 5.212842 1.210229
v 4.305192 5.214152 1.210304
v 4.027660 5.199819 1.542732
v 4.305192 5.201193 1.542810
v 4.027660 5.474496 1.551793
v 4.305192 5.475883 1.551872
v 4.166426 5.309997 1.175766
v 4.166426 5.424137 1.179532
v 4.305192 5.309130 1.213437
v 4.166426 5.221613 1.172850
v 4.027660 5.307815 1.213362
v 4.166426 5.244454 1.377754
v 4.347731 5.214419 1.376783
v 4.166426 5.205529 1.584460
v 3.964143 5.212541 1.376676
v 4.166426 5.293894 1.587375
v 4.305192 5.296155 1.545943
v 4.166426 5.408015 1.591140
v 4.027660 5.294775 1.545864
v 4.166426 5.302524 1.379670
v 4.347731 5.526111 1.387066
v 3.964143 5.524215 1.386958
v 4.347731 5.302796 1.379699
v 3.964143 5.300911 1.379591
v 4.245353 5.129594 1.169823
v 4.245353 5.245424 1.377795
v 4.245353 5.113555 1.581435
v 4.245353 5.294239 1.588409
v 4.245353 5.474002 1.593326
v 4.245353 5.588531 1.389114
v 4.245353 5.490108 1.181718
v 4.245353 5.310384 1.175100
v 4.100878 5.128924 1.169784
v 4.100878 5.244128 1.377735
v 4.100878 5.112844 1.581394
v 4.100878 5.293560 1.587356
v 4.100878 5.473280 1.593285
v 4.100878 5.585458 1.388996
v 4.100878 5.489429 1.181679
v 4.100878 5.309681 1.175748
v 4.347731 5.490273 1.300927
v 4.245353 5.551495 1.302936
v 4.166426 5.427654 1.298842
v 4.072219 5.552226 1.302940
v 3.996845 5.488584 1.300831
v 3.964143 5.304251 1.294745
v 3.964143 5.123514 1.288782
v 4.100878 5.155093 1.289841
v 4.166426 5.247780 1.292907
v 4.245353 5.156072 1.289890
v 4.347731 5.125360 1.288888
v 4.347731 5.306112 1.294852
v 4.347731 5.483829 1.465899
v 4.245353 5.545102 1.467909
v 4.166426 5.421190 1.463812
v 4.100878 5.545061 1.419327
v 3.998888 5.482110 1.465801
v 3.964143 5.297774 1.459715
v 3.964143 5.117054 1.453753
v 4.100878 5.148643 1.454813
v 4.166426 5.241329 1.457878
v 4.245353 5.149655 1.454863
v 4.347731 5.118943 1.453861
v 4.347731 5.299679 1.459824
v -3.325753 5.489561 1.399085
v -3.031991 5.472466 1.398107
v -3.277398 5.213322 1.453723
v -3.098819 5.196616 1.452767
v -3.325753 5.186760 1.741138
v -3.049325 5.189306 1.663955
v -3.325753 5.460854 1.750178
v -3.031991 5.460854 1.750178
v -3.181194 5.276019 1.437071
v -3.178872 5.396753 1.462704
v -3.065035 5.275218 1.461345
v -3.178872 5.204808 1.409298
v -3.297354 5.291994 1.462305
v -3.178872 4.902831 1.555546
v -2.968492 5.199953 1.565346
v -3.172389 5.195244 1.708107
v -3.392984 5.216860 1.566313
v -3.181194 5.267263 1.702547
v -3.065035 5.268145 1.675801
v -3.178872 5.388485 1.713389
v -3.297354 5.268145 1.675801
v -3.178872 5.293162 1.568420
v -2.986965 5.553080 1.576993
v -3.392984 5.569993 1.577961
v -3.029426 5.271681 1.568573
v -3.350523 5.288409 1.569530
v -3.122832 5.205371 1.409317
v -3.095329 5.037206 1.559978
v -3.102705 5.195859 1.708127
v -3.115125 5.267241 1.703200
v -3.095329 5.461987 1.715814
v -3.095329 5.650771 1.580215
v -3.095329 5.470255 1.465128
v -3.115125 5.276033 1.436628
v -3.225412 5.205371 1.409317
v -3.248253 5.036537 1.559956
v -3.230261 5.195859 1.708127
v -3.236064 5.267263 1.702547
v -3.248253 5.461987 1.715814
v -3.248253 5.664414 1.581060
v -3.248253 5.486822 1.466076
v -3.236064 5.276019 1.437071
v -2.986965 5.512169 1.485706
v -3.095329 5.608506 1.488883
v -3.178872 5.432576 1.483081
v -3.278588 5.626923 1.489894
v -3.358370 5.529170 1.486678
v -3.350523 5.290354 1.514814
v -3.324765 5.220383 1.476490
v -3.248253 5.040117 1.470137
v -3.178872 5.039500 1.470116
v -3.095329 5.040444 1.470147
v -2.968492 5.203531 1.475526
v -3.029426 5.273487 1.513849
v -2.986965 5.506408 1.660385
v -3.095329 5.602819 1.663565
v -3.178872 5.426815 1.657760
v -3.248253 5.603138 1.612164
v -3.356207 5.522955 1.661331
v -3.350523 5.286578 1.621200
v -3.335286 5.214234 1.651147
v -3.248253 5.034355 1.644815
v -3.178872 5.033739 1.644795
v -3.095329 5.034702 1.644827
v -2.968492 5.197770 1.650205
v -3.029426 5.269977 1.620251
v -1.179022 5.473062 1.404714
v -0.761902 5.473062 1.404714
v -1.179022 5.176796 1.419339
v -0.761902 5.177600 1.394969
v -1.179022 5.163393 1.825716
v -0.761902 5.163393 1.825716
v -1.179022 5.458854 1.835461
v -0.761902 5.458854 1.835461
v -0.970462 5.330139 1.351190
v -0.970462 5.410979 1.353857
v -0.761902 5.328531 1.399947
v -0.970462 5.185609 1.346424
v -1.179022 5.328531 1.399947
v -0.970462 5.139446 1.609318
v -0.697968 5.176897 1.610554
v -0.970462 5.168022 1.879648
v -1.274486 5.176897 1.610554
v -0.970462 5.312552 1.884415
v -0.761902 5.314324 1.830694
v -0.970462 5.393392 1.887082
v -1.179022 5.314324 1.830694
v -0.970462 5.233267 1.612413
v -0.697968 5.628854 1.625460
v -1.274486 5.628854 1.625460
v -0.697968 5.321427 1.615321
v -1.274486 5.321427 1.615321
v -0.851838 5.120642 1.344281
v -0.851838 5.177477 1.610573
v -0.851838 5.100982 1.877437
v -0.851838 5.312509 1.885726
v -0.851838 5.457082 1.889182
v -0.851838 5.631154 1.625536
v -0.851838 5.474669 1.355958
v -0.851838 5.330169 1.350300
v -1.068978 5.086034 1.343139
v -1.068978 5.176897 1.610554
v -1.034280 5.078367 1.876691
v -1.068978 5.312552 1.884415
v -1.068978 5.457082 1.889182
v -1.068978 5.628854 1.625460
v -1.068978 5.474669 1.355958
v -1.068978 5.330139 1.351190
v -0.697968 5.594462 1.514290
v -0.851838 5.595588 1.514327
v -0.970462 5.355130 1.506396
v -1.112052 5.597114 1.514377
v -1.225337 5.594462 1.514290
v -1.274486 5.325053 1.505404
v -1.215149 5.090867 1.497680
v -1.068978 5.079032 1.497289
v -0.970462 5.180522 1.500637
v -0.851838 5.125218 1.498813
v -0.697968 5.112682 1.498399
v -0.697968 5.325053 1.505404
v -0.697968 5.587413 1.728004
v -0.851838 5.588604 1.728043
v -0.970462 5.348081 1.720110
v -1.068978 5.589486 1.665172
v -1.222265 5.587413 1.728004
v -1.274486 5.318004 1.719118
v -1.243880 5.114634 1.712410
v -1.068978 5.060719 1.710632
v -0.970462 5.173474 1.714351
v -0.851838 5.096151 1.711801
v -0.703881 5.102172 1.711999
v -0.697968 5.318004 1.719118
v -3.592472 5.244185 1.228498
v -3.982620 5.227325 1.251730
v -3.663579 5.625360 1.247416
v -3.883259 5.626822 1.247500
v -3.663579 5.609427 1.654462
v -3.883259 5.610898 1.654546
v -3.581367 5.239105 1.635904
v -3.984646 5.230871 1.635694
v -3.852551 5.584329 1.246093
v -3.858850 5.549715 1.652524
v -3.969959 5.046397 1.629606
v -3.958286 5.043419 1.221932
v -3.696107 5.583289 1.246034
v -3.689701 5.548584 1.652459
v -3.595298 5.044057 1.629472
v -3.607047 5.041156 1.221802
v -3.976980 5.460020 1.235680
v -3.920847 5.467395 1.183639
v -3.635371 5.465511 1.183532
v -3.576111 5.457365 1.235528
v -3.576111 5.441572 1.642582
v -3.623778 5.441783 1.642594
v -3.932440 5.443838 1.642711
v -3.976980 5.444112 1.642727
v -3.770672 5.604320 1.229921
v -3.770285 5.566973 1.669899
v -3.770550 5.448045 1.659644
v -3.771067 5.211324 1.651835
v -3.771656 5.227884 1.211171
v -3.771152 5.473420 1.166996
v -3.650323 5.648879 1.422915
v -3.551920 5.460028 1.410337
v -3.589325 5.235893 1.402950
v -3.604756 5.212670 1.402186
v -3.772998 5.188159 1.401192
v -3.964163 5.218276 1.402428
v -3.982835 5.228580 1.402771
v -4.001171 5.463024 1.410508
v -3.896516 5.650527 1.423009
v -3.869161 5.650405 1.423001
v -3.769866 5.670481 1.423434
v -3.679597 5.649137 1.422928
v -3.975117 5.325854 1.231253
v -3.919531 5.314870 1.178607
v -3.771232 5.301901 1.161338
v -3.636709 5.313015 1.178501
v -3.577974 5.323238 1.231103
v -3.554008 5.296777 1.404952
v -3.577974 5.307468 1.638159
v -3.625198 5.307671 1.638170
v -3.770609 5.296258 1.654637
v -3.930990 5.309696 1.638286
v -3.975117 5.309967 1.638301
v -3.999082 5.299725 1.405120
v -3.897571 5.472321 1.183798
v -3.772097 5.483334 1.167323
v -3.658180 5.470741 1.183708
v -3.608467 5.457992 1.235554
v -3.588182 5.468107 1.410609
v -3.608467 5.442092 1.642602
v -3.648440 5.442352 1.642617
v -3.771572 5.452942 1.659806
v -3.907273 5.444075 1.642715
v -3.944623 5.444308 1.642729
v -3.964909 5.470619 1.410753
v -3.944623 5.460218 1.235682
v -3.770121 5.420499 1.658735
v -3.613432 5.423368 1.641985
v -3.562537 5.423169 1.641973
v -3.536708 5.426400 1.409225
v -3.562537 5.438912 1.234917
v -3.625823 5.437536 1.182607
v -3.770778 5.435616 1.165749
v -3.930633 5.439545 1.182722
v -3.990554 5.441746 1.235079
v -4.016383 5.429596 1.409407
v -3.990554 5.425842 1.642126
v -3.942997 5.425551 1.642110
v 2.151306 5.495706 1.388832
v 2.519187 5.543178 1.318012
v 2.288678 5.153140 1.352515
v 2.458337 5.228913 1.358906
v 2.164361 5.185713 1.673366
v 2.422924 5.313962 1.742000
v 2.123165 5.453371 1.788408
v 2.513498 5.499703 1.718736
v 2.323518 5.339054 1.384081
v 2.330201 5.433397 1.350891
v 2.442150 5.337976 1.416754
v 2.330201 5.230252 1.318284
v 2.204887 5.337976 1.416754
v 2.330201 4.993890 1.547604
v 2.536862 5.320022 1.558361
v 2.317905 5.207215 1.756411
v 2.103285 5.191239 1.505843
v 2.307989 5.328767 1.695959
v 2.414520 5.328455 1.705411
v 2.308768 5.414263 1.779437
v 2.204887 5.328455 1.705411
v 2.330201 5.226472 1.555275
v 2.590611 5.598645 1.568484
v 2.028399 5.643763 1.569039
v 2.478516 5.333215 1.561082
v 2.150586 5.333215 1.561082
v 2.419476 5.228765 1.363394
v 2.419476 5.128222 1.552035
v 2.419476 5.207831 1.756431
v 2.419476 5.328738 1.696838
v 2.419476 5.456975 1.679115
v 2.419476 5.646417 1.569126
v 2.419476 5.496888 1.352985
v 2.419476 5.339073 1.383484
v 2.326622 5.215613 1.357967
v 2.235790 5.108936 1.548393
v 2.235790 5.139488 1.728873
v 2.235790 5.323812 1.633556
v 2.235790 5.462082 1.590910
v 2.235790 5.669070 1.566867
v 2.235790 5.496643 1.418406
v 2.235790 5.330281 1.437458
v 2.570855 5.536597 1.401889
v 2.419476 5.563791 1.402785
v 2.331047 5.373265 1.396501
v 2.235789 5.584172 1.453465
v 2.102527 5.560795 1.457982
v 2.168819 5.338682 1.395362
v 2.243057 5.195038 1.390622
v 2.235790 4.992053 1.433936
v 2.331047 5.077327 1.386741
v 2.419476 5.019205 1.384824
v 2.517704 5.325411 1.394923
v 2.465005 5.338682 1.395362
v 2.532458 5.481492 1.571980
v 2.419476 5.513888 1.573048
v 2.330826 5.365326 1.669879
v 2.235790 5.533656 1.535044
v 2.110761 5.512679 1.573008
v 2.172695 5.329666 1.668702
v 2.136724 5.186023 1.663965
v 2.235790 4.996555 1.619061
v 2.311956 5.080757 1.660493
v 2.419476 5.020223 1.658497
v 2.512768 5.316395 1.668265
v 2.433770 5.329666 1.668702
v 3.101374 5.478517 1.315472
v 3.397981 5.496379 1.316494
v 3.219934 5.237616 1.330360
v 3.292926 5.342558 1.338681
v 3.130884 5.288931 1.555590
v 3.316097 5.333210 1.592966
v 3.101374 5.466622 1.676110
v 3.397981 5.483395 1.677070
v 3.247333 5.339377 1.357844
v 3.249677 5.425094 1.382848
v 3.364617 5.338963 1.382733
v 3.249677 5.271467 1.329564
v 3.130048 5.321507 1.381734
v 3.249677 4.947720 1.478480
v 3.397713 5.343997 1.491969
v 3.256223 5.294284 1.601166
v 3.087134 5.188672 1.459811
v 3.247333 5.313357 1.628806
v 3.364617 5.331086 1.602371
v 3.249677 5.399630 1.638661
v 3.130048 5.314261 1.601408
v 3.249677 5.326314 1.491371
v 3.443443 5.510406 1.497462
v 3.033491 5.492961 1.496464
v 3.400571 5.335152 1.492559
v 3.076364 5.317883 1.491571
v 3.306260 5.272224 1.329595
v 3.334029 5.089327 1.483563
v 3.326582 5.311532 1.602139
v 3.314042 5.329892 1.630421
v 3.334029 5.484401 1.641860
v 3.334029 5.598509 1.500357
v 3.334029 5.493600 1.385116
v 3.314042 5.339671 1.357406
v 3.202686 5.271790 1.329570
v 3.179624 5.071696 1.482569
v 3.197790 5.245074 1.634682
v 3.191932 5.313357 1.628806
v 3.179624 5.467782 1.640909
v 3.179624 5.579030 1.499303
v 3.179624 5.492950 1.385079
v 3.191932 5.339141 1.357831
v 3.443443 5.473039 1.404109
v 3.334029 5.559880 1.406963
v 3.249677 5.456138 1.403533
v 3.148995 5.560731 1.406972
v 3.068440 5.455315 1.403095
v 3.076364 5.319733 1.435516
v 3.179893 5.193013 1.345535
v 3.179624 5.075303 1.390562
v 3.249677 5.151157 1.423405
v 3.334029 5.092882 1.391560
v 3.397713 5.347880 1.399977
v 3.400571 5.337166 1.436513
v 3.443443 5.508407 1.584387
v 3.334029 5.595332 1.587244
v 3.249677 5.449735 1.582434
v 3.179624 5.537218 1.532259
v 3.070625 5.449413 1.582025
v 3.076364 5.316138 1.544506
v 3.091749 5.247031 1.575350
v 3.179624 5.069401 1.569491
v 3.249677 5.134516 1.540732
v 3.334029 5.086498 1.570462
v 3.397713 5.341458 1.578877
v 3.400571 5.333255 1.545485
v -4.424610 5.491568 1.269690
v -4.221177 5.490540 1.269631
v -4.424610 5.304669 1.277330
v -4.221177 5.304187 1.263483
v -4.424610 5.295710 1.507270
v -4.221177 5.294667 1.507210
v -4.424610 5.482052 1.513418
v -4.221177 5.481003 1.513358
v -4.322894 5.400997 1.239066
v -4.322894 5.451983 1.240749
v -4.221177 5.399385 1.266623
v -4.322894 5.309834 1.236059
v -4.424610 5.400411 1.266682
v -4.322894 5.280355 1.384730
v -4.189996 5.303279 1.385469
v -4.322894 5.298061 1.537772
v -4.471169 5.304704 1.385551
v -4.322894 5.389213 1.540779
v -4.221177 5.389855 1.510351
v -4.322894 5.440195 1.542461
v -4.424610 5.390902 1.510411
v -4.322894 5.339532 1.386682
v -4.189996 5.608661 1.395544
v -4.471169 5.610095 1.395626
v -4.189996 5.394435 1.388476
v -4.471169 5.395864 1.388558
v -4.265039 5.268559 1.234690
v -4.265039 5.304045 1.385504
v -4.265039 5.255478 1.536359
v -4.265039 5.388882 1.541503
v -4.265039 5.480058 1.543768
v -4.265039 5.610515 1.395615
v -4.265039 5.491858 1.242057
v -4.265039 5.400722 1.238546
v -4.370941 5.247259 1.234000
v -4.370941 5.304219 1.385523
v -4.354018 5.241673 1.535915
v -4.370941 5.389458 1.540793
v -4.370941 5.480606 1.543800
v -4.370941 5.609607 1.395598
v -4.370941 5.492392 1.242088
v -4.370941 5.401236 1.239080
v -4.189996 5.587128 1.332560
v -4.265039 5.588239 1.332606
v -4.322894 5.416538 1.326949
v -4.391948 5.589845 1.332675
v -4.447198 5.588439 1.332635
v -4.471169 5.398292 1.326365
v -4.442230 5.250442 1.321483
v -4.370941 5.242631 1.321217
v -4.322894 5.306408 1.323316
v -4.265039 5.271228 1.322148
v -4.189996 5.262924 1.321864
v -4.189996 5.396872 1.326283
v -4.189996 5.582391 1.453484
v -4.265039 5.583546 1.453532
v -4.322894 5.411814 1.447874
v -4.370941 5.584727 1.417986
v -4.445700 5.583709 1.453560
v -4.471169 5.393577 1.447290
v -4.456242 5.265235 1.443054
v -4.370941 5.230814 1.441908
v -4.322894 5.301689 1.444241
v -4.265039 5.252620 1.442615
v -4.192880 5.256033 1.442718
v -4.189996 5.392141 1.447208
v 2.660029 5.568385 1.333261
v 2.953791 5.568385 1.333261
v 2.708384 5.208065 1.385135
v 2.886963 5.208065 1.385135
v 2.660029 5.198210 1.673506
v 2.936458 5.200755 1.596322
v 2.660029 5.556773 1.685332
v 2.953791 5.556773 1.685332
v 2.804588 5.345889 1.371365
v 2.806910 5.492673 1.397857
v 2.920748 5.345088 1.395640
v 2.806910 5.216257 1.341666
v 2.688429 5.345088 1.395640
v 2.806910 4.940329 1.488773
v 3.017291 5.211401 1.497714
v 2.813393 5.206693 1.640475
v 2.592798 5.211401 1.497714
v 2.804588 5.337133 1.636842
v 2.920748 5.338015 1.610096
v 2.806910 5.484405 1.648543
v 2.688429 5.338015 1.610096
v 2.806910 5.330659 1.501647
v 2.998817 5.637683 1.511774
v 2.592798 5.637683 1.511774
v 2.956356 5.341551 1.502868
v 2.635259 5.341551 1.502868
v 2.862950 5.216820 1.341685
v 2.890453 5.074705 1.493205
v 2.883077 5.207309 1.640495
v 2.870657 5.337111 1.637494
v 2.890453 5.557907 1.650967
v 2.890453 5.676953 1.513069
v 2.890453 5.566175 1.400282
v 2.870657 5.345903 1.370922
v 2.760370 5.216820 1.341685
v 2.737529 5.074036 1.493183
v 2.755521 5.207309 1.640495
v 2.749718 5.337133 1.636842
v 2.737529 5.557907 1.650967
v 2.737529 5.674299 1.512981
v 2.737529 5.566175 1.400282
v 2.749718 5.345889 1.371365
v 2.998817 5.596773 1.420486
v 2.890453 5.634688 1.421737
v 2.806910 5.470074 1.416308
v 2.707194 5.636449 1.421795
v 2.627412 5.596773 1.420486
v 2.635259 5.343357 1.448143
v 2.661017 5.214981 1.407894
v 2.737529 5.077615 1.403363
v 2.806910 5.076999 1.403343
v 2.890453 5.077942 1.403374
v 3.017291 5.214981 1.407894
v 2.956356 5.343357 1.448143
v 2.998817 5.591012 1.595165
v 2.890453 5.629003 1.596418
v 2.806910 5.464313 1.590986
v 2.737529 5.629321 1.545017
v 2.629575 5.591012 1.595165
v 2.635259 5.339847 1.554545
v 2.650496 5.209219 1.582573
v 2.737529 5.071854 1.578042
v 2.806910 5.071238 1.578022
v 2.890453 5.072200 1.578053
v 3.017291 5.209219 1.582573
v 2.956356 5.339847 1.554545
v 1.391791 5.196225 1.250069
v 0.881671 5.173193 1.280337
v 1.294730 5.551790 1.261796
v 1.007499 5.551790 1.261796
v 1.294730 5.534230 1.794196
v 1.007499 5.534230 1.794196
v 1.406309 5.191494 1.782891
v 0.879023 5.178665 1.782468
v 1.047650 5.574116 1.262533
v 1.039413 5.534230 1.794196
v 0.898226 4.958909 1.775220
v 0.913489 4.954142 1.242084
v 1.252199 5.574116 1.262533
v 1.260575 5.534230 1.794196
v 1.388095 4.958909 1.775220
v 1.372734 4.954142 1.242084
v 0.889046 5.472384 1.259177
v 0.962440 5.481364 1.191112
v 1.335700 5.481364 1.191112
v 1.413182 5.472384 1.259177
v 1.413182 5.454824 1.791577
v 1.350857 5.454824 1.791577
v 0.947283 5.454824 1.791577
v 0.889046 5.454824 1.791577
v 1.154706 5.598509 1.241343
v 1.155212 5.555540 1.816892
v 1.158953 5.461128 1.813779
v 1.158278 5.157018 1.803748
v 1.157507 5.175270 1.227383
v 1.158167 5.489617 1.169391
v 1.312063 5.580618 1.491236
v 1.444812 5.476452 1.487800
v 1.395905 5.187030 1.478254
v 1.375729 5.159219 1.477337
v 1.155753 5.128632 1.476049
v 0.905805 5.163087 1.477464
v 0.881391 5.175234 1.477865
v 0.857417 5.476452 1.487800
v 0.990166 5.580618 1.491236
v 1.025932 5.669425 1.494165
v 1.155759 5.694130 1.494700
v 1.273786 5.669425 1.494165
v 0.891482 5.290565 1.253180
v 0.964160 5.277664 1.184394
v 1.158061 5.263263 1.161925
v 1.333951 5.277664 1.184394
v 1.410746 5.290565 1.253180
v 1.442082 5.259903 1.480658
v 1.410746 5.273005 1.785580
v 1.349001 5.273005 1.785580
v 1.158876 5.258259 1.807087
v 0.949177 5.273005 1.785580
v 0.891482 5.273005 1.785580
v 0.860147 5.259903 1.480658
v 0.992874 5.471401 1.190784
v 1.156931 5.485422 1.169252
v 1.305877 5.471401 1.190784
v 1.370876 5.456850 1.258665
v 1.397399 5.469762 1.487579
v 1.370876 5.439290 1.791064
v 1.318612 5.439290 1.791064
v 1.157617 5.450953 1.813443
v 0.980188 5.439290 1.791064
v 0.931353 5.439290 1.791064
v 0.904829 5.469762 1.487579
v 0.931353 5.456850 1.258665
v 1.159514 5.406353 1.811972
v 1.364385 5.411005 1.790131
v 1.430931 5.411005 1.790131
v 1.464702 5.414558 1.485759
v 1.430931 5.428565 1.257732
v 1.348184 5.426158 1.189291
v 1.158656 5.422621 1.167181
v 0.949645 5.426157 1.189291
v 0.871298 5.428565 1.257732
v 0.837527 5.414558 1.485759
v 0.871298 5.411005 1.790131
v 0.933478 5.411005 1.790131
v 0.063351 5.325342 2.487615
v 4.912920 5.345242 2.488753
v 0.063351 6.144812 2.475924
v 4.912920 6.164911 2.477073
v 0.063351 6.342222 -2.278106
v 4.912920 6.355484 -2.277347
v 0.063351 5.557825 -2.303955
v 4.912920 5.570151 -2.303250
v 4.912920 6.303191 -0.691898
v 0.063351 6.283216 -0.693041
v 0.063351 5.501964 -0.718710
v 4.912920 5.517859 -0.717800
v 4.912920 6.225117 0.892076
v 0.063351 6.202338 0.890773
v 0.063351 5.384884 0.902580
v 4.912920 5.405366 0.903752
v 3.296398 6.144812 2.475924
v 3.296398 6.355484 -2.277347
v 3.296398 5.570151 -2.303250
v 3.296398 5.517859 -0.717800
v 3.296398 5.397750 0.903316
v 3.296398 5.325342 2.487615
v 1.679874 6.144812 2.475924
v 1.679874 6.355484 -2.277347
v 1.679874 5.570151 -2.303250
v 1.679874 5.480203 -0.719954
v 1.679874 5.378039 0.902188
v 1.679874 5.325342 2.487615
v 3.377223 6.303191 -0.691898
v 3.377223 6.218272 0.891685
v 3.215572 6.217042 0.891614
v 1.760700 6.197614 0.890503
v 3.296398 6.214409 0.970886
v 3.215572 6.303191 -0.691898
v 1.760700 6.303191 -0.691898
v 3.296398 6.220952 0.812416
v 3.296398 6.300576 -0.612625
v 3.296398 6.305806 -0.771170
v 1.599048 6.197709 0.890508
v 1.679874 6.194824 0.969765
v 1.599048 6.265084 -0.694078
v 1.679874 6.200544 0.811249
v 1.679874 6.261072 -0.614885
v 1.679874 6.305806 -0.771170
v 1.807316 6.320859 -0.566044
v 1.815683 6.361056 -0.571966
v 1.807316 6.263893 0.766460
v 1.815683 6.263587 0.774664
v 3.160589 6.283253 0.775789
v 3.168955 6.283663 0.767591
v 3.168955 6.360786 -0.563760
v 3.160589 6.361056 -0.571966
v 3.296398 6.220991 2.360413
v 4.785477 6.241106 2.361563
v 4.785477 6.297108 0.894443
v 3.552411 6.291762 0.894138
v 3.296398 6.279714 1.145015
v 3.423839 6.371323 -0.563413
v 3.552411 6.375482 -0.689514
v 3.423839 6.296092 0.768047
v 4.785477 6.375482 -0.689514
v 3.296398 6.383764 -0.940606
v 3.296398 6.423886 -2.157068
v 4.785477 6.423886 -2.157068
v 1.679874 6.220991 2.360413
v 3.160589 6.284043 1.011814
v 1.815683 6.265720 1.010765
v 1.679874 6.261159 1.143953
v 0.190793 6.220991 2.360413
v 1.423860 6.270117 0.892900
v 0.190793 6.273369 0.893086
v 1.679874 6.383764 -0.940606
v 1.679874 6.423886 -2.157068
v 1.815683 6.379371 -0.807408
v 3.160589 6.379371 -0.807408
v 1.423860 6.336060 -0.691769
v 0.190793 6.352603 -0.690822
v 0.190793 6.409886 -2.157869
v 1.552433 6.274689 0.766822
v 1.552433 6.329650 -0.565796
v 4.912920 5.423878 2.491347
v 3.296398 5.403968 2.490208
v 1.679874 5.403968 2.490208
v 0.063351 5.403968 2.490208
v 0.063351 5.467057 0.905376
v 0.063351 5.583820 -0.715931
v 0.063351 5.637919 -2.301277
v 1.679874 5.648777 -2.300656
v 3.296398 5.648777 -2.300656
v 4.912920 5.648777 -2.300656
v 4.912920 5.596484 -0.715207
v 4.912920 5.518423 0.868768
v 4.912920 6.102028 2.513716
v 3.296398 6.082072 2.512574
v 1.679874 6.082072 2.512574
v 0.063351 6.082072 2.512574
v 0.063351 6.174255 0.889860
v 0.063351 6.255603 -0.693927
v 0.063351 6.314169 -2.279018
v 1.679874 6.326881 -2.278291
v 3.296398 6.326881 -2.278291
v 4.912920 6.326881 -2.278291
v 4.912920 6.274589 -0.692841
v 4.912920 6.196527 0.891134
v 3.296398 6.116209 2.474980
v 3.296398 6.144812 2.475924
v 4.912920 6.136309 2.476130
v 4.912920 6.164911 2.477073
v 1.679874 6.116209 2.474980
v 1.679874 6.144812 2.475924
v 0.063351 6.116209 2.474980
v 0.063351 6.144812 2.475924
v 0.063351 6.174255 0.889860
v 0.063351 6.202338 0.890773
v 0.063351 6.255603 -0.693927
v 0.063351 6.283216 -0.693041
v 0.063351 6.314169 -2.279018
v 0.063351 6.342222 -2.278106
v 1.679874 6.355484 -2.277347
v 1.679874 6.326881 -2.278291
v 3.296398 6.326881 -2.278291
v 3.296398 6.355484 -2.277347
v 4.912920 6.326881 -2.278291
v 4.912920 6.355484 -2.277347
v 4.912920 6.274589 -0.692841
v 4.912920 6.303191 -0.691898
v 4.912920 6.196527 0.891134
v 4.912920 6.225117 0.892076
v 3.296398 6.116598 2.463190
v 3.296398 6.145200 2.464134
v 4.900176 6.136699 2.464340
v 4.900176 6.165302 2.465283
v 1.679874 6.116598 2.463190
v 1.679874 6.145200 2.464134
v 0.076095 6.116598 2.463190
v 0.076095 6.145200 2.464134
v 0.076095 6.174242 0.889859
v 0.076095 6.202327 0.890773
v 0.076095 6.255586 -0.693928
v 0.076095 6.283201 -0.693041
v 0.076095 6.313899 -2.267221
v 0.076095 6.341941 -2.266310
v 1.679874 6.355094 -2.265558
v 1.679874 6.326492 -2.266501
v 3.296398 6.326492 -2.266501
v 3.296398 6.355094 -2.265558
v 4.900176 6.326492 -2.266501
v 4.900176 6.355094 -2.265558
v 4.900176 6.274589 -0.692841
v 4.900176 6.303191 -0.691898
v 4.900176 6.196503 0.891132
v 4.900176 6.225093 0.892075
v 3.296398 6.081878 2.518468
v 3.296398 6.110480 2.519412
v 4.919292 6.101833 2.519610
v 4.919292 6.130435 2.520553
v 1.679874 6.081878 2.518468
v 1.679874 6.110480 2.519412
v 0.056978 6.081878 2.518468
v 0.056978 6.110480 2.519412
v 0.056978 6.174260 0.889860
v 0.056978 6.202341 0.890773
v 0.056978 6.255606 -0.693927
v 0.056978 6.283218 -0.693040
v 0.056978 6.314302 -2.284916
v 0.056978 6.342360 -2.284004
v 1.679874 6.355678 -2.283242
v 1.679874 6.327075 -2.284185
v 3.296398 6.327075 -2.284185
v 3.296398 6.355678 -2.283242
v 4.919292 6.327075 -2.284185
v 4.919292 6.355678 -2.283242
v 4.919292 6.274589 -0.692841
v 4.919292 6.303191 -0.691898
v 4.919292 6.196540 0.891134
v 4.919292 6.225130 0.892077
v -4.803369 5.345580 2.488773
v 0.046202 5.325342 2.487615
v -4.803369 6.165256 2.477093
v 0.046202 6.144812 2.475924
v -4.803369 6.355484 -2.277347
v 0.046202 6.342221 -2.278106
v -4.803369 5.570151 -2.303250
v 0.046202 5.557825 -2.303955
v 0.046202 6.283216 -0.693041
v -4.803369 6.303191 -0.691898
v -4.803369 5.517859 -0.717800
v 0.046202 5.501966 -0.718709
v 0.046202 6.202343 0.890774
v -4.803369 6.225931 0.892123
v -4.803369 5.406164 0.903797
v 0.046202 5.384904 0.902581
v -1.570322 6.144812 2.475924
v -1.570322 6.355484 -2.277347
v -1.570322 5.570151 -2.303250
v -1.570322 5.479986 -0.719967
v -1.570322 5.377984 0.902185
v -1.570322 5.325342 2.487615
v -3.186845 6.144812 2.475924
v -3.186845 6.355484 -2.277347
v -3.186845 5.570151 -2.303250
v -3.186845 5.517859 -0.717800
v -3.186845 5.396782 0.903261
v -3.186845 5.325342 2.487615
v -1.489496 6.264874 -0.694090
v -1.489496 6.197646 0.890505
v -1.651148 6.197553 0.890500
v -3.106019 6.216005 0.891555
v -1.570322 6.194773 0.969762
v -1.651148 6.265861 -0.694033
v -3.106019 6.303191 -0.691898
v -1.570322 6.200473 0.811245
v -1.570322 6.260847 -0.614898
v -1.570322 6.269905 -0.773224
v -3.267671 6.217363 0.891633
v -3.186845 6.213459 0.970831
v -3.267671 6.303191 -0.691898
v -3.186845 6.219955 0.812359
v -3.186845 6.300576 -0.612625
v -3.186845 6.305806 -0.771170
v -3.059404 6.360786 -0.563760
v -3.051037 6.361056 -0.571966
v -3.059404 6.282556 0.767528
v -3.051037 6.282143 0.775725
v -1.706130 6.263513 0.774660
v -1.697764 6.263818 0.766456
v -1.697764 6.320627 -0.566058
v -1.706130 6.321139 -0.574250
v -1.570322 6.220991 2.360413
v -0.081242 6.220991 2.360413
v -0.081242 6.273403 0.893088
v -1.314308 6.270055 0.892896
v -1.570322 6.261140 1.143953
v -1.442880 6.329422 -0.565810
v -1.314308 6.335858 -0.691780
v -1.442880 6.274613 0.766818
v -0.081242 6.352605 -0.690822
v -1.570322 6.351641 -0.942444
v -1.570322 6.423886 -2.157068
v -0.081242 6.409882 -2.157869
v -3.186845 6.220991 2.360413
v -1.706130 6.265678 1.010763
v -3.051037 6.283010 1.011754
v -3.186845 6.278818 1.144963
v -4.675927 6.241376 2.361578
v -3.442859 6.291005 0.894094
v -4.675927 6.297753 0.894480
v -3.186845 6.383764 -0.940606
v -3.186845 6.423886 -2.157068
v -3.051037 6.379371 -0.807408
v -1.706130 6.344813 -0.809385
v -3.442859 6.375482 -0.689514
v -4.675927 6.375482 -0.689514
v -4.675927 6.423886 -2.157068
v -3.314286 6.295194 0.767995
v -3.314286 6.371323 -0.563413
v 0.046202 5.403968 2.490208
v -1.570322 5.403968 2.490208
v -3.186845 5.403968 2.490208
v -4.803369 5.424217 2.491367
v -4.803369 5.484833 0.906393
v -4.803369 5.596484 -0.715207
v -4.803369 5.648777 -2.300656
v -3.186845 5.648777 -2.300656
v -1.570322 5.648777 -2.300656
v 0.046202 5.637919 -2.301277
v 0.046202 5.583824 -0.715931
v 0.046202 5.505466 0.868027
v 0.046202 6.082072 2.512574
v -1.570322 6.082072 2.512574
v -3.186845 6.082072 2.512574
v -4.803369 6.102367 2.513735
v -4.803369 6.197343 0.891180
v -4.803369 6.274589 -0.692841
v -4.803369 6.326881 -2.278291
v -3.186845 6.326881 -2.278291
v -1.570322 6.326881 -2.278291
v 0.046202 6.314168 -2.279018
v 0.046202 6.255604 -0.693927
v 0.046202 6.174262 0.889860
v -1.570322 6.116209 2.474980
v -1.570322 6.144812 2.475924
v 0.046202 6.116209 2.474980
v 0.046202 6.144812 2.475924
v -3.186845 6.116209 2.474980
v -3.186845 6.144812 2.475924
v -4.803369 6.136654 2.476150
v -4.803369 6.165256 2.477093
v -4.803369 6.197343 0.891180
v -4.803369 6.225931 0.892123
v -4.803369 6.274589 -0.692841
v -4.803369 6.303191 -0.691898
v -4.803369 6.326881 -2.278291
v -4.803369 6.355484 -2.277347
v -3.186845 6.355484 -2.277347
v -3.186845 6.326881 -2.278291
v -1.570322 6.326881 -2.278291
v -1.570322 6.355484 -2.277347
v 0.046202 6.314168 -2.279018
v 0.046202 6.342221 -2.278106
v 0.046202 6.255604 -0.693927
v 0.046202 6.283216 -0.693041
v 0.046202 6.174262 0.889860
v 0.046202 6.202343 0.890774
v -1.570322 6.116598 2.463190
v -1.570322 6.145200 2.464134
v 0.033457 6.116598 2.463190
v 0.033457 6.145200 2.464134
v -3.186845 6.116598 2.463190
v -3.186845 6.145200 2.464134
v -4.790625 6.137038 2.464359
v -4.790625 6.165640 2.465303
v -4.790625 6.197303 0.891178
v -4.790625 6.225891 0.892120
v -4.790625 6.274589 -0.692841
v -4.790625 6.303191 -0.691898
v -4.790625 6.326492 -2.266501
v -4.790625 6.355094 -2.265558
v -3.186845 6.355094 -2.265558
v -3.186845 6.326492 -2.266501
v -1.570322 6.326492 -2.266501
v -1.570322 6.355094 -2.265558
v 0.033457 6.313898 -2.267221
v 0.033457 6.341940 -2.266310
v 0.033457 6.255589 -0.693928
v 0.033457 6.283202 -0.693041
v 0.033457 6.174259 0.889860
v 0.033457 6.202340 0.890773
v -1.570322 6.081878 2.518468
v -1.570322 6.110480 2.519412
v 0.052573 6.081878 2.518468
v 0.052573 6.110480 2.519412
v -3.186845 6.081878 2.518468
v -3.186845 6.110480 2.519412
v -4.809741 6.102176 2.519629
v -4.809741 6.130778 2.520573
v -4.809741 6.197363 0.891181
v -4.809741 6.225951 0.892124
v -4.809741 6.274589 -0.692841
v -4.809741 6.303191 -0.691898
v -4.809741 6.327075 -2.284185
v -4.809741 6.355678 -2.283242
v -3.186845 6.355678 -2.283242
v -3.186845 6.327075 -2.284185
v -1.570322 6.327075 -2.284185
v -1.570322 6.355678 -2.283242
v 0.052573 6.314302 -2.284916
v 0.052573 6.342360 -2.284004
v 0.052573 6.255606 -0.693927
v 0.052573 6.283218 -0.693040
v 0.052573 6.174261 0.889860
v 0.052573 6.202342 0.890774
v -3.861465 5.566403 1.770427
v -4.192539 5.587236 1.750644
v -3.924452 5.019412 1.761486
v -4.110868 5.019411 1.761481
v -3.924452 5.025107 1.415864
v -4.110868 5.025105 1.415858
v -3.852043 5.560152 1.424603
v -4.194257 5.572101 1.424800
v -4.084807 4.998622 1.761165
v -4.090156 5.025106 1.415859
v -4.181795 5.776800 1.428175
v -4.171889 5.791899 1.774145
v -3.952053 4.998624 1.761171
v -3.946618 5.025107 1.415864
v -3.863864 5.776800 1.428175
v -3.873834 5.791899 1.774145
v -4.187752 5.210487 1.764559
v -4.140119 5.203489 1.808787
v -3.897869 5.203489 1.808787
v -3.847582 5.210487 1.764559
v -3.847582 5.216185 1.418932
v -3.888032 5.216185 1.418932
v -4.149956 5.216185 1.418932
v -4.187752 5.216185 1.418932
v -4.015324 4.976352 1.775101
v -4.014998 5.004823 1.401289
v -4.012579 5.209873 1.404561
v -4.013018 5.591825 1.410859
v -4.013518 5.586363 1.785023
v -4.013090 5.196249 1.822934
v -3.913198 4.988003 1.612810
v -3.827055 5.202128 1.616210
v -3.858795 5.570399 1.622281
v -3.871890 5.596304 1.622709
v -4.014657 5.624802 1.623360
v -4.176876 5.592700 1.622649
v -4.192721 5.581387 1.622463
v -4.208280 5.202128 1.616210
v -4.122114 4.988000 1.612799
v -4.098901 4.988000 1.612800
v -4.014637 4.965007 1.612646
v -3.938040 4.988003 1.612808
v -4.186171 5.478528 1.768978
v -4.139002 5.491911 1.813542
v -4.013159 5.505769 1.828037
v -3.899004 5.491911 1.813542
v -3.849163 5.478528 1.768978
v -3.828826 5.502519 1.621162
v -3.849163 5.484226 1.423351
v -3.889237 5.484226 1.423351
v -4.012630 5.497521 1.409304
v -4.148726 5.484226 1.423351
v -4.186171 5.484226 1.423351
v -4.206508 5.502519 1.621162
v -4.120367 5.130047 1.807577
v -4.013892 5.117435 1.821638
v -3.917224 5.130047 1.807577
v -3.875039 5.142234 1.763434
v -3.857825 5.125638 1.614951
v -3.875039 5.147933 1.417807
v -3.908959 5.147933 1.417807
v -4.013447 5.136628 1.403355
v -4.128600 5.147933 1.417807
v -4.160295 5.147933 1.417807
v -4.177508 5.125638 1.614951
v -4.160295 5.142234 1.763434
v -4.012216 5.359573 1.407029
v -3.879252 5.355681 1.421232
v -3.836063 5.355681 1.421232
v -3.814145 5.358460 1.618787
v -3.836063 5.349983 1.766859
v -3.889767 5.353593 1.811261
v -4.012773 5.357333 1.825590
v -4.148423 5.353593 1.811261
v -4.199271 5.349983 1.766859
v -4.221189 5.358460 1.618787
v -4.199271 5.355681 1.421232
v -4.158915 5.355681 1.421232
v 1.750436 5.007825 1.799755
v 2.216694 5.007670 1.806363
v 1.750384 5.581945 1.809313
v 2.216676 5.581808 1.815622
v 1.750451 5.591724 1.251750
v 2.216676 5.591012 1.257375
v 1.750520 5.017560 1.242456
v 2.216699 5.016869 1.248175
v 1.983149 5.287520 1.866596
v 1.983152 5.130418 1.863834
v 2.216676 5.288486 1.810786
v 1.983124 5.568400 1.871347
v 1.750411 5.288623 1.804418
v 1.983160 5.574482 1.529400
v 2.288050 5.573972 1.536293
v 1.983175 5.580659 1.180821
v 1.643893 5.574378 1.530810
v 1.983209 5.299735 1.176189
v 2.216676 5.297690 1.252539
v 1.983213 5.142627 1.173457
v 1.750485 5.298363 1.246969
v 1.983174 5.464921 1.527604
v 2.288786 4.333528 1.525055
v 1.644917 4.334776 1.521916
v 2.288050 5.293088 1.531663
v 1.643921 5.293477 1.526192
v 2.116273 5.742566 1.881478
v 2.116273 5.572845 1.536275
v 2.116273 5.753959 1.190420
v 2.116273 5.298866 1.181217
v 2.116299 5.018020 1.178580
v 2.116315 4.329670 1.516346
v 2.116292 5.006633 1.869556
v 2.116273 5.287426 1.875128
v 1.873154 5.742632 1.874568
v 1.873225 5.574447 1.529876
v 1.873210 5.754871 1.184071
v 1.873282 5.299656 1.176778
v 1.873316 5.018845 1.172219
v 1.874120 4.334423 1.519132
v 1.873231 5.006713 1.862312
v 1.873208 5.287516 1.867029
v 2.288627 4.404715 1.666649
v 2.116134 4.402922 1.657808
v 1.983175 5.232612 1.665984
v 1.825866 4.400290 1.660600
v 1.699487 4.405571 1.661798
v 1.643898 5.291001 1.668396
v 1.643860 5.638945 1.674112
v 1.873198 5.638986 1.673247
v 1.983147 5.571956 1.671718
v 2.116273 5.638119 1.679841
v 2.288050 5.638671 1.679850
v 2.288050 5.290740 1.674114
v 2.288698 4.409187 1.390553
v 2.116234 4.407652 1.382070
v 1.983201 5.237502 1.389292
v 1.874004 4.408776 1.465782
v 1.703086 4.410392 1.386939
v 1.643941 5.295806 1.391881
v 1.643899 5.643775 1.397524
v 1.873225 5.643873 1.396543
v 1.983169 5.576864 1.394973
v 2.116273 5.642654 1.402868
v 2.288050 5.643238 1.402877
v 2.288050 5.295306 1.397141
v 3.357709 5.029469 1.800629
v 3.711371 5.029465 1.800617
v 3.499068 5.565455 1.782665
v 3.586102 5.402013 1.774187
v 3.392888 5.451734 1.513907
v 3.613729 5.407512 1.470858
v 3.357710 5.036557 1.370510
v 3.711371 5.036553 1.370495
v 3.531738 5.271675 1.749069
v 3.534533 5.137135 1.720422
v 3.671583 5.272164 1.719413
v 3.534533 5.512902 1.784081
v 3.391892 5.272164 1.719413
v 3.534533 5.986233 1.601200
v 3.711045 5.394835 1.591450
v 3.542338 5.441939 1.459642
v 3.340722 5.611111 1.626734
v 3.531738 5.277022 1.424734
v 3.671583 5.276483 1.457410
v 3.534533 5.142184 1.414157
v 3.391892 5.276483 1.457410
v 3.534533 5.421504 1.591890
v 3.765825 4.448737 1.578962
v 3.277079 4.448948 1.579757
v 3.714453 5.274323 1.588412
v 3.327881 5.274323 1.588412
v 3.602000 5.512088 1.784068
v 3.635111 5.791819 1.597995
v 3.626231 5.441047 1.459627
v 3.611279 5.277035 1.423937
v 3.635118 5.035863 1.412482
v 3.635383 4.444957 1.579126
v 3.635118 5.030816 1.718741
v 3.611279 5.271666 1.749610
v 3.478503 5.512088 1.784068
v 3.451005 5.792787 1.598011
v 3.472665 5.517608 1.419014
v 3.465679 5.277022 1.424734
v 3.451012 5.035865 1.412489
v 3.451297 4.448865 1.579445
v 3.451012 5.030818 1.718747
v 3.465679 5.271675 1.749069
v 3.765777 4.510288 1.689146
v 3.635329 4.508455 1.689279
v 3.534533 5.222277 1.698393
v 3.414727 4.505993 1.689543
v 3.318684 4.510448 1.689707
v 3.327881 5.273221 1.655268
v 3.451325 5.607972 1.763037
v 3.451005 5.790086 1.707754
v 3.534533 5.697065 1.670549
v 3.635111 5.789612 1.707747
v 3.711045 5.392134 1.701194
v 3.714453 5.273221 1.655268
v 3.765786 4.513752 1.475849
v 3.635340 4.511808 1.475996
v 3.534533 5.225796 1.484986
v 3.451249 4.512841 1.538963
v 3.321302 4.513907 1.476462
v 3.327881 5.275364 1.525277
v 3.346225 5.516441 1.489778
v 3.451005 5.793604 1.494348
v 3.534533 5.692985 1.529521
v 3.635111 5.793103 1.494340
v 3.711045 5.395652 1.487787
v 3.714453 5.275364 1.525277
v -1.991534 5.053734 1.846181
v -1.501200 5.053716 1.848223
v -1.991599 5.752516 1.858057
v -1.501269 5.752493 1.859823
v -1.991582 5.763025 1.274413
v -1.501197 5.762737 1.276702
v -1.991497 5.064156 1.262771
v -1.501107 5.063874 1.265424
v -1.746390 5.394353 1.919100
v -1.746382 5.203156 1.915789
v -1.501219 5.395515 1.854025
v -1.746436 5.736186 1.924736
v -1.991550 5.395540 1.852127
v -1.746408 5.786903 1.567806
v -1.426068 5.742471 1.568363
v -1.746380 5.749026 1.202564
v -2.103807 5.742664 1.565580
v -1.746318 5.407107 1.197134
v -1.501134 5.405686 1.271092
v -1.746307 5.215895 1.193883
v -1.991519 5.405978 1.268639
v -1.746372 5.609217 1.565004
v -1.424765 4.234015 1.558423
v -2.102910 4.232862 1.549642
v -1.426016 5.400601 1.562906
v -2.103756 5.400797 1.559928
v -1.607000 5.769192 1.925739
v -1.606946 5.741147 1.567657
v -1.606895 5.648095 1.201690
v -1.606857 5.407045 1.196068
v -1.606831 5.065197 1.192148
v -1.605755 4.228251 1.556029
v -1.606930 5.052554 1.913769
v -1.606948 5.394331 1.920818
v -1.862248 5.765135 1.924785
v -1.862212 5.742591 1.566632
v -1.862180 5.648269 1.200427
v -1.862142 5.407188 1.196522
v -1.862118 5.065366 1.190717
v -1.861188 4.233208 1.552617
v -1.862181 5.052551 1.912737
v -1.862198 5.394353 1.918654
v -1.425098 4.320609 1.704575
v -1.606054 4.317675 1.702681
v -1.746357 5.326920 1.709167
v -1.912074 4.313659 1.699519
v -2.045310 4.319736 1.698156
v -2.103763 5.398119 1.708829
v -2.103793 5.639159 1.712876
v -1.862203 5.639118 1.713887
v -1.746411 5.739912 1.715958
v -1.606945 5.638407 1.714877
v -1.426071 5.639053 1.715540
v -1.426041 5.398011 1.711621
v -1.424864 4.325676 1.417841
v -1.605864 4.322575 1.415404
v -1.746326 5.332024 1.419832
v -1.861332 4.323545 1.496715
v -2.041593 4.324826 1.409850
v -2.103753 5.403327 1.419278
v -2.103786 5.644386 1.423282
v -1.862184 5.644278 1.424425
v -1.746388 5.745052 1.426530
v -1.606911 5.643459 1.425552
v -1.426028 5.644100 1.426307
v -1.425994 5.403037 1.422446
v 0.326749 5.027841 1.849659
v 0.788023 5.027837 1.849091
v 0.326696 5.572333 1.858381
v 0.787972 5.572339 1.857888
v 0.326842 5.581627 1.306813
v 0.788109 5.581696 1.306229
v 0.326923 5.037147 1.298548
v 0.788182 5.037186 1.297822
v 0.557346 5.293068 1.916088
v 0.557349 5.144065 1.913569
v 0.787996 5.294142 1.853356
v 0.557324 5.559464 1.920433
v 0.326719 5.294136 1.853868
v 0.557416 5.565231 1.582238
v 0.858741 5.565262 1.581769
v 0.557500 5.570997 1.237603
v 0.221197 5.565215 1.582489
v 0.557525 5.304567 1.233374
v 0.788136 5.303469 1.301802
v 0.557528 5.155559 1.230908
v 0.326867 5.303403 1.302394
v 0.557428 5.461323 1.580595
v 0.860055 4.390816 1.577994
v 0.222758 4.391582 1.581944
v 0.858765 5.298849 1.577473
v 0.221220 5.298803 1.578213
v 0.688479 5.724716 1.922871
v 0.688594 5.564174 1.582046
v 0.688648 5.736312 1.239910
v 0.688703 5.304619 1.231500
v 0.688755 5.038320 1.229288
v 0.690013 4.386902 1.579589
v 0.688553 5.026763 1.911651
v 0.688526 5.293048 1.917065
v 0.448352 5.724716 1.923123
v 0.448470 5.565224 1.582351
v 0.448528 5.736270 1.240230
v 0.448580 5.304552 1.233497
v 0.448639 5.038297 1.229690
v 0.449976 4.391411 1.581094
v 0.448427 5.026769 1.911947
v 0.448399 5.293067 1.916193
v 0.859677 4.457623 1.715483
v 0.689593 4.455769 1.716588
v 0.557403 5.241001 1.717752
v 0.401918 4.453245 1.717964
v 0.276640 4.458150 1.718193
v 0.221181 5.296431 1.718924
v 0.221133 5.728098 1.725784
v 0.448406 5.728103 1.725653
v 0.557378 5.562846 1.722984
v 0.688531 5.727591 1.725374
v 0.858678 5.728124 1.725106
v 0.858729 5.296457 1.718213
v 0.860025 4.462616 1.445372
v 0.689987 4.460718 1.447027
v 0.557475 5.245608 1.444140
v 0.449825 4.461690 1.527616
v 0.280503 4.463359 1.449517
v 0.221255 5.301025 1.445319
v 0.221205 5.732720 1.452102
v 0.448477 5.732734 1.451959
v 0.557450 5.567467 1.449316
v 0.688599 5.732207 1.451653
v 0.858743 5.732789 1.451356
v 0.858798 5.301091 1.444554
v -4.667694 5.228064 1.770394
v -4.425129 5.228064 1.770394
v -4.667694 5.518995 1.758734
v -4.425129 5.518724 1.775186
v -4.667694 5.523518 1.484395
v -4.425129 5.523518 1.484395
v -4.667694 5.232858 1.479603
v -4.425129 5.232858 1.479603
v -4.546412 5.369703 1.805653
v -4.546412 5.290177 1.804342
v -4.425129 5.370246 1.772738
v -4.546412 5.511885 1.807998
v -4.667694 5.370246 1.772738
v -4.546412 5.551667 1.630294
v -4.387950 5.514825 1.629687
v -4.546412 5.517820 1.448025
v -4.723208 5.514825 1.629687
v -4.546412 5.375638 1.445681
v -4.425129 5.375040 1.481947
v -4.546412 5.296112 1.444370
v -4.667694 5.375040 1.481947
v -4.546412 5.459370 1.628773
v -4.387924 4.885824 1.619612
v -4.723186 4.885814 1.619578
v -4.387950 5.372643 1.627343
v -4.723208 5.372643 1.627343
v -4.477428 5.575796 1.809051
v -4.477428 5.514255 1.629678
v -4.477428 5.583770 1.449112
v -4.477428 5.375653 1.444796
v -4.477428 5.233456 1.443337
v -4.477403 4.883560 1.619570
v -4.477428 5.227521 1.803309
v -4.477428 5.369693 1.806254
v -4.603701 5.609842 1.809613
v -4.603701 5.514825 1.629687
v -4.583523 5.606018 1.449479
v -4.603701 5.375638 1.445681
v -4.603701 5.233456 1.443337
v -4.603677 4.885817 1.619589
v -4.603701 5.227521 1.803309
v -4.603701 5.369703 1.805653
v -4.387931 4.921979 1.694349
v -4.477410 4.920870 1.694326
v -4.546412 5.341831 1.701058
v -4.628732 4.919365 1.694293
v -4.694610 4.921972 1.694326
v -4.723208 5.371419 1.701546
v -4.688703 5.601799 1.705344
v -4.603701 5.613443 1.705536
v -4.546412 5.513601 1.703890
v -4.477428 5.568007 1.704787
v -4.387950 5.580339 1.704990
v -4.387950 5.371419 1.701546
v -4.387931 4.924354 1.550079
v -4.477410 4.923180 1.550054
v -4.546412 5.344210 1.556783
v -4.603683 4.923651 1.592477
v -4.692824 4.924347 1.550055
v -4.723208 5.373798 1.557271
v -4.705410 5.573864 1.560569
v -4.603701 5.626902 1.561443
v -4.546412 5.515980 1.559615
v -4.477428 5.592046 1.560869
v -4.391388 5.586123 1.560771
v -4.387950 5.373798 1.557271
v -2.554372 4.956786 1.832310
v -2.204948 4.956953 1.822790
v -2.496744 5.489436 1.764796
v -2.283813 5.489436 1.764796
v -2.554400 5.495644 1.420855
v -2.224798 5.494126 1.512911
v -2.554368 4.963699 1.412449
v -2.204930 4.964529 1.403102
v -2.382034 5.217832 1.782145
v -2.379261 5.072704 1.754001
v -2.243530 5.218309 1.753193
v -2.379265 5.478044 1.816732
v -2.520538 5.218309 1.753193
v -2.379265 5.988202 1.638988
v -2.129238 5.481125 1.622182
v -2.371535 5.483465 1.460351
v -2.634564 5.480658 1.630620
v -2.382034 5.223052 1.465515
v -2.243530 5.222526 1.497414
v -2.379260 5.077633 1.455018
v -2.520538 5.222526 1.497414
v -2.379265 5.379151 1.628947
v -2.150622 4.331749 1.609488
v -2.634023 4.330956 1.618442
v -2.201910 5.220902 1.616286
v -2.583935 5.220417 1.625304
v -2.312445 5.477165 1.816718
v -2.279652 5.778530 1.635531
v -2.288447 5.482503 1.460336
v -2.303256 5.223064 1.464736
v -2.279615 4.963042 1.453492
v -2.279928 4.327507 1.608203
v -2.279619 4.958118 1.752434
v -2.303256 5.217823 1.782673
v -2.434758 5.477165 1.816718
v -2.461993 5.779573 1.635549
v -2.440540 5.482503 1.460336
v -2.447459 5.223052 1.465515
v -2.461959 4.963030 1.453450
v -2.461401 4.331123 1.619069
v -2.461962 4.958107 1.752401
v -2.447459 5.217832 1.782145
v -2.150750 4.397974 1.716201
v -2.280047 4.395849 1.715075
v -2.379265 5.164473 1.732588
v -2.497685 4.392756 1.725786
v -2.592841 4.397434 1.725517
v -2.583935 5.219341 1.690572
v -2.553222 5.477929 1.737756
v -2.461993 5.776845 1.742684
v -2.379265 5.777807 1.742700
v -2.279652 5.776334 1.742675
v -2.129243 5.478232 1.729262
v -2.201913 5.219724 1.681527
v -2.150694 4.401670 1.508557
v -2.280003 4.399446 1.507296
v -2.379265 5.167908 1.524251
v -2.461486 4.399918 1.579126
v -2.590230 4.400795 1.517583
v -2.583935 5.221433 1.563669
v -2.565767 5.481364 1.529419
v -2.461993 5.780280 1.534347
v -2.379265 5.781242 1.534363
v -2.279652 5.779739 1.534338
v -2.129235 5.481986 1.521013
v -2.201909 5.222015 1.554671
v 2.371082 5.071103 1.951485
v 2.809739 5.002189 1.865615
v 2.534874 5.609224 1.819015
v 2.737169 5.489146 1.916794
v 2.386644 5.548241 1.436928
v 2.694944 5.346081 1.356844
v 2.337530 5.076007 1.181409
v 2.835905 5.006006 1.265235
v 2.576416 5.318326 1.783909
v 2.584384 5.172272 1.824762
v 2.717868 5.318968 1.744940
v 2.584384 5.489149 1.916794
v 2.434965 5.318968 1.744940
v 2.584384 5.851346 1.584257
v 2.830800 5.342467 1.575867
v 2.569724 5.512074 1.338211
v 2.313819 5.544945 1.636730
v 2.557900 5.325352 1.357726
v 2.717868 5.324644 1.400663
v 2.558829 5.189388 1.259363
v 2.434965 5.324644 1.400663
v 2.584384 5.488436 1.578274
v 2.895210 4.510177 1.564958
v 2.225097 4.440609 1.568003
v 2.761230 5.321806 1.572801
v 2.370219 5.321806 1.572801
v 2.690832 5.489149 1.916794
v 2.690833 5.641739 1.580801
v 2.690833 5.511113 1.338195
v 2.690832 5.325369 1.356679
v 2.690838 5.074750 1.257532
v 2.691279 4.436068 1.566414
v 2.690836 5.073216 1.823168
v 2.690832 5.318314 1.784620
v 2.580117 5.510539 1.879917
v 2.471812 5.671928 1.584881
v 2.471812 5.618556 1.370121
v 2.471813 5.335061 1.432058
v 2.471819 5.069592 1.362777
v 2.472363 4.401160 1.570745
v 2.471817 5.071523 1.745179
v 2.471813 5.330311 1.720151
v 2.871546 4.611948 1.761371
v 2.691106 4.569730 1.761400
v 2.585394 5.264585 1.769566
v 2.472162 4.536580 1.702215
v 2.313245 4.571764 1.762110
v 2.391960 5.318548 1.770454
v 2.480478 5.542682 1.774152
v 2.471812 5.857821 1.719752
v 2.585394 5.726351 1.777178
v 2.690833 5.817044 1.778674
v 2.807956 5.339255 1.770797
v 2.745120 5.318548 1.770454
v 2.858711 4.641112 1.435791
v 2.691122 4.590776 1.435834
v 2.585129 5.268281 1.443527
v 2.472168 4.561392 1.482237
v 2.323089 4.592864 1.436666
v 2.396580 5.323923 1.444445
v 2.353690 5.548056 1.448139
v 2.471812 5.844920 1.499100
v 2.562630 5.712307 1.450848
v 2.690833 5.806761 1.452405
v 2.802070 5.344630 1.444785
v 2.740822 5.323923 1.444445
v 2.854288 4.956776 1.832280
v 3.204554 4.956761 1.832235
v 2.911918 5.489436 1.764796
v 3.124850 5.489436 1.764796
v 2.854262 5.495644 1.420855
v 3.183864 5.494126 1.512911
v 2.854291 4.963689 1.412411
v 3.204556 4.963675 1.412354
v 3.026628 5.217832 1.782145
v 3.029401 5.072700 1.753986
v 3.165132 5.218309 1.753193
v 3.029397 5.478044 1.816732
v 2.888124 5.218309 1.753193
v 3.029397 5.988202 1.638988
v 3.280246 5.480658 1.630620
v 3.037127 5.483465 1.460351
v 2.774098 5.480658 1.630620
v 3.026628 5.223052 1.465515
v 3.165132 5.222526 1.497414
v 3.029401 5.077628 1.455000
v 2.888124 5.222526 1.497414
v 3.029397 5.379151 1.628947
v 3.258651 4.330587 1.617059
v 2.774646 4.330978 1.618524
v 3.207591 5.220417 1.625304
v 2.824727 5.220417 1.625304
v 3.096217 5.477165 1.816718
v 3.129010 5.778530 1.635531
v 3.120215 5.482503 1.460336
v 3.105407 5.223064 1.464736
v 3.129035 4.963003 1.453349
v 3.129474 4.326554 1.617399
v 3.129033 4.958081 1.752316
v 3.105407 5.217823 1.782673
v 2.973904 5.477165 1.816718
v 2.946670 5.779573 1.635549
v 2.968123 5.482503 1.460336
v 2.961204 5.223052 1.465515
v 2.946697 4.963011 1.453378
v 2.947172 4.330824 1.617949
v 2.946695 4.958088 1.752340
v 2.961204 5.217832 1.782145
v 3.258573 4.397089 1.724310
v 3.129388 4.395147 1.724577
v 3.029397 5.164473 1.732588
v 2.910922 4.392558 1.725092
v 2.815808 4.397386 1.725350
v 2.824727 5.219341 1.690572
v 2.855440 5.477929 1.737756
v 2.946670 5.776845 1.742684
v 3.029397 5.777807 1.742700
v 3.129010 5.776334 1.742675
v 3.280246 5.477929 1.737756
v 3.207591 5.219341 1.690572
v 3.258592 4.400447 1.516214
v 3.129410 4.398386 1.516515
v 3.029397 5.167908 1.524251
v 2.947098 4.399662 1.578157
v 2.818417 4.400743 1.517380
v 2.824727 5.221433 1.563669
v 2.842896 5.481364 1.529419
v 2.946670 5.780280 1.534347
v 3.029397 5.781242 1.534363
v 3.129010 5.779739 1.534338
v 3.280246 5.481364 1.529419
v 3.207591 5.221433 1.563669
v 1.532701 5.494001 1.836055
v 0.924615 5.532275 1.801376
v 1.417625 4.491313 1.826483
v 1.075334 4.491691 1.828821
v 1.418093 4.502391 1.197205
v 1.076001 4.502949 1.201980
v 1.550111 5.483037 1.201705
v 0.921602 5.504707 1.204202
v 1.123262 4.453731 1.828881
v 1.114010 4.502878 1.201441
v 0.944414 5.880892 1.209768
v 0.962465 5.908262 1.843995
v 1.367014 4.453430 1.827105
v 1.377413 4.502448 1.197760
v 1.528311 5.881169 1.207830
v 1.509908 5.908285 1.842649
v 0.933585 4.840717 1.828475
v 1.021053 4.827811 1.909227
v 1.465973 4.827699 1.907617
v 1.558341 4.840585 1.826142
v 1.558513 4.851578 1.193143
v 1.484241 4.851565 1.193629
v 1.003287 4.851585 1.196533
v 0.933881 4.851601 1.196907
v 1.250900 4.412910 1.854293
v 1.252073 4.465682 1.174554
v 1.255577 4.840020 1.169013
v 1.254477 5.541094 1.177617
v 1.253421 5.530634 1.863624
v 1.254364 4.814471 1.934456
v 1.438597 4.434332 1.557015
v 1.596132 4.825550 1.554482
v 1.537655 5.501591 1.564375
v 1.513600 5.549181 1.565226
v 1.251385 5.601483 1.567241
v 0.953442 5.542451 1.566751
v 0.924340 5.521658 1.566486
v 0.896029 4.825680 1.557743
v 1.055095 4.434927 1.560901
v 1.097707 4.434858 1.560484
v 1.252490 4.392698 1.559959
v 1.392996 4.434398 1.557487
v 0.936319 5.332530 1.834974
v 1.022938 5.357061 1.916448
v 1.254076 5.382497 1.942466
v 1.463751 5.357063 1.915295
v 1.555309 5.332557 1.833294
v 1.592706 5.376888 1.562125
v 1.555414 5.343531 1.199416
v 1.481821 5.343489 1.199737
v 1.255211 5.367812 1.174860
v 1.005247 5.343271 1.201411
v 0.936470 5.343247 1.201591
v 0.899030 5.376751 1.564211
v 1.057493 4.693519 1.908751
v 1.253055 4.670332 1.933946
v 1.430564 4.693326 1.907077
v 1.508041 4.715677 1.825681
v 1.539803 4.685613 1.554496
v 1.508291 4.726683 1.193650
v 1.446019 4.726700 1.194177
v 1.254255 4.706146 1.170000
v 1.042780 4.726907 1.197539
v 0.984591 4.726950 1.198007
v 0.952790 4.685955 1.558139
v 0.984175 4.715921 1.828093
v 1.255983 5.114375 1.170660
v 1.500168 5.107343 1.195702
v 1.579481 5.107388 1.195335
v 1.619678 5.112235 1.557513
v 1.579376 5.096410 1.829161
v 1.480725 5.102955 1.910888
v 1.254795 5.109799 1.937823
v 1.005643 5.102953 1.912191
v 0.912265 5.096383 1.831057
v 0.872074 5.112089 1.559870
v 0.912422 5.107089 1.197798
v 0.986545 5.107112 1.197598
v 4.451970 5.122137 1.598191
v 4.665183 5.122137 1.598191
v 4.451970 5.499771 1.604416
v 4.665183 5.499771 1.604416
v 4.451970 5.503985 1.348812
v 4.665183 5.503985 1.348812
v 4.451970 5.126350 1.342588
v 4.665183 5.126350 1.342588
v 4.558577 5.306386 1.630167
v 4.558577 5.203064 1.628463
v 4.665183 5.306864 1.601235
v 4.558577 5.491114 1.633212
v 4.451970 5.306864 1.601235
v 4.558577 5.517659 1.476874
v 4.697863 5.493698 1.476479
v 4.558577 5.496330 1.316800
v 4.403173 5.493698 1.476479
v 4.558577 5.311603 1.313754
v 4.665183 5.311078 1.345632
v 4.558577 5.208281 1.312051
v 4.451970 5.311078 1.345632
v 4.558577 5.421650 1.475291
v 4.697942 4.676611 1.463954
v 4.403263 4.676642 1.464073
v 4.697863 5.308970 1.473433
v 4.403173 5.308970 1.473433
v 4.619212 5.508950 1.633506
v 4.619212 5.492958 1.476467
v 4.619212 5.441856 1.315902
v 4.619212 5.311616 1.312976
v 4.619212 5.126876 1.310710
v 4.619296 4.673683 1.463948
v 4.619212 5.121660 1.627123
v 4.619212 5.306378 1.630695
v 4.508220 5.506758 1.633470
v 4.508220 5.493698 1.476479
v 4.508220 5.441856 1.315902
v 4.508220 5.311603 1.313754
v 4.508220 5.126876 1.310710
v 4.508306 4.676631 1.464028
v 4.508220 5.121660 1.627123
v 4.508220 5.306386 1.630167
v 4.697926 4.724085 1.529780
v 4.619278 4.722654 1.529785
v 4.558577 5.269453 1.538024
v 4.486273 4.720716 1.529803
v 4.428367 4.724108 1.529864
v 4.403173 5.307895 1.538657
v 4.403173 5.438148 1.540805
v 4.508220 5.438148 1.540805
v 4.558577 5.492622 1.541703
v 4.619212 5.437785 1.540799
v 4.697863 5.438148 1.540805
v 4.697863 5.307895 1.538657
v 4.697927 4.726164 1.402975
v 4.619279 4.724649 1.402980
v 4.558577 5.271544 1.411207
v 4.508289 4.725568 1.440315
v 4.429938 4.726186 1.403062
v 4.403173 5.309986 1.411841
v 4.403173 5.440239 1.413988
v 4.508220 5.440239 1.413988
v 4.558577 5.494713 1.414886
v 4.619212 5.439855 1.413982
v 4.697863 5.440239 1.413988
v 4.697863 5.309986 1.411841
v -3.120500 5.071099 1.951473
v -2.681841 5.002191 1.865620
v -2.956706 5.609224 1.819015
v -2.754412 5.489146 1.916794
v -3.104936 5.548241 1.436928
v -2.796636 5.346081 1.356844
v -3.154053 5.076001 1.181379
v -2.655675 5.006009 1.265247
v -2.915164 5.318326 1.783909
v -2.907196 5.172272 1.824762
v -2.773712 5.318968 1.744940
v -2.907196 5.489149 1.916794
v -3.056616 5.318968 1.744940
v -2.907196 5.851346 1.584257
v -2.660781 5.342467 1.575867
v -2.921856 5.512074 1.338211
v -3.177762 5.544945 1.636730
v -2.933680 5.325352 1.357726
v -2.773712 5.324644 1.400663
v -2.932752 5.189388 1.259363
v -3.056616 5.324644 1.400663
v -2.907196 5.488436 1.578274
v -2.596346 4.510256 1.565256
v -3.266747 4.439752 1.564745
v -2.730351 5.321806 1.572801
v -3.121362 5.321806 1.572801
v -2.800748 5.489149 1.916794
v -2.800748 5.641739 1.580801
v -2.800748 5.511113 1.338195
v -2.800748 5.325369 1.356679
v -2.800742 5.074749 1.257529
v -2.800360 4.435878 1.565693
v -2.800744 5.073216 1.823167
v -2.800748 5.318314 1.784620
v -2.911463 5.510539 1.879917
v -3.019768 5.671928 1.584881
v -3.019768 5.618556 1.370121
v -3.019768 5.335061 1.432058
v -3.019763 5.069588 1.362757
v -3.019386 4.400610 1.568648
v -3.019764 5.071519 1.745168
v -3.019768 5.330311 1.720151
v -2.620024 4.611988 1.761500
v -2.800508 4.569610 1.760999
v -2.906187 5.264585 1.769566
v -3.019522 4.536216 1.700952
v -3.178465 4.571295 1.760544
v -3.099621 5.318548 1.770454
v -3.011103 5.542682 1.774152
v -3.019768 5.857821 1.719752
v -2.906187 5.726351 1.777178
v -2.800748 5.817044 1.778674
v -2.683625 5.339255 1.770797
v -2.746460 5.318548 1.770454
v -2.632861 4.641139 1.435896
v -2.800498 4.590659 1.435363
v -2.906451 5.268281 1.443527
v -3.019524 4.561045 1.480879
v -3.168641 4.592413 1.434860
v -3.095000 5.323923 1.444445
v -3.137890 5.548056 1.448139
v -3.019768 5.844920 1.499100
v -2.928950 5.712307 1.450848
v -2.800748 5.806761 1.452405
v -2.689510 5.344630 1.444785
v -2.750759 5.323923 1.444445
v 3.877766 4.996269 1.811803
v 4.271445 4.996263 1.811786
v 3.877757 5.561009 1.821005
v 4.271437 5.561009 1.821005
v 3.877757 5.568790 1.349054
v 4.271437 5.568790 1.349054
v 3.877767 5.004044 1.339862
v 4.271446 5.004039 1.339842
v 4.074597 5.271623 1.869668
v 4.074597 5.117098 1.867123
v 4.271437 5.272504 1.816248
v 4.074597 5.547894 1.874223
v 3.877757 5.272504 1.816248
v 4.074597 5.552665 1.584828
v 4.331778 5.552665 1.584828
v 4.074597 5.557526 1.289992
v 3.787657 5.552665 1.584828
v 4.074597 5.281255 1.285437
v 4.271437 5.280285 1.344297
v 4.074597 5.126730 1.282892
v 3.877757 5.280285 1.344297
v 4.074597 5.444913 1.583051
v 4.332050 4.331181 1.568088
v 3.787999 4.331409 1.568969
v 4.331778 5.276394 1.580273
v 3.787657 5.276394 1.580273
v 4.186555 5.719271 1.877049
v 4.186555 5.551558 1.584809
v 4.186555 5.728903 1.292818
v 4.186555 5.281279 1.284001
v 4.186565 5.005010 1.280987
v 4.186847 4.326849 1.568265
v 4.186564 4.995384 1.865209
v 4.186555 5.271607 1.870644
v 3.981616 5.719271 1.877049
v 3.981616 5.552665 1.584828
v 3.981616 5.728903 1.292818
v 3.981616 5.281255 1.285437
v 3.981627 5.005012 1.280998
v 3.981931 4.331319 1.568622
v 3.981626 4.995387 1.865217
v 3.981616 5.271623 1.869668
v 4.331999 4.401753 1.689056
v 4.186791 4.399651 1.689203
v 4.074597 5.216915 1.699756
v 3.941227 4.396829 1.689495
v 3.834317 4.401929 1.689683
v 3.787657 5.274409 1.700704
v 3.787657 5.722057 1.708084
v 3.981616 5.722056 1.708084
v 4.074597 5.550680 1.705258
v 4.186555 5.721514 1.708075
v 4.331778 5.722057 1.708084
v 4.331778 5.274409 1.700704
v 4.332008 4.405541 1.455001
v 4.186801 4.403312 1.455161
v 4.074597 5.220776 1.465598
v 3.981880 4.404543 1.524261
v 3.837228 4.405707 1.455678
v 3.787657 5.278270 1.466546
v 3.787657 5.725917 1.473927
v 3.981616 5.725917 1.473927
v 4.074597 5.554540 1.471101
v 4.186555 5.725343 1.473917
v 4.331778 5.725917 1.473927
v 4.331778 5.278270 1.466546
v -3.667134 4.956744 1.832186
v -3.316861 4.956755 1.832217
v -3.609495 5.489436 1.764796
v -3.396564 5.489436 1.764796
v -3.667151 5.495644 1.420855
v -3.337549 5.494126 1.512911
v -3.667133 4.963658 1.412293
v -3.316859 4.963668 1.412330
v -3.494785 5.217832 1.782145
v -3.492013 5.072698 1.753980
v -3.356281 5.218309 1.753193
v -3.492016 5.478044 1.816732
v -3.633289 5.218309 1.753193
v -3.492016 5.988202 1.638988
v -3.241167 5.480658 1.630620
v -3.484286 5.483465 1.460351
v -3.747315 5.480658 1.630620
v -3.494785 5.223052 1.465515
v -3.356281 5.222526 1.497414
v -3.492013 5.077626 1.454993
v -3.633289 5.222526 1.497414
v -3.492016 5.379151 1.628947
v -3.262794 4.330482 1.616663
v -3.746992 4.330224 1.615697
v -3.313823 5.220417 1.625304
v -3.696686 5.220417 1.625304
v -3.425196 5.477165 1.816718
v -3.392403 5.778530 1.635531
v -3.401198 5.482503 1.460336
v -3.416007 5.223064 1.464736
v -3.392382 4.962992 1.453306
v -3.392022 4.326277 1.616358
v -3.392384 4.958069 1.752279
v -3.416007 5.217823 1.782673
v -3.547509 5.477165 1.816718
v -3.574744 5.779573 1.635549
v -3.553291 5.482503 1.460336
v -3.560210 5.223052 1.465515
v -3.574724 4.962986 1.453287
v -3.574395 4.330307 1.616009
v -3.574726 4.958064 1.752262
v -3.560210 5.217832 1.782145
v -3.262865 4.397001 1.724001
v -3.392091 4.394914 1.723762
v -3.492016 5.164473 1.732588
v -3.610628 4.392073 1.723394
v -3.705772 4.396797 1.723288
v -3.696686 5.219341 1.690572
v -3.665973 5.477929 1.737756
v -3.574744 5.776845 1.742684
v -3.492016 5.777807 1.742700
v -3.392403 5.776334 1.742675
v -3.241167 5.477929 1.737756
v -3.313823 5.219341 1.690572
v -3.262849 4.400359 1.515869
v -3.392076 4.398156 1.515607
v -3.492016 5.167908 1.524251
v -3.574448 4.399227 1.576504
v -3.703181 4.400162 1.515093
v -3.696686 5.221433 1.563669
v -3.678518 5.481364 1.529419
v -3.574744 5.780280 1.534347
v -3.492016 5.781242 1.534363
v -3.392403 5.779739 1.534338
v -3.241167 5.481364 1.529419
v -3.313823 5.221433 1.563669
v -0.566990 5.015356 1.802892
v -0.101276 5.015357 1.803432
v -0.567052 5.589441 1.812060
v -0.101341 5.589431 1.812520
v -0.566915 5.598857 1.255195
v -0.101196 5.598788 1.255739
v -0.566822 5.024771 1.246518
v -0.101093 5.024738 1.247231
v -0.334182 5.295033 1.870606
v -0.334179 5.137928 1.867954
v -0.101315 5.296106 1.807780
v -0.334206 5.575916 1.875170
v -0.567026 5.296117 1.807301
v -0.334114 5.581719 1.533785
v -0.029886 5.581704 1.533995
v -0.334030 5.587523 1.185891
v -0.673572 5.581758 1.533268
v -0.334003 5.306603 1.181446
v -0.101168 5.305433 1.251094
v -0.334000 5.149494 1.178850
v -0.566885 5.305499 1.250547
v -0.334101 5.472159 1.532061
v -0.028049 4.344714 1.535998
v -0.672029 4.343825 1.531410
v -0.029861 5.300804 1.529502
v -0.673546 5.300857 1.528755
v -0.201793 5.750153 1.877990
v -0.201672 5.580584 1.533888
v -0.201618 5.761785 1.188645
v -0.201561 5.306614 1.179881
v -0.201480 5.025897 1.177783
v -0.199860 4.340171 1.535513
v -0.201705 5.014278 1.866328
v -0.201742 5.295012 1.871869
v -0.444228 5.750155 1.877766
v -0.444109 5.581729 1.533651
v -0.444059 5.761825 1.188362
v -0.443999 5.306623 1.181299
v -0.443926 5.025913 1.177403
v -0.442424 4.344252 1.533660
v -0.444141 5.014275 1.866062
v -0.444176 5.295034 1.870481
v -0.028590 4.414960 1.672734
v -0.200396 4.412706 1.672349
v -0.334125 5.239972 1.670362
v -0.491005 4.409474 1.670926
v -0.617561 4.414405 1.669930
v -0.673582 5.298449 1.670824
v -0.673618 5.646394 1.676413
v -0.444156 5.646377 1.676775
v -0.334152 5.579318 1.675859
v -0.201720 5.645813 1.677009
v -0.029934 5.646361 1.677103
v -0.029900 5.298416 1.671542
v -0.028038 4.420302 1.402597
v -0.199863 4.417880 1.401963
v -0.334052 5.244607 1.394168
v -0.442593 4.418295 1.479499
v -0.613708 4.419506 1.398198
v -0.673513 5.303114 1.394580
v -0.673552 5.651082 1.400099
v -0.444087 5.651042 1.400498
v -0.334080 5.583970 1.399607
v -0.201648 5.650432 1.400753
v -0.029862 5.651006 1.400854
v -0.029826 5.303041 1.395352
v -1.294111 5.034855 1.830936
v -0.796258 5.034849 1.832383
v -1.294147 5.553993 1.810511
v -0.796304 5.553465 1.840825
v -1.294063 5.562381 1.326337
v -0.796183 5.562202 1.327929
v -1.294008 5.043723 1.317965
v -0.796120 5.043572 1.319793
v -1.045213 5.287501 1.893932
v -1.045210 5.145585 1.891502
v -0.796282 5.288499 1.836487
v -1.045234 5.541228 1.898125
v -1.294130 5.288520 1.835145
v -1.045174 5.612419 1.584619
v -0.719935 5.546614 1.584388
v -1.045101 5.552129 1.263044
v -1.408054 5.546741 1.582386
v -1.045075 5.298370 1.258968
v -0.796157 5.297210 1.323687
v -1.045072 5.156449 1.256583
v -1.294035 5.297388 1.322039
v -1.045152 5.447699 1.581997
v -0.718759 4.427787 1.579750
v -1.407233 4.426733 1.572930
v -0.719913 5.292872 1.580282
v -1.408031 5.293001 1.578200
v -0.903670 5.655278 1.900277
v -0.903579 5.545623 1.583950
v -0.903532 5.669792 1.265285
v -0.903486 5.298343 1.257857
v -0.903449 5.044674 1.255515
v -0.902489 4.423491 1.578114
v -0.903611 5.033845 1.890142
v -0.903634 5.287481 1.895343
v -1.162845 5.716037 1.900596
v -1.162752 5.546688 1.583228
v -1.121307 5.709591 1.265194
v -1.162668 5.298421 1.258546
v -1.162637 5.044763 1.254541
v -1.161810 4.427083 1.575448
v -1.162777 5.033842 1.889413
v -1.162797 5.287503 1.893607
v -0.719091 4.491528 1.707868
v -0.902794 4.489349 1.706610
v -1.045169 5.237875 1.709434
v -1.213483 4.486317 1.704220
v -1.348758 4.490788 1.703082
v -1.408054 5.290723 1.709146
v -1.337276 5.701849 1.716093
v -1.162809 5.722606 1.716954
v -1.045192 5.544412 1.714486
v -0.903624 5.641493 1.716381
v -0.719986 5.663485 1.717119
v -0.719946 5.290647 1.711121
v -0.718799 4.496131 1.456362
v -0.902541 4.493781 1.454622
v -1.045113 5.242229 1.454957
v -1.161925 4.494177 1.526179
v -1.344927 4.495260 1.450031
v -1.408011 5.295144 1.454527
v -1.371519 5.652188 1.460456
v -1.162766 5.746789 1.462640
v -1.045139 5.548781 1.459955
v -0.903575 5.684508 1.462459
v -0.726983 5.673899 1.462720
v -0.719883 5.294960 1.456715
v -5.170188 4.201974 2.364716
v 5.124309 4.202034 2.364877
v -5.170411 5.427660 2.382092
v 5.124074 5.427660 2.382092
v -5.174475 5.533821 -2.336785
v 5.119917 5.534289 -2.337734
v -5.159414 4.313337 -2.629588
v 5.119969 4.313793 -2.630625
v 4.900452 5.427660 2.382092
v 4.896196 5.534790 -2.338755
v 4.895893 4.329456 -3.160083
v 4.900704 4.202117 2.365101
v 5.124074 5.100283 2.376697
v 4.900452 5.100283 2.376697
v -5.170410 5.100284 2.376698
v -5.174650 5.213791 -2.610300
v 4.895662 5.230202 -3.140036
v 5.119733 5.214351 -2.611407
v 5.124074 5.430943 2.182953
v 4.900452 5.430943 2.182953
v -5.170411 5.430943 2.182953
v -5.170410 5.103567 2.177559
v -5.170182 4.205201 2.165656
v 4.900712 4.205342 2.166066
v 5.124316 4.205260 2.165828
v 5.124074 5.103566 2.177557
v 5.120078 5.528745 -2.139001
v 4.896367 5.529161 -2.139918
v -5.174324 5.528356 -2.138151
v -5.174312 5.200932 -2.145838
v -5.159061 4.300587 -2.164361
v 4.896654 4.301188 -2.165984
v 5.120343 4.300874 -2.165134
v 5.120091 5.201309 -2.146723
v 5.119837 4.635602 -2.624424
v 4.895764 4.651372 -3.153573
v -5.174551 4.635071 -2.623274
v -5.174207 4.622263 -2.158369
v -5.170311 4.525753 2.169232
v -5.170314 4.522494 2.368338
v 4.900560 4.522552 2.368488
v 5.124175 4.522516 2.368395
v 5.124178 4.525775 2.169293
v 5.120203 4.622612 -2.159265
v -4.967037 5.427660 2.382092
v -4.967037 5.430943 2.182953
v -4.971023 5.528692 -2.138892
v -4.971182 5.534227 -2.337614
v -4.971692 5.229322 -3.138562
v -4.971596 4.650527 -3.152019
v -4.956462 4.328707 -3.158640
v -4.955742 4.300843 -2.165052
v -4.966793 4.205268 2.165852
v -4.966800 4.202043 2.364901
v -4.966934 4.522524 2.368415
v -4.967037 5.100284 2.376698
v -4.932961 3.840212 2.272744
v 4.994041 3.840271 2.272918
v -4.933258 4.365404 2.277260
v 4.993735 4.365419 2.277303
v -4.937619 4.477078 -2.650512
v 4.989316 4.477386 -2.651191
v -4.937332 3.948987 -2.659539
v 4.989613 3.949241 -2.660140
v -4.896778 3.840236 2.272815
v -4.897078 4.365413 2.277284
v -4.901456 4.477163 -2.650699
v -4.901165 3.949053 -2.659696
v -4.897076 4.366392 2.217195
v -4.933256 4.366383 2.217170
v -4.932957 3.841169 2.212690
v -4.896773 3.841193 2.212763
v 4.994046 3.841228 2.212868
v 4.993737 4.366398 2.217214
v -4.933242 4.329959 2.276881
v -4.933240 4.330936 2.216792
v -4.937604 4.441483 -2.651194
v -4.901441 4.441567 -2.651380
v 4.989331 4.441788 -2.651870
v 4.993753 4.330955 2.216843
v 4.993752 4.329977 2.276930
v -4.897062 4.329968 2.276907
v -4.937568 4.440084 -2.601520
v -4.937293 3.947602 -2.609804
v -4.901126 3.947664 -2.609956
v 4.989652 3.947844 -2.610389
v 4.989368 4.440378 -2.602183
v 4.989353 4.475975 -2.601508
v -4.901420 4.475760 -2.601025
v -4.937583 4.475678 -2.600842
v 4.966028 4.477443 -2.651317
v 4.966043 4.441845 -2.651996
v 4.966328 3.949286 -2.660247
v 4.966367 3.947887 -2.610493
v 4.970772 3.841244 2.212917
v 4.970767 3.840287 2.272966
v 4.970476 4.329983 2.276948
v 4.970459 4.365426 2.277320
v 4.970461 4.366405 2.217231
v 4.966065 4.476030 -2.601632
v 4.697292 4.952715 -2.438066
v 0.160564 4.975131 -2.487359
v 4.992826 8.940690 -2.402483
v 0.163022 8.916459 -2.410895
v 4.797934 9.026436 -2.859910
v 0.060680 8.953177 -2.982152
v 4.696903 4.968030 -2.964039
v 0.160741 4.995499 -3.138585
v 0.162573 8.351995 -2.233342
v 5.244521 8.264610 -2.172094
v 5.140956 8.284315 -2.878400
v 0.162242 8.376398 -3.020595
v 0.162006 7.878436 -2.236361
v 4.530510 7.750390 -2.074017
v 4.891699 7.772571 -2.892236
v 0.161793 7.902892 -3.037418
v 0.161273 7.303620 -2.287332
v 4.579083 7.271864 -2.051029
v 4.865601 7.295417 -2.904695
v 0.161290 7.325696 -3.058693
v 0.160734 6.726382 -2.258312
v 4.510556 6.690028 -2.065304
v 4.811598 6.713810 -2.919883
v 0.160926 6.747238 -3.079963
v 0.160546 6.149996 -2.323541
v 4.812175 6.109887 -2.177478
v 4.852506 6.131573 -2.934352
v 0.160752 6.165302 -3.100361
v 0.160539 5.560439 -2.361705
v 4.697377 5.530276 -2.274851
v 4.774753 5.549626 -2.949142
v 0.160713 5.578264 -3.119888
v 0.060894 8.938177 -2.491116
v 4.992555 9.046793 -2.464104
v 5.333240 8.270585 -2.398155
v 4.913659 7.757184 -2.349706
v 4.849140 7.280787 -2.390333
v 4.903368 6.697225 -2.352597
v 4.908638 6.116327 -2.411559
v 4.793873 5.534931 -2.444721
v 4.783806 4.956193 -2.566229
v 0.058487 4.979225 -2.614615
v 0.058469 5.564164 -2.595570
v 0.058465 6.152916 -2.450919
v 0.058665 6.733827 -2.526945
v 0.059135 7.311121 -2.533268
v 0.059774 7.887234 -2.511141
v 0.060312 8.360356 -2.493951
v 4.935362 9.055760 -2.785524
v 5.279585 8.281893 -2.804677
v 4.954846 7.770280 -2.818557
v 4.911514 7.293152 -2.830982
v 4.903040 6.711353 -2.845865
v 4.929505 6.129167 -2.860280
v 4.833902 5.547272 -2.875043
v 4.783574 4.965571 -2.889656
v 0.058569 4.989278 -2.934423
v 0.058544 5.572487 -2.915593
v 0.058578 6.161152 -2.895982
v 0.058756 6.742426 -2.875489
v 0.059154 7.320195 -2.853920
v 0.059705 7.896954 -2.832321
v 0.060189 8.370276 -2.815336
v 0.060746 8.947447 -2.792254
v 0.208497 5.559816 -2.320311
v 0.208525 4.975121 -2.487338
v 0.108443 4.979225 -2.614615
v 0.108525 4.989278 -2.934423
v 0.208653 4.991498 -3.007354
v 0.209558 5.582285 -3.261479
v 0.210421 6.168396 -3.242035
v 0.210159 6.750545 -3.221728
v 0.211074 7.329406 -3.200658
v 0.211822 7.906898 -3.179600
v 0.213042 8.380546 -3.162899
v 0.113090 9.001761 -2.867640
v 0.113640 9.069551 -2.792032
v 0.114406 9.059681 -2.470663
v 0.214424 8.916445 -2.410888
v 0.214551 8.349148 -2.147018
v 0.492883 7.872988 -2.087348
v 0.375940 7.296303 -2.075533
v 0.511517 6.719998 -2.098113
v 0.209715 6.147111 -2.218342
v 4.706601 5.040563 -2.962254
v 4.789842 5.038116 -2.887907
v 4.785044 5.028753 -2.564553
v 4.697279 5.025279 -2.436412
v 0.208517 5.047653 -2.485045
v 0.160555 5.047662 -2.485064
v 0.058478 5.051764 -2.612335
v 0.058557 5.061838 -2.932182
v 0.160728 5.068070 -3.136366
v 0.208853 5.072288 -3.277876
v 5.460572 8.565155 -2.475482
v 5.374524 8.559621 -2.264637
v 0.214306 8.657012 -2.272465
v 0.162834 8.658599 -2.321574
v 0.060635 8.663735 -2.483542
v 0.060489 8.673671 -2.804956
v 0.067303 8.679852 -3.010268
v 0.119505 8.683128 -3.120870
v 5.353708 8.575317 -2.838760
v 5.403623 8.574051 -2.797055
v 5.224802 8.708670 -2.302854
v 5.276980 8.754101 -2.471052
v 5.219935 8.763029 -2.792567
v 5.135697 8.751945 -2.834629
v 0.116976 8.808956 -3.049479
v 0.064704 8.787279 -3.006700
v 0.060591 8.781092 -2.801381
v 0.060743 8.771165 -2.479971
v 0.162935 8.758546 -2.318955
v 0.214364 8.758271 -2.310841
v 4.964921 9.052876 -2.683547
v 5.249417 8.760158 -2.690559
v 5.433056 8.571190 -2.695028
v 5.307310 8.277792 -2.658736
v 4.933491 7.765309 -2.640455
v 4.879195 7.288588 -2.667529
v 4.903158 6.705873 -2.655279
v 4.918656 6.124371 -2.692806
v 4.813136 5.542754 -2.717174
v 4.787309 5.035144 -2.785380
v 4.783644 4.962590 -2.787099
v 0.108494 4.986128 -2.833021
v 0.058538 4.986128 -2.833021
v 0.058527 5.058682 -2.830769
v 0.058515 5.569686 -2.814126
v 0.058526 6.158065 -2.729876
v 0.058720 6.739635 -2.759270
v 0.059141 7.317384 -2.752240
v 0.059719 7.893929 -2.730476
v 0.060220 8.367174 -2.713419
v 0.060528 8.670555 -2.703022
v 0.060632 8.777975 -2.699446
v 0.060785 8.944655 -2.700795
v 0.113998 9.066444 -2.690104
v 2.518906 9.054000 -2.467916
v 2.569796 8.928726 -2.407067
v 2.684148 8.733840 -2.307194
v 2.757948 8.608788 -2.268849
v 2.694072 8.305518 -2.115373
v 2.483377 7.807784 -1.969876
v 2.448314 7.274360 -1.855114
v 2.483459 6.692626 -1.871676
v 2.478861 6.116378 -2.070322
v 2.421490 5.537531 -2.201432
v 2.421251 5.036384 -2.460549
v 2.421279 4.963744 -2.462319
v 2.413066 4.968128 -2.591303
v 2.412912 4.975385 -2.812061
v 2.412859 4.978686 -2.914421
v 2.420918 4.980975 -2.987931
v 2.425660 5.062165 -3.260850
v 2.459616 5.571387 -3.245742
v 2.498401 6.153862 -3.228125
v 2.478119 6.735959 -3.210250
v 2.505235 7.316555 -3.191540
v 2.518469 7.845202 -3.174660
v 2.641990 8.337588 -3.158906
v 2.699427 8.634601 -3.117976
v 2.590680 8.785069 -3.059652
v 2.422266 9.014956 -2.864428
v 2.490295 9.063715 -2.789416
v 2.505056 9.060617 -2.687430
v -4.574363 4.952573 -2.437754
v -0.046296 4.975121 -2.487336
v -4.869787 8.940568 -2.402412
v -0.043837 8.916444 -2.410887
v -4.675456 9.026284 -2.859835
v 0.058010 8.953177 -2.982152
v -4.574748 4.967839 -2.963686
v -0.046118 4.995481 -3.138553
v -0.044285 8.351973 -2.233327
v -5.121138 8.264498 -2.172000
v -5.018401 8.284156 -2.878288
v -0.044617 8.376376 -3.020584
v -0.044851 7.878401 -2.236338
v -4.407562 7.750244 -2.073867
v -4.769456 7.772384 -2.892079
v -0.045066 7.902863 -3.037401
v -0.045583 7.303565 -2.287298
v -4.456056 7.271718 -2.050850
v -4.743449 7.295219 -2.904499
v -0.045568 7.325656 -3.058671
v -0.046122 6.726292 -2.258276
v -4.387558 6.689876 -2.065079
v -4.689530 6.713602 -2.919639
v -0.045932 6.747184 -3.079938
v -0.046313 6.149844 -2.323528
v -4.688957 6.109751 -2.177243
v -4.730347 6.131370 -2.934071
v -0.046107 6.165238 -3.100336
v -0.046321 5.560010 -2.361705
v -4.574279 5.530144 -2.274581
v -4.652585 5.549434 -2.948828
v -0.046146 5.578237 -3.119861
v 0.058224 8.938177 -2.491116
v -4.869558 9.046670 -2.464038
v -5.210056 8.270462 -2.398058
v -4.790771 7.757037 -2.349564
v -4.726377 7.280628 -2.390153
v -4.780462 6.697070 -2.352386
v -4.785710 6.116174 -2.411312
v -4.670967 5.534787 -2.444444
v -4.660995 4.956044 -2.565916
v 0.055817 4.979225 -2.614615
v 0.055799 5.564162 -2.595569
v 0.055795 6.152915 -2.450919
v 0.055995 6.733826 -2.526945
v 0.056465 7.311121 -2.533268
v 0.057104 7.887233 -2.511141
v 0.057642 8.360355 -2.493951
v -4.812710 9.055619 -2.785453
v -5.156853 8.281744 -2.804570
v -4.832469 7.770103 -2.818404
v -4.789236 7.292963 -2.830792
v -4.780787 6.711157 -2.845629
v -4.807172 6.128975 -2.860009
v -4.711574 5.547091 -2.874740
v -4.661225 4.965393 -2.889318
v 0.055899 4.989277 -2.934422
v 0.055874 5.572487 -2.915593
v 0.055908 6.161151 -2.895981
v 0.056086 6.742425 -2.875489
v 0.056484 7.320194 -2.853920
v 0.057035 7.896953 -2.832321
v 0.057519 8.370275 -2.815336
v 0.058077 8.947447 -2.792254
v -0.094282 5.559086 -2.320316
v -0.094253 4.975105 -2.487302
v 0.005861 4.979219 -2.614602
v 0.005944 4.989270 -2.934407
v -0.094124 4.991473 -3.007308
v -0.094867 5.582248 -3.261439
v -0.095649 6.168320 -3.241998
v -0.095046 6.750474 -3.221693
v -0.095274 7.329351 -3.200628
v -0.095078 7.906857 -3.179577
v -0.095445 8.380513 -3.162883
v 0.005768 9.001754 -2.867636
v 0.005398 9.069543 -2.792029
v 0.004958 9.059673 -2.470660
v -0.095234 8.916421 -2.410877
v -0.096117 8.349113 -2.146995
v -0.375371 7.872847 -2.087248
v -0.259970 7.296129 -2.075414
v -0.396684 6.719602 -2.097914
v -0.095492 6.146908 -2.218323
v -4.584457 5.040372 -2.961907
v -4.667508 5.037938 -2.887575
v -4.662255 5.028604 -2.564245
v -4.574376 5.025137 -2.436105
v -0.094261 5.047639 -2.485013
v -0.046304 5.047652 -2.485043
v 0.055808 5.051764 -2.612335
v 0.055887 5.061838 -2.932182
v -0.046131 5.068052 -3.136335
v -0.094130 5.072261 -3.277831
v -5.337358 8.565037 -2.475400
v -5.251144 8.559512 -2.264558
v -0.095421 8.656983 -2.272450
v -0.044025 8.658580 -2.321563
v 0.057965 8.663734 -2.483542
v 0.057819 8.673671 -2.804956
v 0.050885 8.679851 -3.010267
v -0.001361 8.683118 -3.120865
v -5.230908 8.575175 -2.838671
v -5.280751 8.573914 -2.796968
v -5.101542 8.708556 -2.302778
v -5.153855 8.753981 -2.470976
v -5.097155 8.762889 -2.792486
v -5.013017 8.751800 -2.834545
v 0.001423 8.808947 -3.049475
v 0.053679 8.787278 -3.006699
v 0.057921 8.781091 -2.801381
v 0.058073 8.771165 -2.479971
v -0.043923 8.758528 -2.318945
v -0.095335 8.758245 -2.310827
v -4.842155 9.052740 -2.683478
v -5.126523 8.760023 -2.690479
v -5.310071 8.571058 -2.694942
v -5.184415 8.277652 -2.658632
v -4.810938 7.765142 -2.640305
v -4.756759 7.288408 -2.667341
v -4.780671 6.705693 -2.655051
v -4.796120 6.124192 -2.692542
v -4.690619 5.542585 -2.716877
v -4.664840 5.034975 -2.785053
v -4.661156 4.962420 -2.786768
v 0.005913 4.986120 -2.833006
v 0.055868 4.986128 -2.833021
v 0.055857 5.058682 -2.830769
v 0.055845 5.569686 -2.814126
v 0.055856 6.158063 -2.729876
v 0.056050 6.739634 -2.759270
v 0.056471 7.317383 -2.752240
v 0.057049 7.893928 -2.730476
v 0.057550 8.367174 -2.713418
v 0.057858 8.670554 -2.703022
v 0.057962 8.777975 -2.699446
v 0.058115 8.944654 -2.700795
v 0.005131 9.066437 -2.690101
v -2.397997 9.053809 -2.467821
v -2.448871 8.928528 -2.406960
v -2.563129 8.733631 -2.307067
v -2.636889 8.608573 -2.268709
v -2.573071 8.305283 -2.115195
v -2.362783 7.807495 -1.969608
v -2.327871 7.274017 -1.854725
v -2.363242 6.692236 -1.871135
v -2.359317 6.115955 -2.069626
v -2.302336 5.537144 -2.200620
v -2.302579 5.035995 -2.459706
v -2.302551 4.963357 -2.461467
v -2.294604 4.967736 -2.590479
v -2.294763 4.974991 -2.811293
v -2.294818 4.978294 -2.913681
v -2.302923 4.980585 -2.987211
v -2.307858 5.061784 -3.260210
v -2.341810 5.570993 -3.245154
v -2.380520 6.153430 -3.227613
v -2.360082 6.735528 -3.209834
v -2.386749 7.316164 -3.191223
v -2.399485 7.844865 -3.174426
v -2.522355 8.337304 -3.158738
v -2.579411 8.634347 -3.117842
v -2.470592 8.784831 -3.059533
v -2.301942 9.014746 -2.864331
v -2.369781 9.063511 -2.789322
v -2.384421 9.060417 -2.687335
v 5.177349 4.477802 2.378358
v 5.007664 4.483667 2.377958
v 4.671374 4.495309 2.376503
v 5.459649 5.133727 2.387856
v 5.302214 5.139142 2.387916
v 4.818129 5.155832 2.385836
v 5.729702 5.793321 2.432951
v 5.413495 5.804187 2.433715
v 4.974946 5.819280 2.433469
v 5.973726 6.607549 2.472548
v 5.433810 6.316577 2.468338
v 4.862446 6.614234 2.473688
v 6.167845 7.025311 2.485456
v 4.794091 7.113615 2.486912
v 6.013784 7.491178 2.493137
v 5.573511 7.822372 2.498598
v 5.030192 7.625688 2.495355
v 6.013784 7.527213 0.307409
v 5.573511 7.858408 0.312869
v 5.030192 7.661724 0.309626
v 6.010245 7.823663 -1.495471
v 5.569873 8.184999 -1.487628
v 5.026438 7.959240 -1.493574
v 6.009569 8.290911 -2.783678
v 5.569175 8.622978 -2.776114
v 5.025633 8.428184 -2.797165
v 6.163662 7.824750 -2.794871
v 5.496359 7.848591 -2.795689
v 4.789374 7.917088 -2.810939
v 5.969484 6.825412 -2.819723
v 5.429357 6.729952 -2.823797
v 4.857704 6.738943 -2.841071
v 5.725422 5.913973 -2.842420
v 5.409082 5.925675 -2.843436
v 4.926810 5.957335 -2.992461
v 5.514420 5.251988 -2.859207
v 5.297791 5.260008 -2.860062
v 4.798551 5.418748 -2.992037
v 5.310317 4.592786 -2.875209
v 5.083433 4.601209 -2.876272
v 4.692919 4.742884 -3.008981
v 5.274763 4.559096 -1.590636
v 5.045651 4.509041 -1.592014
v 4.694160 4.702968 -1.606126
v 5.278224 4.509552 0.215053
v 5.049164 4.459469 0.214587
v 4.671411 4.530470 0.214137
v 4.814573 5.241873 -1.578421
v 4.818129 5.191490 0.223035
v 4.885854 5.905925 -1.551143
v 4.974946 5.855139 0.258439
v 4.858737 6.701910 -1.524520
v 4.862446 6.650243 0.289623
v 4.790296 7.447271 -1.505924
v 4.933435 7.155898 0.340832
v 5.456231 5.219316 -1.576642
v 5.518746 5.167364 0.224227
v 5.726287 5.879280 -1.550049
v 5.729702 5.829180 0.257951
v 5.873935 6.724854 -1.522474
v 5.903130 6.643551 0.288827
v 6.164361 7.357486 -1.505893
v 6.167845 7.061347 0.299728
v 6.167845 7.028427 2.296448
v 6.013784 7.494294 2.304129
v 5.573511 7.825489 2.309589
v 5.030192 7.628804 2.306347
v 4.819212 7.117271 2.301333
v 4.862446 6.617348 2.284824
v 4.974946 5.822381 2.245385
v 4.818129 5.158916 2.198811
v 4.671378 4.498366 2.189530
v 4.813972 4.469411 2.190859
v 5.186072 4.480560 2.191303
v 5.464759 5.136635 2.200759
v 5.729702 5.796422 2.244871
v 5.973726 6.610662 2.283715
v 5.025677 8.425698 -2.707960
v 5.569201 8.621386 -2.717548
v 6.009601 8.288919 -2.709641
v 6.163695 7.822758 -2.720801
v 5.969521 6.823389 -2.745650
v 5.725463 5.911930 -2.768650
v 5.511716 5.250040 -2.785903
v 5.308664 4.590783 -2.801813
v 5.022094 4.590055 -2.803380
v 4.692980 4.740157 -2.915634
v 4.799284 5.406234 -2.921106
v 4.886250 5.951700 -2.908886
v 4.857758 6.736366 -2.751720
v 4.789422 7.914551 -2.721667
v 5.216308 4.568286 2.379473
v 5.224532 4.571069 2.192407
v 5.311412 4.600355 0.216087
v 5.299801 4.650298 -1.588895
v 5.336685 4.681872 -2.799768
v 5.338482 4.683867 -2.873149
v 5.113014 4.692240 -2.874192
v 4.707489 4.836276 -3.006805
v 4.707630 4.833299 -2.935010
v 4.710772 4.777411 -1.602448
v 4.691644 4.621713 0.215076
v 4.691621 4.589481 2.190579
v 4.691618 4.586417 2.377567
v 5.048313 4.574087 2.379126
v 6.009667 8.284925 -2.560603
v 6.163762 7.818881 -2.576085
v 5.969601 6.819206 -2.591946
v 5.725551 5.907804 -2.619133
v 5.511733 5.245506 -2.623008
v 5.336723 4.677798 -2.654352
v 5.308711 4.586584 -2.651951
v 4.693088 4.735651 -2.761170
v 4.707754 4.828137 -2.758957
v 4.799427 5.296255 -2.746611
v 4.883767 5.967616 -2.715920
v 4.857866 6.731560 -2.584642
v 4.789517 7.909824 -2.554900
v 5.025761 8.421192 -2.545718
v 5.569279 8.616808 -2.548700
v 5.925926 6.414980 2.470190
v 5.467245 6.414790 2.470700
v 6.092349 7.022396 2.485538
v 5.034625 6.454514 2.471722
v 4.926505 7.099852 2.486763
v 5.585264 7.710987 2.496761
v 5.957147 7.431237 2.492149
v 5.132749 7.547172 2.494060
v 5.820522 6.584039 2.394979
v 5.443074 6.548642 2.394849
v 5.959247 7.021327 2.406830
v 5.091927 6.616123 2.396242
v 5.001314 7.087937 2.407827
v 5.539411 7.571571 2.415655
v 5.842905 7.379718 2.412488
v 5.177701 7.460646 2.413823
v 5.743920 6.721189 2.536478
v 5.447706 6.685635 2.536297
v 5.854948 7.071043 2.546183
v 5.178031 6.743882 2.537442
v 5.104925 7.107454 2.546641
v 5.522361 7.377696 2.550895
v 5.757465 7.309406 2.549752
v 5.251456 7.348408 2.550399
v 5.511607 7.006269 2.543364
v 5.465983 7.003137 2.543505
v 5.530495 7.048447 2.546177
v 5.433479 7.015097 2.543731
v 5.428335 7.056207 2.546045
v 5.491282 7.073533 2.545942
v 5.527623 7.063338 2.545704
v 5.442981 7.072182 2.545856
v 5.520675 7.007827 2.563291
v 5.462336 6.999271 2.563432
v 5.475537 7.046305 2.564347
v 5.536656 7.058165 2.565378
v 5.430710 7.007872 2.563327
v 5.421652 7.052908 2.564998
v 5.483246 7.077192 2.565092
v 5.534195 7.064197 2.564717
v 5.432687 7.071063 2.564787
v 4.693810 4.712314 -1.946631
v 4.709311 4.797029 -1.943867
v 4.806201 5.252645 -1.927061
v 4.909514 5.899452 -1.933865
v 4.858473 6.709951 -1.819666
v 4.790048 7.586375 -1.798336
v 5.026226 8.098146 -1.785564
v 5.569693 8.294061 -1.780098
v 6.010073 7.962265 -1.787344
v 6.164184 7.496080 -1.797960
v 5.970071 6.755414 -1.816167
v 5.726078 5.886803 -1.840178
v 5.488047 5.225636 -1.860961
v 5.321061 4.657018 -1.873628
v 5.294331 4.565875 -1.875446
v 4.693258 4.729232 -2.540167
v 4.708232 4.818861 -2.537730
v 4.801826 5.309811 -2.522949
v 4.867397 5.955885 -2.540656
v 4.858003 6.725980 -2.389735
v 4.789627 7.729299 -2.364572
v 5.025858 8.240692 -2.351135
v 5.569376 8.511841 -2.343487
v 6.009765 8.104221 -2.352748
v 6.163868 7.638032 -2.363700
v 5.969718 6.788610 -2.384740
v 5.725682 5.902017 -2.407920
v 5.502951 5.240396 -2.426523
v 5.330894 4.672051 -2.439971
v 5.303350 4.580940 -2.441936
v -5.057746 4.477804 2.378363
v -4.888053 4.483669 2.377961
v -4.551745 4.495309 2.376503
v -5.340276 5.133727 2.387856
v -5.182841 5.139142 2.387916
v -4.698756 5.155832 2.385836
v -5.610329 5.793321 2.432951
v -5.294122 5.804187 2.433715
v -4.855574 5.819280 2.433469
v -5.854353 6.607549 2.472548
v -5.314437 6.316577 2.468338
v -4.743073 6.614234 2.473688
v -6.048472 7.025311 2.485456
v -4.674718 7.113615 2.486912
v -5.894412 7.491178 2.493137
v -5.454138 7.822372 2.498598
v -4.910819 7.625688 2.495355
v -5.894412 7.527213 0.307409
v -5.454138 7.858408 0.312869
v -4.910819 7.661724 0.309626
v -5.897938 7.823600 -1.495397
v -5.457762 8.184926 -1.487553
v -4.914556 7.959149 -1.493473
v -5.898607 8.290766 -2.783573
v -5.458452 8.622821 -2.776015
v -4.915351 8.427993 -2.797037
v -6.052633 7.824605 -2.794746
v -5.385785 7.848413 -2.795537
v -4.679403 7.916864 -2.810756
v -5.858571 6.825253 -2.819534
v -5.318861 6.729759 -2.823561
v -4.747779 6.738701 -2.840781
v -5.614582 5.913806 -2.842167
v -5.298506 5.925486 -2.843151
v -4.816887 5.957092 -2.992112
v -5.403674 5.251829 -2.858919
v -5.187234 5.259834 -2.859747
v -4.688674 5.418515 -2.991647
v -5.199527 4.592613 -2.874862
v -4.972848 4.601021 -2.875893
v -4.582994 4.742646 -3.008532
v -5.162026 4.559054 -1.590492
v -4.932943 4.508996 -1.591856
v -4.581775 4.702909 -1.605925
v -5.158577 4.509552 0.215053
v -4.929445 4.459469 0.214578
v -4.551710 4.530470 0.214126
v -4.702295 5.241819 -1.578249
v -4.698756 5.191490 0.223035
v -4.773650 5.905850 -1.550969
v -4.855574 5.855139 0.258439
v -4.746762 6.701818 -1.524359
v -4.743073 6.650243 0.289623
v -4.678493 7.447169 -1.505788
v -4.814062 7.155898 0.340832
v -5.343683 5.219278 -1.576520
v -5.399374 5.167364 0.224227
v -5.613730 5.879230 -1.549931
v -5.610329 5.829180 0.257951
v -5.761512 6.724794 -1.522371
v -5.783757 6.643551 0.288827
v -6.051944 7.357428 -1.505812
v -6.048472 7.061347 0.299728
v -6.048472 7.028427 2.296448
v -5.894412 7.494294 2.304129
v -5.454138 7.825489 2.309589
v -4.910819 7.628804 2.306347
v -4.699839 7.117271 2.301333
v -4.743073 6.617348 2.284824
v -4.855574 5.822381 2.245385
v -4.698756 5.158916 2.198811
v -4.551741 4.498366 2.189529
v -4.694324 4.469410 2.190858
v -5.066464 4.480561 2.191307
v -5.345387 5.136635 2.200759
v -5.610329 5.796422 2.244871
v -5.854353 6.610662 2.283715
v -4.915308 8.425514 -2.707833
v -5.458426 8.621232 -2.717450
v -5.898575 8.288779 -2.709537
v -6.052601 7.822618 -2.720678
v -5.858534 6.823235 -2.745464
v -5.614541 5.911769 -2.768402
v -5.400887 5.249887 -2.785620
v -5.197784 4.590617 -2.801472
v -4.911463 4.589869 -2.802998
v -4.582934 4.739929 -2.915191
v -4.689319 5.406010 -2.920720
v -4.776270 5.951462 -2.908535
v -4.747725 6.736134 -2.751434
v -4.679356 7.914335 -2.721486
v -5.096766 4.568289 2.379481
v -5.104987 4.571071 2.192415
v -5.191838 4.600355 0.216092
v -5.187120 4.650256 -1.588750
v -5.225836 4.681707 -2.799432
v -5.227723 4.683695 -2.872807
v -5.002459 4.692051 -2.873818
v -4.597598 4.836039 -3.006363
v -4.597647 4.833069 -2.934572
v -4.598425 4.777352 -1.602248
v -4.572032 4.621713 0.215074
v -4.572055 4.589483 2.190583
v -4.572058 4.586419 2.377571
v -4.928766 4.574090 2.379133
v -5.898509 8.284794 -2.560503
v -6.052535 7.818751 -2.575967
v -5.858455 6.819064 -2.591768
v -5.614455 5.907657 -2.618895
v -5.400702 5.245368 -2.622740
v -5.225686 4.677647 -2.654031
v -5.197634 4.586433 -2.651626
v -4.582828 4.735441 -2.760740
v -4.597530 4.827927 -2.758533
v -4.689219 5.296053 -2.746234
v -4.773548 5.967397 -2.715582
v -4.747619 6.731344 -2.584365
v -4.679261 7.909622 -2.554725
v -4.915225 8.421020 -2.545595
v -5.458349 8.616665 -2.548605
v -5.806553 6.414980 2.470190
v -5.347872 6.414790 2.470700
v -5.972976 7.022396 2.485538
v -4.915252 6.454514 2.471722
v -4.807132 7.099852 2.486763
v -5.465891 7.710987 2.496761
v -5.837774 7.431237 2.492149
v -5.013376 7.547172 2.494060
v -5.701149 6.584039 2.394979
v -5.323701 6.548642 2.394849
v -5.839874 7.021327 2.406830
v -4.972554 6.616123 2.396242
v -4.881941 7.087937 2.407827
v -5.420038 7.571571 2.415655
v -5.723532 7.379718 2.412488
v -5.058329 7.460646 2.413823
v -5.624547 6.721189 2.536478
v -5.328333 6.685635 2.536297
v -5.735575 7.071043 2.546183
v -5.058659 6.743882 2.537442
v -4.985552 7.107454 2.546641
v -5.402988 7.377696 2.550895
v -5.638093 7.309406 2.549752
v -5.132083 7.348408 2.550399
v -5.392234 7.006269 2.543364
v -5.346611 7.003137 2.543505
v -5.411122 7.048447 2.546177
v -5.314106 7.015097 2.543731
v -5.308962 7.056207 2.546045
v -5.371910 7.073533 2.545942
v -5.408250 7.063338 2.545704
v -5.323608 7.072182 2.545856
v -5.401302 7.007827 2.563291
v -5.342963 6.999271 2.563432
v -5.356164 7.046305 2.564347
v -5.417283 7.058165 2.565378
v -5.311337 7.007872 2.563327
v -5.302279 7.052908 2.564998
v -5.363873 7.077192 2.565092
v -5.414822 7.064197 2.564717
v -5.313314 7.071063 2.564787
v -4.582118 4.712209 -1.946340
v -4.597661 4.796925 -1.943578
v -4.694605 5.252547 -1.926809
v -4.798001 5.899331 -1.933621
v -4.747020 6.709824 -1.819463
v -4.678736 7.586242 -1.798179
v -4.914764 8.098031 -1.785451
v -5.457940 8.293967 -1.780013
v -5.898108 7.962183 -1.787259
v -6.052118 7.496003 -1.797864
v -5.857992 6.755334 -1.816042
v -5.613936 5.886728 -1.840022
v -5.375930 5.225572 -1.860792
v -5.208840 4.656949 -1.873427
v -5.182061 4.565805 -1.875244
v -4.582659 4.729048 -2.539762
v -4.597670 4.818677 -2.537331
v -4.691288 5.309635 -2.522596
v -4.756947 5.955685 -2.540328
v -4.747483 6.725785 -2.389471
v -4.679152 7.729110 -2.364388
v -4.915127 8.240531 -2.351005
v -5.458252 8.511710 -2.343391
v -5.898412 8.104102 -2.352645
v -6.052430 7.637916 -2.363581
v -5.858340 6.788485 -2.384572
v -5.614326 5.901889 -2.407701
v -5.391668 5.240277 -2.426274
v -5.219563 4.671922 -2.439676
v -5.191981 4.580811 -2.441636
vt 0.375000 0.000000
vt 0.625000 0.000000
vt 0.375000 0.250000
vt 0.625000 0.250000
vt 0.375000 0.500000
vt 0.625000 0.500000
vt 0.375000 0.750000
vt 0.625000 0.750000
vt 0.375000 1.000000
vt 0.625000 1.000000
vt 0.875000 0.000000
vt 0.875000 0.250000
vt 0.125000 0.000000
vt 0.125000 0.250000
vt 0.597223 0.250000
vt 0.597223 0.500000
vt 0.597223 0.750000
vt 0.597223 0.000000
vt 0.597223 1.000000
vt 0.404727 0.250000
vt 0.404727 0.500000
vt 0.404727 0.750000
vt 0.404727 0.000000
vt 0.404727 1.000000
vt 0.625000 0.192081
vt 0.597223 0.192081
vt 0.404727 0.192081
vt 0.375000 0.192081
vt 0.125000 0.192081
vt 0.375000 0.557919
vt 0.404727 0.557919
vt 0.597223 0.557919
vt 0.625000 0.557919
vt 0.875000 0.192081
vt 0.496321 0.250000
vt 0.496321 0.500000
vt 0.496321 0.557919
vt 0.496321 0.750000
vt 0.496321 0.000000
vt 0.496321 1.000000
vt 0.496321 0.192081
vt 0.251588 0.250000
vt 0.375000 0.373412
vt 0.251588 0.192081
vt 0.251588 0.000000
vt 0.375000 0.876588
vt 0.404727 0.876588
vt 0.496321 0.876588
vt 0.597223 0.876588
vt 0.625000 0.876588
vt 0.748412 0.000000
vt 0.748412 0.192081
vt 0.625000 0.373412
vt 0.748412 0.250000
vt 0.597223 0.373412
vt 0.496321 0.373412
vt 0.404727 0.373412
vt 0.625000 0.047425
vt 0.597223 0.047425
vt 0.496321 0.047425
vt 0.404727 0.047425
vt 0.375000 0.047425
vt 0.251588 0.047425
vt 0.125000 0.047425
vt 0.375000 0.702575
vt 0.404727 0.702575
vt 0.496321 0.702575
vt 0.597223 0.702575
vt 0.625000 0.702575
vt 0.875000 0.047425
vt 0.748412 0.047425
vt 0.597223 0.212767
vt 0.496321 0.212767
vt 0.404727 0.212767
vt 0.375000 0.212767
vt 0.251588 0.212767
vt 0.125000 0.212767
vt 0.375000 0.537233
vt 0.404727 0.537233
vt 0.496321 0.537233
vt 0.597223 0.537233
vt 0.625000 0.537233
vt 0.875000 0.212767
vt 0.748412 0.212767
vt 0.625000 0.212767
vt 0.496321 0.633202
vt 0.404727 0.633202
vt 0.125000 0.116798
vt 0.375000 0.633202
vt 0.251588 0.116798
vt 0.375000 0.116798
vt 0.404727 0.116798
vt 0.496321 0.116798
vt 0.597223 0.116798
vt 0.625000 0.116798
vt 0.748412 0.116798
vt 0.625000 0.633202
vt 0.875000 0.116798
vt 0.597223 0.633202
vt 0.375000 0.125000
vt 0.375000 0.000000
vt 0.440954 0.000000
vt 0.440954 0.125000
vt 0.375000 0.375000
vt 0.375000 0.311206
vt 0.440954 0.311206
vt 0.440954 0.375000
vt 0.375000 0.625000
vt 0.375000 0.500000
vt 0.440954 0.500000
vt 0.440954 0.625000
vt 0.375000 0.814757
vt 0.375000 0.750000
vt 0.440954 0.750000
vt 0.440954 0.814757
vt 0.686206 0.125000
vt 0.686206 0.000000
vt 0.750000 0.000000
vt 0.750000 0.125000
vt 0.125000 0.125000
vt 0.125000 0.000000
vt 0.189757 0.000000
vt 0.189757 0.125000
vt 0.500000 0.000000
vt 0.560175 0.000000
vt 0.560175 0.125000
vt 0.500000 0.125000
vt 0.560175 0.250000
vt 0.500000 0.250000
vt 0.440954 0.250000
vt 0.375000 0.250000
vt 0.500000 0.311206
vt 0.560175 0.311206
vt 0.560175 0.375000
vt 0.500000 0.375000
vt 0.560175 0.435243
vt 0.560175 0.500000
vt 0.500000 0.500000
vt 0.500000 0.435243
vt 0.375000 0.435243
vt 0.440954 0.435243
vt 0.560175 0.625000
vt 0.500000 0.625000
vt 0.560175 0.750000
vt 0.500000 0.750000
vt 0.560175 0.814757
vt 0.500000 0.814757
vt 0.560175 0.875000
vt 0.560175 0.938794
vt 0.500000 0.938794
vt 0.500000 0.875000
vt 0.440954 0.938794
vt 0.375000 0.938794
vt 0.375000 0.875000
vt 0.440954 0.875000
vt 0.810243 0.125000
vt 0.810243 0.000000
vt 0.875000 0.000000
vt 0.875000 0.125000
vt 0.875000 0.250000
vt 0.810243 0.250000
vt 0.750000 0.250000
vt 0.686206 0.250000
vt 0.250000 0.000000
vt 0.313794 0.000000
vt 0.313794 0.125000
vt 0.250000 0.125000
vt 0.313794 0.250000
vt 0.250000 0.250000
vt 0.189757 0.250000
vt 0.125000 0.250000
vt 0.625000 0.311206
vt 0.625000 0.375000
vt 0.625000 0.435243
vt 0.625000 0.500000
vt 0.625000 0.625000
vt 0.625000 0.750000
vt 0.625000 0.814757
vt 0.625000 0.875000
vt 0.625000 0.938794
vt 0.625000 0.000000
vt 0.625000 0.125000
vt 0.625000 0.250000
vt 0.625000 1.000000
vt 0.560175 1.000000
vt 0.500000 1.000000
vt 0.440954 1.000000
vt 0.375000 1.000000
vt 0.375000 0.125000
vt 0.375000 0.000000
vt 0.440954 0.000000
vt 0.440954 0.125000
vt 0.375000 0.375000
vt 0.375000 0.311206
vt 0.440954 0.311206
vt 0.440954 0.375000
vt 0.375000 0.625000
vt 0.375000 0.500000
vt 0.440954 0.500000
vt 0.440954 0.625000
vt 0.375000 0.814757
vt 0.375000 0.750000
vt 0.440954 0.750000
vt 0.440954 0.814757
vt 0.686206 0.125000
vt 0.686206 0.000000
vt 0.750000 0.000000
vt 0.750000 0.125000
vt 0.125000 0.125000
vt 0.125000 0.000000
vt 0.189757 0.000000
vt 0.189757 0.125000
vt 0.500000 0.000000
vt 0.560175 0.000000
vt 0.560175 0.125000
vt 0.500000 0.125000
vt 0.560175 0.250000
vt 0.500000 0.250000
vt 0.440954 0.250000
vt 0.375000 0.250000
vt 0.500000 0.311206
vt 0.560175 0.311206
vt 0.560175 0.375000
vt 0.500000 0.375000
vt 0.560175 0.435243
vt 0.560175 0.500000
vt 0.500000 0.500000
vt 0.500000 0.435243
vt 0.375000 0.435243
vt 0.440954 0.435243
vt 0.560175 0.625000
vt 0.500000 0.625000
vt 0.560175 0.750000
vt 0.500000 0.750000
vt 0.560175 0.814757
vt 0.500000 0.814757
vt 0.560175 0.875000
vt 0.560175 0.938794
vt 0.500000 0.938794
vt 0.500000 0.875000
vt 0.440954 0.938794
vt 0.375000 0.938794
vt 0.375000 0.875000
vt 0.440954 0.875000
vt 0.810243 0.125000
vt 0.810243 0.000000
vt 0.875000 0.000000
vt 0.875000 0.125000
vt 0.875000 0.250000
vt 0.810243 0.250000
vt 0.750000 0.250000
vt 0.686206 0.250000
vt 0.250000 0.000000
vt 0.313794 0.000000
vt 0.313794 0.125000
vt 0.250000 0.125000
vt 0.313794 0.250000
vt 0.250000 0.250000
vt 0.189757 0.250000
vt 0.125000 0.250000
vt 0.625000 0.311206
vt 0.625000 0.375000
vt 0.625000 0.435243
vt 0.625000 0.500000
vt 0.625000 0.625000
vt 0.625000 0.750000
vt 0.625000 0.814757
vt 0.625000 0.875000
vt 0.625000 0.938794
vt 0.625000 0.000000
vt 0.625000 0.125000
vt 0.625000 0.250000
vt 0.625000 1.000000
vt 0.560175 1.000000
vt 0.500000 1.000000
vt 0.440954 1.000000
vt 0.375000 1.000000
vt 0.375000 0.125000
vt 0.375000 0.000000
vt 0.440954 0.000000
vt 0.440954 0.125000
vt 0.375000 0.375000
vt 0.375000 0.311206
vt 0.440954 0.311206
vt 0.440954 0.375000
vt 0.375000 0.625000
vt 0.375000 0.500000
vt 0.440954 0.500000
vt 0.440954 0.625000
vt 0.375000 0.814757
vt 0.375000 0.750000
vt 0.440954 0.750000
vt 0.440954 0.814757
vt 0.686206 0.125000
vt 0.686206 0.000000
vt 0.750000 0.000000
vt 0.750000 0.125000
vt 0.125000 0.125000
vt 0.125000 0.000000
vt 0.189757 0.000000
vt 0.189757 0.125000
vt 0.500000 0.000000
vt 0.560175 0.000000
vt 0.560175 0.125000
vt 0.500000 0.125000
vt 0.560175 0.250000
vt 0.500000 0.250000
vt 0.440954 0.250000
vt 0.375000 0.250000
vt 0.500000 0.311206
vt 0.560175 0.311206
vt 0.560175 0.375000
vt 0.500000 0.375000
vt 0.560175 0.435243
vt 0.560175 0.500000
vt 0.500000 0.500000
vt 0.500000 0.435243
vt 0.375000 0.435243
vt 0.440954 0.435243
vt 0.560175 0.625000
vt 0.500000 0.625000
vt 0.560175 0.750000
vt 0.500000 0.750000
vt 0.560175 0.814757
vt 0.500000 0.814757
vt 0.560175 0.875000
vt 0.560175 0.938794
vt 0.500000 0.938794
vt 0.500000 0.875000
vt 0.440954 0.938794
vt 0.375000 0.938794
vt 0.375000 0.875000
vt 0.440954 0.875000
vt 0.810243 0.125000
vt 0.810243 0.000000
vt 0.875000 0.000000
vt 0.875000 0.125000
vt 0.875000 0.250000
vt 0.810243 0.250000
vt 0.750000 0.250000
vt 0.686206 0.250000
vt 0.250000 0.000000
vt 0.313794 0.000000
vt 0.313794 0.125000
vt 0.250000 0.125000
vt 0.313794 0.250000
vt 0.250000 0.250000
vt 0.189757 0.250000
vt 0.125000 0.250000
vt 0.625000 0.311206
vt 0.625000 0.375000
vt 0.625000 0.435243
vt 0.625000 0.500000
vt 0.625000 0.625000
vt 0.625000 0.750000
vt 0.625000 0.814757
vt 0.625000 0.875000
vt 0.625000 0.938794
vt 0.625000 0.000000
vt 0.625000 0.125000
vt 0.625000 0.250000
vt 0.625000 1.000000
vt 0.560175 1.000000
vt 0.500000 1.000000
vt 0.440954 1.000000
vt 0.375000 1.000000
vt 0.375000 0.125000
vt 0.375000 0.000000
vt 0.440954 0.000000
vt 0.440954 0.125000
vt 0.375000 0.375000
vt 0.375000 0.311206
vt 0.440954 0.311206
vt 0.440954 0.375000
vt 0.375000 0.625000
vt 0.375000 0.500000
vt 0.440954 0.500000
vt 0.440954 0.625000
vt 0.375000 0.814757
vt 0.375000 0.750000
vt 0.440954 0.750000
vt 0.440954 0.814757
vt 0.686206 0.125000
vt 0.686206 0.000000
vt 0.750000 0.000000
vt 0.750000 0.125000
vt 0.125000 0.125000
vt 0.125000 0.000000
vt 0.189757 0.000000
vt 0.189757 0.125000
vt 0.500000 0.000000
vt 0.560175 0.000000
vt 0.560175 0.125000
vt 0.500000 0.125000
vt 0.560175 0.250000
vt 0.500000 0.250000
vt 0.440954 0.250000
vt 0.375000 0.250000
vt 0.500000 0.311206
vt 0.560175 0.311206
vt 0.560175 0.375000
vt 0.500000 0.375000
vt 0.560175 0.435243
vt 0.560175 0.500000
vt 0.500000 0.500000
vt 0.500000 0.435243
vt 0.375000 0.435243
vt 0.440954 0.435243
vt 0.560175 0.625000
vt 0.500000 0.625000
vt 0.560175 0.750000
vt 0.500000 0.750000
vt 0.560175 0.814757
vt 0.500000 0.814757
vt 0.560175 0.875000
vt 0.560175 0.938794
vt 0.500000 0.938794
vt 0.500000 0.875000
vt 0.440954 0.938794
vt 0.375000 0.938794
vt 0.375000 0.875000
vt 0.440954 0.875000
vt 0.810243 0.125000
vt 0.810243 0.000000
vt 0.875000 0.000000
vt 0.875000 0.125000
vt 0.875000 0.250000
vt 0.810243 0.250000
vt 0.750000 0.250000
vt 0.686206 0.250000
vt 0.250000 0.000000
vt 0.313794 0.000000
vt 0.313794 0.125000
vt 0.250000 0.125000
vt 0.313794 0.250000
vt 0.250000 0.250000
vt 0.189757 0.250000
vt 0.125000 0.250000
vt 0.625000 0.311206
vt 0.625000 0.375000
vt 0.625000 0.435243
vt 0.625000 0.500000
vt 0.625000 0.625000
vt 0.625000 0.750000
vt 0.625000 0.814757
vt 0.625000 0.875000
vt 0.625000 0.938794
vt 0.625000 0.000000
vt 0.625000 0.125000
vt 0.625000 0.250000
vt 0.625000 1.000000
vt 0.560175 1.000000
vt 0.500000 1.000000
vt 0.440954 1.000000
vt 0.375000 1.000000
vt 0.375000 0.125000
vt 0.375000 0.000000
vt 0.440954 0.000000
vt 0.440954 0.125000
vt 0.375000 0.375000
vt 0.375000 0.311206
vt 0.440954 0.311206
vt 0.440954 0.375000
vt 0.375000 0.625000
vt 0.375000 0.500000
vt 0.440954 0.500000
vt 0.440954 0.625000
vt 0.375000 0.814757
vt 0.375000 0.750000
vt 0.440954 0.750000
vt 0.440954 0.814757
vt 0.686206 0.125000
vt 0.686206 0.000000
vt 0.750000 0.000000
vt 0.750000 0.125000
vt 0.125000 0.125000
vt 0.125000 0.000000
vt 0.189757 0.000000
vt 0.189757 0.125000
vt 0.500000 0.000000
vt 0.560175 0.000000
vt 0.560175 0.125000
vt 0.500000 0.125000
vt 0.560175 0.250000
vt 0.500000 0.250000
vt 0.440954 0.250000
vt 0.375000 0.250000
vt 0.500000 0.311206
vt 0.560175 0.311206
vt 0.560175 0.375000
vt 0.500000 0.375000
vt 0.560175 0.435243
vt 0.560175 0.500000
vt 0.500000 0.500000
vt 0.500000 0.435243
vt 0.375000 0.435243
vt 0.440954 0.435243
vt 0.560175 0.625000
vt 0.500000 0.625000
vt 0.560175 0.750000
vt 0.500000 0.750000
vt 0.560175 0.814757
vt 0.500000 0.814757
vt 0.560175 0.875000
vt 0.560175 0.938794
vt 0.500000 0.938794
vt 0.500000 0.875000
vt 0.440954 0.938794
vt 0.375000 0.938794
vt 0.375000 0.875000
vt 0.440954 0.875000
vt 0.810243 0.125000
vt 0.810243 0.000000
vt 0.875000 0.000000
vt 0.875000 0.125000
vt 0.875000 0.250000
vt 0.810243 0.250000
vt 0.750000 0.250000
vt 0.686206 0.250000
vt 0.250000 0.000000
vt 0.313794 0.000000
vt 0.313794 0.125000
vt 0.250000 0.125000
vt 0.313794 0.250000
vt 0.250000 0.250000
vt 0.189757 0.250000
vt 0.125000 0.250000
vt 0.625000 0.311206
vt 0.625000 0.375000
vt 0.625000 0.435243
vt 0.625000 0.500000
vt 0.625000 0.625000
vt 0.625000 0.750000
vt 0.625000 0.814757
vt 0.625000 0.875000
vt 0.625000 0.938794
vt 0.625000 0.000000
vt 0.625000 0.125000
vt 0.625000 0.250000
vt 0.625000 1.000000
vt 0.560175 1.000000
vt 0.500000 1.000000
vt 0.440954 1.000000
vt 0.375000 1.000000
vt 0.375000 0.125000
vt 0.375000 0.000000
vt 0.440954 0.000000
vt 0.440954 0.125000
vt 0.375000 0.375000
vt 0.375000 0.311206
vt 0.440954 0.311206
vt 0.440954 0.375000
vt 0.375000 0.625000
vt 0.375000 0.500000
vt 0.440954 0.500000
vt 0.440954 0.625000
vt 0.375000 0.814757
vt 0.375000 0.750000
vt 0.440954 0.750000
vt 0.440954 0.814757
vt 0.686206 0.125000
vt 0.686206 0.000000
vt 0.750000 0.000000
vt 0.750000 0.125000
vt 0.125000 0.125000
vt 0.125000 0.000000
vt 0.189757 0.000000
vt 0.189757 0.125000
vt 0.500000 0.000000
vt 0.560175 0.000000
vt 0.560175 0.125000
vt 0.500000 0.125000
vt 0.560175 0.250000
vt 0.500000 0.250000
vt 0.440954 0.250000
vt 0.375000 0.250000
vt 0.500000 0.311206
vt 0.560175 0.311206
vt 0.560175 0.375000
vt 0.500000 0.375000
vt 0.560175 0.435243
vt 0.560175 0.500000
vt 0.500000 0.500000
vt 0.500000 0.435243
vt 0.375000 0.435243
vt 0.440954 0.435243
vt 0.560175 0.625000
vt 0.500000 0.625000
vt 0.560175 0.750000
vt 0.500000 0.750000
vt 0.560175 0.814757
vt 0.500000 0.814757
vt 0.560175 0.875000
vt 0.560175 0.938794
vt 0.500000 0.938794
vt 0.500000 0.875000
vt 0.440954 0.938794
vt 0.375000 0.938794
vt 0.375000 0.875000
vt 0.440954 0.875000
vt 0.810243 0.125000
vt 0.810243 0.000000
vt 0.875000 0.000000
vt 0.875000 0.125000
vt 0.875000 0.250000
vt 0.810243 0.250000
vt 0.750000 0.250000
vt 0.686206 0.250000
vt 0.250000 0.000000
vt 0.313794 0.000000
vt 0.313794 0.125000
vt 0.250000 0.125000
vt 0.313794 0.250000
vt 0.250000 0.250000
vt 0.189757 0.250000
vt 0.125000 0.250000
vt 0.625000 0.311206
vt 0.625000 0.375000
vt 0.625000 0.435243
vt 0.625000 0.500000
vt 0.625000 0.625000
vt 0.625000 0.750000
vt 0.625000 0.814757
vt 0.625000 0.875000
vt 0.625000 0.938794
vt 0.625000 0.000000
vt 0.625000 0.125000
vt 0.625000 0.250000
vt 0.625000 1.000000
vt 0.560175 1.000000
vt 0.500000 1.000000
vt 0.440954 1.000000
vt 0.375000 1.000000
vt 0.375000 0.125000
vt 0.375000 0.000000
vt 0.440954 0.000000
vt 0.440954 0.125000
vt 0.375000 0.375000
vt 0.375000 0.311206
vt 0.440954 0.311206
vt 0.440954 0.375000
vt 0.375000 0.625000
vt 0.375000 0.500000
vt 0.440954 0.500000
vt 0.440954 0.625000
vt 0.375000 0.814757
vt 0.375000 0.750000
vt 0.440954 0.750000
vt 0.440954 0.814757
vt 0.686206 0.125000
vt 0.686206 0.000000
vt 0.750000 0.000000
vt 0.750000 0.125000
vt 0.125000 0.125000
vt 0.125000 0.000000
vt 0.189757 0.000000
vt 0.189757 0.125000
vt 0.500000 0.000000
vt 0.560175 0.000000
vt 0.560175 0.125000
vt 0.500000 0.125000
vt 0.560175 0.250000
vt 0.500000 0.250000
vt 0.440954 0.250000
vt 0.375000 0.250000
vt 0.500000 0.311206
vt 0.560175 0.311206
vt 0.560175 0.375000
vt 0.500000 0.375000
vt 0.560175 0.435243
vt 0.560175 0.500000
vt 0.500000 0.500000
vt 0.500000 0.435243
vt 0.375000 0.435243
vt 0.440954 0.435243
vt 0.560175 0.625000
vt 0.500000 0.625000
vt 0.560175 0.750000
vt 0.500000 0.750000
vt 0.560175 0.814757
vt 0.500000 0.814757
vt 0.560175 0.875000
vt 0.560175 0.938794
vt 0.500000 0.938794
vt 0.500000 0.875000
vt 0.440954 0.938794
vt 0.375000 0.938794
vt 0.375000 0.875000
vt 0.440954 0.875000
vt 0.810243 0.125000
vt 0.810243 0.000000
vt 0.875000 0.000000
vt 0.875000 0.125000
vt 0.875000 0.250000
vt 0.810243 0.250000
vt 0.750000 0.250000
vt 0.686206 0.250000
vt 0.250000 0.000000
vt 0.313794 0.000000
vt 0.313794 0.125000
vt 0.250000 0.125000
vt 0.313794 0.250000
vt 0.250000 0.250000
vt 0.189757 0.250000
vt 0.125000 0.250000
vt 0.625000 0.311206
vt 0.625000 0.375000
vt 0.625000 0.435243
vt 0.625000 0.500000
vt 0.625000 0.625000
vt 0.625000 0.750000
vt 0.625000 0.814757
vt 0.625000 0.875000
vt 0.625000 0.938794
vt 0.625000 0.000000
vt 0.625000 0.125000
vt 0.625000 0.250000
vt 0.625000 1.000000
vt 0.560175 1.000000
vt 0.500000 1.000000
vt 0.440954 1.000000
vt 0.375000 1.000000
vt 0.375000 0.125000
vt 0.375000 0.000000
vt 0.440954 0.000000
vt 0.440954 0.125000
vt 0.375000 0.375000
vt 0.375000 0.311206
vt 0.440954 0.311206
vt 0.440954 0.375000
vt 0.375000 0.625000
vt 0.375000 0.500000
vt 0.440954 0.500000
vt 0.440954 0.625000
vt 0.375000 0.814757
vt 0.375000 0.750000
vt 0.440954 0.750000
vt 0.440954 0.814757
vt 0.686206 0.125000
vt 0.686206 0.000000
vt 0.750000 0.000000
vt 0.750000 0.125000
vt 0.125000 0.125000
vt 0.125000 0.000000
vt 0.189757 0.000000
vt 0.189757 0.125000
vt 0.500000 0.000000
vt 0.560175 0.000000
vt 0.560175 0.125000
vt 0.500000 0.125000
vt 0.560175 0.250000
vt 0.500000 0.250000
vt 0.440954 0.250000
vt 0.375000 0.250000
vt 0.500000 0.311206
vt 0.560175 0.311206
vt 0.560175 0.375000
vt 0.500000 0.375000
vt 0.560175 0.435243
vt 0.560175 0.500000
vt 0.500000 0.500000
vt 0.500000 0.435243
vt 0.375000 0.435243
vt 0.440954 0.435243
vt 0.560175 0.625000
vt 0.500000 0.625000
vt 0.560175 0.750000
vt 0.500000 0.750000
vt 0.560175 0.814757
vt 0.500000 0.814757
vt 0.560175 0.875000
vt 0.560175 0.938794
vt 0.500000 0.938794
vt 0.500000 0.875000
vt 0.440954 0.938794
vt 0.375000 0.938794
vt 0.375000 0.875000
vt 0.440954 0.875000
vt 0.810243 0.125000
vt 0.810243 0.000000
vt 0.875000 0.000000
vt 0.875000 0.125000
vt 0.875000 0.250000
vt 0.810243 0.250000
vt 0.750000 0.250000
vt 0.686206 0.250000
vt 0.250000 0.000000
vt 0.313794 0.000000
vt 0.313794 0.125000
vt 0.250000 0.125000
vt 0.313794 0.250000
vt 0.250000 0.250000
vt 0.189757 0.250000
vt 0.125000 0.250000
vt 0.625000 0.311206
vt 0.625000 0.375000
vt 0.625000 0.435243
vt 0.625000 0.500000
vt 0.625000 0.625000
vt 0.625000 0.750000
vt 0.625000 0.814757
vt 0.625000 0.875000
vt 0.625000 0.938794
vt 0.625000 0.000000
vt 0.625000 0.125000
vt 0.625000 0.250000
vt 0.625000 1.000000
vt 0.560175 1.000000
vt 0.500000 1.000000
vt 0.440954 1.000000
vt 0.375000 1.000000
vt 0.375000 0.125000
vt 0.375000 0.000000
vt 0.440954 0.000000
vt 0.440954 0.125000
vt 0.375000 0.375000
vt 0.375000 0.311206
vt 0.440954 0.311206
vt 0.440954 0.375000
vt 0.375000 0.625000
vt 0.375000 0.500000
vt 0.440954 0.500000
vt 0.440954 0.625000
vt 0.375000 0.814757
vt 0.375000 0.750000
vt 0.440954 0.750000
vt 0.440954 0.814757
vt 0.686206 0.125000
vt 0.686206 0.000000
vt 0.750000 0.000000
vt 0.750000 0.125000
vt 0.125000 0.125000
vt 0.125000 0.000000
vt 0.189757 0.000000
vt 0.189757 0.125000
vt 0.500000 0.000000
vt 0.560175 0.000000
vt 0.560175 0.125000
vt 0.500000 0.125000
vt 0.560175 0.250000
vt 0.500000 0.250000
vt 0.440954 0.250000
vt 0.375000 0.250000
vt 0.500000 0.311206
vt 0.560175 0.311206
vt 0.560175 0.375000
vt 0.500000 0.375000
vt 0.560175 0.435243
vt 0.560175 0.500000
vt 0.500000 0.500000
vt 0.500000 0.435243
vt 0.375000 0.435243
vt 0.440954 0.435243
vt 0.560175 0.625000
vt 0.500000 0.625000
vt 0.560175 0.750000
vt 0.500000 0.750000
vt 0.560175 0.814757
vt 0.500000 0.814757
vt 0.560175 0.875000
vt 0.560175 0.938794
vt 0.500000 0.938794
vt 0.500000 0.875000
vt 0.440954 0.938794
vt 0.375000 0.938794
vt 0.375000 0.875000
vt 0.440954 0.875000
vt 0.810243 0.125000
vt 0.810243 0.000000
vt 0.875000 0.000000
vt 0.875000 0.125000
vt 0.875000 0.250000
vt 0.810243 0.250000
vt 0.750000 0.250000
vt 0.686206 0.250000
vt 0.250000 0.000000
vt 0.313794 0.000000
vt 0.313794 0.125000
vt 0.250000 0.125000
vt 0.313794 0.250000
vt 0.250000 0.250000
vt 0.189757 0.250000
vt 0.125000 0.250000
vt 0.625000 0.311206
vt 0.625000 0.375000
vt 0.625000 0.435243
vt 0.625000 0.500000
vt 0.625000 0.625000
vt 0.625000 0.750000
vt 0.625000 0.814757
vt 0.625000 0.875000
vt 0.625000 0.938794
vt 0.625000 0.000000
vt 0.625000 0.125000
vt 0.625000 0.250000
vt 0.625000 1.000000
vt 0.560175 1.000000
vt 0.500000 1.000000
vt 0.440954 1.000000
vt 0.375000 1.000000
vt 0.375000 0.125000
vt 0.375000 0.000000
vt 0.440954 0.000000
vt 0.440954 0.125000
vt 0.375000 0.375000
vt 0.375000 0.311206
vt 0.440954 0.311206
vt 0.440954 0.375000
vt 0.375000 0.625000
vt 0.375000 0.500000
vt 0.440954 0.500000
vt 0.440954 0.625000
vt 0.375000 0.814757
vt 0.375000 0.750000
vt 0.440954 0.750000
vt 0.440954 0.814757
vt 0.686206 0.125000
vt 0.686206 0.000000
vt 0.750000 0.000000
vt 0.750000 0.125000
vt 0.125000 0.125000
vt 0.125000 0.000000
vt 0.189757 0.000000
vt 0.189757 0.125000
vt 0.500000 0.000000
vt 0.560175 0.000000
vt 0.560175 0.125000
vt 0.500000 0.125000
vt 0.560175 0.250000
vt 0.500000 0.250000
vt 0.440954 0.250000
vt 0.375000 0.250000
vt 0.500000 0.311206
vt 0.560175 0.311206
vt 0.560175 0.375000
vt 0.500000 0.375000
vt 0.560175 0.435243
vt 0.560175 0.500000
vt 0.500000 0.500000
vt 0.500000 0.435243
vt 0.375000 0.435243
vt 0.440954 0.435243
vt 0.560175 0.625000
vt 0.500000 0.625000
vt 0.560175 0.750000
vt 0.500000 0.750000
vt 0.560175 0.814757
vt 0.500000 0.814757
vt 0.560175 0.875000
vt 0.560175 0.938794
vt 0.500000 0.938794
vt 0.500000 0.875000
vt 0.440954 0.938794
vt 0.375000 0.938794
vt 0.375000 0.875000
vt 0.440954 0.875000
vt 0.810243 0.125000
vt 0.810243 0.000000
vt 0.875000 0.000000
vt 0.875000 0.125000
vt 0.875000 0.250000
vt 0.810243 0.250000
vt 0.750000 0.250000
vt 0.686206 0.250000
vt 0.250000 0.000000
vt 0.313794 0.000000
vt 0.313794 0.125000
vt 0.250000 0.125000
vt 0.313794 0.250000
vt 0.250000 0.250000
vt 0.189757 0.250000
vt 0.125000 0.250000
vt 0.625000 0.311206
vt 0.625000 0.375000
vt 0.625000 0.435243
vt 0.625000 0.500000
vt 0.625000 0.625000
vt 0.625000 0.750000
vt 0.625000 0.814757
vt 0.625000 0.875000
vt 0.625000 0.938794
vt 0.625000 0.000000
vt 0.625000 0.125000
vt 0.625000 0.250000
vt 0.625000 1.000000
vt 0.560175 1.000000
vt 0.500000 1.000000
vt 0.440954 1.000000
vt 0.375000 1.000000
vt 0.375000 0.000000
vt 0.404727 0.000000
vt 0.404727 0.047425
vt 0.375000 0.047425
vt 0.375000 0.250000
vt 0.404727 0.250000
vt 0.404727 0.373412
vt 0.375000 0.373412
vt 0.375000 0.702575
vt 0.404727 0.702575
vt 0.404727 0.750000
vt 0.375000 0.750000
vt 0.375000 0.876588
vt 0.404727 0.876588
vt 0.404727 1.000000
vt 0.375000 1.000000
vt 0.625000 0.000000
vt 0.748412 0.000000
vt 0.748412 0.047425
vt 0.625000 0.047425
vt 0.251588 0.000000
vt 0.251588 0.047425
vt 0.597223 0.250000
vt 0.625000 0.250000
vt 0.625000 0.373412
vt 0.597223 0.373412
vt 0.597223 0.750000
vt 0.597223 0.702575
vt 0.625000 0.702575
vt 0.625000 0.750000
vt 0.597223 1.000000
vt 0.597223 0.876588
vt 0.625000 0.876588
vt 0.625000 1.000000
vt 0.597223 0.047425
vt 0.597223 0.000000
vt 0.496321 0.250000
vt 0.496321 0.373412
vt 0.496321 0.702575
vt 0.496321 0.750000
vt 0.496321 0.876588
vt 0.496321 1.000000
vt 0.496321 0.000000
vt 0.496321 0.047425
vt 0.625000 0.212767
vt 0.597223 0.212767
vt 0.597223 0.192081
vt 0.625000 0.192081
vt 0.404727 0.212767
vt 0.404727 0.192081
vt 0.496321 0.192081
vt 0.496321 0.212767
vt 0.375000 0.192081
vt 0.375000 0.212767
vt 0.251588 0.192081
vt 0.251588 0.212767
vt 0.375000 0.537233
vt 0.404727 0.537233
vt 0.404727 0.557919
vt 0.375000 0.557919
vt 0.496321 0.557919
vt 0.496321 0.537233
vt 0.625000 0.557919
vt 0.597223 0.557919
vt 0.597223 0.537233
vt 0.625000 0.537233
vt 0.748412 0.192081
vt 0.748412 0.212767
vt 0.125000 0.192081
vt 0.125000 0.212767
vt 0.125000 0.000000
vt 0.125000 0.047425
vt 0.875000 0.000000
vt 0.875000 0.047425
vt 0.875000 0.192081
vt 0.875000 0.212767
vt 0.625000 0.500000
vt 0.597223 0.500000
vt 0.496321 0.500000
vt 0.404727 0.500000
vt 0.375000 0.500000
vt 0.597223 0.116798
vt 0.625000 0.116798
vt 0.496321 0.116798
vt 0.404727 0.116798
vt 0.375000 0.116798
vt 0.251588 0.116798
vt 0.125000 0.116798
vt 0.404727 0.633202
vt 0.375000 0.633202
vt 0.496321 0.633202
vt 0.597223 0.633202
vt 0.625000 0.633202
vt 0.748412 0.116798
vt 0.875000 0.116798
vt 0.251588 0.250000
vt 0.125000 0.250000
vt 0.748412 0.250000
vt 0.875000 0.250000
vt 0.375000 0.125000
vt 0.375000 0.000000
vt 0.440954 0.000000
vt 0.440954 0.125000
vt 0.375000 0.375000
vt 0.375000 0.311206
vt 0.440954 0.311206
vt 0.440954 0.375000
vt 0.375000 0.625000
vt 0.375000 0.500000
vt 0.440954 0.500000
vt 0.440954 0.625000
vt 0.375000 0.814757
vt 0.375000 0.750000
vt 0.440954 0.750000
vt 0.440954 0.814757
vt 0.686206 0.125000
vt 0.686206 0.000000
vt 0.750000 0.000000
vt 0.750000 0.125000
vt 0.125000 0.125000
vt 0.125000 0.000000
vt 0.189757 0.000000
vt 0.189757 0.125000
vt 0.500000 0.000000
vt 0.560175 0.000000
vt 0.560175 0.125000
vt 0.500000 0.125000
vt 0.560175 0.250000
vt 0.500000 0.250000
vt 0.440954 0.250000
vt 0.375000 0.250000
vt 0.500000 0.311206
vt 0.560175 0.311206
vt 0.560175 0.375000
vt 0.500000 0.375000
vt 0.560175 0.435243
vt 0.560175 0.500000
vt 0.500000 0.500000
vt 0.500000 0.435243
vt 0.375000 0.435243
vt 0.440954 0.435243
vt 0.560175 0.625000
vt 0.500000 0.625000
vt 0.560175 0.750000
vt 0.500000 0.750000
vt 0.560175 0.814757
vt 0.500000 0.814757
vt 0.560175 0.875000
vt 0.560175 0.938794
vt 0.500000 0.938794
vt 0.500000 0.875000
vt 0.440954 0.938794
vt 0.375000 0.938794
vt 0.375000 0.875000
vt 0.440954 0.875000
vt 0.810243 0.125000
vt 0.810243 0.000000
vt 0.875000 0.000000
vt 0.875000 0.125000
vt 0.875000 0.250000
vt 0.810243 0.250000
vt 0.750000 0.250000
vt 0.686206 0.250000
vt 0.250000 0.000000
vt 0.313794 0.000000
vt 0.313794 0.125000
vt 0.250000 0.125000
vt 0.313794 0.250000
vt 0.250000 0.250000
vt 0.189757 0.250000
vt 0.125000 0.250000
vt 0.625000 0.311206
vt 0.625000 0.375000
vt 0.625000 0.435243
vt 0.625000 0.500000
vt 0.625000 0.625000
vt 0.625000 0.750000
vt 0.625000 0.814757
vt 0.625000 0.875000
vt 0.625000 0.938794
vt 0.625000 0.000000
vt 0.625000 0.125000
vt 0.625000 0.250000
vt 0.625000 1.000000
vt 0.560175 1.000000
vt 0.500000 1.000000
vt 0.440954 1.000000
vt 0.375000 1.000000
vt 0.375000 0.125000
vt 0.375000 0.000000
vt 0.440954 0.000000
vt 0.440954 0.125000
vt 0.375000 0.375000
vt 0.375000 0.311206
vt 0.440954 0.311206
vt 0.440954 0.375000
vt 0.375000 0.625000
vt 0.375000 0.500000
vt 0.440954 0.500000
vt 0.440954 0.625000
vt 0.375000 0.814757
vt 0.375000 0.750000
vt 0.440954 0.750000
vt 0.440954 0.814757
vt 0.686206 0.125000
vt 0.686206 0.000000
vt 0.750000 0.000000
vt 0.750000 0.125000
vt 0.125000 0.125000
vt 0.125000 0.000000
vt 0.189757 0.000000
vt 0.189757 0.125000
vt 0.500000 0.000000
vt 0.560175 0.000000
vt 0.560175 0.125000
vt 0.500000 0.125000
vt 0.560175 0.250000
vt 0.500000 0.250000
vt 0.440954 0.250000
vt 0.375000 0.250000
vt 0.500000 0.311206
vt 0.560175 0.311206
vt 0.560175 0.375000
vt 0.500000 0.375000
vt 0.560175 0.435243
vt 0.560175 0.500000
vt 0.500000 0.500000
vt 0.500000 0.435243
vt 0.375000 0.435243
vt 0.440954 0.435243
vt 0.560175 0.625000
vt 0.500000 0.625000
vt 0.560175 0.750000
vt 0.500000 0.750000
vt 0.560175 0.814757
vt 0.500000 0.814757
vt 0.560175 0.875000
vt 0.560175 0.938794
vt 0.500000 0.938794
vt 0.500000 0.875000
vt 0.440954 0.938794
vt 0.375000 0.938794
vt 0.375000 0.875000
vt 0.440954 0.875000
vt 0.810243 0.125000
vt 0.810243 0.000000
vt 0.875000 0.000000
vt 0.875000 0.125000
vt 0.875000 0.250000
vt 0.810243 0.250000
vt 0.750000 0.250000
vt 0.686206 0.250000
vt 0.250000 0.000000
vt 0.313794 0.000000
vt 0.313794 0.125000
vt 0.250000 0.125000
vt 0.313794 0.250000
vt 0.250000 0.250000
vt 0.189757 0.250000
vt 0.125000 0.250000
vt 0.625000 0.311206
vt 0.625000 0.375000
vt 0.625000 0.435243
vt 0.625000 0.500000
vt 0.625000 0.625000
vt 0.625000 0.750000
vt 0.625000 0.814757
vt 0.625000 0.875000
vt 0.625000 0.938794
vt 0.625000 0.000000
vt 0.625000 0.125000
vt 0.625000 0.250000
vt 0.625000 1.000000
vt 0.560175 1.000000
vt 0.500000 1.000000
vt 0.440954 1.000000
vt 0.375000 1.000000
vt 0.375000 0.125000
vt 0.375000 0.000000
vt 0.440954 0.000000
vt 0.440954 0.125000
vt 0.375000 0.375000
vt 0.375000 0.311206
vt 0.440954 0.311206
vt 0.440954 0.375000
vt 0.375000 0.625000
vt 0.375000 0.500000
vt 0.440954 0.500000
vt 0.440954 0.625000
vt 0.375000 0.814757
vt 0.375000 0.750000
vt 0.440954 0.750000
vt 0.440954 0.814757
vt 0.686206 0.125000
vt 0.686206 0.000000
vt 0.750000 0.000000
vt 0.750000 0.125000
vt 0.125000 0.125000
vt 0.125000 0.000000
vt 0.189757 0.000000
vt 0.189757 0.125000
vt 0.500000 0.000000
vt 0.560175 0.000000
vt 0.560175 0.125000
vt 0.500000 0.125000
vt 0.560175 0.250000
vt 0.500000 0.250000
vt 0.440954 0.250000
vt 0.375000 0.250000
vt 0.500000 0.311206
vt 0.560175 0.311206
vt 0.560175 0.375000
vt 0.500000 0.375000
vt 0.560175 0.435243
vt 0.560175 0.500000
vt 0.500000 0.500000
vt 0.500000 0.435243
vt 0.375000 0.435243
vt 0.440954 0.435243
vt 0.560175 0.625000
vt 0.500000 0.625000
vt 0.560175 0.750000
vt 0.500000 0.750000
vt 0.560175 0.814757
vt 0.500000 0.814757
vt 0.560175 0.875000
vt 0.560175 0.938794
vt 0.500000 0.938794
vt 0.500000 0.875000
vt 0.440954 0.938794
vt 0.375000 0.938794
vt 0.375000 0.875000
vt 0.440954 0.875000
vt 0.810243 0.125000
vt 0.810243 0.000000
vt 0.875000 0.000000
vt 0.875000 0.125000
vt 0.875000 0.250000
vt 0.810243 0.250000
vt 0.750000 0.250000
vt 0.686206 0.250000
vt 0.250000 0.000000
vt 0.313794 0.000000
vt 0.313794 0.125000
vt 0.250000 0.125000
vt 0.313794 0.250000
vt 0.250000 0.250000
vt 0.189757 0.250000
vt 0.125000 0.250000
vt 0.625000 0.311206
vt 0.625000 0.375000
vt 0.625000 0.435243
vt 0.625000 0.500000
vt 0.625000 0.625000
vt 0.625000 0.750000
vt 0.625000 0.814757
vt 0.625000 0.875000
vt 0.625000 0.938794
vt 0.625000 0.000000
vt 0.625000 0.125000
vt 0.625000 0.250000
vt 0.625000 1.000000
vt 0.560175 1.000000
vt 0.500000 1.000000
vt 0.440954 1.000000
vt 0.375000 1.000000
vt 0.375000 0.125000
vt 0.375000 0.000000
vt 0.440954 0.000000
vt 0.440954 0.125000
vt 0.375000 0.375000
vt 0.375000 0.311206
vt 0.440954 0.311206
vt 0.440954 0.375000
vt 0.375000 0.625000
vt 0.375000 0.500000
vt 0.440954 0.500000
vt 0.440954 0.625000
vt 0.375000 0.814757
vt 0.375000 0.750000
vt 0.440954 0.750000
vt 0.440954 0.814757
vt 0.686206 0.125000
vt 0.686206 0.000000
vt 0.750000 0.000000
vt 0.750000 0.125000
vt 0.125000 0.125000
vt 0.125000 0.000000
vt 0.189757 0.000000
vt 0.189757 0.125000
vt 0.500000 0.000000
vt 0.560175 0.000000
vt 0.560175 0.125000
vt 0.500000 0.125000
vt 0.560175 0.250000
vt 0.500000 0.250000
vt 0.440954 0.250000
vt 0.375000 0.250000
vt 0.500000 0.311206
vt 0.560175 0.311206
vt 0.560175 0.375000
vt 0.500000 0.375000
vt 0.560175 0.435243
vt 0.560175 0.500000
vt 0.500000 0.500000
vt 0.500000 0.435243
vt 0.375000 0.435243
vt 0.440954 0.435243
vt 0.560175 0.625000
vt 0.500000 0.625000
vt 0.560175 0.750000
vt 0.500000 0.750000
vt 0.560175 0.814757
vt 0.500000 0.814757
vt 0.560175 0.875000
vt 0.560175 0.938794
vt 0.500000 0.938794
vt 0.500000 0.875000
vt 0.440954 0.938794
vt 0.375000 0.938794
vt 0.375000 0.875000
vt 0.440954 0.875000
vt 0.810243 0.125000
vt 0.810243 0.000000
vt 0.875000 0.000000
vt 0.875000 0.125000
vt 0.875000 0.250000
vt 0.810243 0.250000
vt 0.750000 0.250000
vt 0.686206 0.250000
vt 0.250000 0.000000
vt 0.313794 0.000000
vt 0.313794 0.125000
vt 0.250000 0.125000
vt 0.313794 0.250000
vt 0.250000 0.250000
vt 0.189757 0.250000
vt 0.125000 0.250000
vt 0.625000 0.311206
vt 0.625000 0.375000
vt 0.625000 0.435243
vt 0.625000 0.500000
vt 0.625000 0.625000
vt 0.625000 0.750000
vt 0.625000 0.814757
vt 0.625000 0.875000
vt 0.625000 0.938794
vt 0.625000 0.000000
vt 0.625000 0.125000
vt 0.625000 0.250000
vt 0.625000 1.000000
vt 0.560175 1.000000
vt 0.500000 1.000000
vt 0.440954 1.000000
vt 0.375000 1.000000
vt 0.375000 0.000000
vt 0.404727 0.000000
vt 0.404727 0.047425
vt 0.375000 0.047425
vt 0.375000 0.250000
vt 0.404727 0.250000
vt 0.404727 0.373412
vt 0.375000 0.373412
vt 0.375000 0.702575
vt 0.404727 0.702575
vt 0.404727 0.750000
vt 0.375000 0.750000
vt 0.375000 0.876588
vt 0.404727 0.876588
vt 0.404727 1.000000
vt 0.375000 1.000000
vt 0.625000 0.000000
vt 0.748412 0.000000
vt 0.748412 0.047425
vt 0.625000 0.047425
vt 0.251588 0.000000
vt 0.251588 0.047425
vt 0.597223 0.250000
vt 0.625000 0.250000
vt 0.625000 0.373412
vt 0.597223 0.373412
vt 0.597223 0.750000
vt 0.597223 0.702575
vt 0.625000 0.702575
vt 0.625000 0.750000
vt 0.597223 1.000000
vt 0.597223 0.876588
vt 0.625000 0.876588
vt 0.625000 1.000000
vt 0.597223 0.047425
vt 0.597223 0.000000
vt 0.496321 0.250000
vt 0.496321 0.373412
vt 0.496321 0.702575
vt 0.496321 0.750000
vt 0.496321 0.876588
vt 0.496321 1.000000
vt 0.496321 0.000000
vt 0.496321 0.047425
vt 0.625000 0.212767
vt 0.597223 0.212767
vt 0.597223 0.192081
vt 0.625000 0.192081
vt 0.404727 0.212767
vt 0.404727 0.192081
vt 0.496321 0.192081
vt 0.496321 0.212767
vt 0.375000 0.192081
vt 0.375000 0.212767
vt 0.251588 0.192081
vt 0.251588 0.212767
vt 0.375000 0.537233
vt 0.404727 0.537233
vt 0.404727 0.557919
vt 0.375000 0.557919
vt 0.496321 0.557919
vt 0.496321 0.537233
vt 0.625000 0.557919
vt 0.597223 0.557919
vt 0.597223 0.537233
vt 0.625000 0.537233
vt 0.748412 0.192081
vt 0.748412 0.212767
vt 0.125000 0.192081
vt 0.125000 0.212767
vt 0.125000 0.000000
vt 0.125000 0.047425
vt 0.875000 0.000000
vt 0.875000 0.047425
vt 0.875000 0.192081
vt 0.875000 0.212767
vt 0.625000 0.500000
vt 0.597223 0.500000
vt 0.496321 0.500000
vt 0.404727 0.500000
vt 0.375000 0.500000
vt 0.597223 0.116798
vt 0.625000 0.116798
vt 0.496321 0.116798
vt 0.404727 0.116798
vt 0.375000 0.116798
vt 0.251588 0.116798
vt 0.125000 0.116798
vt 0.404727 0.633202
vt 0.375000 0.633202
vt 0.496321 0.633202
vt 0.597223 0.633202
vt 0.625000 0.633202
vt 0.748412 0.116798
vt 0.875000 0.116798
vt 0.251588 0.250000
vt 0.125000 0.250000
vt 0.748412 0.250000
vt 0.875000 0.250000
vt 0.375000 0.000000
vt 0.404727 0.000000
vt 0.404727 0.047425
vt 0.375000 0.047425
vt 0.375000 0.250000
vt 0.404727 0.250000
vt 0.404727 0.373412
vt 0.375000 0.373412
vt 0.375000 0.702575
vt 0.404727 0.702575
vt 0.404727 0.750000
vt 0.375000 0.750000
vt 0.375000 0.876588
vt 0.404727 0.876588
vt 0.404727 1.000000
vt 0.375000 1.000000
vt 0.625000 0.000000
vt 0.748412 0.000000
vt 0.748412 0.047425
vt 0.625000 0.047425
vt 0.251588 0.000000
vt 0.251588 0.047425
vt 0.597223 0.250000
vt 0.625000 0.250000
vt 0.625000 0.373412
vt 0.597223 0.373412
vt 0.597223 0.750000
vt 0.597223 0.702575
vt 0.625000 0.702575
vt 0.625000 0.750000
vt 0.597223 1.000000
vt 0.597223 0.876588
vt 0.625000 0.876588
vt 0.625000 1.000000
vt 0.597223 0.047425
vt 0.597223 0.000000
vt 0.496321 0.250000
vt 0.496321 0.373412
vt 0.496321 0.702575
vt 0.496321 0.750000
vt 0.496321 0.876588
vt 0.496321 1.000000
vt 0.496321 0.000000
vt 0.496321 0.047425
vt 0.625000 0.212767
vt 0.597223 0.212767
vt 0.597223 0.192081
vt 0.625000 0.192081
vt 0.404727 0.212767
vt 0.404727 0.192081
vt 0.496321 0.192081
vt 0.496321 0.212767
vt 0.375000 0.192081
vt 0.375000 0.212767
vt 0.251588 0.192081
vt 0.251588 0.212767
vt 0.375000 0.537233
vt 0.404727 0.537233
vt 0.404727 0.557919
vt 0.375000 0.557919
vt 0.496321 0.557919
vt 0.496321 0.537233
vt 0.625000 0.557919
vt 0.597223 0.557919
vt 0.597223 0.537233
vt 0.625000 0.537233
vt 0.748412 0.192081
vt 0.748412 0.212767
vt 0.125000 0.192081
vt 0.125000 0.212767
vt 0.125000 0.000000
vt 0.125000 0.047425
vt 0.875000 0.000000
vt 0.875000 0.047425
vt 0.875000 0.192081
vt 0.875000 0.212767
vt 0.625000 0.500000
vt 0.597223 0.500000
vt 0.496321 0.500000
vt 0.404727 0.500000
vt 0.375000 0.500000
vt 0.597223 0.116798
vt 0.625000 0.116798
vt 0.496321 0.116798
vt 0.404727 0.116798
vt 0.375000 0.116798
vt 0.251588 0.116798
vt 0.125000 0.116798
vt 0.404727 0.633202
vt 0.375000 0.633202
vt 0.496321 0.633202
vt 0.597223 0.633202
vt 0.625000 0.633202
vt 0.748412 0.116798
vt 0.875000 0.116798
vt 0.251588 0.250000
vt 0.125000 0.250000
vt 0.748412 0.250000
vt 0.875000 0.250000
vt 0.375000 0.125000
vt 0.375000 0.000000
vt 0.440954 0.000000
vt 0.440954 0.125000
vt 0.375000 0.375000
vt 0.375000 0.311206
vt 0.440954 0.311206
vt 0.440954 0.375000
vt 0.375000 0.625000
vt 0.375000 0.500000
vt 0.440954 0.500000
vt 0.440954 0.625000
vt 0.375000 0.814757
vt 0.375000 0.750000
vt 0.440954 0.750000
vt 0.440954 0.814757
vt 0.686206 0.125000
vt 0.686206 0.000000
vt 0.750000 0.000000
vt 0.750000 0.125000
vt 0.125000 0.125000
vt 0.125000 0.000000
vt 0.189757 0.000000
vt 0.189757 0.125000
vt 0.500000 0.000000
vt 0.560175 0.000000
vt 0.560175 0.125000
vt 0.500000 0.125000
vt 0.560175 0.250000
vt 0.500000 0.250000
vt 0.440954 0.250000
vt 0.375000 0.250000
vt 0.500000 0.311206
vt 0.560175 0.311206
vt 0.560175 0.375000
vt 0.500000 0.375000
vt 0.560175 0.435243
vt 0.560175 0.500000
vt 0.500000 0.500000
vt 0.500000 0.435243
vt 0.375000 0.435243
vt 0.440954 0.435243
vt 0.560175 0.625000
vt 0.500000 0.625000
vt 0.560175 0.750000
vt 0.500000 0.750000
vt 0.560175 0.814757
vt 0.500000 0.814757
vt 0.560175 0.875000
vt 0.560175 0.938794
vt 0.500000 0.938794
vt 0.500000 0.875000
vt 0.440954 0.938794
vt 0.375000 0.938794
vt 0.375000 0.875000
vt 0.440954 0.875000
vt 0.810243 0.125000
vt 0.810243 0.000000
vt 0.875000 0.000000
vt 0.875000 0.125000
vt 0.875000 0.250000
vt 0.810243 0.250000
vt 0.750000 0.250000
vt 0.686206 0.250000
vt 0.250000 0.000000
vt 0.313794 0.000000
vt 0.313794 0.125000
vt 0.250000 0.125000
vt 0.313794 0.250000
vt 0.250000 0.250000
vt 0.189757 0.250000
vt 0.125000 0.250000
vt 0.625000 0.311206
vt 0.625000 0.375000
vt 0.625000 0.435243
vt 0.625000 0.500000
vt 0.625000 0.625000
vt 0.625000 0.750000
vt 0.625000 0.814757
vt 0.625000 0.875000
vt 0.625000 0.938794
vt 0.625000 0.000000
vt 0.625000 0.125000
vt 0.625000 0.250000
vt 0.625000 1.000000
vt 0.560175 1.000000
vt 0.500000 1.000000
vt 0.440954 1.000000
vt 0.375000 1.000000
vt 0.375000 0.125000
vt 0.375000 0.000000
vt 0.440954 0.000000
vt 0.440954 0.125000
vt 0.375000 0.375000
vt 0.375000 0.311206
vt 0.440954 0.311206
vt 0.440954 0.375000
vt 0.375000 0.625000
vt 0.375000 0.500000
vt 0.440954 0.500000
vt 0.440954 0.625000
vt 0.375000 0.814757
vt 0.375000 0.750000
vt 0.440954 0.750000
vt 0.440954 0.814757
vt 0.686206 0.125000
vt 0.686206 0.000000
vt 0.750000 0.000000
vt 0.750000 0.125000
vt 0.125000 0.125000
vt 0.125000 0.000000
vt 0.189757 0.000000
vt 0.189757 0.125000
vt 0.500000 0.000000
vt 0.560175 0.000000
vt 0.560175 0.125000
vt 0.500000 0.125000
vt 0.560175 0.250000
vt 0.500000 0.250000
vt 0.440954 0.250000
vt 0.375000 0.250000
vt 0.500000 0.311206
vt 0.560175 0.311206
vt 0.560175 0.375000
vt 0.500000 0.375000
vt 0.560175 0.435243
vt 0.560175 0.500000
vt 0.500000 0.500000
vt 0.500000 0.435243
vt 0.375000 0.435243
vt 0.440954 0.435243
vt 0.560175 0.625000
vt 0.500000 0.625000
vt 0.560175 0.750000
vt 0.500000 0.750000
vt 0.560175 0.814757
vt 0.500000 0.814757
vt 0.560175 0.875000
vt 0.560175 0.938794
vt 0.500000 0.938794
vt 0.500000 0.875000
vt 0.440954 0.938794
vt 0.375000 0.938794
vt 0.375000 0.875000
vt 0.440954 0.875000
vt 0.810243 0.125000
vt 0.810243 0.000000
vt 0.875000 0.000000
vt 0.875000 0.125000
vt 0.875000 0.250000
vt 0.810243 0.250000
vt 0.750000 0.250000
vt 0.686206 0.250000
vt 0.250000 0.000000
vt 0.313794 0.000000
vt 0.313794 0.125000
vt 0.250000 0.125000
vt 0.313794 0.250000
vt 0.250000 0.250000
vt 0.189757 0.250000
vt 0.125000 0.250000
vt 0.625000 0.311206
vt 0.625000 0.375000
vt 0.625000 0.435243
vt 0.625000 0.500000
vt 0.625000 0.625000
vt 0.625000 0.750000
vt 0.625000 0.814757
vt 0.625000 0.875000
vt 0.625000 0.938794
vt 0.625000 0.000000
vt 0.625000 0.125000
vt 0.625000 0.250000
vt 0.625000 1.000000
vt 0.560175 1.000000
vt 0.500000 1.000000
vt 0.440954 1.000000
vt 0.375000 1.000000
vt 0.375000 0.125000
vt 0.375000 0.000000
vt 0.440954 0.000000
vt 0.440954 0.125000
vt 0.375000 0.375000
vt 0.375000 0.311206
vt 0.440954 0.311206
vt 0.440954 0.375000
vt 0.375000 0.625000
vt 0.375000 0.500000
vt 0.440954 0.500000
vt 0.440954 0.625000
vt 0.375000 0.814757
vt 0.375000 0.750000
vt 0.440954 0.750000
vt 0.440954 0.814757
vt 0.686206 0.125000
vt 0.686206 0.000000
vt 0.750000 0.000000
vt 0.750000 0.125000
vt 0.125000 0.125000
vt 0.125000 0.000000
vt 0.189757 0.000000
vt 0.189757 0.125000
vt 0.500000 0.000000
vt 0.560175 0.000000
vt 0.560175 0.125000
vt 0.500000 0.125000
vt 0.560175 0.250000
vt 0.500000 0.250000
vt 0.440954 0.250000
vt 0.375000 0.250000
vt 0.500000 0.311206
vt 0.560175 0.311206
vt 0.560175 0.375000
vt 0.500000 0.375000
vt 0.560175 0.435243
vt 0.560175 0.500000
vt 0.500000 0.500000
vt 0.500000 0.435243
vt 0.375000 0.435243
vt 0.440954 0.435243
vt 0.560175 0.625000
vt 0.500000 0.625000
vt 0.560175 0.750000
vt 0.500000 0.750000
vt 0.560175 0.814757
vt 0.500000 0.814757
vt 0.560175 0.875000
vt 0.560175 0.938794
vt 0.500000 0.938794
vt 0.500000 0.875000
vt 0.440954 0.938794
vt 0.375000 0.938794
vt 0.375000 0.875000
vt 0.440954 0.875000
vt 0.810243 0.125000
vt 0.810243 0.000000
vt 0.875000 0.000000
vt 0.875000 0.125000
vt 0.875000 0.250000
vt 0.810243 0.250000
vt 0.750000 0.250000
vt 0.686206 0.250000
vt 0.250000 0.000000
vt 0.313794 0.000000
vt 0.313794 0.125000
vt 0.250000 0.125000
vt 0.313794 0.250000
vt 0.250000 0.250000
vt 0.189757 0.250000
vt 0.125000 0.250000
vt 0.625000 0.311206
vt 0.625000 0.375000
vt 0.625000 0.435243
vt 0.625000 0.500000
vt 0.625000 0.625000
vt 0.625000 0.750000
vt 0.625000 0.814757
vt 0.625000 0.875000
vt 0.625000 0.938794
vt 0.625000 0.000000
vt 0.625000 0.125000
vt 0.625000 0.250000
vt 0.625000 1.000000
vt 0.560175 1.000000
vt 0.500000 1.000000
vt 0.440954 1.000000
vt 0.375000 1.000000
vt 0.375000 0.125000
vt 0.375000 0.000000
vt 0.440954 0.000000
vt 0.440954 0.125000
vt 0.375000 0.375000
vt 0.375000 0.311206
vt 0.440954 0.311206
vt 0.440954 0.375000
vt 0.375000 0.625000
vt 0.375000 0.500000
vt 0.440954 0.500000
vt 0.440954 0.625000
vt 0.375000 0.814757
vt 0.375000 0.750000
vt 0.440954 0.750000
vt 0.440954 0.814757
vt 0.686206 0.125000
vt 0.686206 0.000000
vt 0.750000 0.000000
vt 0.750000 0.125000
vt 0.125000 0.125000
vt 0.125000 0.000000
vt 0.189757 0.000000
vt 0.189757 0.125000
vt 0.500000 0.000000
vt 0.560175 0.000000
vt 0.560175 0.125000
vt 0.500000 0.125000
vt 0.560175 0.250000
vt 0.500000 0.250000
vt 0.440954 0.250000
vt 0.375000 0.250000
vt 0.500000 0.311206
vt 0.560175 0.311206
vt 0.560175 0.375000
vt 0.500000 0.375000
vt 0.560175 0.435243
vt 0.560175 0.500000
vt 0.500000 0.500000
vt 0.500000 0.435243
vt 0.375000 0.435243
vt 0.440954 0.435243
vt 0.560175 0.625000
vt 0.500000 0.625000
vt 0.560175 0.750000
vt 0.500000 0.750000
vt 0.560175 0.814757
vt 0.500000 0.814757
vt 0.560175 0.875000
vt 0.560175 0.938794
vt 0.500000 0.938794
vt 0.500000 0.875000
vt 0.440954 0.938794
vt 0.375000 0.938794
vt 0.375000 0.875000
vt 0.440954 0.875000
vt 0.810243 0.125000
vt 0.810243 0.000000
vt 0.875000 0.000000
vt 0.875000 0.125000
vt 0.875000 0.250000
vt 0.810243 0.250000
vt 0.750000 0.250000
vt 0.686206 0.250000
vt 0.250000 0.000000
vt 0.313794 0.000000
vt 0.313794 0.125000
vt 0.250000 0.125000
vt 0.313794 0.250000
vt 0.250000 0.250000
vt 0.189757 0.250000
vt 0.125000 0.250000
vt 0.625000 0.311206
vt 0.625000 0.375000
vt 0.625000 0.435243
vt 0.625000 0.500000
vt 0.625000 0.625000
vt 0.625000 0.750000
vt 0.625000 0.814757
vt 0.625000 0.875000
vt 0.625000 0.938794
vt 0.625000 0.000000
vt 0.625000 0.125000
vt 0.625000 0.250000
vt 0.625000 1.000000
vt 0.560175 1.000000
vt 0.500000 1.000000
vt 0.440954 1.000000
vt 0.375000 1.000000
vt 0.375000 0.125000
vt 0.375000 0.000000
vt 0.440954 0.000000
vt 0.440954 0.125000
vt 0.375000 0.375000
vt 0.375000 0.311206
vt 0.440954 0.311206
vt 0.440954 0.375000
vt 0.375000 0.625000
vt 0.375000 0.500000
vt 0.440954 0.500000
vt 0.440954 0.625000
vt 0.375000 0.814757
vt 0.375000 0.750000
vt 0.440954 0.750000
vt 0.440954 0.814757
vt 0.686206 0.125000
vt 0.686206 0.000000
vt 0.750000 0.000000
vt 0.750000 0.125000
vt 0.125000 0.125000
vt 0.125000 0.000000
vt 0.189757 0.000000
vt 0.189757 0.125000
vt 0.500000 0.000000
vt 0.560175 0.000000
vt 0.560175 0.125000
vt 0.500000 0.125000
vt 0.560175 0.250000
vt 0.500000 0.250000
vt 0.440954 0.250000
vt 0.375000 0.250000
vt 0.500000 0.311206
vt 0.560175 0.311206
vt 0.560175 0.375000
vt 0.500000 0.375000
vt 0.560175 0.435243
vt 0.560175 0.500000
vt 0.500000 0.500000
vt 0.500000 0.435243
vt 0.375000 0.435243
vt 0.440954 0.435243
vt 0.560175 0.625000
vt 0.500000 0.625000
vt 0.560175 0.750000
vt 0.500000 0.750000
vt 0.560175 0.814757
vt 0.500000 0.814757
vt 0.560175 0.875000
vt 0.560175 0.938794
vt 0.500000 0.938794
vt 0.500000 0.875000
vt 0.440954 0.938794
vt 0.375000 0.938794
vt 0.375000 0.875000
vt 0.440954 0.875000
vt 0.810243 0.125000
vt 0.810243 0.000000
vt 0.875000 0.000000
vt 0.875000 0.125000
vt 0.875000 0.250000
vt 0.810243 0.250000
vt 0.750000 0.250000
vt 0.686206 0.250000
vt 0.250000 0.000000
vt 0.313794 0.000000
vt 0.313794 0.125000
vt 0.250000 0.125000
vt 0.313794 0.250000
vt 0.250000 0.250000
vt 0.189757 0.250000
vt 0.125000 0.250000
vt 0.625000 0.311206
vt 0.625000 0.375000
vt 0.625000 0.435243
vt 0.625000 0.500000
vt 0.625000 0.625000
vt 0.625000 0.750000
vt 0.625000 0.814757
vt 0.625000 0.875000
vt 0.625000 0.938794
vt 0.625000 0.000000
vt 0.625000 0.125000
vt 0.625000 0.250000
vt 0.625000 1.000000
vt 0.560175 1.000000
vt 0.500000 1.000000
vt 0.440954 1.000000
vt 0.375000 1.000000
vt 0.375000 0.125000
vt 0.375000 0.000000
vt 0.440954 0.000000
vt 0.440954 0.125000
vt 0.375000 0.375000
vt 0.375000 0.311206
vt 0.440954 0.311206
vt 0.440954 0.375000
vt 0.375000 0.625000
vt 0.375000 0.500000
vt 0.440954 0.500000
vt 0.440954 0.625000
vt 0.375000 0.814757
vt 0.375000 0.750000
vt 0.440954 0.750000
vt 0.440954 0.814757
vt 0.686206 0.125000
vt 0.686206 0.000000
vt 0.750000 0.000000
vt 0.750000 0.125000
vt 0.125000 0.125000
vt 0.125000 0.000000
vt 0.189757 0.000000
vt 0.189757 0.125000
vt 0.500000 0.000000
vt 0.560175 0.000000
vt 0.560175 0.125000
vt 0.500000 0.125000
vt 0.560175 0.250000
vt 0.500000 0.250000
vt 0.440954 0.250000
vt 0.375000 0.250000
vt 0.500000 0.311206
vt 0.560175 0.311206
vt 0.560175 0.375000
vt 0.500000 0.375000
vt 0.560175 0.435243
vt 0.560175 0.500000
vt 0.500000 0.500000
vt 0.500000 0.435243
vt 0.375000 0.435243
vt 0.440954 0.435243
vt 0.560175 0.625000
vt 0.500000 0.625000
vt 0.560175 0.750000
vt 0.500000 0.750000
vt 0.560175 0.814757
vt 0.500000 0.814757
vt 0.560175 0.875000
vt 0.560175 0.938794
vt 0.500000 0.938794
vt 0.500000 0.875000
vt 0.440954 0.938794
vt 0.375000 0.938794
vt 0.375000 0.875000
vt 0.440954 0.875000
vt 0.810243 0.125000
vt 0.810243 0.000000
vt 0.875000 0.000000
vt 0.875000 0.125000
vt 0.875000 0.250000
vt 0.810243 0.250000
vt 0.750000 0.250000
vt 0.686206 0.250000
vt 0.250000 0.000000
vt 0.313794 0.000000
vt 0.313794 0.125000
vt 0.250000 0.125000
vt 0.313794 0.250000
vt 0.250000 0.250000
vt 0.189757 0.250000
vt 0.125000 0.250000
vt 0.625000 0.311206
vt 0.625000 0.375000
vt 0.625000 0.435243
vt 0.625000 0.500000
vt 0.625000 0.625000
vt 0.625000 0.750000
vt 0.625000 0.814757
vt 0.625000 0.875000
vt 0.625000 0.938794
vt 0.625000 0.000000
vt 0.625000 0.125000
vt 0.625000 0.250000
vt 0.625000 1.000000
vt 0.560175 1.000000
vt 0.500000 1.000000
vt 0.440954 1.000000
vt 0.375000 1.000000
vt 0.375000 0.125000
vt 0.375000 0.000000
vt 0.440954 0.000000
vt 0.440954 0.125000
vt 0.375000 0.375000
vt 0.375000 0.311206
vt 0.440954 0.311206
vt 0.440954 0.375000
vt 0.375000 0.625000
vt 0.375000 0.500000
vt 0.440954 0.500000
vt 0.440954 0.625000
vt 0.375000 0.814757
vt 0.375000 0.750000
vt 0.440954 0.750000
vt 0.440954 0.814757
vt 0.686206 0.125000
vt 0.686206 0.000000
vt 0.750000 0.000000
vt 0.750000 0.125000
vt 0.125000 0.125000
vt 0.125000 0.000000
vt 0.189757 0.000000
vt 0.189757 0.125000
vt 0.500000 0.000000
vt 0.560175 0.000000
vt 0.560175 0.125000
vt 0.500000 0.125000
vt 0.560175 0.250000
vt 0.500000 0.250000
vt 0.440954 0.250000
vt 0.375000 0.250000
vt 0.500000 0.311206
vt 0.560175 0.311206
vt 0.560175 0.375000
vt 0.500000 0.375000
vt 0.560175 0.435243
vt 0.560175 0.500000
vt 0.500000 0.500000
vt 0.500000 0.435243
vt 0.375000 0.435243
vt 0.440954 0.435243
vt 0.560175 0.625000
vt 0.500000 0.625000
vt 0.560175 0.750000
vt 0.500000 0.750000
vt 0.560175 0.814757
vt 0.500000 0.814757
vt 0.560175 0.875000
vt 0.560175 0.938794
vt 0.500000 0.938794
vt 0.500000 0.875000
vt 0.440954 0.938794
vt 0.375000 0.938794
vt 0.375000 0.875000
vt 0.440954 0.875000
vt 0.810243 0.125000
vt 0.810243 0.000000
vt 0.875000 0.000000
vt 0.875000 0.125000
vt 0.875000 0.250000
vt 0.810243 0.250000
vt 0.750000 0.250000
vt 0.686206 0.250000
vt 0.250000 0.000000
vt 0.313794 0.000000
vt 0.313794 0.125000
vt 0.250000 0.125000
vt 0.313794 0.250000
vt 0.250000 0.250000
vt 0.189757 0.250000
vt 0.125000 0.250000
vt 0.625000 0.311206
vt 0.625000 0.375000
vt 0.625000 0.435243
vt 0.625000 0.500000
vt 0.625000 0.625000
vt 0.625000 0.750000
vt 0.625000 0.814757
vt 0.625000 0.875000
vt 0.625000 0.938794
vt 0.625000 0.000000
vt 0.625000 0.125000
vt 0.625000 0.250000
vt 0.625000 1.000000
vt 0.560175 1.000000
vt 0.500000 1.000000
vt 0.440954 1.000000
vt 0.375000 1.000000
vt 0.375000 0.125000
vt 0.375000 0.000000
vt 0.440954 0.000000
vt 0.440954 0.125000
vt 0.375000 0.375000
vt 0.375000 0.311206
vt 0.440954 0.311206
vt 0.440954 0.375000
vt 0.375000 0.625000
vt 0.375000 0.500000
vt 0.440954 0.500000
vt 0.440954 0.625000
vt 0.375000 0.814757
vt 0.375000 0.750000
vt 0.440954 0.750000
vt 0.440954 0.814757
vt 0.686206 0.125000
vt 0.686206 0.000000
vt 0.750000 0.000000
vt 0.750000 0.125000
vt 0.125000 0.125000
vt 0.125000 0.000000
vt 0.189757 0.000000
vt 0.189757 0.125000
vt 0.500000 0.000000
vt 0.560175 0.000000
vt 0.560175 0.125000
vt 0.500000 0.125000
vt 0.560175 0.250000
vt 0.500000 0.250000
vt 0.440954 0.250000
vt 0.375000 0.250000
vt 0.500000 0.311206
vt 0.560175 0.311206
vt 0.560175 0.375000
vt 0.500000 0.375000
vt 0.560175 0.435243
vt 0.560175 0.500000
vt 0.500000 0.500000
vt 0.500000 0.435243
vt 0.375000 0.435243
vt 0.440954 0.435243
vt 0.560175 0.625000
vt 0.500000 0.625000
vt 0.560175 0.750000
vt 0.500000 0.750000
vt 0.560175 0.814757
vt 0.500000 0.814757
vt 0.560175 0.875000
vt 0.560175 0.938794
vt 0.500000 0.938794
vt 0.500000 0.875000
vt 0.440954 0.938794
vt 0.375000 0.938794
vt 0.375000 0.875000
vt 0.440954 0.875000
vt 0.810243 0.125000
vt 0.810243 0.000000
vt 0.875000 0.000000
vt 0.875000 0.125000
vt 0.875000 0.250000
vt 0.810243 0.250000
vt 0.750000 0.250000
vt 0.686206 0.250000
vt 0.250000 0.000000
vt 0.313794 0.000000
vt 0.313794 0.125000
vt 0.250000 0.125000
vt 0.313794 0.250000
vt 0.250000 0.250000
vt 0.189757 0.250000
vt 0.125000 0.250000
vt 0.625000 0.311206
vt 0.625000 0.375000
vt 0.625000 0.435243
vt 0.625000 0.500000
vt 0.625000 0.625000
vt 0.625000 0.750000
vt 0.625000 0.814757
vt 0.625000 0.875000
vt 0.625000 0.938794
vt 0.625000 0.000000
vt 0.625000 0.125000
vt 0.625000 0.250000
vt 0.625000 1.000000
vt 0.560175 1.000000
vt 0.500000 1.000000
vt 0.440954 1.000000
vt 0.375000 1.000000
vt 0.375000 0.000000
vt 0.404727 0.000000
vt 0.404727 0.047425
vt 0.375000 0.047425
vt 0.375000 0.250000
vt 0.404727 0.250000
vt 0.404727 0.373412
vt 0.375000 0.373412
vt 0.375000 0.702575
vt 0.404727 0.702575
vt 0.404727 0.750000
vt 0.375000 0.750000
vt 0.375000 0.876588
vt 0.404727 0.876588
vt 0.404727 1.000000
vt 0.375000 1.000000
vt 0.625000 0.000000
vt 0.748412 0.000000
vt 0.748412 0.047425
vt 0.625000 0.047425
vt 0.251588 0.000000
vt 0.251588 0.047425
vt 0.597223 0.250000
vt 0.625000 0.250000
vt 0.625000 0.373412
vt 0.597223 0.373412
vt 0.597223 0.750000
vt 0.597223 0.702575
vt 0.625000 0.702575
vt 0.625000 0.750000
vt 0.597223 1.000000
vt 0.597223 0.876588
vt 0.625000 0.876588
vt 0.625000 1.000000
vt 0.597223 0.047425
vt 0.597223 0.000000
vt 0.496321 0.250000
vt 0.496321 0.373412
vt 0.496321 0.702575
vt 0.496321 0.750000
vt 0.496321 0.876588
vt 0.496321 1.000000
vt 0.496321 0.000000
vt 0.496321 0.047425
vt 0.625000 0.212767
vt 0.597223 0.212767
vt 0.597223 0.192081
vt 0.625000 0.192081
vt 0.404727 0.212767
vt 0.404727 0.192081
vt 0.496321 0.192081
vt 0.496321 0.212767
vt 0.375000 0.192081
vt 0.375000 0.212767
vt 0.251588 0.192081
vt 0.251588 0.212767
vt 0.375000 0.537233
vt 0.404727 0.537233
vt 0.404727 0.557919
vt 0.375000 0.557919
vt 0.496321 0.557919
vt 0.496321 0.537233
vt 0.625000 0.557919
vt 0.597223 0.557919
vt 0.597223 0.537233
vt 0.625000 0.537233
vt 0.748412 0.192081
vt 0.748412 0.212767
vt 0.125000 0.192081
vt 0.125000 0.212767
vt 0.125000 0.000000
vt 0.125000 0.047425
vt 0.875000 0.000000
vt 0.875000 0.047425
vt 0.875000 0.192081
vt 0.875000 0.212767
vt 0.625000 0.500000
vt 0.597223 0.500000
vt 0.496321 0.500000
vt 0.404727 0.500000
vt 0.375000 0.500000
vt 0.597223 0.116798
vt 0.625000 0.116798
vt 0.496321 0.116798
vt 0.404727 0.116798
vt 0.375000 0.116798
vt 0.251588 0.116798
vt 0.125000 0.116798
vt 0.404727 0.633202
vt 0.375000 0.633202
vt 0.496321 0.633202
vt 0.597223 0.633202
vt 0.625000 0.633202
vt 0.748412 0.116798
vt 0.875000 0.116798
vt 0.251588 0.250000
vt 0.125000 0.250000
vt 0.748412 0.250000
vt 0.875000 0.250000
vt 0.375000 0.125000
vt 0.375000 0.000000
vt 0.440954 0.000000
vt 0.440954 0.125000
vt 0.375000 0.375000
vt 0.375000 0.311206
vt 0.440954 0.311206
vt 0.440954 0.375000
vt 0.375000 0.625000
vt 0.375000 0.500000
vt 0.440954 0.500000
vt 0.440954 0.625000
vt 0.375000 0.814757
vt 0.375000 0.750000
vt 0.440954 0.750000
vt 0.440954 0.814757
vt 0.686206 0.125000
vt 0.686206 0.000000
vt 0.750000 0.000000
vt 0.750000 0.125000
vt 0.125000 0.125000
vt 0.125000 0.000000
vt 0.189757 0.000000
vt 0.189757 0.125000
vt 0.500000 0.000000
vt 0.560175 0.000000
vt 0.560175 0.125000
vt 0.500000 0.125000
vt 0.560175 0.250000
vt 0.500000 0.250000
vt 0.440954 0.250000
vt 0.375000 0.250000
vt 0.500000 0.311206
vt 0.560175 0.311206
vt 0.560175 0.375000
vt 0.500000 0.375000
vt 0.560175 0.435243
vt 0.560175 0.500000
vt 0.500000 0.500000
vt 0.500000 0.435243
vt 0.375000 0.435243
vt 0.440954 0.435243
vt 0.560175 0.625000
vt 0.500000 0.625000
vt 0.560175 0.750000
vt 0.500000 0.750000
vt 0.560175 0.814757
vt 0.500000 0.814757
vt 0.560175 0.875000
vt 0.560175 0.938794
vt 0.500000 0.938794
vt 0.500000 0.875000
vt 0.440954 0.938794
vt 0.375000 0.938794
vt 0.375000 0.875000
vt 0.440954 0.875000
vt 0.810243 0.125000
vt 0.810243 0.000000
vt 0.875000 0.000000
vt 0.875000 0.125000
vt 0.875000 0.250000
vt 0.810243 0.250000
vt 0.750000 0.250000
vt 0.686206 0.250000
vt 0.250000 0.000000
vt 0.313794 0.000000
vt 0.313794 0.125000
vt 0.250000 0.125000
vt 0.313794 0.250000
vt 0.250000 0.250000
vt 0.189757 0.250000
vt 0.125000 0.250000
vt 0.625000 0.311206
vt 0.625000 0.375000
vt 0.625000 0.435243
vt 0.625000 0.500000
vt 0.625000 0.625000
vt 0.625000 0.750000
vt 0.625000 0.814757
vt 0.625000 0.875000
vt 0.625000 0.938794
vt 0.625000 0.000000
vt 0.625000 0.125000
vt 0.625000 0.250000
vt 0.625000 1.000000
vt 0.560175 1.000000
vt 0.500000 1.000000
vt 0.440954 1.000000
vt 0.375000 1.000000
vt 0.375000 0.125000
vt 0.375000 0.000000
vt 0.440954 0.000000
vt 0.440954 0.125000
vt 0.375000 0.375000
vt 0.375000 0.311206
vt 0.440954 0.311206
vt 0.440954 0.375000
vt 0.375000 0.625000
vt 0.375000 0.500000
vt 0.440954 0.500000
vt 0.440954 0.625000
vt 0.375000 0.814757
vt 0.375000 0.750000
vt 0.440954 0.750000
vt 0.440954 0.814757
vt 0.686206 0.125000
vt 0.686206 0.000000
vt 0.750000 0.000000
vt 0.750000 0.125000
vt 0.125000 0.125000
vt 0.125000 0.000000
vt 0.189757 0.000000
vt 0.189757 0.125000
vt 0.500000 0.000000
vt 0.560175 0.000000
vt 0.560175 0.125000
vt 0.500000 0.125000
vt 0.560175 0.250000
vt 0.500000 0.250000
vt 0.440954 0.250000
vt 0.375000 0.250000
vt 0.500000 0.311206
vt 0.560175 0.311206
vt 0.560175 0.375000
vt 0.500000 0.375000
vt 0.560175 0.435243
vt 0.560175 0.500000
vt 0.500000 0.500000
vt 0.500000 0.435243
vt 0.375000 0.435243
vt 0.440954 0.435243
vt 0.560175 0.625000
vt 0.500000 0.625000
vt 0.560175 0.750000
vt 0.500000 0.750000
vt 0.560175 0.814757
vt 0.500000 0.814757
vt 0.560175 0.875000
vt 0.560175 0.938794
vt 0.500000 0.938794
vt 0.500000 0.875000
vt 0.440954 0.938794
vt 0.375000 0.938794
vt 0.375000 0.875000
vt 0.440954 0.875000
vt 0.810243 0.125000
vt 0.810243 0.000000
vt 0.875000 0.000000
vt 0.875000 0.125000
vt 0.875000 0.250000
vt 0.810243 0.250000
vt 0.750000 0.250000
vt 0.686206 0.250000
vt 0.250000 0.000000
vt 0.313794 0.000000
vt 0.313794 0.125000
vt 0.250000 0.125000
vt 0.313794 0.250000
vt 0.250000 0.250000
vt 0.189757 0.250000
vt 0.125000 0.250000
vt 0.625000 0.311206
vt 0.625000 0.375000
vt 0.625000 0.435243
vt 0.625000 0.500000
vt 0.625000 0.625000
vt 0.625000 0.750000
vt 0.625000 0.814757
vt 0.625000 0.875000
vt 0.625000 0.938794
vt 0.625000 0.000000
vt 0.625000 0.125000
vt 0.625000 0.250000
vt 0.625000 1.000000
vt 0.560175 1.000000
vt 0.500000 1.000000
vt 0.440954 1.000000
vt 0.375000 1.000000
vt 0.375000 0.125000
vt 0.375000 0.000000
vt 0.440954 0.000000
vt 0.440954 0.125000
vt 0.375000 0.375000
vt 0.375000 0.311206
vt 0.440954 0.311206
vt 0.440954 0.375000
vt 0.375000 0.625000
vt 0.375000 0.500000
vt 0.440954 0.500000
vt 0.440954 0.625000
vt 0.375000 0.814757
vt 0.375000 0.750000
vt 0.440954 0.750000
vt 0.440954 0.814757
vt 0.686206 0.125000
vt 0.686206 0.000000
vt 0.750000 0.000000
vt 0.750000 0.125000
vt 0.125000 0.125000
vt 0.125000 0.000000
vt 0.189757 0.000000
vt 0.189757 0.125000
vt 0.500000 0.000000
vt 0.560175 0.000000
vt 0.560175 0.125000
vt 0.500000 0.125000
vt 0.560175 0.250000
vt 0.500000 0.250000
vt 0.440954 0.250000
vt 0.375000 0.250000
vt 0.500000 0.311206
vt 0.560175 0.311206
vt 0.560175 0.375000
vt 0.500000 0.375000
vt 0.560175 0.435243
vt 0.560175 0.500000
vt 0.500000 0.500000
vt 0.500000 0.435243
vt 0.375000 0.435243
vt 0.440954 0.435243
vt 0.560175 0.625000
vt 0.500000 0.625000
vt 0.560175 0.750000
vt 0.500000 0.750000
vt 0.560175 0.814757
vt 0.500000 0.814757
vt 0.560175 0.875000
vt 0.560175 0.938794
vt 0.500000 0.938794
vt 0.500000 0.875000
vt 0.440954 0.938794
vt 0.375000 0.938794
vt 0.375000 0.875000
vt 0.440954 0.875000
vt 0.810243 0.125000
vt 0.810243 0.000000
vt 0.875000 0.000000
vt 0.875000 0.125000
vt 0.875000 0.250000
vt 0.810243 0.250000
vt 0.750000 0.250000
vt 0.686206 0.250000
vt 0.250000 0.000000
vt 0.313794 0.000000
vt 0.313794 0.125000
vt 0.250000 0.125000
vt 0.313794 0.250000
vt 0.250000 0.250000
vt 0.189757 0.250000
vt 0.125000 0.250000
vt 0.625000 0.311206
vt 0.625000 0.375000
vt 0.625000 0.435243
vt 0.625000 0.500000
vt 0.625000 0.625000
vt 0.625000 0.750000
vt 0.625000 0.814757
vt 0.625000 0.875000
vt 0.625000 0.938794
vt 0.625000 0.000000
vt 0.625000 0.125000
vt 0.625000 0.250000
vt 0.625000 1.000000
vt 0.560175 1.000000
vt 0.500000 1.000000
vt 0.440954 1.000000
vt 0.375000 1.000000
vt 0.375000 0.125000
vt 0.375000 0.000000
vt 0.440954 0.000000
vt 0.440954 0.125000
vt 0.375000 0.375000
vt 0.375000 0.311206
vt 0.440954 0.311206
vt 0.440954 0.375000
vt 0.375000 0.625000
vt 0.375000 0.500000
vt 0.440954 0.500000
vt 0.440954 0.625000
vt 0.375000 0.814757
vt 0.375000 0.750000
vt 0.440954 0.750000
vt 0.440954 0.814757
vt 0.686206 0.125000
vt 0.686206 0.000000
vt 0.750000 0.000000
vt 0.750000 0.125000
vt 0.125000 0.125000
vt 0.125000 0.000000
vt 0.189757 0.000000
vt 0.189757 0.125000
vt 0.500000 0.000000
vt 0.560175 0.000000
vt 0.560175 0.125000
vt 0.500000 0.125000
vt 0.560175 0.250000
vt 0.500000 0.250000
vt 0.440954 0.250000
vt 0.375000 0.250000
vt 0.500000 0.311206
vt 0.560175 0.311206
vt 0.560175 0.375000
vt 0.500000 0.375000
vt 0.560175 0.435243
vt 0.560175 0.500000
vt 0.500000 0.500000
vt 0.500000 0.435243
vt 0.375000 0.435243
vt 0.440954 0.435243
vt 0.560175 0.625000
vt 0.500000 0.625000
vt 0.560175 0.750000
vt 0.500000 0.750000
vt 0.560175 0.814757
vt 0.500000 0.814757
vt 0.560175 0.875000
vt 0.560175 0.938794
vt 0.500000 0.938794
vt 0.500000 0.875000
vt 0.440954 0.938794
vt 0.375000 0.938794
vt 0.375000 0.875000
vt 0.440954 0.875000
vt 0.810243 0.125000
vt 0.810243 0.000000
vt 0.875000 0.000000
vt 0.875000 0.125000
vt 0.875000 0.250000
vt 0.810243 0.250000
vt 0.750000 0.250000
vt 0.686206 0.250000
vt 0.250000 0.000000
vt 0.313794 0.000000
vt 0.313794 0.125000
vt 0.250000 0.125000
vt 0.313794 0.250000
vt 0.250000 0.250000
vt 0.189757 0.250000
vt 0.125000 0.250000
vt 0.625000 0.311206
vt 0.625000 0.375000
vt 0.625000 0.435243
vt 0.625000 0.500000
vt 0.625000 0.625000
vt 0.625000 0.750000
vt 0.625000 0.814757
vt 0.625000 0.875000
vt 0.625000 0.938794
vt 0.625000 0.000000
vt 0.625000 0.125000
vt 0.625000 0.250000
vt 0.625000 1.000000
vt 0.560175 1.000000
vt 0.500000 1.000000
vt 0.440954 1.000000
vt 0.375000 1.000000
vt 0.375000 0.125000
vt 0.375000 0.000000
vt 0.440954 0.000000
vt 0.440954 0.125000
vt 0.375000 0.375000
vt 0.375000 0.311206
vt 0.440954 0.311206
vt 0.440954 0.375000
vt 0.375000 0.625000
vt 0.375000 0.500000
vt 0.440954 0.500000
vt 0.440954 0.625000
vt 0.375000 0.814757
vt 0.375000 0.750000
vt 0.440954 0.750000
vt 0.440954 0.814757
vt 0.686206 0.125000
vt 0.686206 0.000000
vt 0.750000 0.000000
vt 0.750000 0.125000
vt 0.125000 0.125000
vt 0.125000 0.000000
vt 0.189757 0.000000
vt 0.189757 0.125000
vt 0.500000 0.000000
vt 0.560175 0.000000
vt 0.560175 0.125000
vt 0.500000 0.125000
vt 0.560175 0.250000
vt 0.500000 0.250000
vt 0.440954 0.250000
vt 0.375000 0.250000
vt 0.500000 0.311206
vt 0.560175 0.311206
vt 0.560175 0.375000
vt 0.500000 0.375000
vt 0.560175 0.435243
vt 0.560175 0.500000
vt 0.500000 0.500000
vt 0.500000 0.435243
vt 0.375000 0.435243
vt 0.440954 0.435243
vt 0.560175 0.625000
vt 0.500000 0.625000
vt 0.560175 0.750000
vt 0.500000 0.750000
vt 0.560175 0.814757
vt 0.500000 0.814757
vt 0.560175 0.875000
vt 0.560175 0.938794
vt 0.500000 0.938794
vt 0.500000 0.875000
vt 0.440954 0.938794
vt 0.375000 0.938794
vt 0.375000 0.875000
vt 0.440954 0.875000
vt 0.810243 0.125000
vt 0.810243 0.000000
vt 0.875000 0.000000
vt 0.875000 0.125000
vt 0.875000 0.250000
vt 0.810243 0.250000
vt 0.750000 0.250000
vt 0.686206 0.250000
vt 0.250000 0.000000
vt 0.313794 0.000000
vt 0.313794 0.125000
vt 0.250000 0.125000
vt 0.313794 0.250000
vt 0.250000 0.250000
vt 0.189757 0.250000
vt 0.125000 0.250000
vt 0.625000 0.311206
vt 0.625000 0.375000
vt 0.625000 0.435243
vt 0.625000 0.500000
vt 0.625000 0.625000
vt 0.625000 0.750000
vt 0.625000 0.814757
vt 0.625000 0.875000
vt 0.625000 0.938794
vt 0.625000 0.000000
vt 0.625000 0.125000
vt 0.625000 0.250000
vt 0.625000 1.000000
vt 0.560175 1.000000
vt 0.500000 1.000000
vt 0.440954 1.000000
vt 0.375000 1.000000
vt 0.375000 0.125000
vt 0.375000 0.000000
vt 0.440954 0.000000
vt 0.440954 0.125000
vt 0.375000 0.375000
vt 0.375000 0.311206
vt 0.440954 0.311206
vt 0.440954 0.375000
vt 0.375000 0.625000
vt 0.375000 0.500000
vt 0.440954 0.500000
vt 0.440954 0.625000
vt 0.375000 0.814757
vt 0.375000 0.750000
vt 0.440954 0.750000
vt 0.440954 0.814757
vt 0.686206 0.125000
vt 0.686206 0.000000
vt 0.750000 0.000000
vt 0.750000 0.125000
vt 0.125000 0.125000
vt 0.125000 0.000000
vt 0.189757 0.000000
vt 0.189757 0.125000
vt 0.500000 0.000000
vt 0.560175 0.000000
vt 0.560175 0.125000
vt 0.500000 0.125000
vt 0.560175 0.250000
vt 0.500000 0.250000
vt 0.440954 0.250000
vt 0.375000 0.250000
vt 0.500000 0.311206
vt 0.560175 0.311206
vt 0.560175 0.375000
vt 0.500000 0.375000
vt 0.560175 0.435243
vt 0.560175 0.500000
vt 0.500000 0.500000
vt 0.500000 0.435243
vt 0.375000 0.435243
vt 0.440954 0.435243
vt 0.560175 0.625000
vt 0.500000 0.625000
vt 0.560175 0.750000
vt 0.500000 0.750000
vt 0.560175 0.814757
vt 0.500000 0.814757
vt 0.560175 0.875000
vt 0.560175 0.938794
vt 0.500000 0.938794
vt 0.500000 0.875000
vt 0.440954 0.938794
vt 0.375000 0.938794
vt 0.375000 0.875000
vt 0.440954 0.875000
vt 0.810243 0.125000
vt 0.810243 0.000000
vt 0.875000 0.000000
vt 0.875000 0.125000
vt 0.875000 0.250000
vt 0.810243 0.250000
vt 0.750000 0.250000
vt 0.686206 0.250000
vt 0.250000 0.000000
vt 0.313794 0.000000
vt 0.313794 0.125000
vt 0.250000 0.125000
vt 0.313794 0.250000
vt 0.250000 0.250000
vt 0.189757 0.250000
vt 0.125000 0.250000
vt 0.625000 0.311206
vt 0.625000 0.375000
vt 0.625000 0.435243
vt 0.625000 0.500000
vt 0.625000 0.625000
vt 0.625000 0.750000
vt 0.625000 0.814757
vt 0.625000 0.875000
vt 0.625000 0.938794
vt 0.625000 0.000000
vt 0.625000 0.125000
vt 0.625000 0.250000
vt 0.625000 1.000000
vt 0.560175 1.000000
vt 0.500000 1.000000
vt 0.440954 1.000000
vt 0.375000 1.000000
vt 0.375000 0.000000
vt 0.375911 0.000000
vt 0.375911 0.233137
vt 0.375000 0.233137
vt 0.375000 0.250000
vt 0.375911 0.250000
vt 0.375911 0.253083
vt 0.375000 0.253083
vt 0.375000 0.516863
vt 0.375911 0.516863
vt 0.375911 0.750000
vt 0.375000 0.750000
vt 0.375000 0.996917
vt 0.375911 0.996917
vt 0.375911 1.000000
vt 0.375000 1.000000
vt 0.625000 0.000000
vt 0.628083 0.000000
vt 0.628083 0.233137
vt 0.625000 0.233137
vt 0.371917 0.000000
vt 0.371917 0.233137
vt 0.624414 0.000000
vt 0.624414 0.233137
vt 0.624414 0.253083
vt 0.624414 0.250000
vt 0.624414 0.516863
vt 0.624414 0.750000
vt 0.624414 0.996917
vt 0.624414 1.000000
vt 0.375911 0.497475
vt 0.375000 0.497475
vt 0.127525 0.000000
vt 0.127525 0.233137
vt 0.375000 0.752525
vt 0.375911 0.752525
vt 0.624414 0.752525
vt 0.872475 0.000000
vt 0.872475 0.233137
vt 0.624414 0.497475
vt 0.371917 0.250000
vt 0.127525 0.250000
vt 0.375000 0.500000
vt 0.375911 0.500000
vt 0.624414 0.500000
vt 0.628083 0.250000
vt 0.872475 0.250000
vt 0.625000 0.250000
vt 0.125000 0.000000
vt 0.125000 0.233137
vt 0.875000 0.000000
vt 0.875000 0.233137
vt 0.875000 0.250000
vt 0.125000 0.250000
vt 0.625000 0.516863
vt 0.625000 0.500000
vt 0.625000 0.750000
vt 0.625000 0.752525
vt 0.625000 0.996917
vt 0.625000 1.000000
vt 0.625000 0.253083
vt 0.625000 0.497475
vn 0.712036 -0.065017 -0.699127
vn 0.057816 -0.293762 -0.954129
vn 0.212820 -0.152013 -0.965194
vn 0.679149 -0.062696 -0.731318
vn -0.487867 0.861438 -0.141104
vn 0.072983 0.960599 -0.268185
vn -0.023389 0.997385 0.068387
vn -0.604999 0.795657 0.030104
vn -0.000002 -0.032965 0.999457
vn 0.089259 -0.029954 0.995558
vn 0.101648 -0.022489 0.994566
vn -0.000004 -0.032965 0.999457
vn 0.987117 -0.157426 -0.028574
vn 0.274910 -0.960948 -0.031666
vn -0.016869 -0.958482 0.284653
vn 0.986308 -0.158467 0.045660
vn -0.994290 -0.072180 -0.078603
vn -0.997975 -0.062990 -0.008890
vn -0.992719 -0.120321 -0.005709
vn -0.983326 -0.126804 -0.130349
vn 0.931677 -0.362319 -0.026504
vn 0.916163 -0.387260 -0.103321
vn 0.961682 -0.237789 -0.136469
vn 0.971740 -0.235733 -0.012300
vn -0.068246 0.960581 -0.269493
vn 0.511350 0.848495 -0.136303
vn 0.629929 0.776128 0.028548
vn 0.022848 0.997302 0.069761
vn -0.090386 -0.020559 0.995695
vn -0.082011 -0.028344 0.996228
vn 0.000000 -0.032965 0.999457
vn 0.000000 -0.032965 0.999457
vn 0.134291 -0.945312 0.297239
vn -0.117746 -0.992857 -0.019272
vn -0.973389 -0.229077 -0.006140
vn -0.956325 -0.273374 0.103491
vn -0.230178 -0.149059 -0.961665
vn -0.162267 -0.266617 -0.950045
vn -0.743274 -0.031187 -0.668260
vn -0.715775 -0.045136 -0.696871
vn -0.001490 0.955857 -0.293828
vn 0.000005 0.997171 0.075169
vn 0.000163 -0.027805 0.999613
vn 0.001072 -0.020707 0.999785
vn -0.001922 -0.999901 -0.013914
vn -0.003296 -0.956623 0.291312
vn -0.000363 -0.319485 -0.947591
vn -0.000238 -0.183165 -0.983082
vn -0.358564 0.698121 -0.619725
vn -0.273050 0.527916 -0.804207
vn -0.222820 0.428865 -0.875457
vn -0.558305 0.615661 -0.556109
vn 0.283997 0.519471 -0.805913
vn 0.236889 0.455709 -0.858029
vn 0.000913 0.092030 -0.995756
vn -0.003127 0.555283 -0.831655
vn 0.553585 0.594510 -0.583182
vn 0.357713 0.682661 -0.637194
vn 0.474683 0.879666 0.029396
vn 0.430042 0.899674 -0.075174
vn 0.839465 0.531285 -0.114168
vn 0.843965 0.536190 0.014955
vn 0.031967 -0.074448 0.996712
vn 0.097563 -0.037722 0.994514
vn 0.098611 -0.001713 0.995125
vn 0.000000 -0.032964 0.999457
vn 0.000520 0.060255 0.998183
vn -0.001464 -0.044180 0.999023
vn 0.000000 -0.032964 0.999457
vn -0.091027 -0.006127 0.995830
vn -0.091163 -0.036952 0.995150
vn -0.032471 -0.072339 0.996851
vn -0.430067 0.899651 -0.075305
vn -0.474679 0.879670 0.029343
vn -0.827599 0.561099 0.015772
vn -0.823518 0.555540 -0.114862
vn 0.437006 0.892860 0.108752
vn 0.850554 0.512954 0.115911
vn 0.940029 -0.338714 0.040237
vn 0.971405 -0.221860 0.084564
vn 0.984173 -0.156083 -0.083914
vn 0.057796 -0.965379 -0.254368
vn -0.003642 -0.969797 -0.243886
vn -0.012424 -0.966568 -0.256110
vn -0.977035 -0.198639 -0.077110
vn -0.997292 -0.055178 0.048615
vn -0.988613 -0.123348 0.086195
vn -0.437009 0.892859 0.108752
vn -0.834654 0.538014 0.117867
vn 0.695431 0.704240 0.142908
vn -0.009251 0.948104 0.317826
vn -0.001032 0.940454 0.339921
vn 0.010454 0.948766 0.315808
vn -0.670491 0.726568 0.150137
vn -0.322403 0.029125 -0.946155
vn -0.675931 -0.001212 -0.736964
vn 0.000615 0.032348 -0.999477
vn 0.337148 0.028990 -0.941005
vn 0.655236 -0.000732 -0.755424
vn 0.999754 -0.022160 -0.000593
vn 0.988672 -0.002013 -0.150081
vn 0.993544 -0.012895 0.112709
vn 0.079748 -0.034532 0.996217
vn 0.000000 -0.032964 0.999457
vn 0.000500 -0.033701 0.999432
vn -0.075490 -0.034386 0.996554
vn 0.000000 -0.032964 0.999457
vn -0.999754 -0.022153 -0.000586
vn -0.993544 -0.012895 0.112710
vn -0.988670 -0.002031 -0.150089
vn 0.000458 0.570856 -0.821050
vn -0.273105 0.522458 -0.807745
vn 0.289164 0.506626 -0.812228
vn 0.402816 0.416696 -0.814926
vn 0.917017 0.380892 -0.118327
vn 0.927036 0.374618 0.016281
vn 0.923996 0.366172 0.110229
vn 0.032208 -0.074761 0.996681
vn 0.114222 -0.069183 0.991043
vn 0.000535 -0.064338 0.997928
vn -0.109099 -0.065142 0.991894
vn -0.032711 -0.072629 0.996823
vn -0.912727 0.408203 0.017348
vn -0.909724 0.399499 0.113151
vn -0.902351 0.414065 -0.119638
vn -0.408178 0.437325 -0.801335
vn 0.306247 -0.044902 -0.950893
vn 0.306247 -0.044902 -0.950892
vn 0.252541 0.001891 -0.967584
vn 0.207671 0.040105 -0.977376
vn -0.758440 -0.576887 -0.303267
vn -0.741125 -0.523178 -0.420736
vn -0.596736 -0.559658 -0.575055
vn -0.713434 -0.591709 -0.375356
vn 0.026300 0.238974 0.970670
vn 0.026300 0.238974 0.970670
vn 0.015769 0.155304 0.987741
vn 0.016083 0.157809 0.987339
vn -0.032187 0.836781 0.546591
vn 0.024140 0.880072 0.474227
vn 0.507165 0.783820 0.358343
vn 0.754680 0.629017 0.186537
vn 0.964547 -0.182843 -0.190310
vn 0.970699 -0.178395 -0.160991
vn 0.988765 -0.144601 0.037877
vn 0.988765 -0.144601 0.037877
vn -0.881101 -0.170027 0.441307
vn -0.881101 -0.170027 0.441307
vn -0.939741 -0.131860 0.315437
vn -0.935298 -0.135379 0.326940
vn -0.066031 0.153835 -0.985888
vn -0.270420 0.031097 -0.962240
vn -0.207055 0.070361 -0.975796
vn -0.066031 0.153835 -0.985888
vn 0.368740 0.124251 -0.921191
vn 0.331044 0.135759 -0.933798
vn -0.005711 0.222352 -0.974950
vn -0.005711 0.222352 -0.974950
vn -0.335694 0.135488 -0.932176
vn -0.305845 0.144523 -0.941048
vn -0.533380 0.068683 -0.843083
vn -0.533380 0.068683 -0.843083
vn 0.319218 -0.567099 -0.759275
vn 0.574312 -0.603640 -0.552978
vn 0.699228 -0.676165 -0.232125
vn 0.563760 -0.643410 -0.517879
vn 0.549014 -0.646409 0.529848
vn 0.162222 -0.366969 0.915979
vn 0.006544 -0.419774 0.907605
vn 0.303297 -0.585688 0.751652
vn -0.193110 -0.576011 0.794305
vn -0.370350 -0.690164 0.621703
vn -0.646752 -0.665324 0.372902
vn -0.552269 -0.641649 0.532246
vn -0.005820 0.025030 0.999670
vn 0.320180 0.027110 0.946969
vn 0.286443 0.027027 0.957716
vn -0.005820 0.025030 0.999670
vn -0.021347 -0.125462 0.991869
vn -0.038192 -0.152150 0.987619
vn 0.014081 -0.069030 0.997515
vn 0.014081 -0.069030 0.997515
vn 0.038422 -0.165615 0.985442
vn 0.057123 -0.194171 0.979303
vn 0.057123 -0.194171 0.979303
vn 0.022444 -0.141115 0.989739
vn -0.809875 0.532705 0.245618
vn -0.472047 0.746921 0.468274
vn -0.716865 0.678263 0.161441
vn -0.936148 0.340790 -0.086544
vn -0.701117 0.711010 -0.053853
vn -0.740499 0.664040 -0.103499
vn -0.944438 0.301386 0.131165
vn -0.943665 0.289150 0.160901
vn 0.632225 0.731989 -0.253936
vn -0.178304 0.859709 -0.478652
vn -0.311148 0.871880 -0.378168
vn 0.752618 0.643340 -0.140284
vn 0.964223 -0.194103 0.180548
vn 0.971473 -0.186898 0.145975
vn 0.882585 -0.235893 0.406692
vn 0.882585 -0.235893 0.406692
vn 0.505498 0.183388 0.843114
vn 0.505498 0.183388 0.843114
vn 0.816221 0.342910 0.464969
vn 0.826975 0.349009 0.440801
vn 0.912159 0.409452 0.017728
vn 0.763480 0.357978 -0.537540
vn 0.777427 0.363575 -0.513246
vn 0.912159 0.409452 0.017728
vn -0.975994 -0.092169 -0.197334
vn -0.940605 -0.118847 -0.318021
vn -0.936395 -0.121302 -0.329317
vn -0.975994 -0.092169 -0.197334
vn -0.827533 0.102854 -0.551915
vn -0.768514 0.086915 -0.633903
vn -0.906204 0.126885 -0.403355
vn -0.906204 0.126885 -0.403355
vn -0.911191 0.154077 0.382088
vn -0.906094 0.172535 0.386296
vn -0.906094 0.172535 0.386296
vn -0.913359 0.145797 0.380157
vn 0.753415 -0.595481 -0.278870
vn 0.750437 -0.660304 -0.029031
vn 0.746756 -0.634484 0.199463
vn 0.401771 -0.261830 0.877511
vn 0.586375 0.026440 0.809608
vn 0.586375 0.026440 0.809608
vn -0.062527 -0.190539 0.979686
vn -0.062527 -0.190539 0.979686
vn 0.063400 0.794623 0.603784
vn 0.210240 0.820424 0.531699
vn 0.312644 0.866323 -0.389537
vn 0.168266 0.854196 -0.491971
vn -0.362277 -0.027951 -0.931651
vn -0.362277 -0.027951 -0.931651
vn 0.693559 0.004200 -0.720387
vn 0.693559 0.004200 -0.720387
vn -0.362588 -0.555614 -0.748213
vn -0.626431 -0.606622 -0.489484
vn -0.001544 -0.419107 0.907936
vn -0.336060 -0.571364 0.748737
vn -0.000207 0.027964 0.999609
vn -0.000207 0.027964 0.999609
vn -0.023226 -0.070576 0.997236
vn -0.023226 -0.070576 0.997236
vn 0.849194 0.502970 0.160905
vn 0.942954 0.324821 -0.072999
vn 0.949621 0.313015 0.015542
vn 0.953078 0.302140 0.018825
vn 0.072531 0.150751 -0.985907
vn 0.072531 0.150751 -0.985907
vn 0.000013 0.223924 -0.974607
vn 0.000013 0.223924 -0.974607
vn -0.105096 0.763798 -0.636842
vn -0.350047 0.688543 -0.635119
vn -0.687740 0.477503 -0.546814
vn 0.825401 0.560902 -0.064054
vn 0.468882 0.767099 -0.437845
vn 0.094924 0.766223 -0.635525
vn -0.863886 -0.153236 -0.479813
vn -0.863886 -0.153236 -0.479813
vn -0.614048 0.049507 -0.787715
vn -0.614048 0.049507 -0.787715
vn -0.551381 -0.229895 -0.801952
vn -0.209246 -0.355081 -0.911117
vn -0.001656 -0.403504 -0.914976
vn 0.007795 -0.403827 -0.914802
vn 0.156608 -0.308286 -0.938314
vn 0.405784 -0.116463 -0.906518
vn 0.412946 0.210077 -0.886196
vn 0.412946 0.210077 -0.886196
vn 0.871612 -0.214635 -0.440709
vn 0.871612 -0.214635 -0.440709
vn -0.693723 0.710475 0.118212
vn 0.308142 0.825128 0.473510
vn -0.942893 0.299035 -0.146732
vn 0.548298 0.745068 0.379793
vn 0.955870 0.237837 -0.172469
vn -0.111900 0.760180 0.640004
vn -0.971052 -0.101310 0.216320
vn -0.971052 -0.101310 0.216320
vn -0.918611 0.124446 0.375055
vn -0.918611 0.124446 0.375055
vn -0.752978 -0.617665 0.226967
vn -0.709848 -0.628496 0.317977
vn -0.620580 -0.632112 0.464020
vn 0.699072 -0.689475 0.189532
vn 0.557723 -0.669675 0.490388
vn 0.750427 -0.660584 -0.022102
vn 0.912154 0.409605 0.014073
vn 0.912154 0.409605 0.014073
vn 0.988531 -0.141889 -0.051700
vn 0.988532 -0.141889 -0.051700
vn -0.457493 0.029313 -0.888730
vn -0.457493 0.029313 -0.888730
vn -0.340342 0.030997 -0.939791
vn -0.289980 0.031549 -0.956512
vn 0.000001 -0.925717 -0.378217
vn 0.012438 -0.985702 -0.168037
vn -0.076807 -0.993682 -0.081834
vn -0.108762 -0.931371 -0.347446
vn -0.493151 -0.028676 0.869471
vn -0.493151 -0.028676 0.869471
vn -0.289114 -0.031556 0.956774
vn -0.291678 -0.031530 0.955997
vn -0.119351 0.687835 0.715987
vn -0.094247 0.601488 0.793303
vn 0.620548 0.581492 0.526106
vn 0.705934 0.632426 0.318894
vn 0.980757 0.006436 -0.195127
vn 0.996063 0.002922 -0.088596
vn 1.000000 0.000000 0.000000
vn 1.000000 0.000000 0.000000
vn -0.848561 0.065665 0.525008
vn -0.848560 0.065665 0.525008
vn -0.954602 0.059750 0.291832
vn -0.933033 0.061672 0.354466
vn -0.005587 0.037093 -0.999296
vn 0.352753 0.034202 -0.935091
vn 0.296104 0.035003 -0.954514
vn -0.005587 0.037093 -0.999296
vn 0.265782 0.027526 -0.963640
vn 0.271522 0.027481 -0.962040
vn -0.004648 0.028494 -0.999583
vn -0.004648 0.028494 -0.999583
vn -0.265490 0.031781 -0.963590
vn -0.272040 0.031721 -0.961763
vn -0.457491 0.029312 -0.888731
vn -0.457491 0.029312 -0.888731
vn 0.197952 -0.976994 -0.079364
vn 0.083290 -0.993744 -0.074400
vn 0.120610 -0.934025 -0.336231
vn 0.270838 -0.921739 -0.277568
vn 0.102131 -0.990138 0.095892
vn 0.158659 -0.981079 -0.110961
vn 0.371502 -0.927900 -0.031411
vn 0.332645 -0.936916 0.107408
vn -0.149489 -0.978750 -0.140365
vn 0.208267 -0.944446 -0.254258
vn 0.079733 -0.980951 0.177137
vn -0.094492 -0.990746 0.097435
vn -0.004612 -0.042000 0.999107
vn 0.300037 -0.039907 0.953092
vn 0.291352 -0.040025 0.955778
vn -0.004612 -0.042000 0.999107
vn 0.323046 -0.026066 0.946024
vn 0.384107 -0.025560 0.922935
vn -0.008227 -0.026882 0.999605
vn -0.008227 -0.026882 0.999605
vn -0.370434 -0.030620 0.928354
vn -0.493152 -0.028678 0.869471
vn -0.493152 -0.028678 0.869471
vn -0.316671 -0.031268 0.948020
vn -0.820111 0.460716 0.339352
vn -0.555029 0.568456 0.607290
vn -0.664485 0.662888 0.345021
vn -0.935082 0.349924 0.056344
vn -0.773903 0.632969 -0.020613
vn -0.683613 0.665239 -0.300218
vn -0.937677 0.345540 -0.036925
vn -0.959837 0.262178 0.099879
vn 0.602370 0.693844 -0.394627
vn -0.337023 0.706964 -0.621785
vn -0.306863 0.913852 -0.265913
vn 0.814242 0.562836 -0.142219
vn 0.980388 -0.006497 0.196972
vn 0.995559 -0.003104 0.094091
vn 0.896763 -0.014587 0.442271
vn 0.896763 -0.014587 0.442271
vn 0.896761 -0.014587 0.442275
vn 0.896761 -0.014587 0.442275
vn 0.968963 -0.008149 0.247070
vn 0.965910 -0.008534 0.258736
vn 1.000000 0.000000 0.000000
vn 0.968387 0.008223 -0.249317
vn 0.966049 0.008517 -0.258219
vn 1.000000 0.000000 0.000000
vn -0.978229 0.067368 -0.196291
vn -0.959667 0.073930 -0.271246
vn -0.936107 0.079882 -0.342523
vn -0.978229 0.067368 -0.196291
vn -0.929020 0.012197 -0.369830
vn -0.934382 0.011744 -0.356079
vn -1.000000 0.000000 0.000000
vn -1.000000 0.000000 0.000000
vn -0.935509 -0.011647 0.353110
vn -0.805066 -0.019555 0.592864
vn -0.805066 -0.019555 0.592864
vn -0.928416 -0.012248 0.371340
vn -0.018314 -0.991014 -0.132497
vn -0.002922 -0.926141 -0.377165
vn -0.118239 -0.982136 0.146386
vn -0.265578 -0.932760 -0.243779
vn 0.573150 -0.034118 0.818740
vn 0.573150 -0.034118 0.818740
vn 0.574602 -0.023098 0.818107
vn 0.574602 -0.023098 0.818107
vn 0.316680 0.470812 0.823438
vn 0.338296 0.653046 0.677559
vn 0.318326 0.908161 -0.271869
vn 0.322213 0.696747 -0.640876
vn 0.536214 0.030543 -0.843530
vn 0.536214 0.030543 -0.843530
vn 0.536335 0.024162 -0.843659
vn 0.536335 0.024162 -0.843659
vn -0.238858 -0.967474 -0.083308
vn -0.316775 -0.907886 -0.274584
vn -0.432818 -0.900991 -0.029717
vn -0.388293 -0.915347 0.106623
vn 0.000002 -0.032964 0.999457
vn 0.000002 -0.032964 0.999457
vn -0.000001 -0.032965 0.999457
vn -0.000001 -0.032965 0.999457
vn 0.851710 0.445558 0.275806
vn 0.937020 0.341170 0.074812
vn 0.930323 0.349752 -0.110327
vn 0.960906 0.271094 -0.056282
vn 0.000002 0.032965 -0.999457
vn 0.000002 0.032965 -0.999457
vn 0.000001 0.032964 -0.999457
vn 0.000001 0.032964 -0.999457
vn 0.298768 0.521209 -0.799424
vn -0.551918 0.606612 -0.572196
vn -0.821549 0.482820 -0.303219
vn 0.841829 0.495388 -0.214279
vn 0.628614 0.615748 -0.475077
vn -0.325213 0.499641 -0.802867
vn -0.835635 0.094756 -0.541051
vn -0.835635 0.094756 -0.541051
vn -0.788670 0.020266 -0.614483
vn -0.788670 0.020266 -0.614483
vn 0.035349 -0.960969 0.274388
vn -0.070098 -0.982424 0.173000
vn -0.167703 -0.983028 0.074371
vn 0.133328 -0.987772 0.080809
vn 0.071422 -0.985633 0.153055
vn -0.040516 -0.959621 0.278362
vn 0.886458 0.015256 -0.462557
vn 0.886458 0.015256 -0.462557
vn 0.886458 0.015256 -0.462557
vn 0.886458 0.015256 -0.462557
vn -0.782713 0.622374 0.003323
vn 0.324164 0.906109 0.271816
vn -0.956854 0.268304 -0.111550
vn 0.724988 0.677986 0.121356
vn 0.967462 0.215672 -0.132301
vn -0.184431 0.887711 0.421847
vn -0.974166 0.057225 0.218464
vn -0.974166 0.057225 0.218464
vn -1.000000 -0.000000 0.000000
vn -1.000000 -0.000000 0.000000
vn 0.000000 -0.914251 0.405149
vn -0.105581 -0.920967 0.375063
vn -0.308078 -0.901771 0.303145
vn 0.116994 -0.923942 0.364203
vn 0.263279 -0.914780 0.306370
vn -0.002859 -0.914670 0.404192
vn 1.000000 0.000000 0.000000
vn 1.000000 0.000000 0.000000
vn 1.000000 -0.000000 0.000000
vn 1.000000 -0.000000 0.000000
vn -0.457489 0.029313 -0.888732
vn -0.457489 0.029313 -0.888732
vn -0.354861 0.030820 -0.934411
vn -0.297826 0.031469 -0.954101
vn -0.172369 -0.937358 0.302735
vn -0.278203 -0.950484 0.138506
vn 0.025779 -0.997970 0.058234
vn -0.051336 -0.964797 0.257936
vn -0.493150 -0.028678 0.869471
vn -0.493150 -0.028678 0.869471
vn -0.314596 -0.031291 0.948710
vn -0.289196 -0.031556 0.956750
vn -0.131112 0.755672 0.641693
vn -0.127685 0.730365 0.671017
vn 0.645497 0.647075 0.405744
vn 0.718386 0.639520 0.273744
vn 0.978619 0.006780 -0.205568
vn 0.993876 0.003642 -0.110441
vn 1.000000 -0.000001 0.000000
vn 1.000000 -0.000001 0.000000
vn -0.854007 0.082818 0.513628
vn -0.854007 0.082818 0.513628
vn -0.947025 0.075801 0.312086
vn -0.929672 0.077758 0.360089
vn -0.006008 0.037585 -0.999275
vn 0.371841 0.034143 -0.927668
vn 0.306004 0.035165 -0.951381
vn -0.006008 0.037585 -0.999275
vn 0.264738 0.029299 -0.963875
vn 0.262039 0.029321 -0.964612
vn -0.005667 0.030359 -0.999523
vn -0.005667 0.030359 -0.999523
vn -0.264427 0.031791 -0.963882
vn -0.286634 0.031581 -0.957520
vn -0.457491 0.029313 -0.888731
vn -0.457491 0.029313 -0.888731
vn -0.439154 -0.897831 0.032316
vn -0.026458 -0.998049 0.056556
vn 0.059003 -0.968466 0.242060
vn -0.182558 -0.972662 0.143530
vn -0.031974 -0.992140 -0.120975
vn -0.200062 -0.979582 0.019860
vn -0.570608 -0.820943 -0.021458
vn -0.449801 -0.888605 -0.089781
vn 0.184592 -0.981746 0.045836
vn -0.445167 -0.888787 0.109018
vn -0.287302 -0.936625 -0.200479
vn 0.031000 -0.991934 -0.122907
vn -0.008347 -0.036800 0.999288
vn 0.289770 -0.035189 0.956449
vn 0.289411 -0.035193 0.956558
vn -0.008347 -0.036800 0.999288
vn 0.333638 -0.025560 0.942355
vn 0.404344 -0.025011 0.914265
vn -0.008849 -0.026158 0.999619
vn -0.008849 -0.026158 0.999619
vn -0.385833 -0.030412 0.922068
vn -0.493153 -0.028677 0.869470
vn -0.493153 -0.028677 0.869470
vn -0.325083 -0.031174 0.945172
vn -0.821456 0.507726 0.259661
vn -0.601607 0.643512 0.473246
vn -0.670367 0.686422 0.281840
vn -0.927022 0.374546 0.018607
vn -0.734093 0.678144 -0.035047
vn -0.679396 0.696157 -0.231919
vn -0.929708 0.368259 0.005397
vn -0.951675 0.279924 0.126319
vn 0.595793 0.730928 -0.332827
vn -0.334490 0.763767 -0.552066
vn -0.308818 0.896776 -0.316896
vn 0.783559 0.604721 -0.142646
vn 0.978204 -0.006845 0.207535
vn 0.993295 -0.003811 0.115545
vn 0.896763 -0.014586 0.442271
vn 0.896763 -0.014586 0.442271
vn 0.896763 -0.014587 0.442271
vn 0.896763 -0.014587 0.442271
vn 0.965523 -0.008581 0.260177
vn 0.968095 -0.008260 0.250449
vn 1.000000 0.000000 0.000000
vn 0.966063 0.008515 -0.258168
vn 0.968050 0.008266 -0.250622
vn 1.000000 0.000000 0.000000
vn -0.976295 0.081990 -0.200314
vn -0.952686 0.090310 -0.290232
vn -0.932923 0.095289 -0.347240
vn -0.976295 0.081990 -0.200314
vn -0.932666 0.011891 -0.360545
vn -0.927391 0.012331 -0.373891
vn -1.000000 0.000000 0.000000
vn -1.000000 0.000000 0.000000
vn -0.926546 -0.012401 0.375978
vn -0.805067 -0.019554 0.592861
vn -0.805067 -0.019554 0.592861
vn -0.932756 -0.011884 0.360313
vn 0.367280 -0.922249 0.120672
vn 0.224229 -0.926963 0.300767
vn 0.377499 -0.908264 -0.180420
vn 0.537946 -0.838777 0.084070
vn 0.575871 -0.030020 0.816989
vn 0.575871 -0.030020 0.816989
vn 0.574602 -0.022941 0.818111
vn 0.574602 -0.022941 0.818112
vn 0.323736 0.600112 0.731479
vn 0.328565 0.720831 0.610284
vn 0.320302 0.889964 -0.324609
vn 0.321885 0.761127 -0.563094
vn 0.536213 0.030653 -0.843526
vn 0.536213 0.030653 -0.843526
vn 0.537157 0.025654 -0.843092
vn 0.537157 0.025654 -0.843092
vn 0.510268 -0.859508 0.029548
vn 0.223571 -0.964457 0.140850
vn 0.642594 -0.765966 -0.019221
vn 0.521414 -0.849116 -0.084439
vn 0.000001 -0.032965 0.999457
vn 0.000001 -0.032965 0.999457
vn 0.000000 -0.032965 0.999457
vn 0.000000 -0.032965 0.999457
vn 0.854094 0.477742 0.205635
vn 0.930937 0.363436 0.035646
vn 0.924966 0.373822 -0.068518
vn 0.956572 0.290253 -0.026886
vn -0.000001 0.032965 -0.999457
vn -0.000001 0.032965 -0.999457
vn 0.000001 0.032965 -0.999457
vn 0.000001 0.032965 -0.999457
vn 0.307766 0.629067 -0.713831
vn -0.586569 0.667277 -0.458997
vn -0.817839 0.522116 -0.241939
vn 0.833079 0.532163 -0.150934
vn 0.656622 0.665449 -0.355000
vn -0.336832 0.602529 -0.723536
vn -0.838217 0.109773 -0.534174
vn -0.838217 0.109773 -0.534174
vn -0.788668 0.020267 -0.614485
vn -0.788669 0.020267 -0.614485
vn -0.443855 -0.878633 -0.176060
vn 0.173590 -0.977840 -0.117029
vn 0.642593 -0.765550 -0.031727
vn -0.570656 -0.820520 -0.033136
vn -0.189503 -0.977826 -0.089138
vn 0.536873 -0.830868 -0.146374
vn 0.886459 0.015256 -0.462555
vn 0.886459 0.015256 -0.462555
vn 0.886459 0.015256 -0.462557
vn 0.886459 0.015256 -0.462556
vn -0.730600 0.677515 0.084839
vn 0.318155 0.859493 0.400061
vn -0.950883 0.287600 -0.114491
vn 0.611302 0.734061 0.295742
vn 0.963242 0.231383 -0.136478
vn -0.138377 0.810582 0.569042
vn -0.970643 0.072062 0.229476
vn -0.970643 0.072062 0.229476
vn -1.000000 -0.000000 0.000000
vn -1.000000 -0.000000 0.000000
vn -0.171217 -0.908615 -0.380924
vn -0.051244 -0.940336 -0.336368
vn 0.223168 -0.951027 -0.213876
vn 0.058993 -0.945561 -0.320053
vn -0.182134 -0.958993 -0.217164
vn 0.222696 -0.898567 -0.378133
vn 1.000000 0.000001 0.000000
vn 1.000000 0.000001 0.000000
vn 1.000000 -0.000000 0.000000
vn 1.000000 -0.000000 0.000000
vn -0.430767 0.029749 -0.901973
vn -0.430766 0.029749 -0.901973
vn -0.314296 0.031294 -0.948809
vn -0.270621 0.031734 -0.962163
vn 0.000001 -0.815044 0.579398
vn -0.108717 -0.947554 0.300536
vn 0.165134 -0.974749 0.150320
vn 0.124075 -0.853550 0.506021
vn -0.465479 -0.029176 0.884578
vn -0.465479 -0.029176 0.884578
vn -0.288318 -0.031565 0.957014
vn -0.269358 -0.031746 0.962517
vn 0.041507 0.844040 0.534671
vn 0.020630 0.813945 0.580576
vn 0.627891 0.718789 0.298488
vn 0.694653 0.687878 0.210431
vn 0.974564 0.007388 -0.223988
vn 0.991668 0.004246 -0.128747
vn 1.000000 0.000000 0.000000
vn 1.000000 0.000000 0.000000
vn -0.837076 0.088097 0.539947
vn -0.837076 0.088097 0.539947
vn -0.937257 0.083459 0.338501
vn -0.920011 0.084796 0.382609
vn -0.005183 0.037190 -0.999295
vn 0.325299 0.034651 -0.944976
vn 0.276415 0.035301 -0.960390
vn -0.005183 0.037190 -0.999295
vn 0.246241 0.029529 -0.968759
vn 0.242726 0.029556 -0.969644
vn -0.004998 0.030449 -0.999524
vn -0.004998 0.030449 -0.999524
vn -0.246042 0.031951 -0.968732
vn -0.262634 0.031807 -0.964371
vn -0.430766 0.029749 -0.901973
vn -0.430766 0.029749 -0.901973
vn -0.509710 -0.853611 0.107446
vn -0.180836 -0.973350 0.141024
vn -0.140650 -0.866282 0.479347
vn -0.331799 -0.891828 0.307492
vn -0.183329 -0.962026 -0.202226
vn -0.301070 -0.948510 0.098417
vn -0.604629 -0.796052 -0.026933
vn -0.517101 -0.840797 -0.160207
vn 0.289234 -0.946000 0.146383
vn -0.299445 -0.900243 0.316063
vn -0.119336 -0.924503 -0.362013
vn 0.168008 -0.962696 -0.212107
vn -0.007363 -0.036668 0.999300
vn 0.268009 -0.035302 0.962770
vn 0.269461 -0.035287 0.962365
vn -0.007363 -0.036668 0.999300
vn 0.301924 -0.026135 0.952974
vn 0.354890 -0.025752 0.934553
vn -0.007635 -0.026738 0.999613
vn -0.007635 -0.026738 0.999613
vn -0.342698 -0.030969 0.938935
vn -0.465479 -0.029176 0.884578
vn -0.465479 -0.029176 0.884578
vn -0.295869 -0.031489 0.954709
vn -0.780846 0.607810 0.144383
vn -0.586313 0.735502 0.339520
vn -0.644959 0.728221 0.231781
vn -0.894187 0.447028 -0.024409
vn -0.713065 0.700527 -0.028291
vn -0.653237 0.734746 -0.182836
vn -0.898078 0.436626 0.053048
vn -0.930403 0.343435 0.128069
vn 0.578290 0.770567 -0.267970
vn -0.076295 0.894830 -0.439840
vn -0.007990 0.963897 -0.266156
vn 0.761643 0.636193 -0.123124
vn 0.974107 -0.007453 0.225964
vn 0.990938 -0.004428 0.134249
vn 0.882886 -0.015480 0.469333
vn 0.882886 -0.015480 0.469333
vn 0.882886 -0.015480 0.469332
vn 0.882886 -0.015480 0.469332
vn 0.959036 -0.009338 0.283132
vn 0.963520 -0.008823 0.267491
vn 1.000000 0.000000 0.000000
vn 0.960529 0.009170 -0.278030
vn 0.963487 0.008827 -0.267608
vn 1.000000 0.000000 0.000000
vn -0.972961 0.090455 -0.212520
vn -0.943408 0.099251 -0.316435
vn -0.923521 0.103391 -0.369351
vn -0.972961 0.090455 -0.212520
vn -0.923638 0.012634 -0.383058
vn -0.913925 0.013380 -0.405664
vn -1.000000 0.000000 0.000000
vn -1.000000 0.000000 0.000000
vn -0.911650 -0.013547 0.410744
vn -0.783085 -0.020501 0.621577
vn -0.783085 -0.020501 0.621577
vn -0.923702 -0.012629 0.382904
vn 0.157265 -0.953130 0.258479
vn -0.002245 -0.814581 0.580045
vn 0.170996 -0.932122 -0.319230
vn 0.374272 -0.879289 0.294569
vn 0.546790 -0.030650 0.836708
vn 0.546790 -0.030650 0.836708
vn 0.545790 -0.023555 0.837591
vn 0.545790 -0.023555 0.837591
vn 0.157368 0.723901 0.671717
vn 0.085388 0.846731 0.525124
vn 0.010642 0.959900 -0.280142
vn 0.077556 0.881761 -0.465276
vn 0.507747 0.031238 -0.860940
vn 0.507747 0.031238 -0.860940
vn 0.508484 0.026255 -0.860671
vn 0.508484 0.026255 -0.860671
vn 0.582232 -0.806759 0.100729
vn 0.393328 -0.869513 0.298731
vn 0.675287 -0.737154 -0.024314
vn 0.589722 -0.793481 -0.150384
vn -0.000001 -0.032965 0.999457
vn -0.000001 -0.032965 0.999457
vn 0.000001 -0.032965 0.999457
vn 0.000001 -0.032965 0.999457
vn 0.823528 0.556063 0.112230
vn 0.902304 0.430987 -0.009881
vn 0.895293 0.444588 -0.028155
vn 0.934306 0.354869 -0.033773
vn 0.000000 0.032964 -0.999457
vn 0.000000 0.032964 -0.999457
vn 0.000000 0.032965 -0.999457
vn 0.000000 0.032965 -0.999457
vn 0.147974 0.748123 -0.646851
vn -0.576291 0.754286 -0.314550
vn -0.779896 0.615677 -0.112708
vn 0.784301 0.620190 -0.015377
vn 0.641538 0.742639 -0.192137
vn -0.168935 0.733555 -0.658299
vn -0.819939 0.116124 -0.560549
vn -0.819939 0.116124 -0.560549
vn -0.765605 0.021207 -0.642962
vn -0.765605 0.021207 -0.642962
vn -0.295142 -0.870438 -0.393991
vn 0.279954 -0.933712 -0.223178
vn 0.675288 -0.737153 -0.024315
vn -0.604666 -0.796069 -0.025573
vn -0.292324 -0.940601 -0.172677
vn 0.369517 -0.852154 -0.370527
vn 0.871487 0.016167 -0.490153
vn 0.871487 0.016167 -0.490153
vn 0.871487 0.016167 -0.490153
vn 0.871487 0.016167 -0.490153
vn -0.710083 0.699673 0.078996
vn 0.010783 0.933357 0.358789
vn -0.929637 0.351032 -0.112033
vn 0.627273 0.750650 0.207496
vn 0.948867 0.284990 -0.135764
vn 0.078788 0.890941 0.447233
vn -0.966587 0.080047 0.243521
vn -0.966587 0.080047 0.243521
vn -1.000000 -0.000000 0.000000
vn -1.000000 -0.000000 0.000000
vn 0.000001 -0.757229 -0.653150
vn 0.121982 -0.803534 -0.582627
vn 0.390795 -0.841850 -0.372247
vn -0.138502 -0.819144 -0.556615
vn -0.329491 -0.863095 -0.382756
vn -0.002238 -0.756728 -0.653726
vn 1.000000 0.000000 0.000000
vn 1.000000 0.000000 0.000000
vn 1.000000 0.000000 0.000000
vn 1.000000 0.000000 0.000000
vn 0.292980 -0.069890 -0.953561
vn 0.292980 -0.069890 -0.953561
vn 0.250919 -0.008288 -0.967973
vn 0.212896 0.045697 -0.976006
vn -0.821968 -0.463738 -0.330628
vn -0.784782 -0.405036 -0.469109
vn -0.620284 -0.477266 -0.622467
vn -0.762621 -0.518292 -0.387017
vn 0.001219 0.591406 0.806373
vn 0.001219 0.591406 0.806373
vn 0.001156 0.439067 0.898454
vn 0.001169 0.466070 0.884747
vn 0.186440 0.802816 0.566328
vn 0.238653 0.805192 0.542873
vn 0.365934 0.749095 0.552222
vn 0.648408 0.717726 0.253844
vn 0.952620 -0.170710 -0.251742
vn 0.950420 -0.172783 -0.258551
vn 0.965134 -0.157581 -0.209008
vn 0.965134 -0.157581 -0.209008
vn -0.887833 -0.195201 0.416713
vn -0.887833 -0.195201 0.416713
vn -0.944449 -0.143521 0.295665
vn -0.936655 -0.152030 0.315538
vn -0.087599 0.204541 -0.974931
vn -0.271904 0.030879 -0.961829
vn -0.214013 0.087464 -0.972907
vn -0.087599 0.204541 -0.974931
vn 0.388829 0.258754 -0.884228
vn 0.262867 0.354813 -0.897223
vn -0.005425 0.517737 -0.855523
vn -0.005425 0.517737 -0.855523
vn -0.347700 0.290677 -0.891410
vn -0.247009 0.366809 -0.896905
vn -0.516778 0.139985 -0.844597
vn -0.516778 0.139985 -0.844597
vn 0.264908 -0.494352 -0.827913
vn 0.605466 -0.531264 -0.592596
vn 0.762404 -0.613405 -0.206093
vn 0.544757 -0.655380 -0.523180
vn 0.577362 -0.570330 0.584275
vn 0.164665 -0.276100 0.946918
vn 0.002987 -0.321042 0.947060
vn 0.245988 -0.510881 0.823705
vn -0.205402 -0.453265 0.867387
vn -0.407145 -0.562385 0.719692
vn -0.708617 -0.549299 0.442868
vn -0.582399 -0.549975 0.598615
vn -0.005501 0.134169 0.990943
vn 0.339060 0.133556 0.931236
vn 0.252742 0.135313 0.958025
vn -0.005501 0.134169 0.990943
vn -0.017662 -0.159180 0.987092
vn -0.036263 -0.194629 0.980206
vn 0.021092 -0.084660 0.996187
vn 0.021092 -0.084660 0.996187
vn 0.035224 -0.210743 0.976907
vn 0.053590 -0.244276 0.968224
vn 0.053590 -0.244276 0.968224
vn 0.017898 -0.178905 0.983704
vn -0.546809 0.385986 0.742977
vn -0.370778 0.429893 0.823235
vn -0.464613 0.879620 -0.101999
vn -0.851363 0.514190 -0.103878
vn -0.667637 0.395134 0.630975
vn -0.619609 0.756669 0.208653
vn -0.912378 0.302824 0.275436
vn -0.895806 0.292532 0.334600
vn 0.633808 0.666678 -0.392208
vn 0.086188 0.862746 -0.498238
vn -0.012336 0.917950 -0.396505
vn 0.714130 0.629316 -0.306560
vn 0.948883 -0.207593 0.237753
vn 0.944960 -0.210884 0.250155
vn 0.926853 -0.224144 0.301169
vn 0.926853 -0.224144 0.301169
vn 0.415389 0.484411 0.769934
vn 0.415389 0.484411 0.769934
vn 0.574157 0.749256 0.330089
vn 0.572280 0.745415 0.341835
vn 0.591403 0.805817 0.030025
vn 0.550295 0.752816 -0.361170
vn 0.550337 0.752872 -0.360990
vn 0.591403 0.805817 0.030025
vn -0.973673 -0.103475 -0.203111
vn -0.947292 -0.131812 -0.291998
vn -0.938330 -0.139508 -0.316344
vn -0.973673 -0.103475 -0.203111
vn -0.818867 0.292923 -0.493612
vn -0.694906 0.174039 -0.697723
vn -0.855499 0.339328 -0.391124
vn -0.855499 0.339328 -0.391124
vn -0.808687 0.449996 0.378853
vn -0.793157 0.474994 0.381160
vn -0.793157 0.474994 0.381160
vn -0.832594 0.408214 0.374363
vn 0.810783 -0.470353 -0.348424
vn 0.833278 -0.552456 -0.020966
vn 0.808806 -0.516084 0.281938
vn 0.390837 -0.197054 0.899120
vn 0.569111 0.122537 0.813079
vn 0.569111 0.122537 0.813079
vn -0.059994 -0.239554 0.969028
vn -0.059994 -0.239554 0.969028
vn -0.167797 0.457989 0.872978
vn -0.115534 0.976583 -0.181484
vn 0.008208 0.419948 0.907511
vn -0.341530 0.881701 0.325517
vn -0.348534 -0.047259 -0.936104
vn -0.348534 -0.047259 -0.936104
vn 0.674647 -0.029615 -0.737546
vn 0.674647 -0.029615 -0.737546
vn -0.310786 -0.486492 -0.816540
vn -0.612933 -0.616906 -0.493700
vn -0.002803 -0.320648 0.947194
vn -0.282074 -0.499750 0.818953
vn 0.000961 0.142633 0.989775
vn 0.000961 0.142633 0.989775
vn -0.031766 -0.086542 0.995742
vn -0.031766 -0.086542 0.995742
vn 0.528840 0.648471 0.547553
vn 0.820210 0.552807 0.147173
vn 0.921177 0.353264 -0.163212
vn 0.918730 0.344424 -0.193152
vn 0.098784 0.199147 -0.974978
vn 0.098784 0.199147 -0.974978
vn 0.002740 0.520995 -0.853555
vn 0.002740 0.520995 -0.853555
vn -0.347258 0.310525 -0.884865
vn -0.417050 0.292004 -0.860699
vn -0.542766 0.252215 -0.801120
vn 0.756908 0.448745 0.475097
vn 0.642438 0.742629 -0.189143
vn 0.282611 0.685574 -0.670909
vn -0.873607 -0.181657 -0.451454
vn -0.873607 -0.181657 -0.451454
vn -0.593500 0.094270 -0.799294
vn -0.593500 0.094270 -0.799294
vn -0.545422 -0.159353 -0.822874
vn -0.228887 -0.251369 -0.940438
vn -0.003327 -0.295579 -0.955313
vn 0.003530 -0.295781 -0.955249
vn 0.166575 -0.210493 -0.963299
vn 0.392399 -0.074396 -0.916782
vn 0.349302 0.482296 -0.803355
vn 0.349302 0.482296 -0.803355
vn 0.941074 -0.180994 -0.285693
vn 0.941074 -0.180994 -0.285693
vn -0.489385 0.512844 -0.705332
vn 0.010664 0.599958 -0.799961
vn -0.719417 0.401530 -0.566757
vn 0.495128 0.788891 0.364005
vn 0.905073 0.343379 -0.250866
vn 0.115557 0.795506 0.594826
vn -0.968227 -0.112485 0.223344
vn -0.968228 -0.112485 0.223344
vn -0.850574 0.373590 0.370073
vn -0.850574 0.373590 0.370073
vn -0.820880 -0.505330 0.266079
vn -0.759871 -0.555713 0.337311
vn -0.604774 -0.640376 0.473463
vn 0.760776 -0.624716 0.175925
vn 0.536668 -0.679072 0.500848
vn 0.833265 -0.552663 -0.015261
vn 0.591340 0.806096 0.022944
vn 0.591340 0.806096 0.022944
vn 0.970578 -0.184802 0.154362
vn 0.970578 -0.184802 0.154362
vn 0.457380 -0.029321 0.888788
vn 0.457380 -0.029321 0.888788
vn 0.367779 -0.030661 0.929408
vn 0.289179 -0.031563 0.956755
vn 0.003158 -0.861946 0.506991
vn -0.027147 -0.991623 0.126281
vn 0.112991 -0.993502 -0.013664
vn 0.180956 -0.869692 0.459228
vn 0.493154 0.028685 -0.869469
vn 0.493154 0.028685 -0.869469
vn 0.288522 0.031572 -0.956953
vn 0.291964 0.031537 -0.955909
vn 0.234050 0.800318 -0.552008
vn 0.246439 0.829930 -0.500483
vn -0.701992 0.656060 -0.277114
vn -0.764720 0.614238 -0.194720
vn -0.974406 -0.007412 0.224672
vn -0.987778 -0.005140 0.155782
vn -1.000000 0.000000 0.000000
vn -1.000000 0.000000 0.000000
vn 0.870197 0.088027 -0.484777
vn 0.870197 0.088027 -0.484777
vn 0.944354 0.078469 -0.319434
vn 0.931989 0.080592 -0.353415
vn 0.005476 -0.030573 0.999518
vn -0.387114 -0.028513 0.921591
vn -0.296745 -0.029446 0.954503
vn 0.005476 -0.030573 0.999518
vn -0.265493 -0.034221 0.963505
vn -0.275662 -0.034119 0.960649
vn 0.004557 -0.035527 0.999358
vn 0.004557 -0.035527 0.999358
vn 0.266043 -0.031783 0.963437
vn 0.276129 -0.031689 0.960598
vn 0.457375 -0.029321 0.888791
vn 0.457375 -0.029321 0.888791
vn -0.327551 -0.944801 -0.007858
vn -0.118532 -0.992585 -0.026930
vn -0.191537 -0.875375 0.443883
vn -0.412908 -0.841761 0.347773
vn -0.163712 -0.969281 -0.183559
vn -0.241756 -0.964945 0.102156
vn -0.565432 -0.824230 -0.030533
vn -0.512141 -0.835562 -0.198865
vn 0.238128 -0.959706 0.149194
vn -0.327594 -0.888866 0.320311
vn -0.136306 -0.949188 -0.283661
vn 0.157568 -0.970124 -0.184478
vn 0.004766 0.027831 -0.999601
vn -0.300689 0.026630 -0.953350
vn -0.290662 0.026714 -0.956453
vn 0.004766 0.027831 -0.999601
vn -0.324169 0.034168 -0.945382
vn -0.419901 0.032661 -0.906982
vn 0.008314 0.036501 -0.999299
vn 0.008314 0.036501 -0.999299
vn 0.399363 0.030229 -0.916294
vn 0.493156 0.028684 -0.869468
vn 0.493156 0.028684 -0.869468
vn 0.316380 0.031279 -0.948117
vn 0.847596 0.504312 -0.165076
vn 0.667504 0.679278 -0.304991
vn 0.704962 0.692637 -0.152586
vn 0.936243 0.345894 0.061706
vn 0.712878 0.691382 0.117459
vn 0.711555 0.673271 0.200988
vn 0.938738 0.343004 -0.033458
vn 0.952944 0.266359 -0.144745
vn -0.644477 0.684862 0.340019
vn 0.434733 0.690982 0.577538
vn 0.439188 0.765941 0.469519
vn -0.784345 0.583128 0.211577
vn -0.974475 0.007402 -0.224375
vn -0.987028 0.005294 -0.160460
vn -0.896731 0.014591 -0.442336
vn -0.896731 0.014591 -0.442336
vn -0.896732 0.014593 -0.442334
vn -0.896732 0.014593 -0.442334
vn -0.968035 0.008268 -0.250678
vn -0.967434 0.008344 -0.252986
vn -1.000000 -0.000000 0.000000
vn -0.967116 -0.008387 0.254196
vn -0.967755 -0.008306 0.251757
vn -1.000000 -0.000000 0.000000
vn 0.976647 0.054526 0.207817
vn 0.948714 0.053543 0.311569
vn 0.933452 0.052935 0.354775
vn 0.976647 0.054526 0.207817
vn 0.932212 -0.011931 0.361717
vn 0.932243 -0.011929 0.361635
vn 1.000000 0.000000 0.000000
vn 1.000000 0.000000 0.000000
vn 0.933862 0.011788 -0.357439
vn 0.805051 0.019556 -0.592884
vn 0.805051 0.019556 -0.592884
vn 0.931628 0.011979 -0.363215
vn 0.048877 -0.996690 0.064966
vn 0.008103 -0.862763 0.505543
vn 0.207845 -0.947869 -0.241548
vn 0.416544 -0.858807 0.298230
vn -0.573056 0.022973 -0.819195
vn -0.573056 0.022973 -0.819194
vn -0.574509 0.029242 -0.817976
vn -0.574509 0.029242 -0.817976
vn -0.412638 0.740119 -0.530993
vn -0.432581 0.758282 -0.487732
vn -0.457461 0.752731 0.473419
vn -0.428789 0.721329 0.543897
vn -0.536233 -0.026252 0.843662
vn -0.536233 -0.026252 0.843662
vn -0.536349 -0.029922 0.843466
vn -0.536349 -0.029922 0.843466
vn 0.395991 -0.918254 0.000695
vn 0.479113 -0.810620 0.336669
vn 0.639259 -0.768422 -0.029594
vn 0.584510 -0.788756 -0.190294
vn 0.000092 0.032975 -0.999456
vn 0.000092 0.032975 -0.999456
vn 0.000094 0.032973 -0.999456
vn 0.000094 0.032973 -0.999456
vn -0.884813 0.446090 -0.134572
vn -0.947034 0.319129 0.035817
vn -0.942114 0.331292 0.051637
vn -0.966178 0.257568 0.012641
vn -0.000097 -0.032971 0.999456
vn -0.000097 -0.032971 0.999456
vn -0.000094 -0.032971 0.999456
vn -0.000094 -0.032971 0.999456
vn -0.398453 0.686494 0.608244
vn 0.654972 0.653752 0.378972
vn 0.844514 0.490165 0.215720
vn -0.864543 0.483911 0.135628
vn -0.723655 0.620620 0.301919
vn 0.423379 0.607769 0.671838
vn 0.853878 0.049440 0.518120
vn 0.853878 0.049440 0.518120
vn 0.788612 -0.020271 0.614556
vn 0.788612 -0.020271 0.614556
vn -0.068839 -0.801259 -0.594344
vn 0.098201 -0.877814 -0.468827
vn 0.275390 -0.911713 -0.304861
vn -0.213916 -0.923350 -0.318850
vn -0.095577 -0.893103 -0.439583
vn 0.088516 -0.797197 -0.597195
vn -0.886446 -0.015262 0.462580
vn -0.886446 -0.015262 0.462580
vn -0.886445 -0.015262 0.462582
vn -0.886445 -0.015262 0.462582
vn 0.709643 0.700939 -0.071351
vn -0.454020 0.776645 -0.436679
vn 0.951122 0.255320 0.173719
vn -0.542124 0.741396 -0.395517
vn -0.963381 0.191415 0.187767
vn 0.206150 0.730879 -0.650629
vn 0.971114 0.072347 -0.227385
vn 0.971114 0.072347 -0.227385
vn 1.000000 -0.000003 0.000000
vn 1.000000 -0.000003 0.000000
vn 0.003158 -0.807248 -0.590204
vn 0.178251 -0.820592 -0.543006
vn 0.473779 -0.776837 -0.414799
vn -0.188565 -0.827886 -0.528251
vn -0.407992 -0.806120 -0.428618
vn 0.008095 -0.808069 -0.589032
vn -1.000000 -0.000005 0.000000
vn -1.000000 -0.000005 0.000000
vn -1.000000 0.000001 0.000000
vn -1.000000 0.000001 0.000000
vn 0.844015 -0.159055 -0.512192
vn 0.844015 -0.159055 -0.512192
vn -0.179837 -0.218389 -0.959148
vn -0.399823 -0.193529 -0.895928
vn -0.842028 -0.456255 -0.287785
vn -0.832315 -0.385926 -0.397886
vn -0.851655 -0.453148 -0.263326
vn -0.827367 -0.541601 -0.148770
vn -0.233536 0.082101 0.968876
vn -0.233537 0.082101 0.968876
vn -0.610186 0.119863 0.783139
vn -0.548344 0.114461 0.828383
vn 0.298556 0.610547 0.733550
vn 0.480318 0.550922 0.682480
vn 0.616039 0.620786 0.484892
vn 0.845167 0.495768 0.199768
vn 0.956801 -0.276643 -0.089445
vn 0.958973 -0.275991 -0.064803
vn 0.959635 -0.275703 -0.055568
vn 0.959635 -0.275703 -0.055568
vn -0.964146 -0.258623 0.059467
vn -0.964146 -0.258623 0.059467
vn -0.937679 -0.178801 0.297974
vn -0.941235 -0.184355 0.283002
vn 0.478040 -0.239960 -0.844924
vn 0.345500 -0.289577 -0.892623
vn 0.382270 -0.276738 -0.881638
vn 0.478040 -0.239960 -0.844925
vn 0.139567 0.731781 -0.667096
vn 0.100065 0.727059 -0.679244
vn 0.071805 0.722926 -0.687185
vn 0.071805 0.722926 -0.687185
vn -0.551952 0.333534 -0.764267
vn -0.559585 0.465153 -0.685928
vn -0.537553 0.228705 -0.811622
vn -0.537553 0.228705 -0.811622
vn 0.760431 -0.551602 -0.342753
vn 0.806948 -0.525810 -0.268995
vn 0.877431 -0.477881 0.041768
vn 0.796649 -0.604352 -0.010451
vn 0.732066 -0.545052 0.408653
vn 0.653062 -0.337658 0.677862
vn 0.508607 -0.470895 0.720817
vn 0.675163 -0.582863 0.452135
vn -0.652164 -0.440802 0.616746
vn -0.627223 -0.424335 0.653094
vn -0.778744 -0.624630 0.058277
vn -0.788253 -0.565219 0.243279
vn 0.344734 0.130323 0.929610
vn 0.344851 0.130337 0.929565
vn 0.353423 0.131379 0.926192
vn 0.344735 0.130323 0.929610
vn 0.480128 -0.511430 0.712683
vn 0.478279 -0.511818 0.713647
vn 0.522861 -0.501665 0.689165
vn 0.522861 -0.501665 0.689165
vn -0.378003 -0.442558 0.813177
vn 0.751651 -0.267327 0.602957
vn 0.751651 -0.267327 0.602957
vn -0.562978 -0.405411 0.720207
vn -0.749627 0.641782 0.161791
vn -0.617225 0.712207 0.334357
vn -0.797313 0.571000 0.195580
vn -0.910453 0.412979 -0.022869
vn -0.813005 0.579700 -0.054515
vn -0.854339 0.504618 -0.124356
vn -0.946632 0.318631 0.048597
vn -0.952042 0.292414 0.090057
vn 0.877861 0.464366 -0.117148
vn 0.379521 0.653289 -0.655117
vn -0.043576 0.853958 -0.518514
vn 0.804580 0.583823 -0.108637
vn 0.955238 -0.280734 0.093324
vn 0.954989 -0.282750 0.089717
vn 0.937111 -0.347549 -0.032148
vn 0.937111 -0.347549 -0.032148
vn -0.376872 0.386215 -0.841906
vn -0.376872 0.386215 -0.841906
vn -0.505119 0.858865 -0.084885
vn -0.512397 0.837908 -0.188040
vn -0.490390 0.868199 0.075825
vn -0.482922 0.874235 0.049992
vn -0.448068 0.892153 -0.057435
vn -0.490390 0.868198 0.075825
vn -0.965312 -0.156130 -0.209273
vn -0.961927 -0.158991 -0.222301
vn -0.953858 -0.165165 -0.250750
vn -0.965312 -0.156130 -0.209273
vn -0.556802 -0.129980 -0.820412
vn -0.501573 -0.105009 -0.858719
vn -0.865335 -0.289375 -0.409216
vn -0.865335 -0.289375 -0.409216
vn -0.928510 0.215396 0.302446
vn 0.467015 -0.445719 0.763696
vn 0.467015 -0.445719 0.763696
vn -0.748322 0.019125 0.663060
vn 0.916769 -0.398723 -0.023571
vn 0.914445 -0.398284 0.071837
vn 0.925165 -0.332897 0.182345
vn 0.778204 -0.180158 0.601616
vn 0.695120 0.165281 0.699636
vn 0.695120 0.165281 0.699636
vn 0.389502 -0.527386 0.755084
vn 0.389502 -0.527386 0.755084
vn -0.011283 0.678523 0.734493
vn 0.081029 0.702597 0.706960
vn 0.205665 0.893024 -0.400262
vn 0.064507 0.757571 -0.649558
vn 0.118260 -0.355229 -0.927268
vn 0.118260 -0.355229 -0.927268
vn 0.331896 0.736325 -0.589637
vn 0.331896 0.736324 -0.589637
vn -0.856897 -0.377443 -0.351090
vn -0.793479 -0.608417 -0.014840
vn -0.658688 -0.445105 0.606640
vn -0.777623 -0.543565 0.315973
vn -0.650679 0.123171 0.749297
vn -0.650679 0.123171 0.749296
vn -0.818064 -0.301382 0.489836
vn -0.818064 -0.301382 0.489836
vn 0.687331 0.646493 0.331094
vn 0.910199 0.414148 0.004436
vn 0.943723 0.326510 0.052705
vn 0.952048 0.284744 0.111917
vn -0.712157 -0.130738 -0.689739
vn -0.712157 -0.130738 -0.689739
vn -0.558934 0.515432 -0.649555
vn -0.558934 0.515432 -0.649555
vn -0.159460 0.409048 -0.898472
vn -0.363613 0.529026 -0.766757
vn -0.524158 0.603693 -0.600677
vn 0.141706 0.633273 -0.760845
vn 0.494640 0.492865 -0.715832
vn 0.641430 0.397969 -0.655887
vn -0.751992 -0.233884 -0.616285
vn -0.751992 -0.233884 -0.616285
vn 0.554806 0.290675 -0.779550
vn 0.554806 0.290675 -0.779550
vn -0.706127 -0.120816 -0.697702
vn -0.820031 -0.194399 -0.538292
vn -0.821329 -0.195339 -0.535969
vn 0.621282 -0.421778 -0.660388
vn 0.700251 -0.409341 -0.584883
vn 0.843492 -0.364620 -0.394427
vn -0.084911 0.707812 -0.701279
vn -0.084911 0.707812 -0.701279
vn 0.201600 -0.107478 -0.973553
vn 0.201600 -0.107478 -0.973553
vn -0.764977 0.605991 0.218139
vn 0.189361 0.722149 0.665315
vn -0.948476 0.300076 -0.101727
vn 0.720620 0.604223 0.340030
vn 0.946681 0.295615 -0.128086
vn 0.000051 0.654949 0.755673
vn -0.927487 -0.164437 0.335750
vn -0.927487 -0.164437 0.335750
vn -0.944410 0.256772 0.205322
vn -0.944410 0.256772 0.205322
vn -0.744081 -0.632150 -0.216172
vn -0.769711 -0.617909 -0.160418
vn -0.810360 -0.583662 -0.051529
vn 0.878030 -0.477595 -0.031079
vn 0.769098 -0.629909 0.108179
vn 0.914668 -0.391597 -0.100169
vn -0.503006 0.861888 -0.064295
vn -0.503006 0.861888 -0.064295
vn 0.955956 -0.273918 0.105442
vn 0.955956 -0.273918 0.105442
vn -0.457348 0.029323 -0.888804
vn -0.457348 0.029323 -0.888805
vn -0.351752 0.030867 -0.935584
vn -0.285496 0.031602 -0.957859
vn 0.154870 -0.694069 0.703053
vn 0.027275 -0.889780 0.455575
vn 0.365505 -0.872007 0.325591
vn 0.284963 -0.736000 0.614085
vn -0.493185 -0.028683 0.869452
vn -0.493185 -0.028683 0.869452
vn -0.317695 -0.031264 0.947677
vn -0.289089 -0.031564 0.956782
vn -0.295495 0.849910 0.436275
vn -0.308247 0.899752 0.308918
vn 0.532416 0.809185 0.248503
vn 0.589325 0.776082 0.224483
vn 0.972354 0.007699 -0.233384
vn 0.979323 0.006670 -0.202196
vn 1.000000 -0.000002 0.000000
vn 1.000000 -0.000002 0.000000
vn -0.877533 0.068085 0.474658
vn -0.877533 0.068085 0.474658
vn -0.934425 0.072347 0.348735
vn -0.931545 0.072133 0.356400
vn -0.005228 0.035311 -0.999363
vn 0.367582 0.032592 -0.929420
vn 0.289338 0.033605 -0.956637
vn -0.005228 0.035311 -0.999363
vn 0.265654 0.029359 -0.963621
vn 0.261827 0.029390 -0.964667
vn -0.005730 0.030426 -0.999521
vn -0.005730 0.030426 -0.999521
vn -0.263708 0.031809 -0.964078
vn -0.289542 0.031564 -0.956645
vn -0.457349 0.029324 -0.888804
vn -0.457349 0.029324 -0.888804
vn -0.644174 -0.723210 0.249014
vn -0.387815 -0.865531 0.316947
vn -0.314599 -0.750642 0.581002
vn -0.451597 -0.798674 0.397719
vn -0.389400 -0.840016 -0.377811
vn -0.497732 -0.865455 -0.057013
vn -0.748753 -0.637631 -0.181097
vn -0.650510 -0.698557 -0.298085
vn 0.490893 -0.871165 0.009793
vn -0.294598 -0.911976 0.285502
vn 0.010849 -0.853139 -0.521571
vn 0.368354 -0.844897 -0.387898
vn -0.008716 -0.036730 0.999287
vn 0.288982 -0.035127 0.956690
vn 0.290913 -0.035105 0.956105
vn -0.008716 -0.036730 0.999287
vn 0.314980 -0.028311 0.948676
vn 0.400219 -0.027421 0.916009
vn -0.007980 -0.029528 0.999532
vn -0.007980 -0.029528 0.999532
vn -0.383054 -0.030456 0.923224
vn -0.493183 -0.028682 0.869453
vn -0.493183 -0.028682 0.869453
vn -0.311674 -0.031329 0.949673
vn -0.755683 0.621309 0.207169
vn -0.539853 0.787689 0.296824
vn -0.534701 0.824731 0.184158
vn -0.880794 0.472915 -0.023536
vn -0.552601 0.832272 -0.044233
vn -0.541428 0.832263 -0.119142
vn -0.884989 0.461805 0.059416
vn -0.919337 0.348022 0.183574
vn 0.429926 0.875654 -0.219986
vn -0.463114 0.811642 -0.356038
vn -0.472832 0.814263 -0.336758
vn 0.638773 0.757775 -0.133211
vn 0.971778 -0.007778 0.235769
vn 0.979394 -0.006659 0.201848
vn 0.896728 -0.014591 0.442342
vn 0.896728 -0.014591 0.442342
vn 0.896728 -0.014595 0.442341
vn 0.896728 -0.014595 0.442341
vn 0.963038 -0.008882 0.269221
vn 0.968376 -0.008226 0.249359
vn 1.000000 0.000000 0.000000
vn 0.965225 0.008621 -0.261277
vn 0.967908 0.008288 -0.251170
vn 1.000000 0.000000 0.000000
vn -0.975563 0.084948 -0.202635
vn -0.936472 0.090064 -0.338981
vn -0.933763 0.090294 -0.346315
vn -0.975563 0.084948 -0.202635
vn -0.932172 0.011938 -0.361820
vn -0.922961 0.012692 -0.384684
vn -1.000000 0.000003 0.000000
vn -1.000000 0.000003 0.000000
vn -0.919329 -0.012974 0.393275
vn -0.805056 -0.019558 0.592876
vn -0.805056 -0.019558 0.592876
vn -0.933130 -0.011854 0.359343
vn -0.008801 -0.908264 0.418306
vn -0.200398 -0.687636 0.697852
vn 0.014264 -0.875288 -0.483392
vn 0.376210 -0.888008 0.264401
vn 0.575946 -0.029955 0.816939
vn 0.575946 -0.029955 0.816939
vn 0.574475 -0.024683 0.818150
vn 0.574475 -0.024683 0.818150
vn 0.406972 0.825690 0.390653
vn 0.444352 0.798011 0.407099
vn 0.480870 0.807544 -0.341521
vn 0.447859 0.825253 -0.344065
vn 0.536216 0.029446 -0.843567
vn 0.536216 0.029446 -0.843567
vn 0.537290 0.025713 -0.843005
vn 0.537290 0.025713 -0.843005
vn 0.716223 -0.660012 0.226737
vn 0.530060 -0.759599 0.376890
vn 0.808400 -0.566417 -0.160192
vn 0.722140 -0.636378 -0.271176
vn -0.000122 -0.032972 0.999456
vn -0.000122 -0.032972 0.999456
vn -0.000124 -0.032971 0.999456
vn -0.000124 -0.032971 0.999456
vn 0.792830 0.586569 0.165401
vn 0.886044 0.463600 0.001240
vn 0.881889 0.471422 -0.005662
vn 0.930705 0.363537 0.040359
vn 0.000116 0.032975 -0.999456
vn 0.000116 0.032975 -0.999456
vn 0.000119 0.032977 -0.999456
vn 0.000119 0.032977 -0.999456
vn 0.402366 0.847280 -0.346726
vn -0.529574 0.809127 -0.254687
vn -0.754764 0.633343 -0.170900
vn 0.760888 0.643076 -0.086617
vn 0.586404 0.790802 -0.175392
vn -0.447799 0.806881 -0.385252
vn -0.862217 0.093873 -0.497765
vn -0.862217 0.093873 -0.497765
vn -0.788591 0.020276 -0.614584
vn -0.788591 0.020276 -0.614584
vn -0.289699 -0.881462 -0.372960
vn 0.481087 -0.872537 -0.085052
vn 0.808049 -0.575602 0.125461
vn -0.748493 -0.647759 0.142011
vn -0.489963 -0.871650 -0.012757
vn 0.370668 -0.860566 -0.349329
vn 0.886439 0.015264 -0.462594
vn 0.886439 0.015264 -0.462594
vn 0.886438 0.015263 -0.462595
vn 0.886438 0.015263 -0.462595
vn -0.545065 0.830213 0.116840
vn 0.475276 0.772957 0.420299
vn -0.918427 0.359152 -0.165839
vn 0.409166 0.815126 0.410064
vn 0.938286 0.285503 -0.195209
vn -0.261012 0.728380 0.633511
vn -0.969528 0.074941 0.233238
vn -0.969528 0.074941 0.233238
vn -1.000000 0.000001 0.000000
vn -1.000000 0.000001 0.000000
vn 0.149438 -0.621057 -0.769387
vn 0.277033 -0.672051 -0.686732
vn 0.522948 -0.722061 -0.452939
vn -0.306267 -0.690395 -0.655405
vn -0.444629 -0.758155 -0.476976
vn -0.193106 -0.615732 -0.763927
vn 1.000000 0.000003 0.000000
vn 1.000000 0.000003 0.000000
vn 1.000000 -0.000002 0.000000
vn 1.000000 -0.000002 0.000000
vn 0.281232 -0.052328 -0.958212
vn 0.281232 -0.052328 -0.958212
vn 0.242319 -0.005638 -0.970180
vn 0.192357 0.052770 -0.979905
vn -0.810580 -0.485813 -0.327025
vn -0.781363 -0.427064 -0.455069
vn -0.625468 -0.499911 -0.599065
vn -0.752118 -0.534252 -0.385867
vn 0.014296 0.419227 0.907769
vn 0.014296 0.419227 0.907769
vn 0.009090 0.290284 0.956897
vn 0.009597 0.302888 0.952978
vn -0.100374 0.679738 0.726554
vn 0.023887 0.689320 0.724063
vn 0.384031 0.626804 0.677965
vn 0.671500 0.632867 0.385444
vn 0.961678 -0.203682 -0.183545
vn 0.969715 -0.196742 -0.144729
vn 0.986286 -0.159429 0.042698
vn 0.986286 -0.159429 0.042698
vn -0.890519 -0.182006 0.416953
vn -0.890519 -0.182006 0.416953
vn -0.943498 -0.139439 0.300613
vn -0.933912 -0.148483 0.325209
vn -0.072439 0.173888 -0.982098
vn -0.263508 0.031902 -0.964130
vn -0.204579 0.077106 -0.975808
vn -0.072439 0.173888 -0.982098
vn 0.371572 0.188740 -0.909017
vn 0.295431 0.229121 -0.927483
vn -0.004957 0.362093 -0.932129
vn -0.004957 0.362093 -0.932129
vn -0.334401 0.206992 -0.919418
vn -0.230956 0.261062 -0.937287
vn -0.504623 0.105089 -0.856920
vn -0.504623 0.105089 -0.856920
vn 0.283823 -0.532636 -0.797335
vn 0.582175 -0.571099 -0.578721
vn 0.724171 -0.653715 -0.219621
vn 0.544757 -0.655381 -0.523178
vn 0.554658 -0.611272 0.564536
vn 0.159493 -0.316578 0.935062
vn 0.003445 -0.365272 0.930894
vn 0.265863 -0.548345 0.792865
vn -0.232726 -0.517459 0.823453
vn -0.452765 -0.629391 0.631562
vn -0.721620 -0.576322 0.383558
vn -0.590635 -0.580819 0.560178
vn -0.005257 0.072162 0.997379
vn 0.323179 0.073864 0.943451
vn 0.264429 0.074172 0.961549
vn -0.005257 0.072162 0.997379
vn -0.019604 -0.139141 0.990079
vn -0.036472 -0.168911 0.984956
vn 0.016411 -0.075163 0.997036
vn 0.016411 -0.075163 0.997036
vn 0.035716 -0.183784 0.982318
vn 0.053917 -0.214942 0.975137
vn 0.053917 -0.214942 0.975137
vn 0.019736 -0.156293 0.987514
vn -0.630585 0.400348 0.664894
vn -0.300789 0.522110 0.798077
vn -0.602080 0.747079 0.281732
vn -0.929437 0.357773 0.090259
vn -0.604409 0.795423 -0.044641
vn -0.631596 0.745175 -0.214014
vn -0.936688 0.328464 -0.121357
vn -0.943558 0.290224 0.159589
vn 0.542252 0.761721 -0.354603
vn -0.342492 0.706956 -0.618800
vn -0.609761 0.723040 -0.324660
vn 0.719347 0.674977 -0.164153
vn 0.961280 -0.214276 0.173285
vn 0.969808 -0.204717 0.132527
vn 0.877650 -0.261586 0.401625
vn 0.877650 -0.261586 0.401625
vn 0.460479 0.332337 0.823111
vn 0.460479 0.332337 0.823111
vn 0.709364 0.575150 0.407437
vn 0.709912 0.575750 0.405631
vn 0.761397 0.647837 0.024135
vn 0.669804 0.579925 -0.463735
vn 0.674371 0.583580 -0.452392
vn 0.761397 0.647837 0.024135
vn -0.973715 -0.101844 -0.203734
vn -0.939710 -0.130882 -0.315936
vn -0.933386 -0.135099 -0.332474
vn -0.973715 -0.101843 -0.203734
vn -0.824296 0.185217 -0.535005
vn -0.725473 0.131145 -0.675640
vn -0.884514 0.224442 -0.408976
vn -0.884514 0.224442 -0.408976
vn -0.839236 0.319843 0.439754
vn -0.810077 0.357428 0.464780
vn -0.810077 0.357428 0.464780
vn -0.868017 0.278192 0.411285
vn 0.780944 -0.538705 -0.316108
vn 0.789218 -0.613671 -0.023282
vn 0.775623 -0.581109 0.246419
vn 0.388687 -0.226166 0.893181
vn 0.570066 0.069042 0.818693
vn 0.570066 0.069042 0.818693
vn -0.060343 -0.210824 0.975660
vn -0.060343 -0.210824 0.975660
vn 0.177441 0.569040 0.802937
vn 0.416435 0.656503 0.628956
vn 0.625879 0.709769 -0.323271
vn 0.343085 0.698254 -0.628279
vn -0.348826 -0.036015 -0.936495
vn -0.348826 -0.036015 -0.936495
vn 0.676212 -0.010861 -0.736627
vn 0.676212 -0.010861 -0.736627
vn -0.332305 -0.523108 -0.784813
vn -0.612933 -0.616906 -0.493701
vn -0.003233 -0.364757 0.931097
vn -0.303757 -0.535694 0.787885
vn 0.000601 0.077497 0.996992
vn 0.000601 0.077497 0.996992
vn -0.026024 -0.076865 0.996702
vn -0.026024 -0.076865 0.996702
vn 0.693399 0.478273 0.538937
vn 0.921284 0.360634 0.145526
vn 0.932910 0.312432 -0.179069
vn 0.958104 0.286419 0.000730
vn 0.092663 0.164594 -0.981999
vn 0.092663 0.164594 -0.981999
vn 0.001857 0.364641 -0.931146
vn 0.001857 0.364641 -0.931146
vn -0.048612 0.538632 -0.841138
vn -0.182706 0.391436 -0.901885
vn -0.304031 0.234118 -0.923447
vn 0.435114 0.289229 -0.852656
vn 0.257771 0.419770 -0.870257
vn 0.049878 0.538818 -0.840945
vn -0.860189 -0.171957 -0.480109
vn -0.860189 -0.171957 -0.480109
vn -0.595508 0.069409 -0.800346
vn -0.595508 0.069409 -0.800346
vn -0.569460 -0.171996 -0.803823
vn -0.271642 -0.280084 -0.920741
vn -0.003825 -0.345098 -0.938559
vn 0.004062 -0.345361 -0.938461
vn 0.158202 -0.254235 -0.954116
vn 0.391589 -0.093125 -0.915416
vn 0.379469 0.340891 -0.860114
vn 0.379469 0.340891 -0.860114
vn 0.867928 -0.241330 -0.434121
vn 0.867928 -0.241330 -0.434121
vn -0.599873 0.793452 0.102889
vn 0.621586 0.681289 0.386622
vn -0.942268 0.299953 -0.148861
vn 0.366084 0.748363 0.553115
vn 0.961622 0.235180 -0.141326
vn -0.312434 0.637874 0.703918
vn -0.968352 -0.110969 0.223563
vn -0.968352 -0.110969 0.223563
vn -0.891323 0.240068 0.384592
vn -0.891323 0.240068 0.384592
vn -0.807914 -0.528983 0.259718
vn -0.748287 -0.572611 0.334937
vn -0.604771 -0.640378 0.473463
vn 0.722419 -0.665572 0.187415
vn 0.536666 -0.679075 0.500847
vn 0.789200 -0.613902 -0.016955
vn 0.761362 0.648064 0.018451
vn 0.761362 0.648065 0.018451
vn 0.986093 -0.156461 -0.056038
vn 0.986093 -0.156461 -0.056038
vn -0.405267 0.030137 -0.913701
vn -0.405267 0.030137 -0.913701
vn -0.293691 0.031511 -0.955381
vn -0.252609 0.031896 -0.967043
vn -0.025515 -0.778863 0.626674
vn -0.180123 -0.915718 0.359188
vn 0.164285 -0.971404 0.171419
vn 0.067425 -0.843977 0.532125
vn -0.398425 -0.066070 0.914818
vn -0.398425 -0.066070 0.914818
vn -0.269519 -0.055991 0.961366
vn -0.267237 -0.055807 0.962014
vn 0.041398 0.823602 0.565656
vn 0.020445 0.786844 0.616814
vn 0.620972 0.712263 0.327223
vn 0.692386 0.683997 0.229673
vn 0.970809 0.007907 -0.239725
vn 0.991247 0.004352 -0.131951
vn 1.000000 -0.000000 0.000000
vn 1.000000 -0.000000 0.000000
vn -0.818001 0.084429 0.568987
vn -0.818001 0.084429 0.568987
vn -0.930385 0.081286 0.357458
vn -0.909750 0.082402 0.406896
vn -0.004814 0.036912 -0.999307
vn 0.304063 0.034678 -0.952021
vn 0.258106 0.035248 -0.965474
vn -0.004814 0.036912 -0.999307
vn 0.229795 0.029656 -0.972787
vn 0.227972 0.029669 -0.973216
vn -0.004443 0.030451 -0.999526
vn -0.004443 0.030451 -0.999526
vn -0.294656 0.000172 -0.955604
vn -0.319779 -0.002768 -0.947488
vn -0.501153 -0.024783 -0.865004
vn -0.501153 -0.024783 -0.865004
vn -0.318107 -0.947883 0.018026
vn -0.116998 -0.989527 0.084550
vn -0.051707 -0.948901 0.311308
vn -0.072401 -0.996095 0.050527
vn -0.121528 -0.981713 -0.146531
vn -0.246034 -0.963187 0.108345
vn -0.519839 -0.854263 -0.001603
vn -0.410675 -0.908694 -0.074977
vn 0.343157 -0.927140 0.150513
vn -0.418251 -0.838840 0.348445
vn -0.264569 -0.912955 -0.310672
vn 0.046282 -0.988828 -0.141693
vn -0.006570 -0.036643 0.999307
vn 0.251016 -0.035443 0.967334
vn 0.251660 -0.035437 0.967167
vn -0.006570 -0.036643 0.999307
vn 0.282231 -0.026652 0.958976
vn 0.332175 -0.026319 0.942851
vn -0.007088 -0.027151 0.999606
vn -0.007088 -0.027151 0.999606
vn -0.320650 -0.031224 0.946683
vn -0.438888 -0.029620 0.898054
vn -0.438888 -0.029620 0.898053
vn -0.276450 -0.031680 0.960506
vn -0.781089 0.603920 0.158683
vn -0.576491 0.726988 0.373023
vn -0.644382 0.722438 0.250708
vn -0.895884 0.443498 -0.026464
vn -0.711268 0.702105 -0.033862
vn -0.652826 0.730115 -0.201870
vn -0.899729 0.432984 0.054884
vn -0.930152 0.341233 0.135561
vn 0.570892 0.765664 -0.296380
vn -0.075602 0.879182 -0.470450
vn -0.007895 0.958380 -0.285386
vn 0.763836 0.631440 -0.133562
vn 0.970282 -0.007977 0.241847
vn 0.990451 -0.004545 0.137788
vn 0.867770 -0.016382 0.496695
vn 0.867770 -0.016382 0.496695
vn 0.875797 -0.030009 0.481746
vn 0.875797 -0.030009 0.481746
vn 0.953333 -0.025414 0.300851
vn 0.958347 -0.024966 0.284513
vn 1.000000 0.000000 0.000000
vn 0.954532 0.009827 -0.297945
vn 0.957990 0.009454 -0.286647
vn 1.000000 0.000000 0.000000
vn -0.969466 0.090126 -0.228063
vn -0.937365 0.098471 -0.334141
vn -0.913631 0.102725 -0.393353
vn -0.969466 0.090126 -0.228063
vn -0.897306 -0.145230 -0.416834
vn -0.886591 -0.144808 -0.439303
vn -0.968131 -0.144950 -0.204234
vn -0.968131 -0.144950 -0.204234
vn -0.900692 -0.092421 0.424515
vn -0.802547 -0.088786 0.589945
vn -0.802547 -0.088786 0.589945
vn -0.914243 -0.092702 0.394418
vn 0.062693 -0.975418 0.211257
vn -0.037136 -0.886542 0.461155
vn 0.152397 -0.943864 -0.293081
vn 0.320972 -0.904580 0.280555
vn 0.518365 -0.031281 0.854587
vn 0.518365 -0.031281 0.854587
vn 0.517598 -0.024327 0.855278
vn 0.517598 -0.024327 0.855278
vn 0.154029 0.691254 0.706005
vn 0.084908 0.826327 0.556753
vn 0.010508 0.953859 -0.300071
vn 0.077139 0.863679 -0.498105
vn 0.480146 0.031616 -0.876619
vn 0.480146 0.031616 -0.876619
vn 0.480689 0.026742 -0.876483
vn 0.480689 0.026742 -0.876483
vn 0.602053 -0.796342 0.058056
vn 0.298030 -0.924764 0.236622
vn 0.779701 -0.623394 -0.058703
vn 0.667656 -0.728193 -0.154825
vn 0.000000 -0.032965 0.999457
vn 0.000000 -0.032965 0.999457
vn -0.000001 -0.032965 0.999457
vn -0.000001 -0.032965 0.999457
vn 0.823779 0.553349 0.123261
vn 0.904624 0.426034 -0.012282
vn 0.896770 0.441164 -0.034320
vn 0.934711 0.353286 -0.038793
vn -0.000002 0.032965 -0.999457
vn -0.000002 0.032965 -0.999457
vn -0.000001 0.032964 -0.999457
vn -0.000001 0.032964 -0.999457
vn 0.144408 0.716524 -0.682451
vn -0.565989 0.746465 -0.349925
vn -0.779923 0.612603 -0.128212
vn 0.785807 0.618024 -0.023509
vn 0.637750 0.738667 -0.218277
vn -0.164466 0.701654 -0.693277
vn -0.799410 0.114372 -0.589798
vn -0.799410 0.114372 -0.589798
vn -0.772487 -0.137518 -0.619962
vn -0.772487 -0.137518 -0.619962
vn -0.440524 -0.807926 -0.391401
vn 0.364722 -0.910189 -0.196303
vn 0.714417 -0.699183 -0.027412
vn -0.452180 -0.891926 -0.001472
vn -0.222435 -0.969116 -0.106473
vn 0.226909 -0.934343 -0.274802
vn 0.855250 0.017083 -0.517933
vn 0.855250 0.017083 -0.517933
vn 0.855249 0.017083 -0.517935
vn 0.855249 0.017083 -0.517935
vn -0.708015 0.701035 0.085235
vn 0.010637 0.925328 0.379020
vn -0.929282 0.349305 -0.120087
vn 0.616704 0.753851 0.226680
vn 0.947876 0.283649 -0.145174
vn 0.077375 0.878830 0.470819
vn -0.962249 0.078517 0.260599
vn -0.962249 0.078517 0.260599
vn -0.988830 -0.090887 0.118131
vn -0.988830 -0.090887 0.118131
vn -0.109757 -0.753023 -0.648775
vn 0.013276 -0.810955 -0.584958
vn 0.338284 -0.873582 -0.349882
vn -0.051098 -0.876653 -0.478401
vn -0.160536 -0.962060 -0.220612
vn 0.014647 -0.792464 -0.609743
vn 0.999605 -0.017137 0.022273
vn 0.999605 -0.017137 0.022273
vn 1.000000 -0.000000 0.000000
vn 1.000000 -0.000000 0.000000
vn 0.712554 -0.050366 -0.699807
vn 0.049713 -0.244660 -0.968334
vn 0.218371 -0.120711 -0.968371
vn 0.679733 -0.048350 -0.731865
vn -0.550577 0.819070 -0.161209
vn 0.095311 0.943689 -0.316806
vn -0.016724 0.996523 0.081622
vn -0.671103 0.740619 0.033230
vn 0.000098 -0.032966 0.999456
vn 0.088949 -0.030482 0.995570
vn 0.102368 -0.024163 0.994453
vn 0.000102 -0.032967 0.999457
vn 0.990900 -0.131551 -0.028473
vn 0.357212 -0.933288 -0.037069
vn -0.029293 -0.941556 0.335581
vn 0.990075 -0.132824 0.045923
vn -0.995116 -0.059684 -0.078628
vn -0.998585 -0.052421 -0.008960
vn -0.994985 -0.099880 -0.005373
vn -0.985868 -0.105007 -0.130531
vn 0.950865 -0.308449 -0.026722
vn 0.937882 -0.330376 -0.105971
vn 0.970499 -0.197524 -0.138264
vn 0.979828 -0.199480 -0.012073
vn -0.077972 0.944626 -0.318752
vn 0.582190 0.798327 -0.154039
vn 0.700070 0.713392 0.031191
vn 0.031259 0.996040 0.083231
vn -0.090868 -0.022539 0.995608
vn -0.081332 -0.029219 0.996259
vn 0.000146 -0.032971 0.999456
vn 0.000143 -0.032971 0.999456
vn 0.152579 -0.924638 0.348948
vn -0.175622 -0.984204 -0.022332
vn -0.981385 -0.191950 -0.006259
vn -0.967434 -0.230474 0.104654
vn -0.240831 -0.116532 -0.963546
vn -0.151484 -0.223009 -0.962974
vn -0.743620 -0.022260 -0.668232
vn -0.715567 -0.034057 -0.697713
vn 0.005145 0.938197 -0.346063
vn 0.006136 0.995976 0.089406
vn 0.000244 -0.028607 0.999591
vn 0.001490 -0.022763 0.999740
vn -0.009009 -0.999826 -0.016319
vn -0.009734 -0.939187 0.343268
vn -0.002670 -0.265748 -0.964039
vn -0.001373 -0.150071 -0.988674
vn -0.384412 0.630376 -0.674428
vn -0.281811 0.462319 -0.840740
vn -0.231255 0.379057 -0.896011
vn -0.588690 0.551922 -0.590615
vn 0.298778 0.452117 -0.840430
vn 0.249392 0.399750 -0.882045
vn 0.000478 0.082477 -0.996593
vn 0.001868 0.488178 -0.872742
vn 0.583558 0.527737 -0.617214
vn 0.387051 0.610387 -0.691100
vn 0.544638 0.838031 0.032765
vn 0.502519 0.860190 -0.086874
vn 0.878300 0.463005 -0.119224
vn 0.885716 0.463959 0.015794
vn 0.031910 -0.067537 0.997206
vn 0.099944 -0.036989 0.994305
vn 0.097765 -0.007123 0.995184
vn 0.000099 -0.032976 0.999456
vn 0.000711 0.045015 0.998986
vn -0.000439 -0.042555 0.999094
vn 0.000145 -0.032969 0.999456
vn -0.089679 -0.010772 0.995913
vn -0.093777 -0.036406 0.994927
vn -0.032543 -0.065777 0.997304
vn -0.493946 0.865083 -0.087456
vn -0.537125 0.842848 0.033212
vn -0.871235 0.490576 0.016863
vn -0.863921 0.488851 -0.121099
vn 0.509372 0.851594 0.123804
vn 0.886871 0.446075 0.120319
vn 0.956755 -0.287926 0.041443
vn 0.978732 -0.186341 0.085795
vn 0.987921 -0.130119 -0.084144
vn 0.057742 -0.952013 -0.300560
vn -0.010455 -0.957352 -0.288734
vn -0.014828 -0.952924 -0.302847
vn -0.983116 -0.165820 -0.077375
vn -0.997745 -0.046223 0.048668
vn -0.990849 -0.103556 0.086567
vn -0.501987 0.855802 0.124946
vn -0.872783 0.472199 0.123608
vn 0.757424 0.634414 0.154362
vn -0.011427 0.927221 0.374340
vn 0.005681 0.917185 0.398421
vn 0.025145 0.927918 0.371936
vn -0.730660 0.662701 0.164206
vn -0.319815 0.029000 -0.947036
vn -0.676050 0.005676 -0.736834
vn -0.000061 0.032406 -0.999475
vn 0.333217 0.028908 -0.942407
vn 0.655134 0.005864 -0.755490
vn 0.999823 -0.018762 -0.000993
vn 0.988676 0.000287 -0.150069
vn 0.993557 -0.011622 0.112734
vn 0.080791 -0.034119 0.996147
vn 0.000095 -0.032966 0.999457
vn 0.000285 -0.033600 0.999435
vn -0.075910 -0.033972 0.996536
vn 0.000148 -0.032970 0.999456
vn -0.999828 -0.018518 -0.000989
vn -0.993557 -0.011863 0.112715
vn -0.988677 0.000089 -0.150062
vn 0.002812 0.502739 -0.864434
vn -0.284681 0.455642 -0.843414
vn 0.304812 0.439425 -0.844982
vn 0.413460 0.359179 -0.836685
vn 0.938175 0.324367 -0.120888
vn 0.947902 0.318163 0.015923
vn 0.944038 0.310196 0.112120
vn 0.032139 -0.067785 0.997182
vn 0.112124 -0.063226 0.991681
vn -0.000581 -0.059086 0.998253
vn -0.107078 -0.059911 0.992444
vn -0.032771 -0.066006 0.997281
vn -0.936744 0.349592 0.017190
vn -0.932783 0.341247 0.116049
vn -0.926514 0.355509 -0.123232
vn -0.417687 0.379136 -0.825708
vn 0.395225 -0.067443 -0.916105
vn 0.395225 -0.067443 -0.916105
vn -0.118280 -0.123748 -0.985239
vn -0.232976 -0.132072 -0.963472
vn -0.842030 -0.456253 -0.287783
vn -0.770637 -0.465798 -0.434915
vn -0.603567 -0.759482 -0.242681
vn -0.732157 -0.649339 -0.205684
vn 0.231442 0.157051 0.960088
vn 0.231442 0.157051 0.960088
vn -0.374837 0.319933 0.870138
vn -0.342891 0.313842 0.885398
vn 0.240854 0.415750 0.877007
vn 0.292673 0.866380 0.404634
vn 0.430661 0.841904 0.325158
vn 0.596237 0.430910 0.677361
vn 0.871011 -0.449056 -0.199220
vn 0.888112 -0.441408 -0.128124
vn 0.904955 -0.425118 -0.018209
vn 0.904955 -0.425118 -0.018209
vn -0.905570 -0.420022 0.059362
vn -0.905571 -0.420022 0.059362
vn -0.880922 -0.295356 0.369786
vn -0.908760 -0.382861 0.166053
vn 0.092195 -0.246142 -0.964839
vn 0.109560 -0.318564 -0.941548
vn 0.105597 -0.301960 -0.947454
vn 0.092195 -0.246142 -0.964839
vn 0.272037 0.355064 -0.894386
vn 0.268241 0.355598 -0.895320
vn 0.220543 0.361785 -0.905800
vn 0.220543 0.361785 -0.905800
vn -0.244112 0.363600 -0.899002
vn -0.387334 0.309382 -0.868478
vn -0.001178 0.432093 -0.901828
vn -0.001178 0.432093 -0.901828
vn 0.307184 -0.622792 -0.719561
vn 0.773658 -0.597674 -0.210331
vn 0.864644 -0.496809 0.074646
vn 0.392239 -0.917001 0.072512
vn 0.624956 -0.666716 0.406103
vn 0.520255 -0.340686 0.783114
vn -0.140497 -0.518101 0.843701
vn -0.016416 -0.714560 0.699381
vn -0.103911 -0.585931 0.803671
vn -0.627226 -0.424341 0.653088
vn -0.778744 -0.624629 0.058274
vn -0.500043 -0.845199 0.188668
vn -0.005001 0.443540 0.896241
vn -0.038407 0.441974 0.896205
vn -0.122166 0.435854 0.891688
vn -0.005001 0.443540 0.896241
vn 0.110259 -0.123686 0.986177
vn 0.009758 -0.077661 0.996932
vn 0.435903 -0.266099 0.859756
vn 0.435903 -0.266099 0.859756
vn 0.325716 0.163439 0.931234
vn 0.863951 0.197230 0.463346
vn 0.863951 0.197230 0.463346
vn 0.215578 0.149228 0.965017
vn -0.715567 0.696933 -0.047418
vn -0.483274 0.874786 0.034579
vn -0.672202 0.541122 0.505303
vn -0.875393 0.482638 -0.027346
vn -0.626589 0.753375 -0.199529
vn -0.726074 0.671530 -0.147866
vn -0.954985 0.292708 0.048233
vn -0.959297 0.277521 0.052275
vn 0.803611 0.547959 -0.232270
vn -0.092141 0.739248 -0.667100
vn -0.122911 0.774854 -0.620077
vn 0.636904 0.690640 -0.342593
vn 0.857604 -0.444699 0.258378
vn 0.855105 -0.393819 0.337198
vn 0.856230 -0.466670 0.221561
vn 0.856230 -0.466670 0.221561
vn 0.205112 0.950362 0.233967
vn 0.205112 0.950362 0.233967
vn 0.193015 0.974449 0.114867
vn 0.197548 0.967726 0.156464
vn 0.232066 0.972658 0.009050
vn 0.133732 0.948551 -0.286997
vn 0.049625 0.867599 -0.494782
vn 0.232066 0.972658 0.009050
vn -0.927369 -0.298202 -0.225969
vn -0.922046 -0.293333 -0.252562
vn -0.891880 -0.270346 -0.362579
vn -0.927369 -0.298202 -0.225969
vn -0.809351 0.039773 -0.585977
vn -0.700614 0.066356 -0.710448
vn -0.871712 0.020598 -0.489586
vn -0.871712 0.020598 -0.489586
vn -0.921972 0.209898 0.325440
vn -0.608327 0.060854 0.791350
vn -0.608327 0.060854 0.791350
vn -0.910636 0.202067 0.360432
vn 0.916627 -0.398736 0.028359
vn 0.914445 -0.398283 0.071840
vn 0.925166 -0.332897 0.182342
vn 0.778207 -0.180158 0.601612
vn -0.997293 -0.010175 0.072823
vn -0.997293 -0.010175 0.072823
vn -0.535481 0.189060 0.823114
vn -0.535481 0.189060 0.823114
vn -0.076291 0.986444 0.145283
vn -0.024336 0.477911 0.878071
vn 0.205665 0.893025 -0.400260
vn 0.151545 0.904798 -0.397964
vn 0.118272 -0.355227 -0.927268
vn 0.118272 -0.355227 -0.927268
vn 0.403767 0.332587 -0.852267
vn 0.403767 0.332587 -0.852267
vn -0.488360 -0.631733 -0.602012
vn -0.124445 -0.985031 0.119281
vn 0.233935 -0.593357 0.770196
vn 0.181575 -0.728224 0.660849
vn -0.589437 0.351329 0.727415
vn -0.589437 0.351329 0.727415
vn -0.868664 -0.086004 0.487880
vn -0.868664 -0.086004 0.487880
vn 0.620248 0.761802 0.186953
vn 0.842567 0.532791 0.078837
vn 0.954392 0.294626 0.048281
vn 0.960149 0.271870 0.064810
vn -0.577049 -0.146224 -0.803513
vn -0.577049 -0.146224 -0.803513
vn -0.723755 0.125351 -0.678576
vn -0.723755 0.125351 -0.678576
vn -0.122717 0.921530 -0.368406
vn -0.539564 0.814828 -0.211955
vn -0.818418 0.573649 -0.033445
vn 0.753238 0.620365 -0.218587
vn 0.394185 0.670062 -0.628996
vn 0.030775 0.570319 -0.820846
vn -0.543366 -0.095287 -0.834070
vn -0.543366 -0.095287 -0.834070
vn -0.124590 0.146147 -0.981386
vn -0.124590 0.146147 -0.981386
vn -0.258913 -0.366661 -0.893601
vn -0.501450 -0.213005 -0.838557
vn -0.533884 -0.188591 -0.824258
vn 0.153474 -0.237495 -0.959188
vn 0.270200 -0.224340 -0.936303
vn 0.467038 -0.193185 -0.862876
vn -0.213603 0.319574 -0.923172
vn -0.213603 0.319573 -0.923172
vn 0.563872 -0.418662 -0.711878
vn 0.563872 -0.418662 -0.711878
vn -0.136092 0.072820 0.988016
vn 0.013511 0.026549 0.999556
vn -0.954745 0.297228 -0.010831
vn 0.234273 -0.029714 0.971717
vn 0.956051 0.292560 -0.019372
vn 0.128368 -0.063764 0.989675
vn -0.829833 -0.218274 0.513551
vn -0.829833 -0.218274 0.513551
vn -0.950167 0.233696 0.206321
vn -0.950168 0.233696 0.206321
vn -0.744084 -0.632148 -0.216167
vn -0.683085 -0.698452 -0.213446
vn -0.141190 -0.978545 -0.150047
vn 0.865904 -0.490467 -0.098244
vn 0.351135 -0.934348 -0.060806
vn 0.914668 -0.391598 -0.100171
vn 0.190446 0.977329 0.092508
vn 0.190446 0.977329 0.092508
vn 0.844660 -0.337798 0.415262
vn 0.844660 -0.337798 0.415262
vn 0.324761 -0.075518 -0.942776
vn 0.324761 -0.075518 -0.942776
vn 0.271358 -0.001945 -0.962476
vn 0.242588 0.036417 -0.969446
vn -0.816366 -0.431629 -0.383722
vn -0.727210 -0.517350 -0.451125
vn -0.462698 -0.564893 -0.683233
vn -0.554389 -0.549338 -0.625205
vn -0.666930 -0.332262 0.666938
vn -0.666930 -0.332262 0.666938
vn -0.329871 -0.316019 0.889560
vn -0.345513 -0.317786 0.882968
vn -0.338482 0.829114 0.444971
vn -0.305005 0.910044 0.280698
vn 0.090420 0.904859 0.415999
vn 0.397008 0.866014 0.303983
vn 0.920464 -0.327965 -0.212566
vn 0.907713 -0.335738 -0.251668
vn 0.963611 -0.260126 0.061553
vn 0.963611 -0.260126 0.061553
vn -0.822053 -0.291266 0.489278
vn -0.822053 -0.291266 0.489278
vn -0.898658 -0.244441 0.364228
vn -0.911483 -0.234334 0.338062
vn -0.089301 0.221901 -0.970971
vn -0.273227 0.033156 -0.961378
vn -0.215664 0.094634 -0.971871
vn -0.089301 0.221901 -0.970971
vn -0.242640 0.459053 -0.854632
vn -0.043985 0.396849 -0.916829
vn -0.006318 0.383034 -0.923713
vn -0.006318 0.383034 -0.923713
vn -0.298576 0.237007 -0.924489
vn -0.341901 0.211630 -0.915596
vn -0.547542 0.074492 -0.833456
vn -0.547542 0.074492 -0.833456
vn -0.194558 -0.512716 -0.836223
vn 0.733241 -0.429858 -0.526858
vn 0.857750 -0.412219 -0.307150
vn 0.154898 -0.572228 -0.805334
vn 0.695678 -0.422008 0.581328
vn 0.069048 -0.146167 0.986847
vn -0.232804 -0.226915 0.945681
vn -0.114585 -0.355274 0.927713
vn 0.182469 -0.246622 0.951779
vn -0.488335 -0.053263 0.871029
vn -0.728456 -0.288833 0.621231
vn -0.462406 -0.579384 0.671189
vn 0.181889 -0.783506 0.594167
vn 0.258079 -0.847196 0.464386
vn 0.224942 -0.821588 0.523826
vn 0.181889 -0.783506 0.594167
vn -0.010646 -0.167171 0.985870
vn -0.036356 -0.215997 0.975717
vn 0.029124 -0.090736 0.995449
vn 0.029124 -0.090736 0.995449
vn 0.034917 -0.227235 0.973214
vn 0.054098 -0.265164 0.962685
vn 0.054098 -0.265164 0.962685
vn 0.017981 -0.193496 0.980936
vn -0.630980 0.439863 0.639050
vn -0.299342 0.604557 0.738177
vn -0.461320 0.881879 0.097326
vn -0.899120 0.435709 0.041733
vn -0.396626 0.917132 -0.039457
vn -0.407506 0.903151 -0.135117
vn -0.895247 0.445293 -0.015707
vn -0.896514 0.395739 0.199132
vn 0.143072 0.965733 -0.216543
vn -0.552051 0.767694 -0.325402
vn -0.622456 0.745269 -0.239002
vn 0.488963 0.871413 -0.039437
vn 0.931870 -0.296111 0.209611
vn 0.926751 -0.300084 0.226014
vn 0.851149 -0.337600 0.401959
vn 0.851149 -0.337600 0.401959
vn -0.452898 -0.380910 -0.806096
vn -0.452898 -0.380910 -0.806096
vn -0.569049 -0.392493 -0.722587
vn -0.935858 -0.329779 -0.124161
vn -0.953420 -0.301408 -0.012005
vn -0.540587 0.639868 0.546200
vn -0.986205 -0.098247 0.133223
vn -0.953420 -0.301408 -0.012005
vn -0.967232 -0.174493 -0.184428
vn -0.893597 -0.236363 -0.381597
vn -0.911090 -0.225362 -0.345148
vn -0.967232 -0.174493 -0.184428
vn -0.822125 -0.129075 -0.554482
vn -0.725586 -0.070557 -0.684505
vn -0.864545 -0.159397 -0.476608
vn -0.864545 -0.159397 -0.476608
vn -0.965382 -0.152492 0.211620
vn -0.289285 -0.198196 0.936500
vn -0.289285 -0.198196 0.936500
vn -0.966001 -0.152117 0.209053
vn 0.929360 -0.190929 -0.315970
vn 0.970195 -0.242129 -0.009787
vn 0.937182 -0.227734 0.264249
vn 0.333549 -0.061565 0.940720
vn 0.456806 -0.887951 -0.053591
vn 0.456806 -0.887951 -0.053591
vn -0.059822 -0.260154 0.963712
vn -0.059822 -0.260154 0.963712
vn 0.216403 0.683256 0.697374
vn 0.495983 0.804382 0.327065
vn 0.589925 0.747902 -0.304355
vn 0.500620 0.793048 -0.347065
vn -0.352200 -0.055266 -0.934292
vn -0.352200 -0.055266 -0.934292
vn -0.664488 -0.013860 0.747171
vn -0.664488 -0.013860 0.747171
vn 0.353705 -0.471685 -0.807717
vn -0.031590 -0.578848 -0.814823
vn 0.625392 -0.313654 0.714497
vn 0.496424 -0.403758 0.768468
vn 0.345743 -0.171463 0.922530
vn 0.345743 -0.171463 0.922530
vn -0.032215 -0.092127 0.995226
vn -0.032215 -0.092127 0.995226
vn 0.572659 0.663705 0.481204
vn 0.828218 0.547775 0.118309
vn 0.883298 0.466658 -0.044894
vn 0.898096 0.425617 0.110785
vn 0.099270 0.216022 -0.971329
vn 0.099270 0.216022 -0.971329
vn 0.000399 0.385709 -0.922620
vn 0.000399 0.385709 -0.922620
vn 0.238970 0.866120 -0.439010
vn -0.052621 0.699175 -0.713011
vn -0.353509 0.374587 -0.857156
vn 0.446517 0.467168 -0.763137
vn 0.034174 0.703997 -0.709380
vn -0.348282 0.780134 -0.519702
vn -0.795607 -0.280598 -0.536911
vn -0.795607 -0.280598 -0.536911
vn -0.591820 -0.002495 -0.806067
vn -0.591820 -0.002495 -0.806066
vn 0.922885 -0.312606 -0.224859
vn 0.503976 -0.412643 -0.758771
vn 0.482956 -0.412629 -0.772328
vn -0.368795 -0.455480 -0.810265
vn 0.366227 -0.214273 -0.905519
vn 0.638319 -0.057489 -0.767622
vn -0.474660 0.679288 0.559702
vn -0.474660 0.679288 0.559702
vn 0.773727 -0.373278 -0.511869
vn 0.773727 -0.373278 -0.511869
vn -0.512528 0.826587 -0.232529
vn 0.624824 0.780419 0.023237
vn -0.894976 0.369639 -0.249770
vn 0.248146 0.870279 0.425486
vn 0.909948 0.346445 -0.227972
vn -0.362655 0.698613 0.616783
vn -0.963320 -0.179327 0.199640
vn -0.963320 -0.179327 0.199640
vn -0.988869 -0.130744 0.071023
vn -0.988869 -0.130744 0.071023
vn -0.845914 -0.508706 0.160150
vn -0.694053 -0.609187 0.383642
vn -0.081552 -0.626638 0.775032
vn 0.863227 -0.424737 0.272833
vn 0.185788 -0.618806 0.763257
vn 0.970191 -0.242224 -0.007483
vn -0.953482 -0.301298 -0.009559
vn -0.953482 -0.301298 -0.009559
vn 0.971510 -0.236906 -0.006598
vn 0.971510 -0.236906 -0.006598
vn -0.457518 0.029322 -0.888717
vn -0.457518 0.029322 -0.888717
vn -0.347876 0.030916 -0.937031
vn -0.289600 0.031563 -0.956627
vn -0.034934 -0.745842 0.665206
vn -0.242678 -0.897800 0.367509
vn 0.203391 -0.961931 0.182543
vn 0.074936 -0.814131 0.575826
vn -0.450286 -0.060759 0.890815
vn -0.450286 -0.060759 0.890815
vn -0.321437 -0.053586 0.945414
vn -0.302876 -0.052497 0.951583
vn 0.054643 0.735918 0.674862
vn 0.032162 0.671371 0.740423
vn 0.734511 0.569620 0.368818
vn 0.793730 0.552344 0.254773
vn 0.979067 0.006712 -0.203428
vn 0.996016 0.002940 -0.089122
vn 1.000000 0.000000 0.000000
vn 1.000000 0.000000 0.000000
vn -0.852228 0.060025 0.519716
vn -0.852228 0.060025 0.519716
vn -0.953992 0.055720 0.294608
vn -0.930231 0.057336 0.362469
vn -0.005694 0.036516 -0.999317
vn 0.360247 0.033620 -0.932251
vn 0.297164 0.034499 -0.954203
vn -0.005694 0.036516 -0.999317
vn 0.262954 0.029656 -0.964353
vn 0.265428 0.029635 -0.963675
vn -0.005292 0.030720 -0.999514
vn -0.005292 0.030720 -0.999514
vn -0.337647 0.003303 -0.941267
vn -0.373268 -0.000072 -0.927724
vn -0.557997 -0.018498 -0.829637
vn -0.557997 -0.018498 -0.829637
vn -0.405971 -0.913734 0.016668
vn -0.156389 -0.983307 0.093011
vn -0.070444 -0.936484 0.343562
vn -0.098498 -0.993678 0.053866
vn -0.159743 -0.973672 -0.162618
vn -0.320226 -0.940384 0.114602
vn -0.620955 -0.783840 -0.003225
vn -0.509603 -0.856798 -0.078747
vn 0.405453 -0.898949 0.165827
vn -0.507641 -0.782642 0.360239
vn -0.344921 -0.885247 -0.312038
vn 0.065445 -0.986542 -0.149843
vn -0.007512 -0.036273 0.999314
vn 0.292008 -0.034668 0.955787
vn 0.288366 -0.034709 0.956891
vn -0.007512 -0.036273 0.999314
vn 0.323809 -0.026795 0.945743
vn 0.392809 -0.026171 0.919248
vn -0.008071 -0.027754 0.999582
vn -0.008071 -0.027754 0.999582
vn -0.378569 -0.030518 0.925070
vn -0.493020 -0.028686 0.869545
vn -0.493020 -0.028686 0.869545
vn -0.315613 -0.031286 0.948372
vn -0.864103 0.466284 0.189487
vn -0.679385 0.591438 0.434323
vn -0.749648 0.595749 0.288291
vn -0.945824 0.324558 -0.008859
vn -0.815870 0.577322 -0.032497
vn -0.758544 0.606031 -0.239451
vn -0.948043 0.316279 0.034387
vn -0.962452 0.247920 0.110549
vn 0.695131 0.635372 -0.336296
vn -0.112313 0.809501 -0.576276
vn -0.005581 0.949876 -0.312578
vn 0.846253 0.515258 -0.135516
vn 0.978289 -0.006832 0.207135
vn 0.995622 -0.003081 0.093426
vn 0.896748 -0.014590 0.442300
vn 0.896748 -0.014590 0.442300
vn 0.903334 -0.025389 0.428185
vn 0.903334 -0.025389 0.428185
vn 0.964664 -0.020789 0.262662
vn 0.968680 -0.020346 0.247479
vn 1.000000 -0.000001 0.000000
vn 0.966134 0.008507 -0.257901
vn 0.968013 0.008271 -0.250766
vn 1.000000 -0.000001 0.000000
vn -0.978236 0.064492 -0.197220
vn -0.959791 0.070420 -0.271741
vn -0.934005 0.076252 -0.349028
vn -0.978236 0.064492 -0.197220
vn -0.920780 -0.114060 -0.373036
vn -0.916834 -0.114013 -0.382645
vn -0.977601 -0.112492 -0.177881
vn -0.977601 -0.112492 -0.177881
vn -0.924546 -0.074560 0.373706
vn -0.842569 -0.073870 0.533499
vn -0.842569 -0.073870 0.533499
vn -0.934378 -0.074455 0.348418
vn 0.080845 -0.972265 0.219463
vn -0.051232 -0.865273 0.498677
vn 0.195233 -0.930881 -0.308779
vn 0.393920 -0.869361 0.298395
vn 0.575395 -0.029619 0.817339
vn 0.575395 -0.029619 0.817339
vn 0.574625 -0.023655 0.818075
vn 0.574625 -0.023655 0.818075
vn 0.206921 0.557548 0.803943
vn 0.131490 0.735763 0.664352
vn 0.018393 0.944373 -0.328362
vn 0.120668 0.785062 -0.607549
vn 0.536097 0.030168 -0.843617
vn 0.536097 0.030168 -0.843617
vn 0.536628 0.025956 -0.843419
vn 0.536628 0.025956 -0.843419
vn 0.699933 -0.712198 0.053544
vn 0.368193 -0.894698 0.252882
vn 0.848584 -0.526057 -0.056291
vn 0.757246 -0.635627 -0.150187
vn 0.000117 -0.032973 0.999456
vn 0.000117 -0.032973 0.999456
vn 0.000124 -0.032971 0.999456
vn 0.000124 -0.032971 0.999456
vn 0.894686 0.422447 0.145174
vn 0.951176 0.308640 0.002473
vn 0.945481 0.321601 -0.051363
vn 0.965467 0.256494 -0.045646
vn -0.000123 0.032975 -0.999456
vn -0.000123 0.032975 -0.999456
vn -0.000116 0.032976 -0.999456
vn -0.000116 0.032976 -0.999456
vn 0.193316 0.591413 -0.782854
vn -0.667306 0.616601 -0.417739
vn -0.863107 0.477443 -0.164601
vn 0.874229 0.481160 -0.064881
vn 0.738568 0.608698 -0.289835
vn -0.211560 0.576249 -0.789417
vn -0.836564 0.089113 -0.540574
vn -0.836564 0.089113 -0.540574
vn -0.817497 -0.110499 -0.565233
vn -0.817497 -0.110499 -0.565233
vn -0.530111 -0.745020 -0.404879
vn 0.449270 -0.868301 -0.210260
vn 0.796091 -0.604533 -0.027901
vn -0.551331 -0.834279 -0.003606
vn -0.291827 -0.949288 -0.117003
vn 0.281584 -0.911011 -0.301281
vn 0.886417 0.015260 -0.462636
vn 0.886417 0.015260 -0.462636
vn 0.886416 0.015264 -0.462638
vn 0.886416 0.015264 -0.462638
vn -0.810970 0.579008 0.084125
vn 0.018542 0.908503 0.417466
vn -0.962164 0.254665 -0.096882
vn 0.716642 0.657307 0.233178
vn 0.971753 0.205284 -0.116426
vn 0.101608 0.852877 0.512129
vn -0.972736 0.053825 0.225583
vn -0.972736 0.053825 0.225583
vn -0.992261 -0.070842 0.101978
vn -0.992261 -0.070842 0.101978
vn -0.138394 -0.712439 -0.687952
vn 0.004574 -0.774780 -0.632214
vn 0.412500 -0.830946 -0.373327
vn -0.066606 -0.848747 -0.524588
vn -0.209473 -0.946806 -0.244295
vn 0.013919 -0.757234 -0.652996
vn 0.999728 -0.013320 0.019170
vn 0.999728 -0.013320 0.019170
vn 1.000000 0.000001 0.000000
vn 1.000000 0.000001 0.000000
vn 0.293631 -0.045161 -0.954852
vn 0.293631 -0.045161 -0.954852
vn 0.241072 0.002631 -0.970504
vn 0.198214 0.040761 -0.979311
vn -0.746178 -0.590781 -0.306914
vn -0.729254 -0.537273 -0.423706
vn -0.582934 -0.567578 -0.581415
vn -0.700638 -0.604358 -0.379286
vn 0.026246 0.239213 0.970612
vn 0.026246 0.239213 0.970612
vn 0.015881 0.154874 0.987807
vn 0.016308 0.158349 0.987249
vn -0.027978 0.837548 0.545647
vn 0.027026 0.881798 0.470853
vn 0.494712 0.791996 0.357774
vn 0.741033 0.644625 0.187957
vn 0.961254 -0.191121 -0.198654
vn 0.968370 -0.186248 -0.166047
vn 0.987666 -0.151243 0.040505
vn 0.987666 -0.151243 0.040505
vn -0.871972 -0.175883 0.456870
vn -0.871972 -0.175883 0.456870
vn -0.934526 -0.137129 0.328415
vn -0.929814 -0.140682 0.340081
vn -0.062524 0.153817 -0.986119
vn -0.257640 0.032447 -0.965696
vn -0.198377 0.070417 -0.977593
vn -0.062524 0.153817 -0.986119
vn 0.354120 0.125192 -0.926783
vn 0.318307 0.136363 -0.938129
vn -0.004440 0.222202 -0.974991
vn -0.004440 0.222202 -0.974991
vn -0.323467 0.135663 -0.936464
vn -0.291166 0.145638 -0.945522
vn -0.516225 0.069537 -0.853625
vn -0.516225 0.069537 -0.853625
vn 0.302982 -0.571553 -0.762580
vn 0.555994 -0.613127 -0.561200
vn 0.681636 -0.693598 -0.233010
vn 0.544757 -0.655381 -0.523178
vn 0.528861 -0.654226 0.540642
vn 0.152707 -0.367175 0.917531
vn 0.004010 -0.419094 0.907934
vn 0.286465 -0.586841 0.757335
vn -0.186859 -0.575543 0.796137
vn -0.357948 -0.692642 0.626196
vn -0.631860 -0.675262 0.380493
vn -0.536285 -0.648232 0.540550
vn -0.005065 0.025068 0.999673
vn 0.310137 0.027271 0.950301
vn 0.273152 0.027151 0.961588
vn -0.005065 0.025068 0.999673
vn -0.020893 -0.125557 0.991866
vn -0.036619 -0.151352 0.987801
vn 0.013390 -0.069030 0.997525
vn 0.013390 -0.069030 0.997525
vn 0.036054 -0.165132 0.985612
vn 0.054121 -0.194141 0.979480
vn 0.054121 -0.194141 0.979480
vn 0.020971 -0.140817 0.989814
vn -0.796441 0.550425 0.250428
vn -0.451775 0.757862 0.470686
vn -0.698443 0.696923 0.162712
vn -0.930247 0.355205 -0.092035
vn -0.680863 0.729906 -0.060527
vn -0.722829 0.682002 -0.111315
vn -0.939688 0.314596 0.134224
vn -0.938905 0.301586 0.165840
vn 0.612239 0.744856 -0.265241
vn -0.167338 0.860086 -0.481923
vn -0.293116 0.875279 -0.384668
vn 0.741348 0.655039 -0.146035
vn 0.960867 -0.202478 0.189042
vn 0.968559 -0.195308 0.154105
vn 0.872800 -0.244396 0.422481
vn 0.872800 -0.244396 0.422481
vn 0.490367 0.185606 0.851522
vn 0.490368 0.185606 0.851522
vn 0.808503 0.354824 0.469492
vn 0.814354 0.358243 0.456607
vn 0.905490 0.424075 0.015798
vn 0.751731 0.367597 -0.547516
vn 0.761918 0.371895 -0.530259
vn 0.905490 0.424075 0.015798
vn -0.973996 -0.096163 -0.205145
vn -0.936179 -0.123475 -0.329124
vn -0.931102 -0.126301 -0.342194
vn -0.973996 -0.096164 -0.205145
vn -0.816080 0.106266 -0.568086
vn -0.752898 0.088939 -0.652100
vn -0.898354 0.131644 -0.419083
vn -0.898354 0.131644 -0.419083
vn -0.904121 0.160029 0.396178
vn -0.898673 0.179113 0.400382
vn -0.898673 0.179113 0.400382
vn -0.906437 0.151469 0.394244
vn 0.738082 -0.614899 -0.277731
vn 0.733653 -0.679036 -0.025766
vn 0.729657 -0.652256 0.205334
vn 0.385388 -0.263584 0.884307
vn 0.569661 0.026869 0.821440
vn 0.569661 0.026869 0.821440
vn -0.060562 -0.190463 0.979825
vn -0.060562 -0.190463 0.979824
vn 0.065779 0.796905 0.600513
vn 0.208072 0.823554 0.527698
vn 0.304114 0.866949 -0.394860
vn 0.166981 0.852767 -0.494879
vn -0.348996 -0.028152 -0.936701
vn -0.348996 -0.028152 -0.936701
vn 0.677309 0.004265 -0.735686
vn 0.677309 0.004265 -0.735686
vn -0.353966 -0.560105 -0.748993
vn -0.612934 -0.616906 -0.493700
vn -0.003762 -0.418417 0.908247
vn -0.326024 -0.572696 0.752149
vn 0.000333 0.028002 0.999608
vn 0.000333 0.028002 0.999608
vn -0.022293 -0.070576 0.997257
vn -0.022293 -0.070576 0.997257
vn 0.839654 0.518194 0.162656
vn 0.938202 0.337220 -0.077850
vn 0.945431 0.325519 0.014068
vn 0.949215 0.314135 0.017621
vn 0.069925 0.150729 -0.986099
vn 0.069925 0.150729 -0.986099
vn 0.001063 0.223765 -0.974642
vn 0.001063 0.223766 -0.974643
vn -0.095943 0.762369 -0.639992
vn -0.330134 0.692180 -0.641793
vn -0.668705 0.487741 -0.561197
vn 0.814278 0.576306 -0.069442
vn 0.458316 0.770688 -0.442703
vn 0.095224 0.764032 -0.638113
vn -0.854632 -0.158375 -0.494491
vn -0.854632 -0.158375 -0.494491
vn -0.596866 0.050330 -0.800761
vn -0.596866 0.050330 -0.800761
vn -0.536270 -0.233168 -0.811201
vn -0.204551 -0.356209 -0.911742
vn -0.004424 -0.404717 -0.914431
vn 0.004696 -0.405061 -0.914277
vn 0.147403 -0.309998 -0.939241
vn 0.390322 -0.117529 -0.913146
vn 0.398239 0.211433 -0.892581
vn 0.398239 0.211433 -0.892581
vn 0.862189 -0.222513 -0.455102
vn 0.862189 -0.222513 -0.455102
vn -0.675710 0.727911 0.116455
vn 0.301181 0.829335 0.470631
vn -0.937521 0.311658 -0.154673
vn 0.533800 0.754661 0.381503
vn 0.951913 0.247382 -0.180732
vn -0.102556 0.762853 0.638386
vn -0.968418 -0.105628 0.225851
vn -0.968418 -0.105628 0.225851
vn -0.912067 0.129340 0.389108
vn -0.912067 0.129340 0.389108
vn -0.739101 -0.631258 0.235038
vn -0.694764 -0.640340 0.327517
vn -0.604770 -0.640377 0.473467
vn 0.679787 -0.705960 0.198773
vn 0.536665 -0.679073 0.500850
vn 0.733626 -0.679294 -0.018761
vn 0.905481 0.424215 0.012075
vn 0.905481 0.424215 0.012075
vn 0.987495 -0.148416 -0.053156
vn 0.987495 -0.148416 -0.053156
vn 0.712777 -0.057482 -0.699031
vn 0.054573 -0.269331 -0.961500
vn 0.216659 -0.135882 -0.966745
vn 0.679888 -0.055368 -0.731223
vn 0.785127 0.578200 -0.221947
vn 0.452711 0.827766 -0.331447
vn 0.424604 0.903002 0.065559
vn 0.791534 0.611052 0.009467
vn 0.000000 -0.032965 0.999457
vn 0.089016 -0.030239 0.995571
vn 0.101939 -0.023354 0.994517
vn 0.000000 -0.032965 0.999457
vn 0.989171 -0.144029 -0.028218
vn 0.316715 -0.947992 -0.031679
vn -0.020557 -0.950004 0.311559
vn 0.988324 -0.145193 0.046205
vn -0.994750 -0.065744 -0.078426
vn -0.998303 -0.057553 -0.008866
vn -0.993942 -0.109779 -0.005334
vn -0.984753 -0.115531 -0.130054
vn 0.942006 -0.334603 -0.025794
vn 0.927952 -0.358036 -0.103511
vn 0.966523 -0.217207 -0.136584
vn 0.976113 -0.216948 -0.011695
vn -0.433656 0.836293 -0.335496
vn -0.802601 0.555442 -0.217524
vn -0.810284 0.585985 0.007832
vn -0.402581 0.912869 0.067818
vn -0.090746 -0.021576 0.995640
vn -0.081767 -0.028781 0.996236
vn 0.000000 -0.032965 0.999457
vn 0.000000 -0.032965 0.999457
vn 0.145616 -0.934667 0.324335
vn -0.140077 -0.989978 -0.017927
vn -0.977663 -0.210103 -0.005669
vn -0.962143 -0.251549 0.104897
vn -0.235229 -0.132602 -0.962852
vn -0.156473 -0.244817 -0.956860
vn -0.743504 -0.026595 -0.668203
vn -0.715750 -0.039456 -0.697242
vn -0.001317 0.926864 -0.375395
vn -0.000134 0.996763 0.080403
vn 0.000155 -0.028221 0.999602
vn 0.001107 -0.021768 0.999762
vn -0.002103 -0.999924 -0.012149
vn -0.003540 -0.947862 0.318661
vn -0.000517 -0.292693 -0.956207
vn -0.000343 -0.166521 -0.986038
vn -0.223818 0.968217 -0.111635
vn -0.320360 0.737232 -0.594859
vn -0.189645 0.319566 -0.928392
vn -0.613675 0.459910 -0.641784
vn 0.333967 0.734710 -0.590481
vn 0.203218 0.341785 -0.917543
vn -0.003524 0.078117 -0.996938
vn 0.004214 0.647853 -0.761754
vn 0.600964 0.439275 -0.667742
vn 0.215635 0.968578 -0.123931
vn 0.577027 0.816272 0.027192
vn 0.509643 0.855330 -0.093139
vn 0.601025 0.791169 -0.113228
vn 0.577616 0.815868 0.026815
vn 0.000000 -0.032965 0.999457
vn 0.094758 0.078758 0.992380
vn 0.102876 -0.007200 0.994668
vn 0.000000 -0.032965 0.999457
vn -0.004111 0.032631 0.999459
vn 0.005183 0.058697 0.998262
vn 0.000000 -0.032965 0.999457
vn -0.094318 -0.011043 0.995481
vn -0.093150 0.071447 0.993085
vn 0.000000 -0.032966 0.999457
vn -0.509642 0.855330 -0.093138
vn -0.577026 0.816273 0.027192
vn -0.577616 0.815868 0.026814
vn -0.601025 0.791169 -0.113228
vn 0.519729 0.845896 0.119763
vn 0.599472 0.789638 0.130787
vn 0.949008 -0.312496 0.041592
vn 0.975347 -0.203369 0.085670
vn 0.986235 -0.142642 -0.083636
vn 0.060960 -0.959808 -0.273958
vn -0.003936 -0.964847 -0.262783
vn -0.011275 -0.961114 -0.275921
vn -0.980323 -0.181851 -0.076794
vn -0.997529 -0.050556 0.048778
vn -0.989772 -0.113250 0.086757
vn -0.519728 0.845896 0.119763
vn -0.599472 0.789638 0.130787
vn -0.779895 0.587206 0.216686
vn -0.375617 0.851345 0.366229
vn -0.000943 0.913566 0.406690
vn 0.395632 0.844404 0.361189
vn 0.759065 0.611750 0.222672
vn -0.319198 0.028288 -0.947266
vn -0.675287 0.013486 -0.737432
vn 0.000374 0.032409 -0.999475
vn 0.334193 0.027950 -0.942090
vn 0.654689 0.014132 -0.755766
vn 0.999853 -0.017169 -0.000427
vn 0.988808 -0.002559 -0.149172
vn 0.993627 -0.012523 0.112017
vn 0.080556 -0.033586 0.996184
vn 0.000000 -0.032964 0.999457
vn 0.000418 -0.033570 0.999436
vn -0.076169 -0.033531 0.996531
vn 0.000000 -0.032964 0.999457
vn -0.999853 -0.017169 -0.000427
vn -0.993627 -0.012522 0.112017
vn -0.988808 -0.002559 -0.149172
vn -0.002904 0.592433 -0.805615
vn -0.256455 0.585698 -0.768889
vn 0.277482 0.587144 -0.760438
vn 0.563552 0.589423 -0.578783
vn 0.777904 0.614703 -0.130408
vn 0.786878 0.616745 0.021182
vn 0.781787 0.609038 0.133725
vn 0.000000 -0.032965 0.999457
vn 0.148545 0.012385 0.988828
vn -0.003673 0.014783 0.999884
vn -0.137156 0.006388 0.990529
vn 0.000000 -0.032965 0.999457
vn -0.786878 0.616745 0.021181
vn -0.781787 0.609038 0.133725
vn -0.777904 0.614703 -0.130409
vn -0.581861 0.595330 -0.554094
vn 0.000000 -0.032968 0.999456
vn 0.000000 -0.032967 0.999456
vn 0.000000 -0.032965 0.999457
vn 0.000000 -0.032965 0.999457
vn 0.000176 0.032959 -0.999457
vn 0.000088 0.032962 -0.999457
vn 0.000087 0.033077 -0.999453
vn 0.000172 0.033188 -0.999449
vn -0.005533 -0.998652 -0.051612
vn 0.003239 -0.998597 -0.052852
vn 0.001993 -0.999298 -0.037409
vn -0.002120 -0.999372 -0.035380
vn 1.000000 -0.000001 0.000000
vn 1.000000 0.000001 0.000000
vn 1.000000 -0.000000 0.000000
vn 1.000000 -0.000001 0.000000
vn -1.000000 0.000000 0.000000
vn -1.000000 0.000000 0.000000
vn -1.000000 0.000000 0.000000
vn -1.000000 0.000000 0.000000
vn -1.000000 0.000000 0.000000
vn -1.000000 -0.000000 0.000000
vn -1.000000 -0.000000 0.000000
vn -1.000000 -0.000000 0.000000
vn -0.002923 -0.998939 -0.045969
vn 0.004371 -0.998959 -0.045406
vn 0.004414 -0.998376 -0.056799
vn -0.005929 -0.998366 -0.056840
vn 1.000000 -0.000000 0.000000
vn 1.000000 0.000002 0.000000
vn 1.000000 0.000000 0.000000
vn 1.000000 -0.000000 0.000000
vn -0.007619 0.999119 0.041259
vn -0.007619 0.999119 0.041259
vn -0.007619 0.999119 0.041259
vn -0.007619 0.999119 0.041259
vn 0.000000 0.032965 -0.999457
vn 0.000000 0.032965 -0.999457
vn 0.000000 0.032965 -0.999457
vn 0.000000 0.032965 -0.999457
vn 0.007974 -0.998475 -0.054627
vn 0.005832 -0.999226 -0.038903
vn 0.000000 -0.999457 -0.032965
vn 0.001194 -0.998620 -0.052501
vn 0.008708 -0.998422 -0.055469
vn 0.005404 -0.998368 -0.056853
vn 0.007315 -0.999148 -0.040609
vn 0.008523 -0.999090 -0.041780
vn -0.000149 -0.032965 0.999457
vn -0.000148 -0.032967 0.999456
vn -0.000298 -0.032967 0.999456
vn -0.000298 -0.032966 0.999456
vn -0.007512 0.999116 0.041374
vn -0.008669 0.999047 0.042786
vn -0.005305 0.998877 0.047082
vn -0.005304 0.998877 0.047082
vn -0.007512 0.999116 0.041374
vn 0.000000 0.999456 0.032969
vn 0.000000 0.999456 0.032969
vn 0.000000 0.999456 0.032969
vn 0.000000 0.999456 0.032969
vn 0.000585 0.999349 0.036063
vn 0.000585 0.999349 0.036063
vn 0.000585 0.999349 0.036063
vn 0.000585 0.999349 0.036063
vn -0.000959 0.999111 0.042159
vn -0.001923 0.998677 0.051397
vn -0.001923 0.998676 0.051397
vn -0.000959 0.999110 0.042159
vn 0.000000 0.999457 0.032965
vn 0.000000 0.999457 0.032965
vn 0.000000 0.999457 0.032965
vn -0.002540 0.999306 0.037169
vn -0.006360 0.999181 0.039968
vn -0.006360 0.999181 0.039968
vn -0.002540 0.999306 0.037169
vn -0.224465 0.936861 0.268155
vn -0.224465 0.936861 0.268155
vn -0.224465 0.936861 0.268155
vn -0.224465 0.936861 0.268155
vn 0.001298 0.999409 0.034356
vn 0.004622 0.999195 0.039858
vn 0.004622 0.999195 0.039858
vn -0.021863 0.997658 0.064810
vn -0.021863 0.997658 0.064810
vn -0.021863 0.997658 0.064810
vn -0.021863 0.997658 0.064810
vn -0.021863 0.997658 0.064810
vn -0.021863 0.997658 0.064810
vn -0.021863 0.997658 0.064810
vn -0.021863 0.997658 0.064810
vn -0.005130 0.999162 0.040619
vn -0.005121 0.999162 0.040606
vn 0.000000 0.999457 0.032964
vn 0.000000 0.999457 0.032964
vn -0.001183 0.998901 0.046853
vn -0.001172 0.998901 0.046851
vn -0.010285 0.998779 0.048309
vn 0.007962 0.998938 0.045386
vn 0.007962 0.998938 0.045386
vn -0.036992 0.911389 -0.409879
vn -0.442557 0.895782 0.041441
vn -0.445039 0.894503 0.042496
vn -0.019246 0.906472 -0.421828
vn -0.431312 0.900766 0.050897
vn -0.430912 0.900884 0.052186
vn -0.026825 0.871286 0.490043
vn -0.025255 0.870989 0.490653
vn 0.002415 0.871462 0.490458
vn 0.001056 0.871201 0.490926
vn 0.430329 0.900434 0.063522
vn 0.429959 0.900533 0.064618
vn 0.430861 0.901626 0.037810
vn 0.430404 0.901912 0.036144
vn 0.014868 0.903199 -0.428964
vn 0.013319 0.902944 -0.429551
vn -0.005477 0.833384 0.552667
vn -0.011183 0.831875 0.554850
vn -0.011183 0.831875 0.554850
vn -0.005500 0.833378 0.552676
vn 0.491298 0.870361 0.033139
vn 0.492050 0.869732 0.038108
vn 0.492055 0.869728 0.038141
vn 0.491298 0.870361 0.033139
vn -0.361836 0.872947 -0.327167
vn -0.361836 0.872947 -0.327167
vn -0.361836 0.872947 -0.327167
vn -0.361836 0.872947 -0.327167
vn -0.355677 0.872945 -0.333858
vn -0.487763 0.872841 0.015328
vn -0.486672 0.873510 0.011468
vn -0.355677 0.872945 -0.333858
vn -0.487423 0.869480 0.080142
vn -0.486602 0.869692 0.082796
vn -0.360038 0.844744 0.395954
vn -0.360038 0.844744 0.395954
vn 0.493183 0.869183 0.035946
vn 0.493185 0.869183 0.035909
vn -0.355676 0.849050 0.390652
vn -0.355676 0.849050 0.390652
vn -0.355676 0.849050 0.390652
vn -0.355676 0.849050 0.390652
vn 0.493591 0.869222 0.028669
vn 0.493591 0.869222 0.028669
vn 0.000000 0.869263 -0.494350
vn 0.000000 0.869264 -0.494349
vn 0.000000 0.869264 -0.494349
vn 0.000000 0.869263 -0.494350
vn 0.000000 0.834801 0.550551
vn 0.000000 0.834801 0.550551
vn 0.350584 0.876948 -0.328714
vn 0.027167 0.878863 -0.476301
vn 0.023791 0.878300 -0.477518
vn 0.350584 0.876948 -0.328714
vn -0.048720 0.877999 -0.476177
vn -0.044848 0.877417 -0.477628
vn -0.355642 0.873506 -0.332423
vn -0.355642 0.873506 -0.332423
vn 0.000000 0.834802 0.550551
vn 0.000000 0.834802 0.550551
vn 0.356573 0.873169 -0.332313
vn 0.356573 0.873169 -0.332313
vn 0.356573 0.873169 -0.332313
vn 0.356573 0.873169 -0.332313
vn -0.486003 0.873136 0.037880
vn -0.489405 0.871492 0.031378
vn -0.489405 0.871492 0.031378
vn -0.485981 0.873146 0.037923
vn -0.355677 0.849050 0.390651
vn -0.038194 0.842449 0.537421
vn -0.034569 0.841783 0.538707
vn -0.355677 0.849050 0.390651
vn 0.038194 0.842449 0.537421
vn 0.034569 0.841784 0.538707
vn 0.355678 0.849050 0.390649
vn 0.355678 0.849050 0.390649
vn -0.003629 0.870625 -0.491933
vn -0.003617 0.870621 -0.491941
vn 0.249525 0.838025 0.485234
vn 0.249525 0.838025 0.485234
vn 0.249525 0.838025 0.485234
vn 0.249525 0.838025 0.485234
vn -0.007409 0.872024 -0.489407
vn -0.007409 0.872024 -0.489407
vn -0.485677 0.873505 0.033282
vn -0.484146 0.874124 0.038865
vn -0.484157 0.874119 0.038824
vn -0.485677 0.873505 0.033282
vn 0.355848 0.847676 0.393468
vn 0.479762 0.874706 0.068689
vn 0.478899 0.874939 0.071676
vn 0.355848 0.847676 0.393468
vn 0.479649 0.877441 0.005950
vn 0.478555 0.878055 0.002391
vn 0.352728 0.881019 -0.315260
vn 0.352728 0.881019 -0.315260
vn -0.000150 -0.032965 0.999457
vn -0.000299 -0.032966 0.999457
vn 0.000000 -0.032965 0.999457
vn 0.000000 -0.032965 0.999457
vn -1.000000 -0.000000 0.000000
vn -1.000000 0.000000 0.000000
vn -1.000000 -0.000000 0.000000
vn -1.000000 -0.000000 0.000000
vn 0.000177 0.032932 -0.999458
vn 0.000088 0.032948 -0.999457
vn 0.000000 0.032965 -0.999457
vn 0.000000 0.032965 -0.999457
vn 1.000000 -0.000000 0.000000
vn 1.000000 -0.000000 0.000000
vn 1.000000 -0.000000 0.000000
vn 1.000000 -0.000001 0.000000
vn -0.000150 -0.032961 0.999457
vn -0.000149 -0.032961 0.999457
vn -0.000298 -0.032963 0.999457
vn -0.000298 -0.032963 0.999457
vn 0.000000 -0.032959 0.999457
vn 0.000000 -0.032959 0.999457
vn 0.000000 -0.032959 0.999457
vn 0.000000 -0.032959 0.999457
vn -1.000000 0.000000 0.000000
vn -1.000000 0.000000 0.000000
vn -1.000000 0.000000 0.000000
vn -1.000000 0.000000 0.000000
vn -1.000000 0.000000 0.000000
vn -1.000000 0.000000 0.000000
vn -1.000000 0.000000 0.000000
vn -1.000000 0.000000 0.000000
vn 0.000196 0.032732 -0.999464
vn 0.000098 0.032850 -0.999460
vn 0.000098 0.032849 -0.999460
vn 0.000196 0.032732 -0.999464
vn 0.000000 0.032966 -0.999456
vn 0.000000 0.032966 -0.999456
vn 0.000000 0.032966 -0.999456
vn 0.000000 0.032966 -0.999456
vn 1.000000 0.000005 0.000000
vn 1.000000 0.000005 0.000000
vn 1.000000 0.000000 0.000000
vn 1.000000 0.000000 0.000000
vn 1.000000 0.000009 0.000000
vn 1.000000 0.000009 0.000000
vn 1.000000 0.000008 0.000000
vn 1.000000 0.000008 0.000000
vn -0.009640 0.739541 0.673043
vn -0.009640 0.739541 0.673043
vn -0.009640 0.739541 0.673043
vn -0.009640 0.739541 0.673043
vn 0.000000 0.000000 0.000000
vn 0.000000 0.000000 0.000000
vn 0.000000 0.000000 0.000000
vn 0.000000 0.000000 0.000000
vn 0.000000 0.740324 0.672251
vn 0.000000 0.740324 0.672251
vn 0.000000 0.740324 0.672251
vn 0.000000 0.740324 0.672251
vn 0.000000 0.000000 0.000000
vn 0.000000 0.000000 0.000000
vn 0.000000 0.000000 0.000000
vn 0.000000 0.000000 0.000000
vn 0.000000 0.740323 0.672251
vn 0.000000 0.740323 0.672251
vn 0.000000 0.740323 0.672251
vn 0.000000 0.740323 0.672251
vn 0.000000 0.000000 0.000000
vn 0.000000 0.000000 0.000000
vn 0.000000 0.000000 0.000000
vn 0.000000 0.000000 0.000000
vn -0.000000 0.000000 0.000000
vn -1.000000 0.000000 0.000000
vn -1.000000 0.000000 0.000000
vn -0.000000 0.000000 0.000000
vn 0.000000 0.000000 0.000000
vn 0.000000 0.000000 0.000000
vn 0.000000 0.000000 0.000000
vn 0.000000 0.000000 0.000000
vn 0.000000 0.000000 0.000000
vn 0.000000 0.000000 0.000000
vn 0.000000 0.000000 0.000000
vn 0.000000 0.000000 0.000000
vn 0.000000 0.000000 0.000000
vn 0.000000 0.000000 0.000000
vn 0.000000 0.000000 0.000000
vn 0.000000 0.000000 0.000000
vn 0.000000 0.000000 0.000000
vn 0.000000 0.000000 0.000000
vn 0.000000 0.000000 0.000000
vn 0.000000 0.000000 0.000000
vn 0.000000 0.000000 0.000000
vn 0.000000 0.000000 0.000000
vn 0.000000 0.000000 0.000000
vn 0.000000 0.000000 0.000000
vn 0.000000 0.000000 0.000000
vn 0.000000 0.000000 0.000000
vn 0.000000 0.000000 0.000000
vn 0.000000 0.000000 0.000000
vn 0.000000 0.000000 0.000000
vn 0.000000 0.000000 0.000000
vn 0.000000 0.000000 0.000000
vn 0.000000 0.000000 0.000000
vn 0.000000 0.000000 0.000000
vn 0.000000 0.000000 0.000000
vn 0.000000 0.000000 0.000000
vn 0.000000 0.000000 0.000000
vn 0.000000 0.000000 0.000000
vn 0.000000 0.000000 0.000000
vn 0.000000 0.000000 0.000000
vn 0.000000 0.000000 0.000000
vn 0.000000 0.000000 0.000000
vn 0.000000 0.000000 0.000000
vn 0.000000 0.000000 0.000000
vn 0.000000 0.000000 0.000000
vn 0.000000 0.000000 0.000000
vn 0.000000 0.000000 0.000000
vn 0.000000 0.000000 0.000000
vn 0.000000 0.000000 0.000000
vn 0.000000 0.000000 0.000000
vn 0.000000 0.000000 0.000000
vn 0.000000 0.000000 0.000000
vn 0.000000 0.000000 0.000000
vn 0.000000 0.000000 0.000000
vn 0.000000 0.000000 0.000000
vn 0.000000 0.000000 0.000000
vn 0.000000 0.000000 0.000000
vn 0.000000 0.000000 0.000000
vn 0.000000 0.000000 0.000000
vn 0.000000 0.000000 0.000000
vn 0.000000 0.000000 0.000000
vn 0.000000 0.000000 0.000000
vn 0.000000 0.000000 0.000000
vn 0.000000 0.000000 0.000000
vn 0.000000 0.000000 0.000000
vn 1.000000 0.000006 0.000000
vn 0.000000 0.000000 0.000000
vn 0.000000 0.000000 0.000000
vn 1.000000 0.000006 0.000000
vn 0.000000 0.000000 0.000000
vn 0.000000 0.000000 0.000000
vn 0.000000 0.000000 0.000000
vn 0.000000 0.000000 0.000000
vn -0.006239 0.999318 0.036382
vn -0.007491 0.999219 0.038802
vn -0.007796 0.999214 0.038861
vn -0.006237 0.999319 0.036381
vn 0.007480 -0.999219 -0.038807
vn 0.006239 -0.999319 -0.036367
vn 0.006238 -0.999319 -0.036367
vn 0.007785 -0.999214 -0.038867
vn 0.000000 0.999456 0.032985
vn 0.000000 0.999456 0.032985
vn 0.000000 -0.999457 -0.032947
vn 0.000000 -0.999457 -0.032947
vn 0.001187 0.999389 0.034926
vn 0.001115 0.999393 0.034807
vn -0.001064 -0.999396 -0.034737
vn -0.001000 -0.999400 -0.034628
vn 0.001690 0.999032 0.043963
vn 0.001690 0.999032 0.043963
vn -0.001492 -0.999046 -0.043651
vn -0.001492 -0.999046 -0.043651
vn -0.002343 0.999022 0.044151
vn -0.002343 0.999022 0.044151
vn 0.002322 -0.999023 -0.044140
vn 0.002322 -0.999023 -0.044140
vn -0.006795 0.999372 0.034770
vn -0.006860 0.999377 0.034613
vn 0.006841 -0.999356 -0.035214
vn 0.006924 -0.999361 -0.035069
vn 0.004099 -0.999451 -0.032892
vn 0.004098 -0.999451 -0.032892
vn -0.003927 0.999462 0.032547
vn -0.003926 0.999463 0.032547
vn 0.000000 0.999458 0.032932
vn 0.000000 0.999458 0.032932
vn 0.000000 -0.999456 -0.032974
vn 0.000000 -0.999456 -0.032974
vn 0.000005 0.999457 0.032960
vn 0.000004 0.999457 0.032960
vn 0.000005 -0.999456 -0.032976
vn 0.000005 -0.999456 -0.032976
vn -0.000474 0.999154 0.041113
vn -0.000474 0.999154 0.041113
vn 0.000484 -0.999154 -0.041117
vn 0.000484 -0.999154 -0.041117
vn -0.002081 0.999046 0.043613
vn -0.002081 0.999046 0.043614
vn 0.002070 -0.999046 -0.043614
vn 0.002070 -0.999046 -0.043614
vn 0.005446 -0.846120 -0.532964
vn -0.232495 -0.888845 -0.394843
vn -0.087120 -0.871191 -0.483152
vn 0.005425 -0.846123 -0.532960
vn 0.232499 0.888842 0.394848
vn -0.005446 0.846116 0.532972
vn -0.005426 0.846118 0.532967
vn 0.087124 0.871188 0.483158
vn 0.000000 -0.846820 -0.531879
vn 0.000000 -0.846820 -0.531879
vn 0.000000 0.846814 0.531890
vn 0.000000 0.846814 0.531890
vn 0.239146 -0.888179 -0.392360
vn 0.097106 -0.871708 -0.480308
vn -0.239294 0.888171 0.392288
vn -0.097217 0.871720 0.480264
vn 0.388188 -0.920471 -0.045191
vn 0.388191 -0.920470 -0.045191
vn -0.388486 0.920360 0.044899
vn -0.388489 0.920359 0.044899
vn 0.002527 -0.999023 -0.044130
vn 0.002527 -0.999023 -0.044130
vn -0.002491 0.999023 0.044120
vn -0.002491 0.999023 0.044120
vn 0.006947 -0.999379 -0.034559
vn 0.006887 -0.999373 -0.034718
vn -0.006998 0.999362 0.035022
vn -0.006919 0.999357 0.035169
vn -0.004103 0.999452 0.032851
vn -0.004103 0.999452 0.032851
vn 0.003932 -0.999463 -0.032523
vn 0.003932 -0.999463 -0.032523
vn 0.000000 -0.999457 -0.032954
vn 0.000000 -0.999457 -0.032954
vn 0.000000 0.999457 0.032958
vn 0.000000 0.999457 0.032958
vn -0.000001 -0.999457 -0.032965
vn -0.000001 -0.999457 -0.032965
vn 0.000001 0.999456 0.032969
vn 0.000001 0.999456 0.032969
vn 0.000480 -0.999155 -0.041103
vn 0.000480 -0.999155 -0.041103
vn -0.000480 0.999155 0.041108
vn -0.000480 0.999155 0.041108
vn -0.388683 -0.920278 -0.044881
vn -0.388691 -0.920274 -0.044881
vn 0.388696 0.920273 0.044882
vn 0.388702 0.920270 0.044881
vn 0.000303 -0.032968 0.999456
vn 0.000151 -0.032968 0.999456
vn 0.000151 -0.032965 0.999457
vn 0.000303 -0.032966 0.999457
vn 0.000000 0.032965 -0.999457
vn 0.000000 0.032965 -0.999457
vn 0.000000 0.032965 -0.999457
vn 0.000000 0.032965 -0.999457
vn -0.006003 -0.998368 -0.056800
vn -0.008883 -0.998423 -0.055426
vn -0.007499 -0.999157 -0.040367
vn -0.009175 -0.999092 -0.041619
vn 1.000000 -0.000000 0.000000
vn 1.000000 -0.000000 0.000000
vn 1.000000 0.000000 0.000000
vn 1.000000 -0.000000 0.000000
vn -1.000000 0.000003 0.000000
vn -1.000000 0.000006 0.000000
vn -1.000000 0.000001 0.000000
vn -1.000000 0.000000 0.000000
vn -1.000000 -0.000000 0.000000
vn -1.000000 -0.000000 0.000000
vn -1.000000 -0.000000 0.000000
vn -1.000000 -0.000001 0.000000
vn 0.000000 -0.999457 -0.032965
vn -0.005866 -0.999224 -0.038938
vn -0.008075 -0.998469 -0.054720
vn -0.001471 -0.998618 -0.052528
vn 1.000000 -0.000000 0.000000
vn 1.000000 -0.000000 0.000000
vn 1.000000 -0.000000 0.000000
vn 1.000000 -0.000000 0.000000
vn -0.000576 0.999354 0.035933
vn -0.000576 0.999354 0.035933
vn -0.000576 0.999354 0.035933
vn -0.000576 0.999354 0.035933
vn -0.000087 0.033077 -0.999453
vn -0.000088 0.032962 -0.999457
vn -0.000176 0.032959 -0.999457
vn -0.000172 0.033188 -0.999449
vn -0.004336 -0.998372 -0.056881
vn -0.004371 -0.998956 -0.045474
vn 0.002991 -0.998935 -0.046037
vn 0.006009 -0.998365 -0.056846
vn -0.003086 -0.998599 -0.052818
vn 0.005591 -0.998653 -0.051579
vn -0.001840 -0.999305 -0.037242
vn 0.002143 -0.999372 -0.035368
vn 0.000000 -0.032965 0.999457
vn 0.000000 -0.032967 0.999456
vn 0.000000 -0.032967 0.999456
vn 0.000000 -0.032965 0.999457
vn 0.002377 0.999314 0.036963
vn -0.001320 0.999409 0.034342
vn -0.004695 0.999196 0.039822
vn -0.004695 0.999196 0.039822
vn 0.002377 0.999314 0.036963
vn 0.006110 0.998349 0.057122
vn 0.006110 0.998349 0.057122
vn 0.006110 0.998349 0.057122
vn 0.006110 0.998349 0.057122
vn 0.008413 0.999125 0.040961
vn 0.008413 0.999125 0.040961
vn 0.008413 0.999125 0.040961
vn 0.008413 0.999125 0.040961
vn -0.004379 0.998847 0.047814
vn -0.008087 0.998940 0.045328
vn -0.008087 0.998939 0.045328
vn -0.004380 0.998847 0.047814
vn 0.005220 0.998832 0.048038
vn 0.005219 0.998832 0.048038
vn -0.000690 0.998735 0.050288
vn 0.007690 0.999127 0.041063
vn 0.006056 0.999198 0.039570
vn 0.006056 0.999198 0.039570
vn 0.007690 0.999127 0.041062
vn 0.000000 0.999456 0.032969
vn 0.000000 0.999456 0.032969
vn 0.000000 0.999456 0.032969
vn 0.000000 0.999456 0.032969
vn 0.009332 0.999050 0.042562
vn 0.005920 0.998877 0.047010
vn 0.005920 0.998877 0.047010
vn 0.021658 0.998486 0.050558
vn 0.021658 0.998486 0.050558
vn 0.021658 0.998486 0.050558
vn 0.021658 0.998486 0.050558
vn 0.021658 0.998486 0.050558
vn 0.021658 0.998486 0.050558
vn 0.021658 0.998486 0.050558
vn 0.021658 0.998486 0.050558
vn 0.005563 0.999208 0.039398
vn 0.005563 0.999208 0.039398
vn 0.011099 0.998889 0.045798
vn 0.011099 0.998889 0.045798
vn 0.001242 0.999108 0.042200
vn 0.001242 0.999108 0.042200
vn -0.000000 0.999457 0.032965
vn 0.002491 0.998671 0.051479
vn 0.002491 0.998671 0.051479
vn 0.008419 0.906725 -0.421638
vn -0.430559 0.901742 0.038480
vn -0.430101 0.902030 0.036805
vn 0.009823 0.906500 -0.422092
vn -0.429995 0.900547 0.064188
vn -0.429626 0.900645 0.065274
vn -0.003002 0.871602 0.490206
vn -0.001644 0.871341 0.490676
vn 0.026212 0.871437 0.489807
vn 0.024643 0.871141 0.490414
vn 0.431281 0.900787 0.050795
vn 0.430881 0.900905 0.052085
vn 0.431615 0.901676 0.026263
vn 0.431149 0.901943 0.024703
vn 0.038602 0.906543 -0.420345
vn 0.036729 0.906232 -0.421183
vn 0.000000 0.834801 0.550552
vn 0.000000 0.834801 0.550552
vn 0.000000 0.834801 0.550552
vn 0.000000 0.834801 0.550552
vn 0.489471 0.871455 0.031388
vn 0.486074 0.873097 0.037879
vn 0.486051 0.873107 0.037922
vn 0.489471 0.871455 0.031388
vn -0.356560 0.873124 -0.332445
vn -0.356560 0.873124 -0.332445
vn -0.356560 0.873124 -0.332445
vn -0.356560 0.873124 -0.332445
vn -0.352778 0.881048 -0.315122
vn -0.479633 0.877450 0.005875
vn -0.478539 0.878063 0.002317
vn -0.352778 0.881048 -0.315122
vn -0.479748 0.874721 0.068590
vn -0.478884 0.874955 0.071581
vn -0.355865 0.847708 0.393385
vn -0.355865 0.847708 0.393385
vn 0.484178 0.874107 0.038858
vn 0.484189 0.874102 0.038817
vn -0.347311 0.844333 0.408015
vn -0.347311 0.844333 0.408015
vn -0.347311 0.844333 0.408015
vn -0.347311 0.844333 0.408015
vn 0.485664 0.873512 0.033280
vn 0.485664 0.873512 0.033280
vn 0.007410 0.872031 -0.489395
vn 0.003629 0.870629 -0.491927
vn 0.003618 0.870624 -0.491935
vn 0.007410 0.872031 -0.489395
vn 0.005560 0.833427 0.552602
vn 0.005584 0.833421 0.552611
vn 0.355634 0.873463 -0.332546
vn 0.048176 0.877983 -0.476261
vn 0.044316 0.877403 -0.477703
vn 0.355634 0.873463 -0.332546
vn -0.027634 0.878808 -0.476374
vn -0.024269 0.878248 -0.477590
vn -0.350014 0.877055 -0.329037
vn -0.350014 0.877055 -0.329037
vn 0.011355 0.831962 0.554716
vn 0.011355 0.831962 0.554716
vn 0.362430 0.872640 -0.327327
vn 0.362430 0.872641 -0.327327
vn 0.362430 0.872641 -0.327327
vn 0.362430 0.872640 -0.327327
vn -0.491480 0.870058 0.038037
vn -0.490584 0.870754 0.033395
vn -0.490584 0.870754 0.033395
vn -0.491486 0.870053 0.038068
vn -0.355677 0.849050 0.390651
vn -0.017715 0.838598 0.544463
vn -0.014504 0.837947 0.545560
vn -0.355677 0.849050 0.390651
vn 0.058338 0.836469 0.544900
vn 0.054653 0.835849 0.546233
vn 0.355941 0.841513 0.406402
vn 0.355941 0.841513 0.406402
vn 0.000000 0.869264 -0.494348
vn 0.000000 0.869264 -0.494348
vn 0.355675 0.849049 0.390654
vn 0.355675 0.849050 0.390654
vn 0.355675 0.849050 0.390654
vn 0.355675 0.849049 0.390654
vn 0.000000 0.869264 -0.494349
vn 0.000000 0.869264 -0.494349
vn -0.493596 0.869219 0.028669
vn -0.492965 0.869315 0.035746
vn -0.492968 0.869314 0.035711
vn -0.493596 0.869219 0.028669
vn 0.360714 0.844586 0.395677
vn 0.487694 0.869281 0.080653
vn 0.486874 0.869491 0.083302
vn 0.360714 0.844586 0.395677
vn 0.488003 0.872698 0.015881
vn 0.486906 0.873372 0.012002
vn 0.355676 0.872944 -0.333863
vn 0.355676 0.872944 -0.333863
vn 0.000000 -0.032965 0.999457
vn 0.000000 -0.032965 0.999457
vn 0.000152 -0.032965 0.999457
vn 0.000303 -0.032965 0.999457
vn -1.000000 -0.000000 0.000000
vn -1.000000 0.000000 0.000000
vn -1.000000 -0.000000 0.000000
vn -1.000000 -0.000001 0.000000
vn 0.000000 0.032965 -0.999457
vn 0.000000 0.032965 -0.999457
vn -0.000088 0.032948 -0.999457
vn -0.000177 0.032932 -0.999458
vn 1.000000 0.000000 0.000000
vn 1.000000 0.000000 0.000000
vn 1.000000 0.000000 0.000000
vn 1.000000 0.000000 0.000000
vn 0.000000 -0.032959 0.999457
vn 0.000000 -0.032959 0.999457
vn 0.000000 -0.032959 0.999457
vn 0.000000 -0.032959 0.999457
vn 0.000152 -0.032961 0.999457
vn 0.000151 -0.032961 0.999457
vn 0.000303 -0.032963 0.999457
vn 0.000303 -0.032963 0.999457
vn -1.000000 -0.000003 0.000000
vn -1.000000 -0.000001 0.000000
vn -1.000000 -0.000001 0.000000
vn -1.000000 -0.000003 0.000000
vn -1.000000 -0.000003 0.000000
vn -1.000000 -0.000003 0.000000
vn -1.000000 -0.000001 0.000000
vn -1.000000 -0.000001 0.000000
vn 0.000000 0.032966 -0.999456
vn 0.000000 0.032966 -0.999456
vn 0.000000 0.032966 -0.999456
vn 0.000000 0.032966 -0.999456
vn -0.000098 0.032849 -0.999460
vn -0.000098 0.032850 -0.999460
vn -0.000196 0.032732 -0.999464
vn -0.000196 0.032732 -0.999464
vn 1.000000 -0.000000 0.000000
vn 1.000000 0.000000 0.000000
vn 1.000000 -0.000000 0.000000
vn 1.000000 -0.000000 0.000000
vn 1.000000 0.000000 0.000000
vn 1.000000 0.000000 0.000000
vn 1.000000 0.000000 0.000000
vn 1.000000 0.000000 0.000000
vn 0.000000 0.740323 0.672251
vn 0.000000 0.740323 0.672251
vn 0.000000 0.740323 0.672251
vn 0.000000 0.740323 0.672251
vn 0.000000 0.000000 0.000000
vn 0.000000 0.000000 0.000000
vn 0.000000 0.000000 0.000000
vn 0.000000 0.000000 0.000000
vn 0.000000 0.740323 0.672251
vn 0.000000 0.740323 0.672251
vn 0.000000 0.740323 0.672251
vn 0.000000 0.740323 0.672251
vn 0.000000 0.000000 0.000000
vn 0.000000 0.000000 0.000000
vn 0.000000 0.000000 0.000000
vn 0.000000 0.000000 0.000000
vn 0.009804 0.739516 0.673068
vn 0.009804 0.739516 0.673068
vn 0.009804 0.739516 0.673068
vn 0.009804 0.739516 0.673068
vn 0.000000 0.000000 0.000000
vn 0.000000 0.000000 0.000000
vn 0.000000 0.000000 0.000000
vn 0.000000 0.000000 0.000000
vn -0.000000 0.000000 0.000000
vn -1.000000 0.000000 0.000000
vn -1.000000 0.000000 0.000000
vn -0.000000 0.000000 0.000000
vn 0.000000 0.000000 0.000000
vn 0.000000 0.000000 0.000000
vn 0.000000 0.000000 0.000000
vn 0.000000 0.000000 0.000000
vn 0.000000 0.000000 0.000000
vn 0.000000 0.000000 0.000000
vn 0.000000 0.000000 0.000000
vn 0.000000 0.000000 0.000000
vn 0.000000 0.000000 0.000000
vn 0.000000 0.000000 0.000000
vn 0.000000 0.000000 0.000000
vn 0.000000 0.000000 0.000000
vn 0.000000 0.000000 0.000000
vn 0.000000 0.000000 0.000000
vn 0.000000 0.000000 0.000000
vn 0.000000 0.000000 0.000000
vn 0.000000 0.000000 0.000000
vn 0.000000 0.000000 0.000000
vn 0.000000 0.000000 0.000000
vn 0.000000 0.000000 0.000000
vn 0.000000 0.000000 0.000000
vn 0.000000 0.000000 0.000000
vn 0.000000 0.000000 0.000000
vn 0.000000 0.000000 0.000000
vn 0.000000 0.000000 0.000000
vn 0.000000 0.000000 0.000000
vn 0.000000 0.000000 0.000000
vn 0.000000 0.000000 0.000000
vn 0.000000 0.000000 0.000000
vn 0.000000 0.000000 0.000000
vn 0.000000 0.000000 0.000000
vn 0.000000 0.000000 0.000000
vn 0.000000 0.000000 0.000000
vn 0.000000 0.000000 0.000000
vn 0.000000 0.000000 0.000000
vn 0.000000 0.000000 0.000000
vn 0.000000 0.000000 0.000000
vn 0.000000 0.000000 0.000000
vn 0.000000 0.000000 0.000000
vn 0.000000 0.000000 0.000000
vn 0.000000 0.000000 0.000000
vn 0.000000 0.000000 0.000000
vn 0.000000 0.000000 0.000000
vn 0.000000 0.000000 0.000000
vn 0.000000 0.000000 0.000000
vn 0.000000 0.000000 0.000000
vn 0.000000 0.000000 0.000000
vn 0.000000 0.000000 0.000000
vn 0.000000 0.000000 0.000000
vn 0.000000 0.000000 0.000000
vn 0.000000 0.000000 0.000000
vn 0.000000 0.000000 0.000000
vn 0.000000 0.000000 0.000000
vn 0.000000 0.000000 0.000000
vn 0.000000 0.000000 0.000000
vn 0.000000 0.000000 0.000000
vn 0.000000 0.000000 0.000000
vn 0.000000 0.000000 0.000000
vn 0.000000 0.000000 0.000000
vn 0.000000 0.000000 0.000000
vn 1.000000 0.000000 0.000000
vn 0.000000 0.000000 0.000000
vn 0.000000 0.000000 0.000000
vn 1.000000 0.000000 0.000000
vn 0.000000 0.000000 0.000000
vn 0.000000 0.000000 0.000000
vn 0.000000 0.000000 0.000000
vn 0.000000 0.000000 0.000000
vn 0.000000 0.999456 0.032997
vn -0.000976 0.999389 0.034941
vn -0.000917 0.999393 0.034823
vn 0.000000 0.999456 0.032997
vn 0.000904 -0.999397 -0.034726
vn 0.000000 -0.999458 -0.032931
vn 0.000000 -0.999458 -0.032931
vn 0.000849 -0.999400 -0.034615
vn 0.006345 0.999320 0.036324
vn 0.006344 0.999320 0.036323
vn -0.006345 -0.999322 -0.036257
vn -0.006343 -0.999322 -0.036256
vn 0.008148 0.999210 0.038908
vn 0.008426 0.999206 0.038953
vn -0.008146 -0.999211 -0.038864
vn -0.008424 -0.999207 -0.038906
vn 0.002917 0.999049 0.043506
vn 0.002917 0.999049 0.043506
vn -0.002915 -0.999049 -0.043505
vn -0.002915 -0.999049 -0.043506
vn 0.000793 0.999165 0.040857
vn 0.000793 0.999165 0.040857
vn -0.000803 -0.999165 -0.040862
vn -0.000803 -0.999165 -0.040862
vn -0.000005 0.999458 0.032929
vn -0.000004 0.999458 0.032927
vn -0.000005 -0.999456 -0.032982
vn -0.000005 -0.999456 -0.032983
vn 0.000000 -0.999456 -0.032980
vn 0.000000 -0.999456 -0.032980
vn 0.000000 0.999459 0.032899
vn 0.000000 0.999459 0.032899
vn 0.003927 0.999463 0.032518
vn 0.003926 0.999463 0.032518
vn -0.004099 -0.999451 -0.032873
vn -0.004099 -0.999451 -0.032873
vn 0.006825 0.999373 0.034742
vn 0.006888 0.999378 0.034583
vn -0.006851 -0.999357 -0.035196
vn -0.006934 -0.999362 -0.035049
vn 0.002595 0.999022 0.044147
vn 0.002595 0.999022 0.044147
vn -0.002500 -0.999022 -0.044137
vn -0.002500 -0.999022 -0.044136
vn -0.001270 0.999032 0.043964
vn -0.001270 0.999032 0.043964
vn 0.001175 -0.999046 -0.043651
vn 0.001175 -0.999046 -0.043651
vn 0.000000 -0.846819 -0.531882
vn -0.239253 -0.888152 -0.392357
vn -0.097149 -0.871700 -0.480314
vn 0.000000 -0.846819 -0.531882
vn 0.239377 0.888153 0.392280
vn 0.000000 0.846815 0.531888
vn 0.000000 0.846815 0.531888
vn 0.097251 0.871717 0.480262
vn -0.005539 -0.846119 -0.532965
vn -0.005518 -0.846122 -0.532961
vn 0.005539 0.846115 0.532971
vn 0.005517 0.846118 0.532967
vn 0.232074 -0.888910 -0.394944
vn 0.086771 -0.871187 -0.483222
vn -0.232077 0.888909 0.394944
vn -0.086774 0.871186 0.483224
vn 0.387975 -0.920580 -0.044798
vn 0.387987 -0.920576 -0.044798
vn -0.387979 0.920579 0.044798
vn -0.387990 0.920574 0.044798
vn -0.000792 -0.999165 -0.040847
vn -0.000792 -0.999165 -0.040847
vn 0.000793 0.999165 0.040851
vn 0.000793 0.999165 0.040851
vn 0.000001 -0.999456 -0.032969
vn 0.000002 -0.999456 -0.032969
vn -0.000001 0.999456 0.032974
vn -0.000001 0.999456 0.032973
vn 0.000000 0.999457 0.032962
vn 0.000000 0.999457 0.032962
vn 0.000000 -0.999457 -0.032958
vn 0.000000 -0.999457 -0.032958
vn -0.003932 -0.999463 -0.032540
vn -0.003932 -0.999463 -0.032540
vn 0.004103 0.999452 0.032857
vn 0.004104 0.999452 0.032857
vn -0.006966 -0.999378 -0.034575
vn -0.006908 -0.999373 -0.034733
vn 0.007010 0.999362 0.035028
vn 0.006932 0.999357 0.035174
vn -0.002777 -0.999022 -0.044127
vn -0.002776 -0.999022 -0.044127
vn 0.002672 0.999023 0.044117
vn 0.002672 0.999023 0.044117
vn -0.388532 -0.920327 -0.045184
vn -0.388533 -0.920326 -0.045184
vn 0.388742 0.920252 0.044894
vn 0.388743 0.920252 0.044894
vn 0.713922 0.044684 0.698798
vn 0.044540 0.200341 0.978713
vn 0.229467 0.098665 0.968303
vn 0.680498 0.043398 0.731463
vn 0.362875 -0.917869 0.160741
vn 0.326036 -0.939990 0.100597
vn 0.275778 -0.959260 -0.061378
vn 0.176673 -0.984002 -0.022948
vn 0.000001 0.016485 -0.999864
vn 0.088190 0.014723 -0.995995
vn 0.102762 0.009763 -0.994658
vn 0.000002 0.016485 -0.999864
vn 0.994546 0.101135 0.025483
vn 0.525472 0.850635 0.017288
vn -0.037142 0.892831 -0.448859
vn 0.993604 0.101454 -0.049580
vn -0.995944 0.046398 0.077091
vn -0.999153 0.040284 0.008400
vn -0.997106 0.075977 0.002831
vn -0.988402 0.081684 0.128023
vn 0.970442 0.240547 0.019464
vn 0.960743 0.259103 0.099188
vn 0.979222 0.151917 0.134336
vn 0.987843 0.155293 0.007166
vn -0.308912 -0.946076 0.097541
vn -0.382744 -0.909653 0.161365
vn -0.188162 -0.981905 -0.021402
vn -0.261732 -0.963065 -0.063267
vn -0.091781 0.008480 -0.995743
vn -0.080941 0.013727 -0.996624
vn -0.000003 0.016485 -0.999864
vn -0.000004 0.016485 -0.999864
vn 0.196818 0.866229 -0.459250
vn -0.278212 0.960508 -0.004750
vn -0.988994 0.147942 0.002101
vn -0.977718 0.177504 -0.112069
vn -0.251685 0.095596 0.963076
vn -0.137462 0.184528 0.973167
vn -0.743911 0.022894 0.667886
vn -0.714734 0.032615 0.698635
vn -0.002485 -0.996407 0.084659
vn 0.000224 -0.997179 -0.075055
vn 0.000138 0.013071 -0.999915
vn 0.001115 0.008679 -0.999962
vn -0.003006 0.999914 -0.012761
vn -0.004651 0.889161 -0.457572
vn -0.000515 0.216141 0.976362
vn -0.000394 0.126942 0.991910
vn -0.683678 -0.286681 0.671118
vn -0.327253 -0.227665 0.917101
vn -0.313326 -0.059797 0.947761
vn -0.682827 -0.104570 0.723058
vn 0.344656 -0.230125 0.910085
vn 0.329382 -0.061805 0.942172
vn 0.000081 -0.023795 0.999717
vn 0.000567 -0.230684 0.973029
vn 0.662723 -0.101238 0.741990
vn 0.663591 -0.280166 0.693653
vn 0.982318 -0.187188 -0.003424
vn 0.972648 -0.181609 0.144823
vn 0.916731 -0.371169 0.147775
vn 0.927755 -0.373143 -0.005976
vn 0.000006 0.016180 -0.999869
vn 0.107723 -0.000559 -0.994181
vn 0.085810 0.010958 -0.996251
vn 0.000000 0.016484 -0.999864
vn 0.000100 0.008638 -0.999963
vn 0.000435 -0.005610 -0.999984
vn 0.000000 0.016484 -0.999864
vn -0.080820 0.011589 -0.996661
vn -0.101562 0.001348 -0.994828
vn 0.000004 0.016204 -0.999869
vn -0.972648 -0.181613 0.144822
vn -0.982318 -0.187190 -0.003424
vn -0.927727 -0.373211 -0.005973
vn -0.916705 -0.371237 0.147766
vn 0.977179 -0.178960 -0.114432
vn 0.921467 -0.368753 -0.122151
vn 0.973514 0.223193 -0.049546
vn 0.985696 0.141477 -0.091585
vn 0.991631 0.100530 0.081000
vn 0.076947 0.932878 0.351878
vn -0.005319 0.941201 0.337805
vn -0.005783 0.934875 0.354930
vn -0.988995 0.128391 0.073519
vn -0.998143 0.034948 -0.049887
vn -0.992778 0.079279 -0.090043
vn -0.977179 -0.178961 -0.114431
vn -0.921443 -0.368814 -0.122146
vn 0.000018 -0.982711 -0.185144
vn -0.224584 -0.956759 -0.184864
vn -0.001550 -0.981544 -0.191228
vn 0.238524 -0.953385 -0.184832
vn 0.000028 -0.982711 -0.185145
vn -0.309408 -0.013699 0.950831
vn -0.672875 -0.011368 0.739669
vn 0.000160 -0.016204 0.999869
vn 0.324741 -0.013524 0.945706
vn 0.652397 -0.011590 0.757789
vn 0.999969 0.007864 -0.000011
vn 0.989211 0.001196 0.146494
vn 0.993875 0.005993 -0.110351
vn 0.082523 0.016548 -0.996452
vn 0.000000 0.016484 -0.999864
vn 0.000178 0.016776 -0.999859
vn -0.077829 0.016544 -0.996829
vn 0.000000 0.016484 -0.999864
vn -0.999969 0.007864 -0.000011
vn -0.993875 0.005994 -0.110350
vn -0.989211 0.001194 0.146494
vn -0.003282 -0.349116 0.937074
vn -0.266311 -0.343818 0.900482
vn 0.288743 -0.344827 0.893153
vn 0.609927 -0.338375 0.716583
vn 0.916743 -0.371138 0.147781
vn 0.927749 -0.373117 -0.008123
vn 0.921451 -0.368792 -0.122148
vn 0.000013 0.015812 -0.999875
vn 0.141149 -0.006138 -0.989969
vn -0.002889 -0.008313 -0.999961
vn -0.131024 -0.003342 -0.991374
vn 0.000009 0.015865 -0.999874
vn -0.927709 -0.373217 -0.008131
vn -0.921415 -0.368886 -0.122141
vn -0.916701 -0.371246 0.147766
vn -0.632642 -0.343503 0.694097
vn -0.454142 -0.014917 0.890804
vn -0.454142 -0.014917 0.890804
vn -0.358607 -0.015705 0.933357
vn -0.285867 -0.016175 0.958133
vn -0.001830 0.911796 -0.410640
vn -0.148342 0.948362 -0.280366
vn 0.183668 0.955828 -0.229478
vn 0.090308 0.932603 -0.349423
vn -0.496600 0.013926 -0.867868
vn -0.496600 0.013926 -0.867868
vn -0.322213 0.015247 -0.946545
vn -0.293099 0.015407 -0.955958
vn 0.045127 -0.443421 -0.895177
vn 0.027167 -0.339409 -0.940247
vn 0.771866 -0.319080 -0.549919
vn 0.854220 -0.336268 -0.396525
vn 0.980949 -0.001354 0.194263
vn 0.999342 0.000329 0.036264
vn 1.000000 0.000709 0.000388
vn 1.000000 0.000709 0.000388
vn -0.846125 -0.038628 -0.531583
vn -0.846125 -0.038628 -0.531583
vn -0.967267 -0.031650 -0.251778
vn -0.931516 -0.034682 -0.362042
vn -0.062264 -0.018995 0.997879
vn 0.363543 -0.016956 0.931423
vn 0.270027 -0.017719 0.962690
vn -0.062264 -0.018995 0.997879
vn 0.235182 -0.014601 0.971842
vn 0.230650 -0.014619 0.972927
vn -0.060115 -0.015056 0.998078
vn -0.060115 -0.015056 0.998078
vn -0.260168 -0.016106 0.965429
vn -0.285670 -0.015983 0.958195
vn -0.454180 -0.014848 0.890786
vn -0.454180 -0.014848 0.890786
vn -0.506136 0.839073 -0.199457
vn -0.189559 0.953755 -0.233279
vn -0.098144 0.939447 -0.328339
vn -0.219187 0.952996 -0.209179
vn -0.195611 0.945173 0.261505
vn -0.349294 0.920430 0.175506
vn -0.662426 0.723267 0.195132
vn -0.543311 0.810570 0.218607
vn 0.320124 0.936663 0.142066
vn -0.416367 0.908833 0.025720
vn -0.158799 0.935599 0.315336
vn 0.189473 0.946983 0.259467
vn 0.042731 0.018777 -0.998910
vn 0.311845 0.017840 -0.949966
vn 0.313472 0.017830 -0.949430
vn 0.042731 0.018777 -0.998910
vn 0.344017 0.011635 -0.938891
vn 0.426747 0.011245 -0.904301
vn 0.043876 0.012250 -0.998962
vn 0.043876 0.012250 -0.998962
vn -0.398123 0.014880 -0.917211
vn -0.496438 0.013962 -0.867960
vn -0.496437 0.013962 -0.867960
vn -0.321323 0.015450 -0.946844
vn -0.915047 -0.254443 -0.312965
vn -0.674762 -0.324122 -0.663055
vn -0.828338 -0.357108 -0.431659
vn -0.985117 -0.169311 -0.029624
vn -0.933733 -0.355094 0.045290
vn -0.846576 -0.354997 0.396594
vn -0.985893 -0.166128 0.020426
vn -0.988168 -0.133067 -0.076266
vn 0.777532 -0.362639 0.513749
vn -0.184367 -0.478297 0.858628
vn -0.009353 -0.899379 0.437070
vn 0.935109 -0.308918 0.173612
vn 0.980526 0.002509 -0.196374
vn 0.999232 0.001103 -0.039182
vn 0.898471 0.004638 -0.439009
vn 0.898471 0.004638 -0.439009
vn 0.896738 0.007296 -0.442501
vn 0.896738 0.007296 -0.442501
vn 0.964876 0.004330 -0.262669
vn 0.968272 0.004119 -0.249864
vn 1.000000 -0.000000 0.000000
vn 0.965614 -0.004286 0.259943
vn 0.968239 -0.004122 0.249994
vn 1.000000 -0.000000 0.000000
vn -0.979897 -0.031229 0.197044
vn -0.972502 -0.032595 0.230602
vn -0.933483 -0.037471 0.356660
vn -0.979897 -0.031229 0.197044
vn -0.932693 -0.006063 0.360622
vn -0.925840 -0.006348 0.377862
vn -1.000000 -0.000102 -0.000172
vn -1.000000 -0.000102 -0.000172
vn -0.924858 0.006074 -0.380263
vn -0.805691 0.009531 -0.592260
vn -0.805691 0.009531 -0.592260
vn -0.933260 0.005730 -0.359157
vn 0.209488 0.940477 -0.267614
vn -0.004418 0.910998 -0.412388
vn 0.226481 0.927304 0.298015
vn 0.504248 0.862546 0.041816
vn 0.575555 0.015336 -0.817620
vn 0.575555 0.015336 -0.817619
vn 0.574479 0.010253 -0.818455
vn 0.574479 0.010253 -0.818455
vn 0.266784 -0.248642 -0.931130
vn 0.223335 -0.428547 -0.875482
vn -0.008533 -0.890706 0.454500
vn 0.151968 -0.446073 0.882001
vn 0.536179 -0.014985 0.843972
vn 0.536179 -0.014985 0.843972
vn 0.536911 -0.012607 0.843545
vn 0.536911 -0.012607 0.843545
vn 0.596086 0.781466 -0.184374
vn 0.283669 0.937108 -0.203375
vn 0.728982 0.661026 0.177848
vn 0.609807 0.765397 0.205678
vn -0.004632 0.016195 -0.999858
vn -0.004632 0.016195 -0.999858
vn -0.006428 0.016646 -0.999841
vn -0.006428 0.016646 -0.999841
vn 0.941884 -0.235572 -0.239501
vn 0.986636 -0.158337 -0.038461
vn 0.978601 -0.165832 0.121821
vn 0.986800 -0.134550 0.090124
vn 0.004661 -0.017075 0.999843
vn 0.004661 -0.017075 0.999843
vn 0.003386 -0.016696 0.999855
vn 0.003386 -0.016696 0.999855
vn 0.191034 -0.264005 0.945414
vn -0.678057 -0.323964 0.659762
vn -0.914353 -0.255988 0.313734
vn 0.938654 -0.263978 0.221913
vn 0.745732 -0.334785 0.576024
vn -0.237747 -0.244817 0.939969
vn -0.820797 -0.044640 0.569473
vn -0.820797 -0.044640 0.569472
vn -0.787463 -0.010278 0.616276
vn -0.787463 -0.010278 0.616276
vn -0.416100 0.909302 0.005616
vn 0.304396 0.945484 -0.115773
vn 0.727139 0.666079 -0.166155
vn -0.651422 0.735805 -0.185041
vn -0.312525 0.937451 -0.153343
vn 0.504496 0.863283 -0.015023
vn 0.886432 -0.007631 0.462796
vn 0.886432 -0.007631 0.462796
vn 0.883890 -0.004313 0.467675
vn 0.883890 -0.004313 0.467675
vn -0.924703 -0.374016 -0.070969
vn 0.038278 -0.867522 -0.495925
vn -0.988145 -0.134540 0.073954
vn 0.841086 -0.487057 -0.235266
vn 0.990552 -0.107383 0.085298
vn 0.109815 -0.793760 -0.598236
vn -0.975108 -0.030704 -0.219593
vn -0.975108 -0.030704 -0.219593
vn -1.000000 -0.000110 -0.000125
vn -1.000000 -0.000110 -0.000125
vn 0.001605 0.886970 0.461825
vn 0.091811 0.911820 0.400195
vn 0.284362 0.925993 0.248346
vn -0.103753 0.919272 0.379702
vn -0.239898 0.937347 0.252645
vn -0.004453 0.886763 0.462203
vn 1.000000 -0.000001 0.000000
vn 1.000000 -0.000001 0.000000
vn 1.000000 0.000751 -0.000110
vn 1.000000 0.000751 -0.000110
vn 0.297262 0.070193 0.952212
vn 0.297262 0.070193 0.952212
vn 0.258483 0.023129 0.965739
vn 0.216924 -0.026100 0.975840
vn -0.852001 0.347878 0.391249
vn -0.796140 0.396078 0.457476
vn -0.539446 0.472806 0.696745
vn -0.638820 0.454377 0.620847
vn -0.661647 0.103383 -0.742654
vn -0.661647 0.103383 -0.742654
vn -0.357128 0.097905 -0.928910
vn -0.311173 0.096158 -0.945476
vn 0.373595 -0.321194 -0.870207
vn 0.412947 -0.211203 -0.885928
vn 0.657560 -0.219280 -0.720785
vn 0.893158 -0.242861 -0.378533
vn 0.992859 0.086240 0.082424
vn 0.997616 0.069007 0.000863
vn 0.997705 0.064169 -0.021637
vn 0.997705 0.064169 -0.021637
vn -0.948499 0.080143 -0.306475
vn -0.948499 0.080143 -0.306475
vn -0.967660 0.047797 -0.247688
vn -0.960449 0.060959 -0.271704
vn -0.089505 -0.162154 0.982698
vn -0.281250 -0.010190 0.959580
vn -0.219153 -0.060979 0.973783
vn -0.089505 -0.162154 0.982698
vn 0.066113 -0.132866 0.988927
vn 0.003838 -0.141692 0.989904
vn -0.004356 -0.142811 0.989740
vn -0.004356 -0.142811 0.989740
vn -0.238440 -0.101444 0.965844
vn -0.298805 -0.089327 0.950125
vn -0.530958 -0.036474 0.846613
vn -0.530958 -0.036474 0.846613
vn -0.258447 0.425801 0.867121
vn 0.786848 0.359338 0.501743
vn 0.894105 0.339980 0.291529
vn 0.120342 0.519854 0.845736
vn 0.750467 0.344541 -0.563995
vn 0.035048 0.106832 -0.993659
vn -0.269760 0.165004 -0.948685
vn -0.205216 0.238666 -0.949171
vn 0.175445 0.180507 -0.967800
vn -0.488344 0.033126 -0.872022
vn -0.710237 0.193904 -0.676731
vn -0.532923 0.481817 -0.695590
vn -0.003728 0.210126 -0.977667
vn 0.092261 0.218754 -0.971409
vn 0.183045 0.225085 -0.956991
vn -0.003728 0.210126 -0.977667
vn -0.018245 0.123961 -0.992119
vn -0.038390 0.155988 -0.987013
vn 0.021719 0.060015 -0.997961
vn 0.021719 0.060015 -0.997961
vn 0.037413 0.169815 -0.984766
vn 0.054690 0.196215 -0.979035
vn 0.054690 0.196215 -0.979035
vn 0.018304 0.140482 -0.989914
vn -0.778744 -0.183386 -0.599940
vn -0.511610 -0.185949 -0.838855
vn -0.891429 -0.253502 -0.375621
vn -0.991705 -0.128375 0.006430
vn -0.941286 -0.333080 0.055123
vn -0.909900 -0.235805 0.341289
vn -0.991799 -0.119159 -0.046212
vn -0.990374 -0.117189 -0.073659
vn 0.860644 -0.251282 0.442888
vn 0.308999 -0.384485 0.869880
vn -0.013940 -0.880015 0.474741
vn 0.941263 -0.287305 0.177426
vn 0.992719 0.088861 -0.081326
vn 0.997591 0.069363 0.001176
vn 0.973477 0.115456 -0.197517
vn 0.973477 0.115456 -0.197517
vn 0.520095 0.045187 -0.852912
vn 0.520095 0.045187 -0.852912
vn 0.821166 0.043594 -0.569022
vn 0.917546 0.040138 -0.395599
vn 0.999599 0.028328 0.000610
vn 0.831094 -0.052780 0.553621
vn 0.921895 -0.027134 0.386488
vn 0.999599 0.028328 0.000610
vn -0.975606 0.040360 0.215788
vn -0.972910 0.044199 0.226919
vn -0.962574 0.057330 0.264886
vn -0.975606 0.040360 0.215788
vn -0.813082 0.054560 0.579586
vn -0.775658 0.044213 0.629603
vn -0.875249 0.073634 0.478034
vn -0.875249 0.073634 0.478034
vn -0.981579 0.059526 -0.181549
vn -0.335295 0.062988 -0.940005
vn -0.335295 0.062988 -0.940005
vn -0.943721 0.064510 -0.324391
vn 0.935841 0.149408 0.319186
vn 0.982220 0.187689 0.004196
vn 0.944584 0.173129 -0.278905
vn 0.333540 0.038867 -0.941934
vn 0.744190 0.213617 -0.632889
vn 0.744190 0.213617 -0.632889
vn -0.061252 0.192167 -0.979449
vn -0.061252 0.192167 -0.979449
vn -0.194924 -0.166103 -0.966651
vn -0.155582 -0.343863 -0.926041
vn 0.019271 -0.869533 0.493500
vn -0.299237 -0.337029 0.892675
vn -0.353208 0.050765 0.934167
vn -0.353208 0.050765 0.934167
vn 0.641007 -0.020843 0.767252
vn 0.641007 -0.020843 0.767252
vn 0.319036 0.415257 0.851926
vn -0.139471 0.517887 0.844003
vn 0.636564 0.237732 -0.733669
vn 0.536901 0.297763 -0.789351
vn 0.314142 0.054598 -0.947805
vn 0.314142 0.054598 -0.947805
vn -0.032648 0.061582 -0.997568
vn -0.032648 0.061582 -0.997568
vn 0.864746 -0.205326 -0.458319
vn 0.993234 -0.116103 -0.002417
vn 0.986939 -0.121490 0.105793
vn 0.988846 -0.119992 0.088231
vn 0.100954 -0.157503 0.982345
vn 0.100954 -0.157503 0.982345
vn 0.000851 -0.143874 0.989596
vn 0.000851 -0.143874 0.989596
vn -0.363648 -0.143611 0.920400
vn -0.373857 -0.130071 0.918321
vn -0.390299 -0.107869 0.914347
vn 0.527695 -0.141149 0.837625
vn 0.439966 -0.147376 0.885839
vn 0.391011 -0.150110 0.908062
vn -0.942770 0.077965 0.324200
vn -0.942770 0.077965 0.324200
vn -0.599285 0.002070 0.800533
vn -0.599285 0.002070 0.800533
vn 0.804709 0.335536 0.489755
vn 0.465413 0.361663 0.807831
vn 0.455538 0.361309 0.813598
vn -0.390300 0.373956 0.841322
vn 0.382470 0.169179 0.908347
vn 0.639090 0.050745 0.767457
vn 0.627474 -0.088918 0.773544
vn 0.627474 -0.088918 0.773544
vn 0.971669 0.111860 0.208197
vn 0.971669 0.111860 0.208197
vn -0.939473 -0.335019 -0.071781
vn 0.017839 -0.842371 -0.538602
vn -0.990182 -0.119057 0.073245
vn 0.848183 -0.462048 -0.259033
vn 0.991727 -0.095870 0.085366
vn 0.128001 -0.757590 -0.640057
vn -0.969709 0.043768 -0.240310
vn -0.969709 0.043768 -0.240311
vn -0.997144 0.054071 -0.052726
vn -0.997144 0.054071 -0.052726
vn -0.894257 0.409657 -0.180236
vn -0.748998 0.501908 -0.432539
vn -0.088448 0.512229 -0.854282
vn 0.885978 0.348635 -0.305771
vn 0.077505 0.513282 -0.854713
vn 0.982218 0.187733 0.001904
vn 0.999598 0.028337 0.000316
vn 0.999598 0.028337 0.000316
vn 0.997659 0.063628 0.025045
vn 0.997659 0.063628 0.025045
vn -0.457496 -0.015453 0.889077
vn -0.457496 -0.015453 0.889077
vn -0.370827 -0.016125 0.928562
vn -0.291379 -0.016598 0.956464
vn -0.002262 0.818196 0.574936
vn 0.031735 0.981118 0.190789
vn -0.112786 0.992715 0.042392
vn -0.185873 0.829519 0.526639
vn -0.486913 0.014051 -0.873338
vn -0.486913 0.014051 -0.873338
vn -0.280476 0.015407 -0.959738
vn -0.283260 0.015394 -0.958920
vn 0.064618 -0.389180 -0.918892
vn 0.045608 -0.293599 -0.954840
vn 0.786085 -0.275510 -0.553321
vn 0.869040 -0.290828 -0.400235
vn 0.980322 -0.000936 0.197403
vn 0.999502 0.000678 0.031534
vn 0.999999 0.000973 0.000937
vn 0.999999 0.000973 0.000937
vn -0.842912 -0.031118 -0.537151
vn -0.842912 -0.031118 -0.537151
vn -0.968089 -0.025991 -0.249256
vn -0.930268 -0.028324 -0.365785
vn -0.009417 -0.019435 0.999767
vn 0.385218 -0.017518 0.922659
vn 0.290566 -0.018279 0.956680
vn -0.009417 -0.019435 0.999767
vn 0.259439 -0.014152 0.965656
vn 0.268987 -0.014111 0.963041
vn -0.008013 -0.014728 0.999860
vn -0.008013 -0.014728 0.999859
vn -0.265820 -0.015982 0.963890
vn -0.278046 -0.015928 0.960436
vn -0.457343 -0.014797 0.889167
vn -0.457343 -0.014797 0.889167
vn 0.347051 0.936535 0.049578
vn 0.126577 0.991526 0.029216
vn 0.201404 0.835904 0.510589
vn 0.427505 0.806326 0.408752
vn 0.174946 0.975092 -0.136345
vn 0.254752 0.952954 0.164258
vn 0.587489 0.809082 0.015588
vn 0.534428 0.830133 -0.158954
vn -0.241489 0.946371 0.214627
vn 0.341085 0.857698 0.384728
vn 0.149422 0.959086 -0.240474
vn -0.159865 0.977419 -0.138184
vn -0.000092 0.018954 -0.999820
vn 0.299949 0.018056 -0.953784
vn 0.292340 0.018101 -0.956143
vn -0.000092 0.018954 -0.999820
vn 0.325196 0.013012 -0.945557
vn 0.425808 0.012552 -0.904727
vn -0.002772 0.013451 -0.999906
vn -0.002772 0.013451 -0.999906
vn -0.395271 0.015637 -0.918431
vn -0.486776 0.014880 -0.873400
vn -0.486776 0.014880 -0.873400
vn -0.310019 0.016176 -0.950593
vn -0.925461 -0.221677 -0.307215
vn -0.701315 -0.285249 -0.653293
vn -0.852792 -0.312188 -0.418670
vn -0.989047 -0.145834 -0.022779
vn -0.942835 -0.328440 0.056479
vn -0.861604 -0.307933 0.403505
vn -0.989695 -0.142551 0.013559
vn -0.990211 -0.115875 -0.077820
vn 0.792709 -0.317032 0.520675
vn -0.200973 -0.423999 0.883082
vn -0.018998 -0.869779 0.493076
vn 0.940585 -0.284405 0.185512
vn 0.980236 0.002372 -0.197817
vn 0.999429 0.001288 -0.033767
vn 0.898783 0.003906 -0.438377
vn 0.898783 0.003906 -0.438377
vn 0.895763 0.007184 -0.444475
vn 0.895763 0.007184 -0.444475
vn 0.967955 0.004126 -0.251089
vn 0.967745 0.004139 -0.251897
vn 1.000000 0.000139 0.000145
vn 0.967051 -0.004003 0.254551
vn 0.967395 -0.003981 0.253240
vn 1.000000 0.000139 0.000145
vn -0.979892 -0.027711 0.197597
vn -0.973659 -0.028809 0.226184
vn -0.933297 -0.033625 0.357527
vn -0.979892 -0.027711 0.197597
vn -0.931901 -0.006176 0.362660
vn -0.932821 -0.006137 0.360288
vn -1.000000 -0.000137 -0.000025
vn -1.000000 -0.000137 -0.000025
vn -0.933500 0.005718 -0.358532
vn -0.802077 0.009633 -0.597142
vn -0.802077 0.009633 -0.597142
vn -0.931749 0.005793 -0.363058
vn -0.047428 0.991096 0.124416
vn -0.006632 0.819109 0.573599
vn -0.212921 0.956362 -0.200092
vn -0.428525 0.828802 0.359797
vn 0.573136 0.015483 -0.819314
vn 0.573136 0.015483 -0.819314
vn 0.574269 0.011525 -0.818586
vn 0.574269 0.011525 -0.818585
vn 0.250028 -0.225824 -0.941536
vn 0.211197 -0.380690 -0.900262
vn 0.014488 -0.856956 0.515187
vn 0.179558 -0.385301 0.905153
vn 0.530569 -0.015903 0.847492
vn 0.530569 -0.015903 0.847492
vn 0.530884 -0.012336 0.847355
vn 0.530884 -0.012336 0.847355
vn -0.410643 0.910096 0.055656
vn -0.491685 0.775917 0.395220
vn -0.656528 0.754183 0.013395
vn -0.600820 0.784493 -0.153580
vn 0.004910 0.016011 -0.999860
vn 0.004910 0.016011 -0.999860
vn 0.005276 0.016986 -0.999842
vn 0.005276 0.016986 -0.999842
vn 0.948614 -0.204287 -0.241655
vn 0.990391 -0.134747 -0.031140
vn 0.982204 -0.142773 0.122030
vn 0.988892 -0.116956 0.091731
vn -0.003840 -0.017313 0.999843
vn -0.003840 -0.017313 0.999843
vn -0.003778 -0.016509 0.999857
vn -0.003778 -0.016509 0.999857
vn 0.214476 -0.218781 0.951911
vn -0.675198 -0.281304 0.681891
vn -0.918580 -0.223950 0.325664
vn 0.946134 -0.231322 0.226541
vn 0.753014 -0.295760 0.587789
vn -0.250148 -0.213984 0.944265
vn -0.821054 -0.040467 0.569414
vn -0.821054 -0.040467 0.569414
vn -0.787329 -0.010389 0.616446
vn -0.787329 -0.010389 0.616446
vn 0.076932 0.816060 -0.572824
vn -0.095887 0.891783 -0.442186
vn -0.283270 0.920733 -0.268344
vn 0.228756 0.931724 -0.282065
vn 0.104330 0.905622 -0.411052
vn -0.085830 0.812349 -0.576821
vn 0.884353 -0.007466 0.466760
vn 0.884353 -0.007466 0.466760
vn 0.880046 -0.003702 0.474873
vn 0.880046 -0.003702 0.474873
vn -0.938975 -0.335416 -0.076300
vn 0.027778 -0.833748 -0.551446
vn -0.990312 -0.116867 0.074998
vn 0.848530 -0.456549 -0.267506
vn 0.991903 -0.093271 0.086188
vn 0.137139 -0.745809 -0.651891
vn -0.974784 -0.025395 -0.221700
vn -0.974784 -0.025395 -0.221700
vn -1.000000 -0.000144 -0.000036
vn -1.000000 -0.000144 -0.000036
vn 0.002889 0.822692 -0.568480
vn -0.180253 0.835293 -0.519418
vn -0.485445 0.783671 -0.387561
vn 0.202262 0.840141 -0.503243
vn 0.426952 0.811289 -0.399402
vn -0.002176 0.823097 -0.567897
vn 1.000000 0.000145 0.000168
vn 1.000000 0.000145 0.000168
vn 0.999999 0.001061 0.000079
vn 1.000000 0.001061 0.000079
vn -0.455827 -0.014179 0.889956
vn -0.455827 -0.014179 0.889955
vn -0.358316 -0.014956 0.933481
vn -0.288138 -0.015396 0.957465
vn -0.000465 0.660534 -0.750796
vn -0.182530 0.887471 -0.423175
vn 0.249998 0.936304 -0.246649
vn 0.172355 0.713324 -0.679310
vn -0.492947 0.013612 -0.869953
vn -0.492946 0.013612 -0.869953
vn -0.317379 0.014857 -0.948182
vn -0.288829 0.015003 -0.957263
vn 0.046732 -0.467538 -0.882737
vn 0.028908 -0.364349 -0.930814
vn 0.767218 -0.337735 -0.545262
vn 0.850676 -0.352109 -0.390346
vn 0.980576 -0.000127 0.196138
vn 0.999238 0.001011 0.039027
vn 0.999999 0.001280 0.001194
vn 0.999999 0.001280 0.001194
vn -0.847871 -0.045716 -0.528228
vn -0.847871 -0.045716 -0.528228
vn -0.966134 -0.036274 -0.255479
vn -0.930737 -0.040303 -0.363461
vn -0.004953 -0.019100 0.999805
vn 0.377586 -0.017093 0.925817
vn 0.296317 -0.017775 0.954924
vn -0.004953 -0.019100 0.999805
vn 0.264650 -0.014003 0.964243
vn 0.261417 -0.014016 0.965124
vn -0.003856 -0.014540 0.999887
vn -0.003856 -0.014540 0.999887
vn -0.262435 -0.015594 0.964824
vn -0.287423 -0.015479 0.957679
vn -0.455781 -0.014392 0.889975
vn -0.455781 -0.014392 0.889975
vn -0.694996 0.701046 -0.159734
vn -0.276641 0.933265 -0.229098
vn -0.198675 0.731670 -0.652064
vn -0.474224 0.765836 -0.434290
vn -0.281632 0.924687 0.256198
vn -0.436270 0.881730 -0.179503
vn -0.782915 0.622030 0.011030
vn -0.701511 0.689853 0.178844
vn 0.421346 0.873345 -0.244410
vn -0.432315 0.780975 -0.450756
vn -0.197248 0.869663 0.452526
vn 0.255526 0.927243 0.273727
vn -0.009759 0.018101 -0.999789
vn 0.286644 0.017367 -0.957880
vn 0.286873 0.017366 -0.957811
vn -0.009759 0.018101 -0.999789
vn 0.321404 0.010893 -0.946880
vn 0.408620 0.010569 -0.912643
vn -0.008287 0.011259 -0.999902
vn -0.008287 0.011259 -0.999902
vn -0.391573 0.013307 -0.920051
vn -0.492555 0.012400 -0.870193
vn -0.492555 0.012400 -0.870193
vn -0.317255 0.013845 -0.948239
vn -0.915290 -0.268009 -0.300692
vn -0.689265 -0.344040 -0.637613
vn -0.829475 -0.373701 -0.415113
vn -0.983334 -0.179155 -0.030963
vn -0.926209 -0.374334 0.044837
vn -0.833758 -0.368633 0.411044
vn -0.984478 -0.174413 0.019601
vn -0.986921 -0.140424 -0.079174
vn 0.765946 -0.375161 0.522092
vn -0.187155 -0.487714 0.852707
vn -0.011728 -0.904820 0.425633
vn 0.932243 -0.317019 0.174419
vn 0.980269 0.001862 -0.197661
vn 0.999160 0.001535 -0.040956
vn 0.899465 0.002288 -0.436986
vn 0.899465 0.002288 -0.436986
vn 0.896217 0.007119 -0.443558
vn 0.896217 0.007119 -0.443558
vn 0.963131 0.004364 -0.268999
vn 0.968278 0.004062 -0.249843
vn 1.000000 0.000103 0.000288
vn 0.964928 -0.004122 0.262484
vn 0.968104 -0.003929 0.250519
vn 1.000000 0.000103 0.000288
vn -0.979730 -0.031652 0.197805
vn -0.971875 -0.032967 0.233180
vn -0.933125 -0.037328 0.357609
vn -0.979730 -0.031652 0.197805
vn -0.932869 -0.005865 0.360167
vn -0.922010 -0.006296 0.387115
vn -1.000000 -0.000097 -0.000308
vn -1.000000 -0.000097 -0.000308
vn -0.918871 0.006128 -0.394510
vn -0.804223 0.009292 -0.594255
vn -0.804223 0.009292 -0.594255
vn -0.932964 0.005581 -0.359927
vn 0.255217 0.891335 -0.374681
vn -0.004347 0.660024 -0.751232
vn 0.276527 0.873441 0.400792
vn 0.526049 0.744676 -0.410768
vn 0.574019 0.014871 -0.818707
vn 0.574019 0.014871 -0.818707
vn 0.572497 0.009639 -0.819851
vn 0.572497 0.009639 -0.819851
vn 0.231952 -0.280578 -0.931383
vn 0.188121 -0.454297 -0.870761
vn 0.018716 -0.896291 0.443072
vn 0.184859 -0.451056 0.873142
vn 0.535934 -0.015287 0.844122
vn 0.535934 -0.015287 0.844122
vn 0.536489 -0.012234 0.843819
vn 0.536489 -0.012234 0.843819
vn 0.759424 0.634600 -0.143378
vn 0.547347 0.728723 -0.411552
vn 0.834886 0.550343 0.009384
vn 0.765647 0.622894 0.160584
vn -0.000709 0.015700 -0.999876
vn -0.000709 0.015700 -0.999877
vn -0.003102 0.015102 -0.999881
vn -0.003102 0.015102 -0.999881
vn 0.939339 -0.247394 -0.237570
vn 0.985203 -0.166416 -0.040995
vn 0.977103 -0.172602 0.124416
vn 0.985909 -0.139511 0.092306
vn 0.001804 -0.016289 0.999866
vn 0.001804 -0.016289 0.999866
vn 0.000577 -0.016150 0.999869
vn 0.000577 -0.016150 0.999870
vn 0.224814 -0.256419 0.940058
vn -0.656120 -0.333215 0.677107
vn -0.909015 -0.266380 0.320521
vn 0.935588 -0.273675 0.223108
vn 0.738996 -0.344516 0.578959
vn -0.241795 -0.246719 0.938438
vn -0.819266 -0.043714 0.571745
vn -0.819266 -0.043714 0.571745
vn -0.787859 -0.009945 0.615776
vn -0.787859 -0.009945 0.615776
vn -0.422719 0.756058 0.499685
vn 0.408194 0.863980 0.294815
vn 0.834865 0.550371 0.009662
vn -0.782853 0.622132 0.009644
vn -0.425257 0.876461 0.225771
vn 0.517753 0.722586 0.458041
vn 0.886101 -0.007365 0.463433
vn 0.886101 -0.007365 0.463433
vn 0.881703 -0.002209 0.471800
vn 0.881703 -0.002209 0.471800
vn -0.924790 -0.375103 -0.063733
vn 0.010378 -0.876494 -0.481301
vn -0.987275 -0.140688 0.074129
vn 0.841364 -0.491757 -0.224237
vn 0.990214 -0.111068 0.084506
vn 0.109606 -0.805881 -0.581843
vn -0.974431 -0.034954 -0.221952
vn -0.974431 -0.034954 -0.221952
vn -1.000000 -0.000101 -0.000229
vn -1.000000 -0.000101 -0.000229
vn 0.000457 0.614249 0.789112
vn 0.168036 0.671066 0.722104
vn 0.541563 0.706530 0.455550
vn -0.191625 0.691780 0.696218
vn -0.467204 0.742482 0.480043
vn -0.001679 0.613669 0.789561
vn 1.000000 0.000109 0.000206
vn 1.000000 0.000109 0.000206
vn 0.999999 0.001442 0.000412
vn 0.999999 0.001442 0.000412
vn -0.457446 -0.014659 0.889117
vn -0.457446 -0.014659 0.889117
vn -0.360954 -0.015374 0.932457
vn -0.289945 -0.015777 0.956913
vn -0.035482 0.635934 -0.770927
vn -0.300066 0.835870 -0.459654
vn 0.261105 0.931028 -0.254974
vn 0.081393 0.710471 -0.699004
vn -0.450269 0.038688 -0.892055
vn -0.450269 0.038688 -0.892055
vn -0.332150 0.033231 -0.942641
vn -0.298796 0.031638 -0.953792
vn 0.055595 -0.442496 -0.895045
vn 0.037618 -0.335785 -0.941187
vn 0.769760 -0.320917 -0.551800
vn 0.851574 -0.340673 -0.398451
vn 0.981112 -0.003079 0.193417
vn 0.999318 -0.000550 0.036923
vn 1.000000 0.000046 0.000037
vn 1.000000 0.000046 0.000037
vn -0.841636 -0.034516 -0.538941
vn -0.841636 -0.034516 -0.538941
vn -0.966960 -0.028938 -0.253281
vn -0.930901 -0.031376 -0.363920
vn -0.005586 -0.019193 0.999800
vn 0.378720 -0.017407 0.925348
vn 0.296174 -0.018052 0.954964
vn -0.005586 -0.019193 0.999800
vn 0.264296 -0.014249 0.964336
vn 0.264163 -0.014249 0.964373
vn -0.005155 -0.014760 0.999878
vn -0.005155 -0.014760 0.999878
vn -0.336977 0.005668 0.941496
vn -0.378706 0.008556 0.925478
vn -0.558162 0.021424 0.829455
vn -0.558162 0.021424 0.829455
vn -0.504732 0.861858 -0.049452
vn -0.198675 0.967405 -0.157022
vn -0.080239 0.881170 -0.465941
vn -0.121376 0.987130 -0.104131
vn -0.195279 0.965289 0.173446
vn -0.380069 0.907114 -0.180808
vn -0.716949 0.696836 -0.020081
vn -0.616249 0.785098 0.062116
vn 0.469773 0.848576 -0.243378
vn -0.580570 0.686099 -0.438414
vn -0.426685 0.839295 0.336932
vn 0.088435 0.986562 0.137388
vn -0.007621 0.019010 -0.999790
vn 0.291508 0.018166 -0.956396
vn 0.288954 0.018181 -0.957171
vn -0.007621 0.019010 -0.999790
vn 0.323185 0.012234 -0.946257
vn 0.411610 0.011906 -0.911282
vn -0.008226 0.012494 -0.999888
vn -0.008226 0.012494 -0.999888
vn -0.392273 0.015163 -0.919724
vn -0.493100 0.014341 -0.869854
vn -0.493100 0.014341 -0.869854
vn -0.316631 0.015636 -0.948420
vn -0.916529 -0.256540 -0.306859
vn -0.685150 -0.325127 -0.651814
vn -0.829469 -0.361351 -0.425919
vn -0.984455 -0.173006 -0.030293
vn -0.928456 -0.368307 0.048156
vn -0.839514 -0.365737 0.401811
vn -0.985133 -0.170255 0.022925
vn -0.987992 -0.135611 -0.074037
vn 0.774078 -0.377169 0.508476
vn -0.187503 -0.499056 0.846041
vn -0.012672 -0.906085 0.422905
vn 0.931656 -0.320348 0.171450
vn 0.980648 0.003196 -0.195752
vn 0.999203 0.000690 -0.039904
vn 0.896838 0.007158 -0.442301
vn 0.896838 0.007158 -0.442301
vn 0.903334 0.015675 -0.428651
vn 0.903334 0.015675 -0.428651
vn 0.964102 0.013631 -0.265183
vn 0.968506 0.013407 -0.248630
vn 1.000000 -0.000001 0.000000
vn 0.965204 -0.004311 0.261464
vn 0.968294 -0.004118 0.249780
vn 1.000000 -0.000001 0.000000
vn -0.980088 -0.033094 0.195785
vn -0.972520 -0.034744 0.230213
vn -0.934297 -0.040432 0.354196
vn -0.980088 -0.033094 0.195785
vn -0.923476 0.090901 0.372733
vn -0.921585 0.090926 0.377378
vn -0.980552 0.087924 0.175463
vn -0.980552 0.087924 0.175463
vn -0.924797 0.053808 -0.376638
vn -0.842916 0.051874 -0.535538
vn -0.842916 0.051874 -0.535538
vn -0.934204 0.053946 -0.352636
vn 0.112104 0.945391 -0.306055
vn -0.055666 0.782350 -0.620347
vn 0.256524 0.901707 0.348023
vn 0.476093 0.791352 -0.383533
vn 0.575329 0.015513 -0.817775
vn 0.575329 0.015513 -0.817775
vn 0.574552 0.010946 -0.818395
vn 0.574552 0.010946 -0.818395
vn 0.240823 -0.253777 -0.936804
vn 0.197807 -0.431407 -0.880205
vn 0.016754 -0.897355 0.440991
vn 0.180624 -0.461029 0.868808
vn 0.536166 -0.015699 0.843967
vn 0.536166 -0.015699 0.843967
vn 0.536727 -0.012480 0.843664
vn 0.536727 -0.012480 0.843664
vn 0.793612 0.603731 -0.075419
vn 0.451621 0.826912 -0.335045
vn 0.902963 0.427345 0.045096
vn 0.838906 0.526320 0.138652
vn 0.000000 0.016484 -0.999864
vn 0.000000 0.016484 -0.999864
vn 0.000001 0.016485 -0.999864
vn 0.000001 0.016485 -0.999864
vn 0.940476 -0.240215 -0.240419
vn 0.985811 -0.163327 -0.038741
vn 0.977593 -0.172577 0.120539
vn 0.986257 -0.139631 0.088322
vn 0.000002 -0.016485 0.999864
vn 0.000002 -0.016485 0.999864
vn -0.000003 -0.016485 0.999864
vn -0.000003 -0.016485 0.999864
vn 0.220599 -0.269652 0.937349
vn -0.662140 -0.336799 0.669431
vn -0.910324 -0.264840 0.318072
vn 0.936618 -0.273073 0.219496
vn 0.743534 -0.349319 0.570204
vn -0.242875 -0.260980 0.934292
vn -0.824899 -0.048976 0.563155
vn -0.824899 -0.048976 0.563155
vn -0.820489 0.089869 0.564554
vn -0.820489 0.089869 0.564554
vn -0.606178 0.660373 0.443234
vn 0.526770 0.816455 0.236464
vn 0.865324 0.501049 0.012798
vn -0.650644 0.759060 -0.022121
vn -0.355320 0.926966 0.120340
vn 0.355871 0.868947 0.343929
vn 0.886432 -0.007629 0.462797
vn 0.886432 -0.007629 0.462797
vn 0.886273 -0.007441 0.463103
vn 0.886273 -0.007441 0.463103
vn -0.926393 -0.370755 -0.065857
vn 0.016927 -0.871623 -0.489884
vn -0.987699 -0.137922 0.073673
vn 0.838570 -0.492670 -0.232543
vn 0.989913 -0.111731 0.087119
vn 0.117882 -0.796790 -0.592646
vn -0.975076 -0.028146 -0.220079
vn -0.975076 -0.028146 -0.220079
vn -0.993154 0.053361 -0.103916
vn -0.993154 0.053361 -0.103916
vn -0.153639 0.628236 0.762703
vn -0.003189 0.694370 0.719611
vn 0.496298 0.760731 0.418303
vn -0.069137 0.784882 0.615777
vn -0.260260 0.924345 0.279018
vn 0.021065 0.678667 0.734144
vn 0.999760 0.010020 -0.019511
vn 0.999760 0.010020 -0.019511
vn 1.000000 0.000048 -0.000034
vn 1.000000 0.000048 -0.000034
vn 0.293409 0.063146 0.953899
vn 0.293409 0.063146 0.953899
vn 0.257047 0.022531 0.966136
vn 0.214644 -0.023827 0.976402
vn -0.863317 0.375390 0.337294
vn -0.812655 0.323545 0.484676
vn -0.654230 0.396382 0.644100
vn -0.811480 0.425366 0.400704
vn 0.029942 -0.150154 -0.988209
vn 0.029942 -0.150154 -0.988209
vn 0.018016 -0.097860 -0.995037
vn 0.018098 -0.098219 -0.995000
vn 0.374341 -0.297711 -0.878201
vn 0.411426 -0.195412 -0.890249
vn 0.659850 -0.202846 -0.723499
vn 0.898062 -0.222709 -0.379322
vn 0.993455 0.078610 0.082866
vn 0.998000 0.063196 -0.001388
vn 0.997998 0.059408 -0.021717
vn 0.997998 0.059408 -0.021717
vn -0.948113 0.072814 -0.309483
vn -0.948113 0.072814 -0.309484
vn -0.967157 0.042840 -0.250543
vn -0.959783 0.055347 -0.275232
vn -0.089240 -0.147871 0.984972
vn -0.236241 -0.014306 0.971589
vn -0.186806 -0.060250 0.980548
vn -0.089240 -0.147871 0.984972
vn 0.345116 -0.073846 0.935650
vn 0.334440 -0.075856 0.939359
vn -0.004300 -0.131012 0.991371
vn -0.004300 -0.131012 0.991372
vn -0.316443 -0.079844 0.945245
vn -0.302501 -0.082443 0.949577
vn -0.516036 -0.038984 0.855680
vn -0.516036 -0.038984 0.855680
vn 0.282012 0.409329 0.867709
vn 0.651532 0.447377 0.612666
vn 0.833056 0.511913 0.209672
vn 0.604448 0.561001 0.565616
vn 0.621665 0.470466 -0.626255
vn 0.148857 0.202086 -0.967989
vn 0.003040 0.241392 -0.970423
vn 0.258874 0.403452 -0.877616
vn -0.213066 0.352138 -0.911374
vn -0.434093 0.451709 -0.779437
vn -0.753402 0.443478 -0.485502
vn -0.622172 0.440831 -0.646970
vn -0.005014 -0.018150 -0.999823
vn 0.307030 -0.019384 -0.951503
vn 0.278192 -0.019350 -0.960331
vn -0.005014 -0.018150 -0.999823
vn -0.051233 0.117337 -0.991770
vn -0.089182 0.149188 -0.984779
vn 0.022421 0.054990 -0.998235
vn 0.022421 0.054990 -0.998235
vn 0.037636 0.155703 -0.987087
vn 0.054182 0.178674 -0.982415
vn 0.054182 0.178674 -0.982415
vn 0.017832 0.128098 -0.991601
vn -0.768929 -0.160248 -0.618926
vn -0.518060 -0.161925 -0.839877
vn -0.899938 -0.229006 -0.371037
vn -0.993074 -0.116780 0.012930
vn -0.947286 -0.314334 0.062000
vn -0.914529 -0.218359 0.340523
vn -0.992890 -0.108634 -0.048668
vn -0.991498 -0.106583 -0.074651
vn 0.864899 -0.228714 0.446811
vn 0.307892 -0.349442 0.884925
vn -0.016167 -0.857508 0.514217
vn 0.944083 -0.271737 0.186724
vn 0.993122 0.082549 -0.083036
vn 0.997954 0.063838 0.003587
vn 0.973526 0.107362 -0.201794
vn 0.973526 0.107362 -0.201794
vn 0.420056 -0.103034 -0.901630
vn 0.420056 -0.103034 -0.901630
vn 0.827148 -0.223048 -0.515825
vn 0.835285 -0.225554 -0.501422
vn 0.963067 -0.269186 -0.006319
vn 0.795702 -0.219170 0.564644
vn 0.810326 -0.223387 0.541729
vn 0.963067 -0.269186 -0.006319
vn -0.975045 0.037202 0.218868
vn -0.972586 0.040362 0.229015
vn -0.961707 0.052828 0.268941
vn -0.975045 0.037202 0.218868
vn -0.807993 -0.060004 0.586129
vn -0.764896 -0.052823 0.641985
vn -0.902328 -0.077544 0.424018
vn -0.902328 -0.077544 0.424018
vn -0.913649 -0.096973 -0.394767
vn -0.910367 -0.109742 -0.398985
vn -0.910367 -0.109742 -0.398985
vn -0.914508 -0.093512 -0.393612
vn 0.851983 0.367777 0.372647
vn 0.892722 0.450481 0.010721
vn 0.845267 0.411740 -0.340578
vn 0.353145 0.137252 -0.925446
vn 0.569532 -0.018802 -0.821754
vn 0.569532 -0.018802 -0.821754
vn -0.129708 0.182994 -0.974520
vn -0.129708 0.182994 -0.974520
vn -0.229069 -0.146994 -0.962247
vn -0.183881 -0.312498 -0.931951
vn 0.015863 -0.845962 0.533008
vn -0.271230 -0.311796 0.910614
vn -0.290605 0.037517 0.956108
vn -0.290605 0.037517 0.956107
vn 0.677571 -0.000096 0.735457
vn 0.677571 -0.000096 0.735458
vn -0.329984 0.401920 0.854149
vn -0.671315 0.521265 0.526896
vn -0.002855 0.241074 -0.970502
vn -0.297588 0.394269 -0.869478
vn 0.000261 -0.019899 -0.999802
vn 0.000261 -0.019899 -0.999802
vn -0.033143 0.056486 -0.997853
vn -0.033143 0.056486 -0.997853
vn 0.866100 -0.189770 -0.462448
vn 0.994446 -0.105180 0.003826
vn 0.988062 -0.111089 0.106736
vn 0.989789 -0.109917 0.090755
vn 0.100522 -0.143683 0.984505
vn 0.100522 -0.143683 0.984505
vn 0.000841 -0.131978 0.991252
vn 0.000841 -0.131978 0.991252
vn -0.327100 -0.135747 0.935189
vn -0.361051 -0.126800 0.923885
vn -0.412994 -0.112510 0.903758
vn 0.514769 -0.124852 0.848189
vn 0.431816 -0.130918 0.892410
vn 0.385293 -0.133719 0.913055
vn -0.941455 0.071818 0.329401
vn -0.941455 0.071818 0.329401
vn -0.597180 -0.027514 0.801636
vn -0.597180 -0.027514 0.801636
vn -0.549347 0.129930 0.825431
vn -0.239004 0.202580 0.949652
vn -0.003406 0.239653 0.970853
vn 0.003613 0.239818 0.970811
vn 0.191796 0.168514 0.966859
vn 0.429641 0.063221 0.900784
vn 0.470769 -0.126608 0.873125
vn 0.470769 -0.126608 0.873125
vn 0.972908 0.100650 0.208134
vn 0.972908 0.100650 0.208134
vn -0.943825 -0.320666 -0.079799
vn 0.026109 -0.817848 -0.574841
vn -0.991156 -0.109696 0.074680
vn 0.848548 -0.446981 -0.283152
vn 0.992447 -0.087694 0.085783
vn 0.137131 -0.726789 -0.673033
vn -0.968989 0.039500 -0.243926
vn -0.968989 0.039500 -0.243926
vn -0.917987 -0.078904 -0.388682
vn -0.917987 -0.078904 -0.388682
vn -0.866407 0.405303 -0.291664
vn -0.811320 0.450630 -0.372414
vn -0.660638 0.530279 -0.531376
vn 0.829015 0.518973 -0.208330
vn 0.593433 0.569235 -0.569042
vn 0.892542 0.450940 0.004629
vn 0.963063 -0.269259 -0.003237
vn 0.963062 -0.269259 -0.003237
vn 0.997932 0.059051 0.025374
vn 0.997932 0.059051 0.025374
vn 0.849436 0.127003 0.512180
vn 0.849436 0.127003 0.512180
vn 0.520010 0.171236 0.836820
vn 0.241346 0.180440 0.953516
vn -0.882701 0.368283 0.291902
vn -0.865231 0.317792 0.387793
vn -0.683567 0.677696 0.271044
vn -0.827305 0.512284 0.230502
vn -0.234149 -0.071399 -0.969575
vn -0.234149 -0.071399 -0.969575
vn -0.435905 -0.107630 -0.893534
vn -0.431343 -0.106828 -0.895841
vn 0.428540 -0.391894 -0.814108
vn 0.572383 -0.297033 -0.764296
vn 0.706367 -0.296338 -0.642830
vn 0.877423 -0.293451 -0.379495
vn 0.982738 0.176575 0.055209
vn 0.983922 0.169253 0.057018
vn 0.984095 0.168153 0.057290
vn 0.984095 0.168153 0.057290
vn -0.985115 0.154331 0.075696
vn -0.985115 0.154331 0.075696
vn -0.944763 0.133889 -0.299161
vn -0.977429 0.144417 -0.154199
vn 0.093559 0.199896 0.975340
vn 0.113057 0.262308 0.958338
vn 0.107486 0.244430 0.963691
vn 0.093559 0.199896 0.975340
vn 0.126811 -0.629229 0.766805
vn 0.103606 -0.627103 0.772015
vn -0.002577 -0.612930 0.790133
vn -0.002577 -0.612930 0.790133
vn -0.598168 -0.218341 0.771052
vn -0.624692 -0.242564 0.742242
vn -0.542111 -0.169186 0.823099
vn -0.542111 -0.169186 0.823099
vn 0.000894 0.680924 0.732353
vn 0.786336 0.569935 0.238433
vn 0.918700 0.384965 -0.088269
vn 0.485487 0.866929 -0.112855
vn 0.672685 0.572348 -0.468949
vn 0.542437 0.254573 -0.800596
vn -0.148062 0.409662 -0.900141
vn -0.037915 0.576712 -0.816067
vn -0.125947 0.471014 -0.873088
vn -0.649437 0.330001 -0.685078
vn -0.849897 0.519313 -0.089387
vn -0.585584 0.769881 -0.253721
vn -0.004542 -0.101350 -0.994841
vn -0.004043 -0.101394 -0.994838
vn 0.024301 -0.103836 -0.994298
vn -0.004542 -0.101350 -0.994840
vn 0.307309 0.435440 -0.846140
vn 0.339340 0.431022 -0.836103
vn 0.184113 0.447544 -0.875104
vn 0.184113 0.447544 -0.875104
vn 0.367219 0.311464 -0.876436
vn 0.761365 0.201547 -0.616199
vn 0.761366 0.201547 -0.616199
vn 0.052559 0.344839 -0.937189
vn -0.930296 -0.276615 -0.240904
vn -0.753051 -0.367954 -0.545458
vn -0.848204 -0.353604 -0.394354
vn -0.986384 -0.160442 -0.036116
vn -0.885672 -0.432582 0.168696
vn -0.900575 -0.312316 0.302363
vn -0.992130 -0.125153 0.003883
vn -0.992379 -0.120457 -0.025976
vn 0.916865 -0.282619 0.281932
vn 0.529643 -0.392917 0.751728
vn -0.050577 -0.766002 0.640846
vn 0.829214 -0.481277 0.284213
vn 0.982596 0.185377 -0.011867
vn 0.980310 0.171760 -0.097420
vn 0.967371 0.206848 0.146310
vn 0.967371 0.206848 0.146310
vn 0.412123 -0.808386 -0.420317
vn 0.412123 -0.808386 -0.420317
vn 0.320232 -0.939546 -0.121263
vn 0.346537 -0.917141 -0.196887
vn 0.297869 -0.954507 0.013819
vn 0.167462 -0.924152 0.343364
vn 0.109990 -0.880042 0.461983
vn 0.297869 -0.954507 0.013819
vn -0.964848 0.130820 0.227934
vn -0.966250 0.132802 0.220739
vn -0.971217 0.140518 0.192333
vn -0.964848 0.130820 0.227934
vn -0.804530 -0.026273 0.593331
vn -0.705863 -0.043756 0.706996
vn -0.871687 -0.011481 0.489930
vn -0.871686 -0.011481 0.489930
vn -0.929918 -0.164224 -0.329065
vn -0.609234 -0.053500 -0.791183
vn -0.609234 -0.053500 -0.791183
vn -0.920625 -0.159716 -0.356286
vn 0.948855 0.315661 0.005715
vn 0.945731 0.314257 -0.082680
vn 0.945107 0.256754 -0.202113
vn 0.782352 0.133192 -0.608428
vn 0.700233 -0.133431 -0.701334
vn 0.700233 -0.133431 -0.701334
vn 0.412089 0.418880 -0.809149
vn 0.412089 0.418880 -0.809149
vn 0.000277 -0.380114 -0.924940
vn 0.068063 -0.470272 -0.879893
vn 0.250947 -0.822672 0.510134
vn 0.002980 -0.483814 0.875166
vn 0.121334 0.288942 0.949627
vn 0.121334 0.288942 0.949627
vn 0.374182 -0.628841 0.681577
vn 0.374182 -0.628841 0.681577
vn -0.190612 0.716475 0.671067
vn -0.160602 0.970503 -0.179807
vn 0.251342 0.480165 -0.840398
vn 0.211969 0.597481 -0.773360
vn -0.555441 -0.128351 -0.821591
vn -0.555441 -0.128351 -0.821591
vn -0.766146 0.246138 -0.593663
vn -0.766146 0.246138 -0.593663
vn 0.833999 -0.283157 -0.473570
vn 0.984039 -0.161752 -0.074192
vn 0.991336 -0.130892 0.010923
vn 0.991932 -0.121609 -0.035806
vn -0.580504 0.119637 0.805421
vn -0.580504 0.119637 0.805421
vn -0.694809 -0.310621 0.648656
vn -0.694809 -0.310621 0.648656
vn -0.155701 -0.190844 0.969193
vn -0.447007 -0.203562 0.871061
vn -0.703651 -0.196437 0.682853
vn 0.155674 -0.213412 0.964480
vn 0.565399 -0.207427 0.798310
vn 0.689251 -0.195058 0.697772
vn -0.980745 0.162260 0.108682
vn -0.980745 0.162260 0.108682
vn -0.124905 -0.103439 0.986762
vn -0.124905 -0.103439 0.986762
vn -0.709134 0.098865 0.698108
vn -0.194149 0.412741 0.889917
vn -0.157644 0.427597 0.890118
vn -0.191633 0.433191 0.880694
vn 0.466885 0.440052 0.767055
vn 0.869607 0.290927 0.398931
vn -0.070168 -0.651354 0.755523
vn -0.070168 -0.651354 0.755523
vn 0.975922 0.213197 0.046070
vn 0.975922 0.213197 0.046070
vn -0.801489 -0.464430 -0.376723
vn 0.212207 -0.642405 -0.736399
vn -0.992085 -0.122407 0.027995
vn 0.659565 -0.495969 -0.564791
vn 0.991675 -0.123733 0.035657
vn -0.003092 -0.574752 -0.818322
vn -0.921992 0.127869 -0.365485
vn -0.921992 0.127869 -0.365485
vn -0.961779 -0.182664 -0.203999
vn -0.961779 -0.182664 -0.203999
vn -0.816563 0.532417 0.223063
vn -0.777343 0.587979 0.223647
vn -0.182513 0.968714 0.168173
vn 0.920537 0.379278 0.093594
vn 0.440288 0.896328 0.052370
vn 0.945793 0.310467 0.095319
vn 0.302436 -0.950374 -0.072954
vn 0.302436 -0.950374 -0.072954
vn 0.977470 0.166178 -0.130143
vn 0.977470 0.166178 -0.130143
vn 0.293579 0.062952 0.953860
vn 0.293579 0.062952 0.953860
vn 0.257157 0.022341 0.966112
vn 0.214678 -0.024017 0.976390
vn -0.863316 0.375390 0.337294
vn -0.812655 0.323545 0.484676
vn -0.654230 0.396382 0.644100
vn -0.811480 0.425367 0.400704
vn 0.029942 -0.150154 -0.988209
vn 0.029942 -0.150154 -0.988209
vn 0.018016 -0.097859 -0.995037
vn 0.018098 -0.098219 -0.995000
vn 0.371140 -0.297312 -0.879693
vn 0.408768 -0.194751 -0.891617
vn 0.658582 -0.202295 -0.724808
vn 0.897630 -0.222786 -0.380297
vn 0.993285 0.079530 0.084022
vn 0.998003 0.063145 -0.001523
vn 0.998007 0.059155 -0.021981
vn 0.998007 0.059155 -0.021981
vn -0.948090 0.072901 -0.309533
vn -0.948090 0.072901 -0.309533
vn -0.967276 0.042856 -0.250081
vn -0.959861 0.055378 -0.274956
vn -0.088889 -0.148152 0.984962
vn -0.280522 -0.007913 0.959815
vn -0.217273 -0.055571 0.974528
vn -0.088889 -0.148152 0.984962
vn 0.345116 -0.073846 0.935650
vn 0.334440 -0.075857 0.939359
vn -0.004300 -0.131012 0.991371
vn -0.004300 -0.131012 0.991371
vn -0.316443 -0.079844 0.945245
vn -0.302501 -0.082443 0.949577
vn -0.516036 -0.038984 0.855680
vn -0.516036 -0.038984 0.855680
vn 0.282012 0.409329 0.867709
vn 0.650631 0.451712 0.610438
vn 0.831616 0.513568 0.211337
vn 0.604448 0.561001 0.565616
vn 0.621104 0.468798 -0.628059
vn 0.168364 0.204974 -0.964178
vn 0.003040 0.241392 -0.970423
vn 0.258874 0.403452 -0.877616
vn -0.213066 0.352138 -0.911374
vn -0.434093 0.451709 -0.779438
vn -0.753403 0.443477 -0.485502
vn -0.622172 0.440830 -0.646970
vn -0.005014 -0.018150 -0.999823
vn 0.307030 -0.019384 -0.951503
vn 0.278192 -0.019350 -0.960331
vn -0.005014 -0.018150 -0.999823
vn -0.017898 0.113486 -0.993378
vn -0.038576 0.143472 -0.988902
vn 0.021965 0.055348 -0.998226
vn 0.021965 0.055348 -0.998226
vn 0.037520 0.155917 -0.987057
vn 0.053991 0.178885 -0.982388
vn 0.053991 0.178885 -0.982388
vn 0.017802 0.128310 -0.991574
vn -0.778417 -0.169356 -0.604471
vn -0.513053 -0.171494 -0.841051
vn -0.898398 -0.232813 -0.372398
vn -0.992975 -0.117705 0.012087
vn -0.946303 -0.317229 0.062263
vn -0.914999 -0.215617 0.341009
vn -0.992695 -0.109640 -0.050364
vn -0.991292 -0.108046 -0.075277
vn 0.865665 -0.228917 0.445221
vn 0.310543 -0.349088 0.884138
vn -0.014365 -0.857685 0.513975
vn 0.944573 -0.270779 0.185638
vn 0.993170 0.081924 -0.083082
vn 0.997979 0.063452 0.003430
vn 0.973958 0.106145 -0.200347
vn 0.973958 0.106145 -0.200347
vn 0.499970 -0.116241 -0.858207
vn 0.499970 -0.116241 -0.858207
vn 0.839578 -0.221129 -0.496196
vn 0.850320 -0.224690 -0.475889
vn 0.963084 -0.269137 -0.005938
vn 0.775456 -0.224790 0.590033
vn 0.788534 -0.228188 0.571090
vn 0.963084 -0.269137 -0.005938
vn -0.974998 0.037197 0.219078
vn -0.972539 0.040356 0.229216
vn -0.961666 0.052816 0.269089
vn -0.974998 0.037197 0.219078
vn -0.807993 -0.060005 0.586129
vn -0.764896 -0.052823 0.641985
vn -0.902328 -0.077545 0.424018
vn -0.902328 -0.077545 0.424018
vn -0.913649 -0.096974 -0.394767
vn -0.910367 -0.109743 -0.398985
vn -0.910367 -0.109743 -0.398985
vn -0.914508 -0.093512 -0.393612
vn 0.845155 0.373726 0.382154
vn 0.891840 0.452231 0.010394
vn 0.849473 0.410293 -0.331746
vn 0.393087 0.143630 -0.908214
vn 0.569532 -0.018802 -0.821754
vn 0.569532 -0.018802 -0.821754
vn -0.060599 0.175277 -0.982652
vn -0.060599 0.175277 -0.982652
vn -0.193468 -0.152854 -0.969126
vn -0.156143 -0.315941 -0.935842
vn 0.020818 -0.845893 0.532946
vn -0.298199 -0.306249 0.904040
vn -0.348832 0.045235 0.936093
vn -0.348832 0.045235 0.936093
vn 0.677571 -0.000096 0.735457
vn 0.677571 -0.000096 0.735458
vn -0.329984 0.401919 0.854150
vn -0.671316 0.521264 0.526896
vn -0.002855 0.241074 -0.970502
vn -0.297588 0.394270 -0.869478
vn 0.000261 -0.019899 -0.999802
vn 0.000261 -0.019899 -0.999802
vn -0.032947 0.056699 -0.997848
vn -0.032947 0.056699 -0.997848
vn 0.865820 -0.189249 -0.463185
vn 0.994441 -0.105216 0.004085
vn 0.988086 -0.111246 0.106347
vn 0.989809 -0.110055 0.090370
vn 0.100366 -0.143854 0.984496
vn 0.100366 -0.143854 0.984496
vn 0.000841 -0.131978 0.991252
vn 0.000841 -0.131978 0.991252
vn -0.359246 -0.129096 0.924271
vn -0.367776 -0.116468 0.922592
vn -0.381266 -0.096171 0.919450
vn 0.516635 -0.125973 0.846888
vn 0.433926 -0.131730 0.891266
vn 0.387526 -0.134362 0.912014
vn -0.941472 0.071765 0.329365
vn -0.941472 0.071765 0.329365
vn -0.597180 -0.027514 0.801636
vn -0.597180 -0.027514 0.801636
vn -0.549347 0.129930 0.825431
vn -0.239004 0.202580 0.949652
vn -0.003406 0.239653 0.970853
vn 0.003613 0.239818 0.970811
vn 0.173678 0.169181 0.970162
vn 0.393249 0.065008 0.917131
vn 0.403999 -0.125251 0.906144
vn 0.403999 -0.125251 0.906144
vn 0.971819 0.103121 0.211974
vn 0.971819 0.103121 0.211974
vn -0.944633 -0.318593 -0.078529
vn 0.017869 -0.818173 -0.574695
vn -0.991165 -0.109632 0.074654
vn 0.846983 -0.448862 -0.284856
vn 0.992408 -0.087848 0.086074
vn 0.131733 -0.726881 -0.674011
vn -0.969118 0.039510 -0.243412
vn -0.969118 0.039510 -0.243412
vn -0.917987 -0.078904 -0.388682
vn -0.917987 -0.078904 -0.388682
vn -0.866407 0.405303 -0.291664
vn -0.811321 0.450629 -0.372414
vn -0.660638 0.530279 -0.531376
vn 0.829499 0.519172 -0.205892
vn 0.593433 0.569235 -0.569042
vn 0.891831 0.452349 0.004281
vn 0.963081 -0.269198 -0.002847
vn 0.963081 -0.269198 -0.002847
vn 0.997956 0.058713 0.025251
vn 0.997956 0.058713 0.025251
vn 0.713870 0.044940 0.698835
vn 0.047523 0.200207 0.978600
vn 0.231668 0.098330 0.967813
vn 0.680820 0.043139 0.731179
vn 0.362626 -0.917920 0.161016
vn 0.324594 -0.940561 0.099922
vn 0.271698 -0.960293 -0.063389
vn 0.172334 -0.984714 -0.025289
vn -0.003672 0.016131 -0.999863
vn 0.084053 0.014297 -0.996359
vn 0.098483 0.008853 -0.995099
vn -0.002856 0.015505 -0.999876
vn 0.994521 0.101307 0.025785
vn 0.525677 0.850483 0.018497
vn -0.039599 0.892587 -0.449133
vn 0.993601 0.101577 -0.049382
vn -0.995949 0.046321 0.077065
vn -0.999159 0.040174 0.008151
vn -0.997113 0.075883 0.002613
vn -0.988386 0.081626 0.128182
vn 0.970439 0.240528 0.019883
vn 0.960718 0.258991 0.099721
vn 0.979184 0.151755 0.134794
vn 0.987840 0.155296 0.007462
vn -0.307962 -0.946516 0.096262
vn -0.381668 -0.910178 0.160952
vn -0.190158 -0.981511 -0.021826
vn -0.261297 -0.963060 -0.065113
vn -0.094396 0.007386 -0.995507
vn -0.083806 0.013070 -0.996396
vn -0.003371 0.015720 -0.999871
vn -0.003894 0.015264 -0.999876
vn 0.195348 0.866189 -0.459951
vn -0.278892 0.960311 -0.004707
vn -0.989022 0.147755 0.001811
vn -0.977741 0.177136 -0.112449
vn -0.249002 0.095511 0.963782
vn -0.134478 0.184742 0.973543
vn -0.742330 0.023219 0.669632
vn -0.713058 0.032649 0.700344
vn -0.004801 -0.996487 0.083604
vn -0.002297 -0.997124 -0.075751
vn -0.003377 0.012465 -0.999917
vn -0.002333 0.007674 -0.999968
vn -0.003214 0.999922 -0.012043
vn -0.005462 0.888915 -0.458039
vn 0.001970 0.216053 0.976380
vn 0.002226 0.126693 0.991940
vn -0.683152 -0.277691 0.675419
vn -0.323439 -0.213103 0.921940
vn -0.309892 -0.052818 0.949304
vn -0.680845 -0.099047 0.725700
vn 0.348608 -0.216114 0.912012
vn 0.332025 -0.055417 0.941641
vn 0.003555 -0.016248 0.999862
vn 0.005177 -0.214738 0.976658
vn 0.663634 -0.096061 0.741864
vn 0.666400 -0.270088 0.694956
vn 0.982355 -0.186992 -0.003455
vn 0.972730 -0.180792 0.145294
vn 0.917479 -0.368977 0.148619
vn 0.927495 -0.373776 -0.006705
vn -0.008821 -0.006382 -0.999941
vn 0.097831 -0.025677 -0.994872
vn 0.079508 -0.000848 -0.996834
vn -0.006006 0.006280 -0.999962
vn -0.005455 -0.005833 -0.999968
vn -0.009093 -0.035076 -0.999343
vn -0.004611 0.000128 -0.999989
vn -0.085355 -0.003921 -0.996343
vn -0.109337 -0.029400 -0.993570
vn -0.008354 -0.015582 -0.999844
vn -0.972494 -0.182296 0.144993
vn -0.981932 -0.189191 -0.004049
vn -0.926000 -0.377439 -0.007984
vn -0.916403 -0.371935 0.147883
vn 0.977269 -0.178372 -0.114584
vn 0.920328 -0.371416 -0.122667
vn 0.973518 0.223231 -0.049307
vn 0.985692 0.141577 -0.091477
vn 0.991589 0.100740 0.081263
vn 0.078943 0.932353 0.352825
vn -0.005468 0.940867 0.338732
vn -0.003652 0.934560 0.355787
vn -0.989013 0.128256 0.073504
vn -0.998132 0.034820 -0.050207
vn -0.992752 0.079165 -0.090428
vn -0.976749 -0.180727 -0.115325
vn -0.918501 -0.375463 -0.124027
vn -0.003910 -0.982473 -0.186365
vn -0.225611 -0.956301 -0.185979
vn -0.002463 -0.981371 -0.192105
vn 0.230950 -0.955083 -0.185685
vn -0.003610 -0.982602 -0.185690
vn -0.306742 -0.011211 0.951727
vn -0.670988 -0.009130 0.741412
vn 0.003079 -0.013844 0.999899
vn 0.327121 -0.011418 0.944913
vn 0.653159 -0.009760 0.757158
vn 0.999967 0.008147 -0.000088
vn 0.989147 0.001707 0.146917
vn 0.993868 0.006275 -0.110399
vn 0.077525 0.011988 -0.996918
vn -0.005063 0.012562 -0.999908
vn -0.004080 0.011455 -0.999926
vn -0.081282 0.010248 -0.996638
vn -0.003357 0.009631 -0.999948
vn -0.999973 0.007335 -0.000682
vn -0.993811 0.005273 -0.110964
vn -0.989180 0.001247 0.146704
vn 0.002774 -0.332381 0.943141
vn -0.261795 -0.328023 0.907670
vn 0.294112 -0.328905 0.897396
vn 0.613758 -0.326150 0.718977
vn 0.917584 -0.368624 0.148849
vn 0.927459 -0.373881 -0.005665
vn 0.920127 -0.371893 -0.122730
vn -0.010516 -0.012190 -0.999870
vn 0.128762 -0.036373 -0.991008
vn -0.013333 -0.041896 -0.999033
vn -0.140081 -0.039059 -0.989369
vn -0.010490 -0.021381 -0.999716
vn -0.925855 -0.377811 -0.007177
vn -0.918164 -0.376185 -0.124336
vn -0.916390 -0.371949 0.147930
vn -0.631791 -0.333048 0.699942
vn -0.457437 -0.014652 0.889122
vn -0.457437 -0.014652 0.889122
vn -0.381571 -0.015231 0.924214
vn -0.289939 -0.015770 0.956915
vn 0.000000 0.756849 0.653590
vn 0.041361 0.976752 0.210342
vn -0.127325 0.990722 0.047513
vn -0.219289 0.770473 0.598568
vn -0.493096 0.014343 -0.869857
vn -0.493096 0.014343 -0.869857
vn -0.286825 0.015793 -0.957853
vn -0.289702 0.015779 -0.956987
vn 0.058816 -0.315040 -0.947254
vn 0.038659 -0.231592 -0.972045
vn 0.801299 -0.220037 -0.556331
vn 0.882889 -0.233834 -0.407221
vn 0.981072 -0.002901 0.193623
vn 0.999713 -0.000256 0.023970
vn 1.000000 0.000117 0.000083
vn 1.000000 0.000117 0.000083
vn -0.842731 -0.021074 -0.537922
vn -0.842731 -0.021074 -0.537922
vn -0.970253 -0.018511 -0.241386
vn -0.931161 -0.019781 -0.364072
vn -0.005599 -0.018314 0.999817
vn 0.407378 -0.016464 0.913111
vn 0.296233 -0.017301 0.954959
vn -0.005599 -0.018314 0.999817
vn 0.264723 -0.014593 0.964214
vn 0.276595 -0.014543 0.960877
vn -0.004559 -0.015120 0.999875
vn -0.004559 -0.015120 0.999875
vn -0.264366 -0.015898 0.964292
vn -0.279700 -0.015827 0.959957
vn -0.457438 -0.014659 0.889121
vn -0.457438 -0.014659 0.889121
vn 0.419755 0.905572 0.061191
vn 0.145705 0.988873 0.029997
vn 0.239730 0.777513 0.581380
vn 0.490516 0.740299 0.459730
vn 0.208378 0.963959 -0.165416
vn 0.296156 0.934240 0.198713
vn 0.669653 0.742548 0.013697
vn 0.610912 0.768432 -0.190522
vn -0.283858 0.923896 0.256593
vn 0.399544 0.803593 0.441138
vn 0.183723 0.940556 -0.285657
vn -0.190718 0.967148 -0.168081
vn -0.005303 0.018954 -0.999806
vn 0.297668 0.018067 -0.954498
vn 0.290031 0.018112 -0.956846
vn -0.005303 0.018954 -0.999806
vn 0.323299 0.013316 -0.946203
vn 0.441801 0.012737 -0.897023
vn -0.008219 0.013779 -0.999871
vn -0.008219 0.013779 -0.999871
vn -0.414032 0.014999 -0.910139
vn -0.493102 0.014334 -0.869853
vn -0.493102 0.014334 -0.869853
vn -0.316636 0.015630 -0.948418
vn -0.934123 -0.175667 -0.310732
vn -0.719205 -0.223233 -0.657960
vn -0.878193 -0.246268 -0.410036
vn -0.993329 -0.114496 -0.013697
vn -0.954759 -0.287973 0.074211
vn -0.886193 -0.251402 0.389178
vn -0.993635 -0.112386 0.007707
vn -0.993005 -0.092002 -0.074004
vn 0.824728 -0.257424 0.503545
vn -0.202881 -0.357313 0.911684
vn -0.016762 -0.820529 0.571359
vn 0.949276 -0.247024 0.194563
vn 0.980651 0.003137 -0.195741
vn 0.999660 0.000522 -0.026070
vn 0.897137 0.006921 -0.441698
vn 0.897137 0.006921 -0.441698
vn 0.896741 0.007293 -0.442496
vn 0.896741 0.007293 -0.442496
vn 0.968357 0.004112 -0.249537
vn 0.968098 0.004129 -0.250537
vn 1.000000 -0.000003 0.000000
vn 0.967649 -0.004160 0.252266
vn 0.968054 -0.004135 0.250707
vn 1.000000 -0.000003 0.000000
vn -0.980309 -0.023309 0.196092
vn -0.975555 -0.024135 0.218428
vn -0.934222 -0.029018 0.355509
vn -0.980309 -0.023309 0.196091
vn -0.932674 -0.005945 0.360672
vn -0.933418 -0.005913 0.358742
vn -1.000000 0.000000 0.000000
vn -1.000000 0.000000 0.000000
vn -0.934621 0.005861 -0.355596
vn -0.805030 0.009777 -0.593154
vn -0.805030 0.009777 -0.593154
vn -0.932762 0.005941 -0.360443
vn -0.059155 0.988762 0.137293
vn -0.005392 0.757952 0.652288
vn -0.264103 0.935160 -0.236062
vn -0.493174 0.768260 0.408112
vn 0.573653 0.015472 -0.818953
vn 0.573653 0.015472 -0.818953
vn 0.574553 0.011764 -0.818383
vn 0.574553 0.011764 -0.818383
vn 0.245392 -0.171490 -0.954135
vn 0.210059 -0.302005 -0.929875
vn 0.022349 -0.806513 0.590794
vn 0.192484 -0.330293 0.924044
vn 0.536164 -0.015116 0.843979
vn 0.536164 -0.015116 0.843979
vn 0.536249 -0.012786 0.843963
vn 0.536249 -0.012786 0.843963
vn -0.490420 0.868738 0.069156
vn -0.555196 0.705634 0.440271
vn -0.734358 0.678670 0.011191
vn -0.677273 0.713382 -0.179964
vn -0.000004 0.016485 -0.999864
vn -0.000004 0.016485 -0.999864
vn -0.000006 0.016479 -0.999864
vn -0.000006 0.016479 -0.999864
vn 0.956088 -0.164122 -0.242817
vn 0.994171 -0.106011 -0.019632
vn 0.986483 -0.114395 0.117326
vn 0.991390 -0.095279 0.089820
vn 0.000008 -0.016480 0.999864
vn 0.000008 -0.016480 0.999864
vn -0.000003 -0.016485 0.999864
vn -0.000003 -0.016485 0.999864
vn 0.224836 -0.189504 0.955791
vn -0.694679 -0.236402 0.679364
vn -0.927360 -0.184086 0.325754
vn 0.955567 -0.189435 0.225844
vn 0.773226 -0.245664 0.584611
vn -0.246863 -0.183212 0.951573
vn -0.824683 -0.035729 0.564466
vn -0.824683 -0.035729 0.564466
vn -0.788627 -0.010134 0.614788
vn -0.788627 -0.010134 0.614788
vn 0.085119 0.752193 -0.653422
vn -0.110124 0.844285 -0.524458
vn -0.338784 0.884020 -0.322078
vn 0.272851 0.899873 -0.340266
vn 0.118870 0.863650 -0.489875
vn -0.100256 0.747858 -0.656244
vn 0.886434 -0.007630 0.462791
vn 0.886435 -0.007630 0.462791
vn 0.885801 -0.007124 0.464010
vn 0.885801 -0.007124 0.464010
vn -0.952555 -0.290137 -0.091974
vn 0.021795 -0.771456 -0.635909
vn -0.992735 -0.094221 0.074827
vn 0.842656 -0.423754 -0.332210
vn 0.993243 -0.076155 0.087566
vn 0.145838 -0.667592 -0.730104
vn -0.975386 -0.018261 -0.219749
vn -0.975386 -0.018261 -0.219749
vn -1.000000 -0.000000 0.000000
vn -1.000000 -0.000000 0.000000
vn 0.000000 0.759885 -0.650058
vn -0.215569 0.774373 -0.594875
vn -0.549108 0.712279 -0.437195
vn 0.235725 0.781557 -0.577583
vn 0.484730 0.746386 -0.456011
vn -0.005360 0.760932 -0.648810
vn 1.000000 0.000000 0.000000
vn 1.000000 0.000000 0.000000
vn 1.000000 0.000121 -0.000071
vn 1.000000 0.000121 -0.000071
vn 0.849440 0.126973 0.512182
vn 0.849439 0.126973 0.512182
vn 0.520002 0.171200 0.836832
vn 0.241327 0.180402 0.953528
vn -0.882701 0.368283 0.291902
vn -0.865231 0.317792 0.387793
vn -0.683567 0.677696 0.271044
vn -0.827305 0.512285 0.230502
vn -0.234149 -0.071399 -0.969576
vn -0.234149 -0.071399 -0.969576
vn -0.435905 -0.107631 -0.893534
vn -0.431343 -0.106828 -0.895841
vn 0.431053 -0.388677 -0.814324
vn 0.573873 -0.294514 -0.764154
vn 0.706686 -0.294563 -0.643294
vn 0.877631 -0.291976 -0.380151
vn 0.982726 0.176620 0.055281
vn 0.983910 0.169301 0.057081
vn 0.984083 0.168202 0.057351
vn 0.984083 0.168202 0.057351
vn -0.985122 0.154254 0.075766
vn -0.985122 0.154254 0.075766
vn -0.944242 0.134902 -0.300348
vn -0.977204 0.145021 -0.155052
vn 0.093560 0.199894 0.975340
vn 0.113030 0.262309 0.958341
vn 0.107467 0.244430 0.963693
vn 0.093560 0.199894 0.975341
vn 0.126811 -0.629230 0.766804
vn 0.103606 -0.627104 0.772015
vn -0.002577 -0.612930 0.790133
vn -0.002577 -0.612930 0.790133
vn -0.598168 -0.218341 0.771053
vn -0.624692 -0.242563 0.742242
vn -0.542110 -0.169187 0.823099
vn -0.542110 -0.169187 0.823099
vn 0.000894 0.680924 0.732353
vn 0.786335 0.569936 0.238433
vn 0.918700 0.384966 -0.088269
vn 0.485487 0.866929 -0.112855
vn 0.672684 0.572348 -0.468949
vn 0.542437 0.254573 -0.800596
vn -0.148062 0.409662 -0.900141
vn -0.037915 0.576713 -0.816067
vn -0.125947 0.471013 -0.873089
vn -0.649437 0.329999 -0.685078
vn -0.849897 0.519312 -0.089387
vn -0.585585 0.769880 -0.253721
vn -0.004542 -0.101350 -0.994841
vn -0.004043 -0.101394 -0.994838
vn 0.024301 -0.103837 -0.994297
vn -0.004542 -0.101350 -0.994840
vn 0.307337 0.435440 -0.846130
vn 0.339375 0.431020 -0.836090
vn 0.184106 0.447552 -0.875101
vn 0.184106 0.447552 -0.875101
vn 0.367292 0.311503 -0.876392
vn 0.761373 0.201583 -0.616179
vn 0.761373 0.201583 -0.616179
vn 0.052616 0.344888 -0.937168
vn -0.930302 -0.276382 -0.241144
vn -0.752642 -0.367826 -0.546108
vn -0.847720 -0.353798 -0.395220
vn -0.986398 -0.160331 -0.036228
vn -0.886351 -0.431426 0.168089
vn -0.900666 -0.312346 0.302060
vn -0.992137 -0.125089 0.004020
vn -0.992392 -0.120371 -0.025847
vn 0.916678 -0.283670 0.281482
vn 0.527816 -0.395625 0.751592
vn -0.052606 -0.767419 0.638984
vn 0.827876 -0.483416 0.284481
vn 0.982593 0.185391 -0.011900
vn 0.980310 0.171764 -0.097419
vn 0.967371 0.206889 0.146258
vn 0.967371 0.206889 0.146258
vn 0.412123 -0.808387 -0.420316
vn 0.412123 -0.808387 -0.420316
vn 0.320233 -0.939546 -0.121263
vn 0.346538 -0.917141 -0.196887
vn 0.297869 -0.954507 0.013819
vn 0.167461 -0.924152 0.343364
vn 0.109990 -0.880042 0.461983
vn 0.297869 -0.954507 0.013819
vn -0.965049 0.130305 0.227378
vn -0.966440 0.132310 0.220199
vn -0.971367 0.140111 0.191871
vn -0.965049 0.130305 0.227378
vn -0.804530 -0.026272 0.593331
vn -0.705863 -0.043755 0.706996
vn -0.871687 -0.011481 0.489930
vn -0.871686 -0.011481 0.489930
vn -0.929917 -0.164225 -0.329065
vn -0.609234 -0.053500 -0.791183
vn -0.609234 -0.053500 -0.791183
vn -0.920625 -0.159717 -0.356286
vn 0.948855 0.315662 0.005715
vn 0.945731 0.314257 -0.082680
vn 0.945107 0.256754 -0.202113
vn 0.782352 0.133192 -0.608428
vn 0.700232 -0.133439 -0.701334
vn 0.700232 -0.133439 -0.701334
vn 0.412140 0.418871 -0.809128
vn 0.412140 0.418871 -0.809128
vn 0.002238 -0.379683 -0.925114
vn 0.070674 -0.469874 -0.879900
vn 0.249829 -0.823014 0.510130
vn 0.001124 -0.483703 0.875232
vn 0.121295 0.288945 0.949631
vn 0.121295 0.288945 0.949631
vn 0.374181 -0.628842 0.681576
vn 0.374181 -0.628842 0.681576
vn -0.190612 0.716476 0.671066
vn -0.160602 0.970503 -0.179807
vn 0.251342 0.480164 -0.840399
vn 0.211969 0.597480 -0.773360
vn -0.555441 -0.128351 -0.821591
vn -0.555441 -0.128351 -0.821591
vn -0.766121 0.246176 -0.593680
vn -0.766121 0.246176 -0.593680
vn 0.833620 -0.282455 -0.474654
vn 0.984052 -0.161712 -0.074107
vn 0.991322 -0.131008 0.010885
vn 0.991928 -0.121628 -0.035848
vn -0.580527 0.119611 0.805408
vn -0.580527 0.119611 0.805408
vn -0.694810 -0.310620 0.648656
vn -0.694810 -0.310620 0.648656
vn -0.157298 -0.191173 0.968871
vn -0.448043 -0.203910 0.870447
vn -0.704077 -0.196831 0.682300
vn 0.159773 -0.215724 0.963294
vn 0.565533 -0.209386 0.797703
vn 0.688454 -0.196960 0.698024
vn -0.980794 0.162105 0.108468
vn -0.980794 0.162105 0.108468
vn -0.124905 -0.103439 0.986762
vn -0.124905 -0.103439 0.986762
vn -0.709134 0.098863 0.698109
vn -0.194149 0.412742 0.889916
vn -0.157644 0.427598 0.890117
vn -0.191633 0.433191 0.880694
vn 0.466885 0.440052 0.767055
vn 0.869607 0.290927 0.398931
vn -0.070168 -0.651354 0.755522
vn -0.070168 -0.651354 0.755522
vn 0.975909 0.213232 0.046184
vn 0.975910 0.213232 0.046184
vn -0.799826 -0.465737 -0.378638
vn 0.215714 -0.641533 -0.736141
vn -0.992095 -0.122349 0.027900
vn 0.659772 -0.493327 -0.566860
vn 0.991645 -0.123886 0.035956
vn 0.001778 -0.571171 -0.820829
vn -0.921338 0.129073 -0.366710
vn -0.921338 0.129073 -0.366710
vn -0.961779 -0.182664 -0.203999
vn -0.961779 -0.182664 -0.203999
vn -0.816563 0.532417 0.223063
vn -0.777344 0.587979 0.223647
vn -0.182513 0.968714 0.168173
vn 0.920537 0.379278 0.093594
vn 0.440288 0.896328 0.052370
vn 0.945793 0.310467 0.095319
vn 0.302437 -0.950374 -0.072954
vn 0.302437 -0.950374 -0.072954
vn 0.977471 0.166176 -0.130138
vn 0.977471 0.166176 -0.130138
vn -0.457421 -0.014334 0.889135
vn -0.457421 -0.014334 0.889135
vn -0.370348 -0.014999 0.928772
vn -0.289805 -0.015476 0.956961
vn 0.000001 0.588368 -0.808593
vn -0.217629 0.851696 -0.476710
vn 0.289132 0.912248 -0.290184
vn 0.188474 0.643365 -0.741997
vn -0.493102 0.014341 -0.869853
vn -0.493102 0.014341 -0.869853
vn -0.319684 0.015620 -0.947395
vn -0.288604 0.015783 -0.957318
vn 0.056133 -0.384089 -0.921588
vn 0.037198 -0.287884 -0.956943
vn 0.786643 -0.272445 -0.554046
vn 0.868790 -0.288762 -0.402269
vn 0.981054 -0.002476 0.193719
vn 0.999536 -0.000160 0.030445
vn 1.000000 0.000269 0.000133
vn 1.000000 0.000269 0.000133
vn -0.843356 -0.029251 -0.536558
vn -0.843356 -0.029251 -0.536558
vn -0.968714 -0.024641 -0.246955
vn -0.931263 -0.026743 -0.363364
vn -0.005879 -0.018524 0.999811
vn 0.391479 -0.016655 0.920036
vn 0.296086 -0.017396 0.955003
vn -0.005879 -0.018524 0.999811
vn 0.264170 -0.014609 0.964365
vn 0.260515 -0.014624 0.965359
vn -0.005386 -0.015138 0.999871
vn -0.005386 -0.015138 0.999871
vn -0.263877 -0.015901 0.964425
vn -0.291006 -0.015771 0.956591
vn -0.457441 -0.014659 0.889119
vn -0.457441 -0.014659 0.889119
vn -0.756738 0.629484 -0.176345
vn -0.321063 0.908305 -0.268143
vn -0.216954 0.663393 -0.716129
vn -0.525099 0.700717 -0.482976
vn -0.327049 0.898690 0.292225
vn -0.489873 0.844583 -0.216109
vn -0.836798 0.547423 0.009892
vn -0.763349 0.616933 0.191553
vn 0.471556 0.832805 -0.289949
vn -0.480982 0.717893 -0.503275
vn -0.235278 0.831200 0.503737
vn 0.295887 0.901661 0.315371
vn -0.007932 0.018468 -0.999798
vn 0.288733 0.017668 -0.957247
vn 0.288854 0.017667 -0.957210
vn -0.007932 0.018468 -0.999798
vn 0.323333 0.012508 -0.946202
vn 0.425243 0.012068 -0.904999
vn -0.007904 0.012903 -0.999885
vn -0.007904 0.012903 -0.999886
vn -0.402400 0.014720 -0.915346
vn -0.493116 0.013954 -0.869852
vn -0.493116 0.013954 -0.869852
vn -0.316782 0.015281 -0.948375
vn -0.926260 -0.217037 -0.308119
vn -0.703717 -0.276507 -0.654467
vn -0.855030 -0.305606 -0.418962
vn -0.989377 -0.143600 -0.022616
vn -0.942740 -0.328335 0.058623
vn -0.863085 -0.308722 0.399718
vn -0.989891 -0.140977 0.015561
vn -0.990684 -0.113915 -0.074625
vn 0.799248 -0.316486 0.510920
vn -0.195379 -0.427568 0.882617
vn -0.014158 -0.871134 0.490842
vn 0.941980 -0.282205 0.181752
vn 0.980621 0.002972 -0.195891
vn 0.999453 0.000732 -0.033053
vn 0.897466 0.006329 -0.441038
vn 0.897466 0.006329 -0.441038
vn 0.896738 0.007295 -0.442501
vn 0.896738 0.007295 -0.442501
vn 0.962728 0.004458 -0.270434
vn 0.968354 0.004114 -0.249548
vn 1.000000 0.000000 0.000000
vn 0.964774 -0.004337 0.263043
vn 0.968325 -0.004116 0.249659
vn 1.000000 0.000000 0.000000
vn -0.980180 -0.027758 0.196156
vn -0.974048 -0.028895 0.224491
vn -0.934157 -0.033915 0.355247
vn -0.980180 -0.027758 0.196156
vn -0.933216 -0.005923 0.359267
vn -0.921036 -0.006420 0.389426
vn -1.000000 -0.000001 0.000000
vn -1.000000 -0.000001 0.000000
vn -0.917797 0.006545 -0.396997
vn -0.805028 0.009779 -0.593157
vn -0.805028 0.009779 -0.593157
vn -0.933273 0.005921 -0.359119
vn 0.302473 0.853358 -0.424606
vn -0.003263 0.587737 -0.809045
vn 0.324486 0.832379 0.449281
vn 0.579967 0.676473 -0.453896
vn 0.575554 0.015075 -0.817625
vn 0.575554 0.015075 -0.817625
vn 0.574538 0.011084 -0.818403
vn 0.574538 0.011084 -0.818403
vn 0.242469 -0.215740 -0.945867
vn 0.203335 -0.371135 -0.906043
vn 0.019621 -0.860085 0.509773
vn 0.187695 -0.394650 0.899456
vn 0.536174 -0.015103 0.843973
vn 0.536174 -0.015103 0.843973
vn 0.536910 -0.012789 0.843543
vn 0.536910 -0.012789 0.843543
vn 0.813688 0.560027 -0.155827
vn 0.600513 0.659080 -0.452767
vn 0.878994 0.476767 0.007862
vn 0.819267 0.547916 0.169086
vn 0.000001 0.016485 -0.999864
vn 0.000001 0.016485 -0.999864
vn -0.000428 0.016213 -0.999869
vn -0.000428 0.016213 -0.999869
vn 0.949087 -0.202497 -0.241306
vn 0.990519 -0.133989 -0.030327
vn 0.982535 -0.142452 0.119719
vn 0.989110 -0.116765 0.089602
vn 0.000382 -0.016242 0.999868
vn 0.000382 -0.016242 0.999868
vn 0.000000 -0.016485 0.999864
vn 0.000000 -0.016485 0.999864
vn 0.223645 -0.226511 0.947985
vn -0.678154 -0.285305 0.677280
vn -0.919666 -0.223835 0.322666
vn 0.947049 -0.230492 0.223544
vn 0.758673 -0.296015 0.580336
vn -0.244755 -0.218646 0.944611
vn -0.823835 -0.041082 0.565339
vn -0.823835 -0.041082 0.565339
vn -0.788628 -0.010135 0.614787
vn -0.788628 -0.010135 0.614787
vn -0.470090 0.689505 0.550998
vn 0.458335 0.820950 0.340545
vn 0.878994 0.476768 0.007859
vn -0.836820 0.547417 0.008148
vn -0.478607 0.837616 0.263316
vn 0.569166 0.652762 0.499952
vn 0.886433 -0.007631 0.462795
vn 0.886433 -0.007631 0.462795
vn 0.885309 -0.006342 0.464960
vn 0.885309 -0.006342 0.464960
vn -0.940880 -0.330234 -0.075437
vn 0.018149 -0.831859 -0.554690
vn -0.990480 -0.115830 0.074388
vn 0.845502 -0.459316 -0.272314
vn 0.991857 -0.093293 0.086697
vn 0.129389 -0.743854 -0.655698
vn -0.975296 -0.024104 -0.219582
vn -0.975296 -0.024104 -0.219582
vn -1.000000 0.000000 0.000000
vn -1.000000 0.000000 0.000000
vn 0.000000 0.539122 0.842228
vn 0.182312 0.597627 0.780772
vn 0.592830 0.635117 0.495155
vn -0.210324 0.619209 0.756534
vn -0.517433 0.674073 0.527151
vn -0.003197 0.538515 0.842610
vn 1.000000 0.000000 0.000000
vn 1.000000 0.000000 0.000000
vn 1.000000 0.000277 -0.000092
vn 1.000000 0.000277 -0.000092
vn 0.293494 0.062636 0.953907
vn 0.293494 0.062636 0.953907
vn 0.257029 0.022053 0.966152
vn 0.214488 -0.024287 0.976425
vn -0.863317 0.375390 0.337294
vn -0.812655 0.323545 0.484676
vn -0.654230 0.396382 0.644100
vn -0.811480 0.425366 0.400704
vn 0.029942 -0.150155 -0.988209
vn 0.029942 -0.150155 -0.988209
vn 0.018016 -0.097860 -0.995037
vn 0.018098 -0.098220 -0.995000
vn 0.374099 -0.294198 -0.879487
vn 0.411265 -0.191724 -0.891124
vn 0.658909 -0.200052 -0.725133
vn 0.897646 -0.221486 -0.381019
vn 0.993294 0.079469 0.083969
vn 0.998006 0.063109 -0.001549
vn 0.998008 0.059125 -0.022004
vn 0.998008 0.059125 -0.022004
vn -0.947611 0.073856 -0.310772
vn -0.947611 0.073856 -0.310772
vn -0.967084 0.043779 -0.250663
vn -0.959576 0.056290 -0.275763
vn -0.088780 -0.148240 0.984958
vn -0.280576 -0.008019 0.959798
vn -0.217274 -0.055672 0.974522
vn -0.088780 -0.148240 0.984958
vn 0.345116 -0.073846 0.935650
vn 0.334440 -0.075857 0.939359
vn -0.004300 -0.131012 0.991371
vn -0.004300 -0.131012 0.991371
vn -0.316443 -0.079844 0.945245
vn -0.302501 -0.082442 0.949577
vn -0.516036 -0.038984 0.855680
vn -0.516036 -0.038984 0.855680
vn 0.282012 0.409330 0.867709
vn 0.650631 0.451712 0.610438
vn 0.831616 0.513568 0.211337
vn 0.604447 0.561002 0.565615
vn 0.621104 0.468798 -0.628059
vn 0.168364 0.204974 -0.964178
vn 0.003040 0.241393 -0.970423
vn 0.258874 0.403453 -0.877616
vn -0.213065 0.352139 -0.911373
vn -0.434092 0.451710 -0.779437
vn -0.753403 0.443477 -0.485502
vn -0.622173 0.440830 -0.646970
vn -0.005014 -0.018150 -0.999823
vn 0.307030 -0.019384 -0.951503
vn 0.278192 -0.019349 -0.960331
vn -0.005014 -0.018150 -0.999823
vn -0.017905 0.113614 -0.993364
vn -0.038516 0.143605 -0.988885
vn 0.021831 0.055461 -0.998222
vn 0.021831 0.055461 -0.998222
vn 0.037721 0.156250 -0.986997
vn 0.054140 0.179233 -0.982316
vn 0.054140 0.179233 -0.982316
vn 0.018057 0.128613 -0.991530
vn -0.777667 -0.168412 -0.605699
vn -0.511207 -0.170448 -0.842387
vn -0.898064 -0.232558 -0.373360
vn -0.992991 -0.117574 0.012064
vn -0.946609 -0.316366 0.062001
vn -0.915228 -0.215790 0.340283
vn -0.992729 -0.109495 -0.050002
vn -0.991335 -0.107867 -0.074968
vn 0.865663 -0.230131 0.444597
vn 0.308249 -0.352499 0.883587
vn -0.015680 -0.858367 0.512797
vn 0.944149 -0.272221 0.185682
vn 0.993174 0.081904 -0.083047
vn 0.997982 0.063404 0.003460
vn 0.973944 0.106182 -0.200396
vn 0.973944 0.106182 -0.200396
vn 0.499970 -0.116240 -0.858207
vn 0.499970 -0.116240 -0.858207
vn 0.839578 -0.221129 -0.496196
vn 0.850320 -0.224689 -0.475890
vn 0.963084 -0.269137 -0.005938
vn 0.775456 -0.224789 0.590033
vn 0.788534 -0.228188 0.571090
vn 0.963084 -0.269137 -0.005938
vn -0.975122 0.036762 0.218600
vn -0.972674 0.039910 0.228719
vn -0.961860 0.052319 0.268493
vn -0.975122 0.036762 0.218600
vn -0.807993 -0.060004 0.586129
vn -0.764896 -0.052823 0.641985
vn -0.902328 -0.077544 0.424018
vn -0.902328 -0.077544 0.424018
vn -0.913649 -0.096973 -0.394768
vn -0.910367 -0.109742 -0.398985
vn -0.910367 -0.109743 -0.398985
vn -0.914508 -0.093511 -0.393612
vn 0.845155 0.373725 0.382154
vn 0.891841 0.452231 0.010394
vn 0.849473 0.410293 -0.331746
vn 0.393087 0.143629 -0.908214
vn 0.569532 -0.018802 -0.821754
vn 0.569532 -0.018802 -0.821754
vn -0.060465 0.175414 -0.982636
vn -0.060465 0.175414 -0.982636
vn -0.190715 -0.151753 -0.969845
vn -0.152975 -0.315216 -0.936610
vn 0.019478 -0.846160 0.532573
vn -0.300274 -0.306427 0.903293
vn -0.348941 0.045121 0.936058
vn -0.348941 0.045121 0.936058
vn 0.677571 -0.000096 0.735457
vn 0.677571 -0.000096 0.735458
vn -0.329984 0.401920 0.854149
vn -0.671315 0.521265 0.526896
vn -0.002855 0.241075 -0.970502
vn -0.297589 0.394269 -0.869479
vn 0.000261 -0.019899 -0.999802
vn 0.000261 -0.019899 -0.999802
vn -0.032554 0.056926 -0.997848
vn -0.032554 0.056926 -0.997848
vn 0.865273 -0.188355 -0.464570
vn 0.994432 -0.105278 0.004554
vn 0.988083 -0.111574 0.106038
vn 0.989812 -0.110328 0.090002
vn 0.100047 -0.144039 0.984502
vn 0.100047 -0.144039 0.984502
vn 0.000841 -0.131978 0.991252
vn 0.000841 -0.131978 0.991252
vn -0.361113 -0.129901 0.923430
vn -0.369764 -0.117468 0.921670
vn -0.383454 -0.097477 0.918402
vn 0.522193 -0.128889 0.843032
vn 0.434974 -0.134616 0.890324
vn 0.385777 -0.137171 0.912338
vn -0.941834 0.071141 0.328464
vn -0.941834 0.071141 0.328464
vn -0.597180 -0.027514 0.801636
vn -0.597180 -0.027514 0.801636
vn -0.549347 0.129930 0.825431
vn -0.239004 0.202580 0.949652
vn -0.003406 0.239653 0.970853
vn 0.003613 0.239818 0.970811
vn 0.173678 0.169181 0.970162
vn 0.393249 0.065009 0.917131
vn 0.404000 -0.125251 0.906144
vn 0.404000 -0.125251 0.906144
vn 0.971865 0.103012 0.211817
vn 0.971865 0.103012 0.211817
vn -0.944326 -0.319331 -0.079222
vn 0.021536 -0.817745 -0.575178
vn -0.991173 -0.109596 0.074605
vn 0.846784 -0.448393 -0.286183
vn 0.992339 -0.088111 0.086603
vn 0.136331 -0.724603 -0.675548
vn -0.968940 0.040451 -0.243964
vn -0.968940 0.040451 -0.243964
vn -0.917987 -0.078903 -0.388682
vn -0.917988 -0.078903 -0.388682
vn -0.866408 0.405302 -0.291664
vn -0.811321 0.450628 -0.372414
vn -0.660639 0.530278 -0.531377
vn 0.829499 0.519172 -0.205892
vn 0.593433 0.569236 -0.569042
vn 0.891831 0.452349 0.004281
vn 0.963081 -0.269198 -0.002847
vn 0.963081 -0.269198 -0.002847
vn 0.997958 0.058661 0.025266
vn 0.997958 0.058661 0.025266
vn -0.457372 -0.014037 0.889165
vn -0.457372 -0.014037 0.889165
vn -0.362301 -0.014796 0.931944
vn -0.289965 -0.015250 0.956916
vn 0.000758 0.911366 -0.411595
vn -0.145735 0.948276 -0.282017
vn 0.184235 0.955601 -0.229965
vn 0.092049 0.931976 -0.350638
vn -0.491315 0.013567 -0.870876
vn -0.491315 0.013567 -0.870876
vn -0.315763 0.014801 -0.948723
vn -0.286592 0.014948 -0.957936
vn 0.057097 -0.452210 -0.890082
vn 0.038688 -0.351421 -0.935418
vn 0.773369 -0.324158 -0.544814
vn 0.856996 -0.337326 -0.389575
vn 0.980316 0.000940 0.197431
vn 0.999283 0.001568 0.037830
vn 0.999997 0.001704 0.001667
vn 0.999997 0.001704 0.001667
vn -0.847453 -0.043387 -0.529095
vn -0.847453 -0.043387 -0.529095
vn -0.966498 -0.034411 -0.254358
vn -0.930582 -0.038278 -0.364076
vn -0.007364 -0.018709 0.999798
vn 0.378599 -0.016601 0.925412
vn 0.294198 -0.017322 0.955587
vn -0.007364 -0.018709 0.999798
vn 0.262738 -0.013976 0.964766
vn 0.259308 -0.013990 0.965693
vn -0.005867 -0.014516 0.999877
vn -0.005867 -0.014516 0.999878
vn -0.264270 -0.015548 0.964323
vn -0.289767 -0.015432 0.956973
vn -0.457193 -0.014357 0.889252
vn -0.457193 -0.014357 0.889251
vn -0.522942 0.829001 -0.198216
vn -0.192393 0.953126 -0.233530
vn -0.102577 0.938177 -0.330609
vn -0.233334 0.949612 -0.209269
vn -0.197640 0.944688 0.261732
vn -0.339432 0.924232 0.174875
vn -0.661224 0.724313 0.195327
vn -0.535325 0.815515 0.219917
vn 0.317391 0.937719 0.141229
vn -0.415730 0.909147 0.024911
vn -0.160597 0.935635 0.314319
vn 0.189289 0.946995 0.259557
vn -0.007313 0.017939 -0.999812
vn 0.288805 0.017196 -0.957234
vn 0.289021 0.017195 -0.957168
vn -0.007313 0.017939 -0.999812
vn 0.323729 0.010185 -0.946095
vn 0.413881 0.009813 -0.910278
vn -0.004933 0.010719 -0.999930
vn -0.004933 0.010719 -0.999930
vn -0.391825 0.013050 -0.919947
vn -0.490609 0.012179 -0.871295
vn -0.490609 0.012179 -0.871295
vn -0.315099 0.013596 -0.948961
vn -0.917942 -0.259743 -0.299860
vn -0.693067 -0.336495 -0.637518
vn -0.834903 -0.362542 -0.414126
vn -0.984628 -0.172180 -0.029355
vn -0.931067 -0.361963 0.045787
vn -0.840546 -0.352514 0.411360
vn -0.985802 -0.167044 0.017072
vn -0.987529 -0.135290 -0.080513
vn 0.769944 -0.360579 0.526468
vn -0.193889 -0.470753 0.860697
vn -0.015372 -0.896896 0.441974
vn 0.933851 -0.309845 0.178655
vn 0.980124 0.001198 -0.198382
vn 0.999228 0.001816 -0.039242
vn 0.900988 0.000182 -0.433844
vn 0.900988 0.000182 -0.433844
vn 0.896398 0.007100 -0.443193
vn 0.896398 0.007100 -0.443193
vn 0.964722 0.004259 -0.263237
vn 0.968207 0.004051 -0.250117
vn 1.000000 0.000090 0.000285
vn 0.965379 -0.004099 0.260821
vn 0.967962 -0.003942 0.251067
vn 1.000000 0.000090 0.000285
vn -0.979836 -0.030433 0.197474
vn -0.972401 -0.031639 0.231160
vn -0.933371 -0.035892 0.357113
vn -0.979836 -0.030433 0.197474
vn -0.932798 -0.005906 0.360352
vn -0.925907 -0.006185 0.377700
vn -1.000000 -0.000096 -0.000264
vn -1.000000 -0.000096 -0.000264
vn -0.924283 0.005953 -0.381662
vn -0.803766 0.009345 -0.594872
vn -0.803766 0.009345 -0.594872
vn -0.932683 0.005619 -0.360653
vn 0.209596 0.940347 -0.267986
vn -0.004178 0.910616 -0.413234
vn 0.226127 0.927085 0.298965
vn 0.504256 0.862526 0.042130
vn 0.575286 0.014714 -0.817820
vn 0.575286 0.014714 -0.817820
vn 0.573825 0.008855 -0.818930
vn 0.573825 0.008855 -0.818930
vn 0.240813 -0.276414 -0.930379
vn 0.198203 -0.443520 -0.874074
vn 0.016362 -0.886378 0.462673
vn 0.181847 -0.428988 0.884817
vn 0.534440 -0.014810 0.845077
vn 0.534440 -0.014810 0.845077
vn 0.535103 -0.012203 0.844699
vn 0.535103 -0.012203 0.844699
vn 0.597100 0.780543 -0.184997
vn 0.284793 0.936559 -0.204330
vn 0.728481 0.661601 0.177764
vn 0.608556 0.766400 0.205648
vn 0.001824 0.015632 -0.999876
vn 0.001824 0.015632 -0.999876
vn -0.001080 0.014825 -0.999890
vn -0.001080 0.014825 -0.999890
vn 0.941835 -0.237603 -0.237680
vn 0.986565 -0.158628 -0.039063
vn 0.978404 -0.164785 0.124788
vn 0.986662 -0.133509 0.093136
vn -0.000090 -0.016148 0.999870
vn -0.000090 -0.016148 0.999870
vn -0.001515 -0.016096 0.999869
vn -0.001515 -0.016096 0.999869
vn 0.219972 -0.241743 0.945078
vn -0.661173 -0.317290 0.679837
vn -0.911643 -0.255086 0.322240
vn 0.938382 -0.262745 0.224508
vn 0.741535 -0.331547 0.583269
vn -0.247465 -0.235728 0.939784
vn -0.819610 -0.042045 0.571378
vn -0.819610 -0.042045 0.571378
vn -0.788305 -0.010003 0.615203
vn -0.788305 -0.010003 0.615203
vn -0.415793 0.909445 0.005034
vn 0.306302 0.944756 -0.116680
vn 0.727379 0.665683 -0.166690
vn -0.659627 0.728731 -0.183965
vn -0.328644 0.931850 -0.153781
vn 0.504462 0.863312 -0.014476
vn 0.885762 -0.007372 0.464081
vn 0.885762 -0.007372 0.464081
vn 0.879713 -0.000270 0.475505
vn 0.879713 -0.000270 0.475505
vn -0.927752 -0.367064 -0.067379
vn 0.019198 -0.867027 -0.497892
vn -0.988055 -0.134980 0.074348
vn 0.845883 -0.480684 -0.231138
vn 0.990768 -0.106199 0.084268
vn 0.122717 -0.793545 -0.596009
vn -0.974405 -0.033220 -0.222332
vn -0.974405 -0.033220 -0.222332
vn -1.000000 -0.000101 -0.000226
vn -1.000000 -0.000101 -0.000226
vn -0.000655 0.887014 0.461742
vn 0.090265 0.912133 0.399832
vn 0.283326 0.926389 0.248052
vn -0.102124 0.919667 0.379188
vn -0.232777 0.938990 0.253206
vn -0.004653 0.886268 0.463149
vn 1.000000 0.000092 0.000247
vn 1.000000 0.000092 0.000247
vn 0.999998 0.001964 0.000743
vn 0.999998 0.001964 0.000743
vn -0.406760 -0.015161 0.913409
vn -0.406760 -0.015161 0.913409
vn -0.311588 -0.015807 0.950086
vn -0.254531 -0.016108 0.966931
vn -0.028017 0.631801 -0.774624
vn -0.253088 0.838172 -0.483128
vn 0.228733 0.937619 -0.261822
vn 0.075848 0.709076 -0.701041
vn -0.395147 0.039012 -0.917789
vn -0.395147 0.039012 -0.917789
vn -0.280901 0.032679 -0.959180
vn -0.258237 0.031393 -0.965571
vn 0.054415 -0.457073 -0.887763
vn 0.037895 -0.346073 -0.937442
vn 0.713747 -0.353989 -0.604364
vn 0.815007 -0.377579 -0.439543
vn 0.974105 -0.000536 0.226096
vn 0.998976 0.000868 0.045245
vn 0.999999 0.001205 0.001125
vn 0.999999 0.001205 0.001125
vn -0.804799 -0.043395 -0.591958
vn -0.804799 -0.043395 -0.591958
vn -0.955319 -0.036667 -0.293295
vn -0.909963 -0.039764 -0.412778
vn -0.007793 -0.019289 0.999784
vn 0.320778 -0.017675 0.946989
vn 0.254992 -0.018176 0.966772
vn -0.007793 -0.019289 0.999784
vn 0.227038 -0.014264 0.973781
vn 0.224210 -0.014274 0.974436
vn -0.006671 -0.014682 0.999870
vn -0.006671 -0.014682 0.999870
vn -0.296492 0.005554 0.955019
vn -0.328130 0.008012 0.944599
vn -0.502342 0.021929 0.864391
vn -0.502342 0.021929 0.864391
vn -0.451046 0.891007 -0.051611
vn -0.172753 0.972190 -0.158125
vn -0.068864 0.881222 -0.467659
vn -0.105310 0.988873 -0.105069
vn -0.170980 0.969192 0.177293
vn -0.330174 0.924934 -0.188366
vn -0.666525 0.745169 -0.021632
vn -0.561216 0.824941 0.067149
vn 0.429127 0.868385 -0.248510
vn -0.524620 0.715044 -0.462045
vn -0.371336 0.852119 0.368787
vn 0.063658 0.987320 0.145418
vn -0.003652 0.018398 -0.999824
vn 0.252448 0.017803 -0.967447
vn 0.253931 0.017796 -0.967059
vn -0.003652 0.018398 -0.999824
vn 0.284564 0.011657 -0.958586
vn 0.355443 0.011421 -0.934628
vn -0.002974 0.011946 -0.999924
vn -0.002974 0.011946 -0.999924
vn -0.334047 0.015024 -0.942437
vn -0.435015 0.014285 -0.900310
vn -0.435015 0.014285 -0.900310
vn -0.272673 0.015376 -0.961984
vn -0.892310 -0.294236 -0.342357
vn -0.620116 -0.358632 -0.697739
vn -0.789040 -0.403304 -0.463424
vn -0.979007 -0.200795 -0.035033
vn -0.908701 -0.414222 0.051791
vn -0.799497 -0.397443 0.450382
vn -0.980333 -0.196002 0.023048
vn -0.983367 -0.157775 -0.089985
vn 0.712384 -0.407712 0.571209
vn -0.166343 -0.495402 0.852588
vn -0.013901 -0.902642 0.430167
vn 0.915811 -0.351206 0.194797
vn 0.973791 0.002116 -0.227434
vn 0.998857 0.001514 -0.047768
vn 0.871416 0.002908 -0.490537
vn 0.871416 0.002908 -0.490537
vn 0.875608 0.017370 -0.482711
vn 0.875608 0.017370 -0.482711
vn 0.951700 0.015490 -0.306637
vn 0.958259 0.015236 -0.285496
vn 1.000000 0.000093 0.000275
vn 0.952821 -0.004825 0.303494
vn 0.957598 -0.004575 0.288072
vn 1.000000 0.000093 0.000275
vn -0.973306 -0.036645 0.226566
vn -0.962796 -0.038270 0.267507
vn -0.914201 -0.043274 0.402943
vn -0.973306 -0.036645 0.226566
vn -0.901554 0.101695 0.420545
vn -0.896210 0.101618 0.431835
vn -0.974128 0.100275 0.202531
vn -0.974128 0.100275 0.202531
vn -0.900276 0.060282 -0.431125
vn -0.802054 0.056791 -0.594546
vn -0.802054 0.056791 -0.594546
vn -0.914188 0.060670 -0.400723
vn 0.093850 0.942628 -0.320381
vn -0.046750 0.779130 -0.625117
vn 0.218017 0.903674 0.368567
vn 0.426323 0.812249 -0.398122
vn 0.519307 0.015726 -0.854443
vn 0.519307 0.015726 -0.854443
vn 0.518390 0.010586 -0.855079
vn 0.518390 0.010586 -0.855079
vn 0.213988 -0.271535 -0.938338
vn 0.175804 -0.447143 -0.877016
vn 0.012177 -0.892544 0.450796
vn 0.152716 -0.447552 0.881122
vn 0.477338 -0.016073 0.878573
vn 0.477337 -0.016073 0.878573
vn 0.477921 -0.012824 0.878309
vn 0.477921 -0.012824 0.878309
vn 0.749692 0.656590 -0.082779
vn 0.403358 0.846869 -0.346578
vn 0.877095 0.477570 0.051299
vn 0.800091 0.579376 0.155491
vn 0.003993 0.015878 -0.999866
vn 0.003993 0.015878 -0.999866
vn 0.002810 0.016149 -0.999866
vn 0.002810 0.016149 -0.999866
vn 0.922727 -0.273412 -0.271701
vn 0.981288 -0.187123 -0.045377
vn 0.970426 -0.195479 0.141639
vn 0.981763 -0.158567 0.104867
vn -0.002314 -0.016743 0.999857
vn -0.002314 -0.016743 0.999857
vn -0.003057 -0.016388 0.999861
vn -0.003057 -0.016388 0.999861
vn 0.186941 -0.255232 0.948636
vn -0.593862 -0.346869 0.725954
vn -0.884896 -0.293861 0.361394
vn 0.917833 -0.306079 0.252780
vn 0.682298 -0.369607 0.630762
vn -0.216186 -0.249813 0.943852
vn -0.779556 -0.049975 0.624336
vn -0.779556 -0.049975 0.624335
vn -0.777931 0.097585 0.620725
vn -0.777931 0.097585 0.620725
vn -0.551806 0.689851 0.468633
vn 0.466890 0.847857 0.251301
vn 0.832171 0.554318 0.014897
vn -0.597416 0.801594 -0.023264
vn -0.307711 0.942963 0.127019
vn 0.313111 0.881474 0.353503
vn 0.854246 -0.008341 0.519802
vn 0.854246 -0.008341 0.519802
vn 0.849175 -0.002982 0.528103
vn 0.849175 -0.002982 0.528103
vn -0.903816 -0.421288 -0.075055
vn 0.020266 -0.871749 -0.489534
vn -0.983648 -0.158480 0.085560
vn 0.805286 -0.536969 -0.251352
vn 0.986993 -0.126667 0.098993
vn 0.107160 -0.799480 -0.591058
vn -0.966425 -0.035562 -0.254477
vn -0.966425 -0.035562 -0.254477
vn -0.990806 0.061157 -0.120682
vn -0.990806 0.061157 -0.120682
vn -0.135436 0.625841 0.768102
vn -0.000161 0.692474 0.721443
vn 0.442978 0.783405 0.435945
vn -0.062736 0.783724 0.617933
vn -0.228493 0.931026 0.284571
vn 0.016582 0.674620 0.737979
vn 0.999680 0.011613 -0.022481
vn 0.999680 0.011613 -0.022481
vn 0.999999 0.001345 0.000345
vn 0.999999 0.001345 0.000345
vn -0.000351 -0.013235 0.999912
vn -0.000014 -0.013026 0.999915
vn -0.000005 -0.015070 0.999887
vn -0.000121 -0.015151 0.999885
vn 0.000000 0.999864 0.016484
vn 0.000000 0.999864 0.016483
vn -0.000036 0.999749 0.022390
vn -0.000751 0.999751 0.022307
vn -0.856430 0.310167 -0.412704
vn -0.028046 0.673529 -0.738629
vn -0.053370 0.021347 -0.998347
vn -0.933457 -0.007950 -0.358601
vn 0.000749 -0.999762 -0.021785
vn 0.000035 -0.999762 -0.021831
vn 0.000015 -0.999869 -0.016204
vn 0.000349 -0.999869 -0.016206
vn 1.000000 0.000266 0.000019
vn 1.000000 0.000289 -0.000872
vn 1.000000 0.000143 -0.000877
vn 1.000000 0.000113 0.000007
vn -0.999965 -0.008308 0.000080
vn -1.000000 -0.000250 -0.000017
vn -1.000000 -0.000107 -0.000006
vn -1.000000 -0.000135 0.000860
vn 0.000000 0.999864 0.016483
vn 0.000000 0.999864 0.016485
vn 0.000845 0.999749 0.022396
vn -0.000002 0.999749 0.022391
vn 0.052254 0.022241 -0.998386
vn 0.027806 0.673288 -0.738857
vn 0.833503 0.331166 -0.442269
vn 0.920870 0.008733 -0.389773
vn -0.000001 -0.999869 -0.016204
vn 0.000001 -0.999762 -0.021832
vn -0.000836 -0.999761 -0.021836
vn -0.000387 -0.999869 -0.016207
vn 0.000001 -0.015069 0.999886
vn 0.000001 -0.013021 0.999915
vn 0.000386 -0.013034 0.999915
vn 0.000133 -0.015080 0.999886
vn 0.000000 -0.016475 0.999864
vn 0.000000 -0.016477 0.999864
vn 0.000000 -0.016475 0.999864
vn 0.000000 -0.016474 0.999864
vn -1.000000 0.000001 -0.000000
vn -1.000000 -0.000035 0.000864
vn -0.566968 0.712214 -0.413881
vn -0.010257 0.933757 -0.357761
vn 0.010048 0.933671 -0.357992
vn 0.530682 0.732709 -0.426044
vn 1.000000 0.000040 -0.000881
vn 1.000000 0.000002 0.000000
vn 0.000929 0.999737 0.022905
vn -0.000003 0.999738 0.022901
vn -0.000040 0.999738 0.022899
vn -0.000826 0.999740 0.022799
vn -1.000000 -0.000138 0.000884
vn -1.000000 -0.000039 0.000891
vn -0.999956 -0.009419 0.000109
vn 0.000967 -0.999738 -0.022872
vn 0.000044 -0.999730 -0.023228
vn 0.000003 -0.999730 -0.023230
vn -0.001058 -0.999736 -0.022972
vn 1.000000 0.000289 -0.000899
vn 1.000000 0.000146 -0.000905
vn 1.000000 0.000044 -0.000912
vn 0.001926 0.999604 0.028090
vn -0.000006 0.999606 0.028069
vn -0.000083 0.999606 0.028061
vn -0.001718 0.999616 0.027672
vn -1.000000 -0.000168 0.000730
vn -1.000000 -0.000066 0.000736
vn -0.999858 -0.016853 0.000276
vn 0.002159 -0.999610 -0.027830
vn 0.000060 -0.999602 -0.028227
vn 0.000042 -0.999602 -0.028228
vn -0.002264 -0.999600 -0.028205
vn 1.000000 0.000286 -0.000776
vn 1.000000 0.000179 -0.000774
vn 1.000000 0.000077 -0.000780
vn 0.052583 0.020370 -0.998409
vn 0.920937 0.008066 -0.389629
vn -0.050870 0.017974 -0.998544
vn -0.932637 -0.036655 -0.358949
vn -0.998895 -0.047006 -0.000543
vn -0.999661 -0.026006 -0.001282
vn -0.999741 -0.022725 -0.001302
vn -1.000000 -0.000398 -0.000029
vn -0.000641 -0.011133 0.999938
vn -0.000026 -0.010775 0.999942
vn 0.000002 -0.010767 0.999942
vn 0.000706 -0.010773 0.999942
vn 1.000000 0.000427 0.000033
vn 1.000000 0.000445 -0.000866
vn 1.000000 0.000445 -0.000896
vn 1.000000 0.000437 -0.000782
vn -0.001359 -0.008402 0.999964
vn -0.000015 -0.008243 0.999966
vn -0.000014 -0.008400 0.999965
vn -0.001314 -0.008555 0.999963
vn -0.000261 0.999867 0.016297
vn -0.000002 0.999868 0.016280
vn -0.000018 0.999744 0.022639
vn -0.001191 0.999744 0.022608
vn -0.004787 0.017057 -0.999843
vn -0.000077 0.016969 -0.999856
vn -0.000077 0.016816 -0.999859
vn -0.004758 0.016908 -0.999846
vn 0.001176 -0.999757 -0.021994
vn 0.000018 -0.999758 -0.022012
vn 0.000008 -0.999873 -0.015931
vn 0.000704 -0.999873 -0.015937
vn 1.000000 0.000594 0.000061
vn 0.999999 0.000597 -0.000885
vn 1.000000 0.000590 -0.000886
vn 1.000000 0.000585 0.000060
vn -1.000000 -0.000578 0.000874
vn -1.000000 -0.000575 -0.000053
vn -1.000000 -0.000568 -0.000051
vn -1.000000 -0.000570 0.000874
vn -0.000006 -0.008243 0.999966
vn -0.000006 -0.008399 0.999965
vn -0.000011 0.999744 0.022639
vn -0.000001 0.999867 0.016280
vn -0.000048 0.016968 -0.999856
vn -0.000048 0.016815 -0.999859
vn 0.000010 -0.999758 -0.022012
vn 0.000004 -0.999873 -0.015931
vn -0.000018 0.999741 0.022775
vn -0.001212 0.999741 0.022743
vn -0.999999 -0.000578 0.000884
vn -1.000000 -0.000570 0.000884
vn 0.001187 -0.999754 -0.022128
vn 0.000018 -0.999755 -0.022148
vn 0.000011 -0.999755 -0.022148
vn 0.999999 0.000597 -0.000896
vn 1.000000 0.000589 -0.000896
vn -0.000011 0.999741 0.022775
vn -1.000000 -0.000463 -0.000031
vn -1.000000 -0.000457 0.000877
vn -1.000000 -0.000457 0.000886
vn -0.005197 0.019127 -0.999804
vn -0.000082 0.019085 -0.999818
vn -0.000050 0.019085 -0.999818
vn 0.999999 0.000479 -0.000888
vn 1.000000 0.000479 -0.000898
vn 1.000000 0.000456 0.000039
vn -0.000002 -0.010567 0.999944
vn -0.000006 -0.010568 0.999944
vn -0.000691 -0.010671 0.999943
vn -1.000000 -0.000568 0.000737
vn -1.000000 -0.000559 0.000735
vn 0.001663 -0.999610 -0.027881
vn 0.000027 -0.999608 -0.027996
vn 0.000017 -0.999608 -0.027996
vn 1.000000 0.000587 -0.000755
vn 1.000000 0.000577 -0.000754
vn 1.000000 0.000446 -0.000741
vn -0.000034 0.999599 0.028321
vn -0.000021 0.999599 0.028322
vn -0.002156 0.999600 0.028215
vn -1.000000 -0.000447 0.000712
vn 0.005070 0.016926 -0.999844
vn 0.005454 0.019070 -0.999803
vn 0.005042 0.016771 -0.999847
vn -0.001249 -0.999754 -0.022161
vn -0.001757 -0.999604 -0.028075
vn -0.001238 -0.999757 -0.022025
vn -0.000735 -0.999873 -0.015933
vn 0.001407 -0.008161 0.999966
vn 0.001361 -0.008320 0.999965
vn 0.000734 -0.010513 0.999945
vn 0.001256 0.999743 0.022659
vn 0.000278 0.999867 0.016300
vn 0.001278 0.999739 0.022796
vn 0.002262 0.999594 0.028406
vn -0.037504 -0.344277 0.938119
vn -0.067888 -0.283980 0.956424
vn -0.694887 -0.139380 0.705482
vn -0.345797 -0.227723 0.910256
vn -0.008491 0.406669 0.913536
vn -0.040119 0.940339 0.337865
vn -0.883990 0.395489 0.249299
vn -0.426924 0.221006 0.876865
vn -0.054666 0.031122 -0.998020
vn -0.044583 -0.386776 -0.921095
vn -0.928968 -0.071384 -0.363213
vn -0.945255 0.011371 -0.326134
vn -0.004352 -0.999480 -0.031957
vn -0.004600 -0.999504 -0.031149
vn -0.000095 -0.999484 -0.032109
vn -0.000027 -0.999497 -0.031717
vn -0.862078 -0.062740 0.502878
vn -0.868908 -0.072144 0.489688
vn -0.974930 -0.032126 0.220181
vn -0.967447 -0.031100 0.251157
vn 0.971535 -0.078316 0.223575
vn 0.956217 -0.163031 0.243045
vn 0.869720 -0.196394 0.452788
vn 0.841799 -0.138471 0.521728
vn -0.021279 0.388872 0.921046
vn -0.003302 0.429670 0.902980
vn -0.228165 0.396279 0.889328
vn -0.722361 0.199479 0.662120
vn 0.993064 0.070567 0.094046
vn 0.694986 0.706150 0.135448
vn 0.612948 0.665013 0.426676
vn 0.918753 0.064113 0.389593
vn -0.004811 0.584181 -0.811609
vn -0.046033 0.237921 -0.970193
vn -0.895201 -0.158387 -0.416569
vn -0.451030 0.363280 -0.815230
vn -0.889114 0.042847 0.455676
vn -0.800611 0.087792 0.592717
vn -0.955864 0.055647 0.288491
vn -0.971145 0.021775 0.237492
vn -0.091526 0.155257 0.983625
vn -0.061686 0.292376 0.954312
vn -0.591521 -0.032188 0.805647
vn -0.541866 -0.018936 0.840252
vn 0.799798 -0.408096 0.440207
vn 0.802496 -0.548926 0.233838
vn 0.655502 -0.543525 0.524307
vn 0.684150 -0.217984 0.696004
vn -0.045503 0.074095 -0.996213
vn -0.057420 0.033831 -0.997777
vn -0.943095 0.013302 -0.332259
vn -0.931934 -0.088861 -0.351571
vn -0.932462 -0.014881 0.360961
vn -0.924587 0.012236 0.380774
vn -0.976499 0.008982 0.215334
vn -0.978296 -0.008115 0.207055
vn -0.176663 0.028455 0.983860
vn -0.550828 -0.016330 0.834459
vn 0.867088 -0.012966 0.497986
vn 0.686386 -0.007349 0.727201
vn -0.057709 0.034266 -0.997745
vn -0.943844 0.013123 -0.330132
vn -0.930224 -0.004949 0.366958
vn -0.978832 -0.002495 0.204652
vn -0.136639 -0.148886 0.979369
vn -0.551244 -0.030496 0.833786
vn 0.882189 0.046937 0.468551
vn 0.701833 0.037638 0.711346
vn -0.055642 0.033555 -0.997887
vn -0.944183 0.012267 -0.329192
vn -0.912336 0.008765 0.409349
vn -0.978953 0.004775 0.204028
vn -0.122129 -0.198193 0.972525
vn -0.643912 -0.011055 0.765020
vn 0.945926 -0.060259 0.318736
vn 0.795784 -0.015155 0.605391
vn -0.054852 0.032191 -0.997975
vn -0.944362 0.011534 -0.328705
vn -0.880159 -0.033455 0.473499
vn -0.967836 -0.018616 0.250892
vn -0.046580 0.998452 0.030386
vn -0.916576 0.399628 0.013641
vn 0.984734 0.078076 -0.155572
vn 0.711819 0.694307 -0.106075
vn 0.915265 -0.401472 0.033333
vn 0.838533 -0.541036 -0.064365
vn 0.995834 -0.028024 0.086769
vn 0.998358 0.035908 0.044631
vn 0.996077 -0.077635 0.042456
vn 0.990101 -0.126816 0.060152
vn 0.997151 -0.053472 0.053210
vn -0.004308 -0.999478 -0.032026
vn -0.000003 -0.999506 -0.031418
vn -1.000000 0.000025 -0.000245
vn -1.000000 -0.000029 -0.000244
vn -1.000000 0.000186 -0.000245
vn -1.000000 0.000519 -0.000202
vn -1.000000 0.000887 -0.000020
vn -0.999999 0.001045 0.000210
vn -0.999999 0.001046 0.000378
vn -0.999999 0.000943 0.000503
vn -0.999999 0.000999 0.000461
vn 0.512109 0.034520 -0.858226
vn 0.382695 0.398945 -0.833299
vn 0.618042 0.623298 -0.479086
vn 0.863302 0.041227 -0.503002
vn 0.681438 -0.184463 -0.708248
vn 0.549357 -0.279564 -0.787434
vn 0.798488 -0.462406 -0.385484
vn 0.895020 -0.339025 -0.289829
vn 0.762462 -0.030564 -0.646311
vn 0.985226 -0.040378 -0.166432
vn 0.695375 0.019764 -0.718376
vn 0.966634 0.024551 -0.254981
vn 0.697337 -0.014560 -0.716595
vn 0.966688 -0.049335 -0.251160
vn 0.725703 -0.076862 -0.683701
vn 0.961289 -0.121117 -0.247496
vn 0.710284 -0.060500 -0.701311
vn 0.949944 -0.074897 -0.303308
vn -0.004130 -0.999420 -0.033803
vn -0.004001 -0.999478 -0.032044
vn -0.000010 -0.999530 -0.030664
vn -0.000016 -0.999536 -0.030457
vn -0.953459 0.009927 -0.301359
vn -0.894444 0.014709 -0.446939
vn -0.894409 0.014347 -0.447020
vn -0.948402 0.010159 -0.316908
vn -0.958076 0.009974 -0.286340
vn -0.894497 0.015447 -0.446808
vn -0.955123 0.011146 -0.295999
vn -0.894635 0.016544 -0.446492
vn -0.949820 0.012360 -0.312551
vn -0.894925 0.017246 -0.445884
vn -0.948949 0.012421 -0.315184
vn -0.895238 0.017101 -0.445259
vn -0.964473 -0.029389 -0.262541
vn -0.923529 -0.039027 -0.381537
vn -0.999912 -0.006863 -0.011357
vn -0.999791 -0.010636 -0.017444
vn -0.973527 -0.108524 -0.201167
vn -0.988060 -0.072945 -0.135704
vn -0.037192 0.956078 -0.290744
vn -0.069190 0.802084 -0.593190
vn -0.800293 0.584282 -0.134710
vn -0.869545 0.490577 -0.056789
vn -0.011958 -0.346040 0.938143
vn -0.012994 -0.287159 0.957795
vn -0.004647 -0.999492 -0.031542
vn -0.004618 -0.999491 -0.031575
vn -0.004689 -0.999495 -0.031420
vn -0.004872 -0.999493 -0.031456
vn -0.004775 -0.999496 -0.031393
vn 0.068015 0.022888 -0.997422
vn 0.058502 -0.299614 -0.952265
vn 0.068537 0.028202 -0.997250
vn 0.063838 0.030458 -0.997495
vn 0.062967 0.028215 -0.997617
vn 0.056625 0.021067 -0.998173
vn 0.062167 0.047901 -0.996916
vn 0.032720 0.436411 -0.899152
vn 0.066503 0.184440 -0.980591
vn 0.001535 0.973844 -0.227212
vn -0.000307 0.819437 -0.573170
vn 0.002715 0.999562 0.029479
vn 0.001066 0.904129 0.427258
vn -0.001912 0.443633 0.896206
vn 0.007411 0.362894 0.931801
vn 0.000833 0.393560 0.919298
vn -0.002508 0.166835 0.985982
vn 0.011797 0.284842 0.958502
vn -0.010067 0.041096 0.999104
vn -0.006410 -0.145408 0.989351
vn -0.009152 -0.219904 0.975479
vn 0.656807 -0.053959 -0.752126
vn 0.897689 -0.066846 -0.435531
vn 0.998978 -0.044827 0.005743
vn 0.968875 -0.029295 0.245812
vn 0.827027 -0.019867 0.561811
vn -0.011029 -0.025735 0.999608
vn -0.011096 -0.028054 0.999545
vn -0.000423 -0.031618 0.999500
vn -0.780232 -0.019811 0.625176
vn -0.959119 -0.009048 0.282859
vn -1.000000 -0.000137 -0.000257
vn -0.894359 0.013590 -0.447143
vn -0.948400 0.009583 -0.316932
vn -0.002275 -0.958117 -0.286367
vn -0.051082 -0.867031 -0.495629
vn 0.008862 -0.932099 -0.362094
vn 0.702298 0.708211 0.072216
vn 0.548523 0.635756 0.543082
vn 0.711286 0.693975 -0.111671
vn 0.373896 0.383069 -0.844666
vn 0.544786 0.544429 -0.637813
vn 0.015583 0.571531 -0.820433
vn 0.001924 0.664879 -0.746949
vn 0.246840 0.487362 -0.837585
vn -0.999954 -0.006719 -0.006868
vn -0.999888 -0.010573 -0.010557
vn -0.963060 0.082093 0.256468
vn -0.999999 0.000928 0.000508
vn -0.731932 0.206540 0.649320
vn -0.001361 0.493217 0.869905
vn -0.065891 0.518026 0.852823
vn -0.000261 0.465947 0.884813
vn -0.001970 0.467477 0.884003
vn 0.001194 0.908226 0.418479
vn 0.001303 0.326363 0.945244
vn -0.000503 0.423036 0.906113
vn 0.012965 0.353013 0.935529
vn 0.023322 0.320538 0.946949
vn 0.051486 0.176125 0.983021
vn 0.083937 0.048574 0.995286
vn 0.078372 -0.151334 0.985371
vn 0.049977 -0.217814 0.974710
vn 0.024664 -0.284445 0.958375
vn 0.006216 -0.345505 0.938396
vn -0.010742 -0.023570 0.999665
vn -0.004811 -0.999502 -0.031180
vn -0.004600 -0.999479 -0.031955
vn -0.004967 -0.999513 -0.030818
vn -0.005178 -0.999527 -0.030316
vn -0.005299 -0.999557 -0.029270
vn 0.118557 -0.182485 -0.976035
vn 0.028212 -0.870210 -0.491873
vn 0.126829 0.014850 -0.991814
vn 0.124725 0.024724 -0.991883
vn 0.123059 0.027217 -0.992026
vn 0.121056 0.022291 -0.992395
vn 0.116764 0.002825 -0.993156
vn 0.111844 0.040502 -0.992900
vn 0.106500 0.141098 -0.984251
vn 0.082389 0.303278 -0.949334
vn 0.045063 0.359296 -0.932135
vn 0.002645 0.997903 -0.064677
vn 0.000160 0.886155 -0.463389
vn 0.003028 0.999585 0.028639
vn 0.037934 -0.344404 0.938055
vn 0.346453 -0.227799 0.909988
vn 0.695878 -0.139048 0.704571
vn 0.068347 -0.283965 0.956396
vn 0.008494 0.406685 0.913529
vn 0.427253 0.220381 0.876862
vn 0.884703 0.394235 0.248755
vn 0.040118 0.940366 0.337790
vn 0.054493 0.031052 -0.998031
vn 0.945504 0.011304 -0.325415
vn 0.929239 -0.071366 -0.362522
vn 0.044472 -0.386642 -0.921157
vn 0.004515 -0.999480 -0.031938
vn 0.000143 -0.999497 -0.031715
vn 0.000199 -0.999484 -0.032114
vn 0.004766 -0.999505 -0.031101
vn 0.862035 -0.062705 0.502954
vn 0.967382 -0.031049 0.251412
vn 0.974861 -0.032156 0.220482
vn 0.868880 -0.072134 0.489739
vn -0.971252 -0.078367 0.224785
vn -0.841415 -0.138386 0.522370
vn -0.869322 -0.196281 0.453600
vn -0.955915 -0.163003 0.244247
vn 0.021340 0.388849 0.921054
vn 0.723101 0.198129 0.661717
vn 0.228103 0.396193 0.889382
vn 0.003317 0.429759 0.902937
vn -0.992974 0.070645 0.094927
vn -0.918482 0.064184 0.390221
vn -0.612980 0.664732 0.427068
vn -0.695106 0.705923 0.136013
vn 0.004734 0.584266 -0.811549
vn 0.450459 0.362737 -0.815787
vn 0.894842 -0.159857 -0.416777
vn 0.046025 0.237928 -0.970192
vn 0.889688 0.041053 0.454720
vn 0.971456 0.019788 0.236394
vn 0.956260 0.053882 0.287513
vn 0.801297 0.086209 0.592023
vn 0.091771 0.155250 0.983603
vn 0.542485 -0.020341 0.839819
vn 0.592277 -0.033447 0.805040
vn 0.061791 0.292453 0.954282
vn -0.799693 -0.407583 0.440872
vn -0.684013 -0.217703 0.696227
vn -0.655522 -0.543058 0.524765
vn -0.802595 -0.548470 0.234567
vn 0.045486 0.073982 -0.996222
vn 0.931723 -0.090601 -0.351687
vn 0.943143 0.011634 -0.332184
vn 0.057381 0.033644 -0.997785
vn 0.932747 -0.017050 0.360128
vn 0.978429 -0.010298 0.206328
vn 0.976735 0.006865 0.214340
vn 0.925033 0.010154 0.379750
vn 0.177107 0.028383 0.983782
vn 0.551457 -0.017481 0.834020
vn -0.866753 -0.012934 0.498571
vn -0.686202 -0.007318 0.727374
vn 0.943994 0.011731 -0.329755
vn 0.057633 0.034092 -0.997756
vn 0.930372 -0.006837 0.366552
vn 0.978876 -0.004397 0.204408
vn 0.137152 -0.148864 0.979300
vn 0.551791 -0.031345 0.833393
vn -0.881831 0.046793 0.469237
vn -0.701622 0.037549 0.711559
vn 0.944409 0.011385 -0.328577
vn 0.055527 0.033418 -0.997898
vn 0.912353 0.007588 0.409333
vn 0.978923 0.003633 0.204198
vn 0.122691 -0.198113 0.972470
vn 0.644236 -0.011384 0.764742
vn -0.945577 -0.060355 0.319753
vn -0.795425 -0.015270 0.605860
vn 0.944612 0.011165 -0.327999
vn 0.054705 0.032096 -0.997987
vn 0.880110 -0.033809 0.473564
vn 0.967753 -0.018959 0.251186
vn 0.917182 0.398267 0.012689
vn 0.046515 0.998457 0.030318
vn -0.984889 0.078134 -0.154558
vn -0.712039 0.694183 -0.105405
vn -0.915375 -0.401131 0.034377
vn -0.838834 -0.540680 -0.063419
vn -0.995735 -0.027980 0.087921
vn -0.998305 0.035782 0.045896
vn -0.996013 -0.077729 0.043784
vn -0.990012 -0.126860 0.061498
vn -0.997071 -0.053573 0.054577
vn 0.004471 -0.999477 -0.032020
vn 0.000131 -0.999506 -0.031415
vn 1.000000 0.000029 0.000244
vn 1.000000 -0.000025 0.000245
vn 1.000000 -0.000186 0.000245
vn 1.000000 -0.000519 0.000202
vn 1.000000 -0.000887 0.000020
vn 1.000000 -0.001045 -0.000210
vn 0.999999 -0.001046 -0.000378
vn 0.999999 -0.000999 -0.000461
vn 0.999999 -0.000943 -0.000503
vn -0.512570 0.034572 -0.857949
vn -0.863728 0.041301 -0.502263
vn -0.618395 0.623332 -0.478586
vn -0.383007 0.399052 -0.833105
vn -0.682048 -0.184485 -0.707655
vn -0.895461 -0.338836 -0.288686
vn -0.798986 -0.462200 -0.384699
vn -0.549886 -0.279566 -0.787063
vn -0.763179 -0.030575 -0.645464
vn -0.985442 -0.040325 -0.165162
vn -0.696118 0.019679 -0.717658
vn -0.966992 0.024453 -0.253633
vn -0.698102 -0.014714 -0.715847
vn -0.967031 -0.049467 -0.249808
vn -0.726481 -0.077022 -0.682856
vn -0.961646 -0.121221 -0.246056
vn -0.711067 -0.060658 -0.700503
vn -0.950393 -0.075020 -0.301868
vn 0.004291 -0.999419 -0.033821
vn 0.000165 -0.999537 -0.030446
vn 0.000158 -0.999530 -0.030656
vn 0.004163 -0.999478 -0.032050
vn 0.953641 0.009867 -0.300786
vn 0.948588 0.010222 -0.316348
vn 0.894648 0.014410 -0.446538
vn 0.894687 0.014657 -0.446454
vn 0.958253 0.009605 -0.285761
vn 0.894745 0.015106 -0.446321
vn 0.955284 0.010210 -0.295514
vn 0.894856 0.015670 -0.446080
vn 0.949907 0.010824 -0.312346
vn 0.895046 0.015831 -0.445694
vn 0.948928 0.010590 -0.315315
vn 0.895226 0.015408 -0.445347
vn 0.964317 -0.031314 -0.262893
vn 0.923313 -0.040768 -0.381878
vn 0.999889 -0.008686 -0.012105
vn 0.987839 -0.074809 -0.136302
vn 0.973220 -0.110325 -0.201672
vn 0.999758 -0.012443 -0.018136
vn 0.037132 0.956138 -0.290552
vn 0.870152 0.489411 -0.057565
vn 0.800836 0.583367 -0.135444
vn 0.069050 0.801977 -0.593351
vn 0.012006 -0.346073 0.938131
vn 0.013066 -0.287096 0.957813
vn 0.004686 -0.999493 -0.031504
vn 0.004649 -0.999492 -0.031516
vn 0.004728 -0.999496 -0.031396
vn 0.004908 -0.999493 -0.031450
vn 0.004820 -0.999496 -0.031383
vn -0.068189 0.022807 -0.997412
vn -0.058640 -0.299753 -0.952213
vn -0.068697 0.028116 -0.997241
vn -0.063991 0.030370 -0.997488
vn -0.063091 0.028138 -0.997611
vn -0.056729 0.020994 -0.998169
vn -0.062240 0.047855 -0.996913
vn -0.032779 0.436356 -0.899177
vn -0.066555 0.184414 -0.980593
vn -0.001559 0.973826 -0.227289
vn 0.000248 0.819436 -0.573171
vn -0.002743 0.999563 0.029446
vn -0.001081 0.904127 0.427263
vn 0.001917 0.443659 0.896194
vn -0.007416 0.362948 0.931780
vn -0.000832 0.393604 0.919279
vn 0.002528 0.166925 0.985966
vn -0.011799 0.284914 0.958481
vn 0.010112 0.041194 0.999100
vn 0.006450 -0.145283 0.989369
vn 0.009177 -0.219787 0.975505
vn -0.657563 -0.054234 -0.751445
vn -0.898306 -0.067153 -0.434209
vn -0.998956 -0.045116 0.007154
vn -0.968570 -0.029586 0.246974
vn -0.826673 -0.020126 0.562323
vn 0.011112 -0.025646 0.999609
vn 0.011488 -0.027962 0.999543
vn 0.000659 -0.031565 0.999502
vn 0.780178 -0.019613 0.625250
vn 0.959024 -0.008798 0.283188
vn 1.000000 0.000137 0.000257
vn 0.948592 0.009875 -0.316346
vn 0.894603 0.013873 -0.446647
vn 0.051093 -0.867048 -0.495598
vn 0.002352 -0.958125 -0.286339
vn -0.008823 -0.932141 -0.361988
vn -0.548565 0.635510 0.543327
vn -0.702423 0.708016 0.072905
vn -0.711508 0.693860 -0.110971
vn -0.545258 0.544614 -0.637251
vn -0.374197 0.383163 -0.844490
vn -0.015642 0.571569 -0.820405
vn -0.002021 0.664851 -0.746973
vn -0.246974 0.487738 -0.837327
vn 0.999935 -0.008520 -0.007639
vn 0.999860 -0.012358 -0.011272
vn 0.963536 0.080259 0.255259
vn 0.999999 -0.000928 -0.000508
vn 0.732625 0.205343 0.648918
vn 0.065899 0.517976 0.852853
vn 0.001364 0.493248 0.869888
vn 0.000261 0.465976 0.884797
vn 0.001973 0.467512 0.883985
vn -0.001177 0.908346 0.418217
vn -0.001311 0.326444 0.945215
vn 0.000502 0.423081 0.906092
vn -0.012986 0.353057 0.935512
vn -0.023364 0.320590 0.946930
vn -0.051588 0.176234 0.982996
vn -0.084139 0.048753 0.995261
vn -0.078656 -0.151095 0.985385
vn -0.050282 -0.217665 0.974728
vn -0.024954 -0.284375 0.958388
vn -0.006489 -0.345443 0.938417
vn 0.010522 -0.023483 0.999669
vn 0.004726 -0.999504 -0.031128
vn 0.004511 -0.999481 -0.031888
vn 0.004885 -0.999514 -0.030776
vn 0.005102 -0.999528 -0.030282
vn 0.005225 -0.999559 -0.029243
vn -0.118669 -0.182610 -0.975998
vn -0.028260 -0.870271 -0.491762
vn -0.126948 0.014755 -0.991800
vn -0.124850 0.024627 -0.991870
vn -0.123190 0.027126 -0.992012
vn -0.121188 0.022222 -0.992381
vn -0.116886 0.002778 -0.993141
vn -0.111950 0.040453 -0.992890
vn -0.106591 0.141070 -0.984245
vn -0.082441 0.303269 -0.949332
vn -0.045085 0.359253 -0.932151
vn -0.002621 0.997892 -0.064845
vn -0.000134 0.886128 -0.463440
vn -0.003004 0.999587 0.028594
vn -0.002611 -0.011469 0.999931
vn -0.001497 -0.014291 0.999897
vn -0.004107 -0.013376 0.999902
vn -0.004241 -0.010883 0.999932
vn -0.004781 -0.013041 0.999904
vn -0.004720 -0.010711 0.999932
vn -0.000817 -0.053897 0.998546
vn 0.010734 -0.061559 0.998046
vn -0.001579 -0.062969 0.998014
vn -0.003548 -0.047857 0.998848
vn -0.008981 -0.063528 0.997940
vn -0.004847 -0.041362 0.999133
vn 0.024227 -0.061665 0.997803
vn -0.000003 -0.059648 0.998219
vn -0.011000 -0.045747 0.998893
vn 0.304502 -0.340877 0.889428
vn 0.298284 -0.079584 0.951154
vn -0.000751 -0.023476 0.999724
vn -0.029232 -0.414788 0.909448
vn -0.459495 0.001468 0.888179
vn -0.358643 -0.322399 0.876033
vn 0.258378 0.471884 0.842951
vn 0.027562 0.690250 0.723046
vn -0.224298 0.477879 0.849307
vn 0.601202 0.798989 0.013173
vn 0.608252 0.790711 0.069331
vn 0.139179 0.986065 0.091134
vn 0.135512 0.990641 0.016333
vn -0.350056 0.932959 0.083951
vn -0.340429 0.940143 0.015500
vn 0.612207 0.775364 0.154963
vn 0.128785 0.969993 0.206225
vn -0.357264 0.914965 0.187620
vn 0.613276 0.743208 0.267458
vn 0.135823 0.935025 0.327538
vn -0.366369 0.875902 0.313959
vn 0.001919 0.024920 -0.999688
vn 0.002377 0.024754 -0.999691
vn 0.015696 0.023983 -0.999589
vn 0.016110 0.021819 -0.999632
vn 0.026986 0.023472 -0.999360
vn 0.027050 0.019424 -0.999445
vn 0.002835 0.024537 -0.999695
vn 0.042643 0.042009 -0.998207
vn 0.072328 0.054688 -0.995880
vn 0.003797 0.024110 -0.999702
vn 0.117374 0.037677 -0.992373
vn 0.207675 0.044614 -0.977180
vn 0.004649 0.023750 -0.999707
vn 0.177294 -0.018020 -0.983993
vn 0.267907 -0.040221 -0.962605
vn 0.005175 0.022856 -0.999725
vn 0.005432 0.021010 -0.999765
vn 0.215185 -0.029212 -0.976136
vn 0.198753 -0.023553 -0.979767
vn 0.299693 -0.049755 -0.952737
vn 0.271351 -0.041102 -0.961602
vn -0.444721 -0.894880 -0.037589
vn -0.432033 -0.900272 -0.053470
vn -0.263989 -0.963256 -0.049467
vn -0.176643 -0.983173 -0.046564
vn -0.384814 -0.921629 -0.050184
vn -0.444721 -0.894880 -0.037589
vn -0.444721 -0.894880 -0.037589
vn 0.161214 -0.986288 -0.035311
vn 0.149010 -0.988791 -0.009440
vn -0.079569 -0.996467 -0.026860
vn -0.276472 -0.960132 -0.041339
vn 0.094565 -0.995505 0.005252
vn -0.046112 -0.998935 -0.001507
vn -0.180596 -0.983510 -0.009703
vn -0.976809 0.213933 0.008725
vn -0.976333 0.216036 0.010093
vn -0.979825 0.199050 0.017936
vn -0.983500 0.180714 0.008348
vn -0.976213 0.216739 0.005639
vn -0.976183 0.216877 0.005616
vn -0.976240 0.216665 0.003516
vn -0.976223 0.216741 0.003545
vn -0.982427 0.185905 0.016647
vn -0.999372 0.030747 0.017608
vn -0.999093 0.038915 0.017309
vn -0.986602 0.161782 0.021055
vn -0.978136 0.207645 0.011568
vn -0.999453 0.030497 0.012787
vn -0.974612 0.223869 0.003680
vn -0.999670 0.025695 0.000424
vn -0.998445 -0.051632 0.021013
vn -0.998151 -0.060686 -0.003539
vn -0.996799 -0.078749 -0.013829
vn -0.997975 -0.062845 0.009797
vn -0.988148 0.140652 0.061488
vn -0.992088 0.115428 0.049372
vn -0.988695 0.149025 0.016521
vn -0.986053 0.163907 -0.028891
vn -0.937755 0.329892 0.108567
vn -0.901618 0.412969 0.128611
vn -0.952904 0.301125 0.036038
vn -0.953875 0.299138 -0.025273
vn 0.959152 -0.281633 0.026666
vn 0.958723 -0.282112 0.035548
vn 0.953695 -0.300545 -0.011750
vn 0.953773 -0.300519 -0.002411
vn 0.941022 -0.338330 0.003103
vn 0.940882 -0.338454 0.013783
vn 0.928589 -0.369993 0.028755
vn 0.928329 -0.369954 0.036592
vn 0.949149 -0.313773 0.025735
vn 0.956061 -0.291636 0.029930
vn 0.964772 -0.263061 -0.003740
vn 0.946041 -0.323689 -0.015208
vn 0.961360 -0.274935 -0.014076
vn 0.940741 -0.339097 -0.004461
vn 0.956414 -0.291908 -0.007801
vn 0.934692 -0.355072 0.016596
vn 0.964874 -0.262188 0.016619
vn 0.953239 -0.302010 -0.011230
vn 0.947207 -0.319441 -0.027487
vn 0.941447 -0.336522 -0.020756
vn 0.998507 -0.043629 0.032866
vn 0.994914 -0.100167 0.010612
vn 0.992476 -0.121858 -0.011884
vn 0.996778 -0.079715 -0.008890
vn 0.945819 0.310486 0.095003
vn 0.947716 0.311958 0.067205
vn 0.949243 0.313366 0.027212
vn 0.949444 0.313893 0.005175
vn 0.949444 0.313892 0.005174
vn 0.999052 -0.043529 -0.000719
vn 0.601201 0.798989 0.013172
vn 0.135511 0.990641 0.016330
vn -0.340429 0.940143 0.015497
vn -0.984817 0.161710 -0.063135
vn -0.914799 0.400268 -0.054114
vn -0.991392 -0.127862 -0.028178
vn -0.999696 0.024664 0.000407
vn -0.974599 0.223926 0.003684
vn -0.976198 0.216851 0.003531
vn -0.976202 0.216834 0.003553
vn -0.011375 -0.999265 0.036601
vn -0.084667 -0.993688 0.073589
vn 0.009708 -0.999617 0.025923
vn 0.918967 -0.393337 0.028040
vn 0.918672 -0.393397 0.035791
vn 0.945120 -0.326723 0.000279
vn 0.923173 -0.384059 0.015846
vn 0.941912 -0.335813 -0.005536
vn 0.120781 0.992312 0.027012
vn 0.103610 0.994247 0.027169
vn -0.338188 0.940716 0.026126
vn -0.338276 0.940687 0.026019
vn 0.602114 0.798127 0.021264
vn 0.602140 0.798106 0.021310
vn 0.999635 -0.026992 -0.001213
vn 0.949497 0.313674 0.008023
vn 0.949496 0.313677 0.007991
vn 0.999596 -0.028399 -0.001262
vn 0.974728 -0.223299 -0.006588
vn 0.974675 -0.223527 -0.006594
vn 0.960435 -0.278504 -0.000628
vn 0.960211 -0.279217 -0.005699
vn 0.953492 -0.301064 0.014610
vn 0.953572 -0.301165 -0.001132
vn 0.955390 -0.294996 0.014423
vn 0.955139 -0.295455 0.020416
vn 0.955624 -0.294587 0.000887
vn 0.955740 -0.294212 -0.000946
vn -0.014427 -0.995303 -0.095729
vn 0.088273 -0.994927 -0.048252
vn -0.170380 -0.974242 -0.147725
vn -0.311700 -0.930458 -0.192591
vn -0.985390 0.165323 0.040931
vn -0.987614 0.155566 0.020425
vn -0.987839 0.155344 0.006574
vn -0.987716 0.156159 0.005623
vn -0.995789 0.058481 -0.070593
vn -0.971541 0.064210 -0.228001
vn -0.977211 0.177497 -0.116419
vn -0.987813 0.155645 0.000481
vn -0.998498 -0.045860 -0.029963
vn -0.994371 -0.040260 -0.098008
vn -0.995196 0.097845 0.003304
vn -0.995080 0.099016 0.003320
vn -0.907794 0.419237 0.012262
vn -0.907777 0.419274 0.012266
vn 0.942977 0.308183 0.125767
vn 0.997817 0.033291 0.057038
vn 0.972990 -0.227150 -0.041160
vn 0.959467 -0.281694 -0.008418
vn 0.953010 -0.302859 0.006962
vn 0.955927 -0.293417 0.010495
vn 0.956280 -0.292365 0.007202
vn -0.983696 0.178040 0.025391
vn -0.987300 0.158740 0.006337
vn -0.987938 0.154335 0.012605
vn -0.999025 0.041199 -0.015854
vn -0.998778 -0.045047 -0.020356
vn -0.982168 0.154944 0.106478
vn -0.896934 0.410799 0.163569
vn 0.119049 0.928462 0.351831
vn -0.346727 0.862207 0.369295
vn 0.599421 0.733432 0.320581
vn -0.345585 0.382870 0.856727
vn 0.019159 0.529959 0.847807
vn 0.015534 -0.024344 0.999583
vn -0.342951 -0.010838 0.939291
vn 0.195878 0.240893 0.950580
vn 0.260916 -0.047232 0.964205
vn -0.004489 -0.021677 0.999755
vn 0.000000 -0.016486 0.999864
vn -0.040570 -0.222161 0.974166
vn -0.231317 -0.174726 0.957060
vn 0.000292 -0.016333 0.999867
vn 0.141210 -0.193410 0.970903
vn -0.000153 -0.016365 0.999866
vn -0.292596 0.266436 0.918368
vn 0.026009 0.445298 0.895005
vn -0.494143 -0.002971 0.869376
vn 0.465759 0.270736 0.842479
vn 0.696613 -0.076190 0.713390
vn -0.047188 -0.531541 0.845717
vn -0.399027 -0.334120 0.853898
vn 0.442216 -0.458357 0.770943
vn 0.417122 -0.536852 0.733348
vn 0.479854 -0.492339 0.726183
vn -0.029375 -0.707549 0.706053
vn -0.027914 -0.707591 0.706071
vn 0.771177 -0.085983 0.630787
vn 0.785237 0.012815 0.619062
vn -0.555593 -0.429237 0.712090
vn -0.489229 -0.487268 0.723343
vn -0.775036 0.107165 0.622764
vn -0.780335 0.034454 0.624412
vn 0.061283 0.650110 0.757365
vn 0.067694 0.649922 0.756980
vn 0.546298 0.489512 0.679659
vn 0.558003 0.481256 0.676037
vn -0.435981 0.545395 0.715867
vn -0.419381 0.552786 0.720102
vn -0.000126 -0.027151 0.999631
vn 0.005529 -0.037196 0.999293
vn 0.000344 -0.037692 0.999289
vn 0.000912 -0.022553 0.999745
vn -0.001855 -0.023575 0.999720
vn 0.008942 -0.027914 0.999570
vn -0.007598 -0.031221 0.999484
vn 0.000164 -0.025665 0.999671
vn -0.007876 -0.020658 0.999756
vn 0.000870 -0.022483 0.999747
vn 0.000022 -0.016465 0.999864
vn 0.002338 0.001538 0.999996
vn 0.003592 -0.005439 0.999979
vn -0.000432 -0.014577 0.999894
vn -0.002648 -0.003439 0.999991
vn 0.000297 -0.015391 0.999882
vn 0.094319 -0.994505 -0.045421
vn 0.094319 -0.994505 -0.045421
vn 0.094319 -0.994505 -0.045421
vn -0.981559 0.190722 0.012928
vn -0.985631 0.168765 0.007015
vn -0.987780 0.154083 0.023422
vn -0.999084 0.038139 0.019407
vn -0.998493 -0.054883 0.000316
vn -0.993371 0.106754 0.042644
vn -0.890929 0.406731 0.202030
vn 0.124377 0.907548 0.401107
vn -0.372863 0.860499 0.347151
vn 0.619712 0.731189 0.285167
vn 0.999423 -0.033827 -0.003012
vn 0.940286 0.306915 0.147190
vn 0.968352 -0.247179 -0.034597
vn 0.956571 -0.291435 -0.006200
vn 0.951319 -0.308022 0.010760
vn 0.957563 -0.287780 0.015979
vn 0.957829 -0.287137 0.010803
vn 0.002618 -0.011497 0.999931
vn 0.004249 -0.010914 0.999931
vn 0.004110 -0.013368 0.999902
vn 0.001500 -0.014281 0.999897
vn 0.004728 -0.010742 0.999931
vn 0.004784 -0.013035 0.999904
vn 0.000818 -0.053896 0.998546
vn 0.003549 -0.047853 0.998848
vn 0.001579 -0.062969 0.998014
vn -0.010734 -0.061559 0.998046
vn 0.004848 -0.041353 0.999133
vn 0.008981 -0.063528 0.997940
vn 0.000004 -0.059648 0.998219
vn -0.024227 -0.061665 0.997803
vn 0.011000 -0.045747 0.998893
vn -0.304502 -0.340879 0.889427
vn 0.029234 -0.414791 0.909447
vn 0.000753 -0.023476 0.999724
vn -0.298285 -0.079582 0.951154
vn 0.358646 -0.322401 0.876031
vn 0.459498 0.001472 0.888177
vn -0.027561 0.690246 0.723050
vn -0.258376 0.471874 0.842957
vn 0.224303 0.477892 0.849298
vn -0.601201 0.798989 0.013173
vn -0.135512 0.990641 0.016333
vn -0.138608 0.986121 0.091391
vn -0.608257 0.790602 0.070505
vn 0.340429 0.940143 0.015500
vn 0.350095 0.933017 0.083145
vn -0.129810 0.969781 0.206578
vn -0.612102 0.775007 0.157149
vn 0.357437 0.915188 0.186200
vn -0.135761 0.935012 0.327600
vn -0.613358 0.742945 0.268001
vn 0.366607 0.875964 0.313506
vn -0.001880 0.024859 -0.999689
vn -0.016083 0.021752 -0.999634
vn -0.015651 0.023913 -0.999592
vn -0.002327 0.024691 -0.999692
vn -0.027031 0.019354 -0.999447
vn -0.026946 0.023394 -0.999363
vn -0.042597 0.041933 -0.998212
vn -0.002772 0.024477 -0.999697
vn -0.072311 0.054605 -0.995886
vn -0.117385 0.037618 -0.992374
vn -0.003707 0.024065 -0.999704
vn -0.207793 0.044542 -0.977158
vn -0.177357 -0.018101 -0.983980
vn -0.004534 0.023716 -0.999709
vn -0.268101 -0.040330 -0.962546
vn -0.005045 0.022802 -0.999727
vn -0.198823 -0.023670 -0.979750
vn -0.215296 -0.029379 -0.976107
vn -0.005295 0.020985 -0.999766
vn -0.271542 -0.041252 -0.961542
vn -0.299923 -0.049985 -0.952653
vn 0.445110 -0.894659 -0.038256
vn 0.445110 -0.894659 -0.038256
vn 0.445110 -0.894659 -0.038256
vn 0.384915 -0.921528 -0.051251
vn 0.176460 -0.983186 -0.046985
vn 0.263945 -0.963250 -0.049823
vn 0.432424 -0.900047 -0.054086
vn -0.161159 -0.986317 -0.034739
vn 0.079903 -0.996433 -0.027139
vn -0.149055 -0.988787 -0.009100
vn 0.276423 -0.960115 -0.042067
vn 0.046104 -0.998936 -0.001504
vn -0.094552 -0.995506 0.005249
vn 0.180606 -0.983508 -0.009696
vn 0.976662 0.214721 0.005159
vn 0.983419 0.181232 0.006470
vn 0.979813 0.199269 0.016083
vn 0.976269 0.216462 0.006507
vn 0.976040 0.217555 0.003964
vn 0.976095 0.217311 0.003907
vn 0.976061 0.217468 0.003557
vn 0.976131 0.217153 0.003566
vn 0.982426 0.186191 0.013081
vn 0.986615 0.161926 0.019231
vn 0.999113 0.039127 0.015557
vn 0.999421 0.031007 0.013978
vn 0.978105 0.207886 0.009741
vn 0.999471 0.030630 0.010904
vn 0.974576 0.224027 0.003688
vn 0.999670 0.025695 0.000424
vn 0.998157 -0.060457 -0.005179
vn 0.998531 -0.051326 0.017370
vn 0.998003 -0.062685 0.007750
vn 0.996799 -0.078750 -0.013829
vn 0.992163 0.115433 0.047827
vn 0.988338 0.140852 0.057863
vn 0.988720 0.149070 0.014545
vn 0.986053 0.163908 -0.028891
vn 0.901889 0.412806 0.127231
vn 0.938139 0.329904 0.105155
vn 0.952994 0.301079 0.033969
vn 0.953875 0.299139 -0.025273
vn -0.958971 -0.282097 0.028219
vn -0.953572 -0.301165 0.000938
vn -0.953617 -0.300905 -0.008418
vn -0.958609 -0.282305 0.037060
vn -0.940629 -0.339084 0.015471
vn -0.940892 -0.338673 0.004805
vn -0.928096 -0.370542 0.036557
vn -0.928467 -0.370301 0.028737
vn -0.949089 -0.313833 0.027176
vn -0.946010 -0.323918 -0.011915
vn -0.964745 -0.263186 -0.000399
vn -0.956009 -0.291665 0.031265
vn -0.940688 -0.339262 -0.002740
vn -0.961352 -0.275046 -0.012335
vn -0.934645 -0.355194 0.016590
vn -0.956415 -0.291908 -0.007801
vn -0.953197 -0.302246 -0.007980
vn -0.964839 -0.262235 0.017834
vn -0.947248 -0.319473 -0.025675
vn -0.941447 -0.336521 -0.020756
vn -0.994865 -0.100240 0.014022
vn -0.998466 -0.043710 0.033988
vn -0.992482 -0.121984 -0.009968
vn -0.996778 -0.079715 -0.008890
vn -0.947567 0.311720 0.070341
vn -0.945793 0.310265 0.095981
vn -0.949221 0.313269 0.029016
vn -0.949445 0.313892 0.005175
vn -0.999052 -0.043529 -0.000719
vn -0.949445 0.313892 0.005174
vn -0.601201 0.798989 0.013172
vn -0.135511 0.990641 0.016330
vn 0.340429 0.940143 0.015497
vn 0.984817 0.161710 -0.063135
vn 0.914799 0.400268 -0.054113
vn 0.991392 -0.127862 -0.028178
vn 0.999696 0.024664 0.000407
vn 0.974567 0.224065 0.003693
vn 0.976040 0.217563 0.003581
vn 0.976121 0.217200 0.003578
vn 0.084665 -0.993687 0.073603
vn 0.011369 -0.999265 0.036603
vn -0.009711 -0.999617 0.025923
vn -0.918447 -0.393925 0.035750
vn -0.918849 -0.393613 0.028020
vn -0.923128 -0.384167 0.015839
vn -0.945120 -0.326723 0.000279
vn -0.941912 -0.335813 -0.005536
vn -0.120935 0.992292 0.027041
vn 0.338552 0.940599 0.025624
vn 0.338469 0.940625 0.025746
vn -0.103899 0.994217 0.027176
vn -0.602304 0.797970 0.021751
vn -0.602332 0.797949 0.021769
vn -0.999636 -0.026993 -0.000292
vn -0.999597 -0.028401 -0.000318
vn -0.949538 0.313530 0.008815
vn -0.949538 0.313529 0.008828
vn -0.974750 -0.223229 -0.005599
vn -0.974695 -0.223470 -0.005580
vn -0.960455 -0.278434 0.000436
vn -0.960234 -0.279160 -0.004597
vn -0.953486 -0.301027 0.015733
vn -0.953579 -0.301143 0.000042
vn -0.955273 -0.295314 0.015609
vn -0.955637 -0.294548 0.000292
vn -0.955594 -0.294678 0.002095
vn -0.955091 -0.295528 0.021573
vn 0.014385 -0.995311 -0.095655
vn 0.170486 -0.974203 -0.147863
vn -0.088341 -0.994933 -0.048008
vn 0.311978 -0.930295 -0.192927
vn 0.985424 0.165443 0.039609
vn 0.987660 0.156556 0.004280
vn 0.987785 0.155736 0.005298
vn 0.987622 0.155678 0.019158
vn 0.995701 0.058563 -0.071767
vn 0.987808 0.155674 -0.000781
vn 0.977086 0.177472 -0.117505
vn 0.971333 0.064249 -0.228875
vn 0.998466 -0.045785 -0.031137
vn 0.994270 -0.040203 -0.099052
vn 0.995214 0.097694 0.002148
vn 0.995098 0.098870 0.002208
vn 0.908005 0.418808 0.011248
vn 0.907994 0.418832 0.011286
vn -0.997764 0.033255 0.057972
vn -0.942927 0.308003 0.126581
vn -0.973041 -0.227121 -0.040091
vn -0.959489 -0.281654 -0.007263
vn -0.953003 -0.302849 0.008195
vn -0.955880 -0.293522 0.011773
vn -0.956161 -0.292719 0.008515
vn 0.983708 0.178171 0.023955
vn 0.987241 0.159156 0.004886
vn 0.987945 0.154401 0.011206
vn 0.998998 0.041322 -0.017188
vn 0.998755 -0.044953 -0.021618
vn 0.982325 0.154788 0.105250
vn 0.897293 0.410490 0.162370
vn -0.119139 0.928453 0.351826
vn 0.347019 0.862189 0.369064
vn -0.599522 0.733204 0.320913
vn -0.019159 0.529958 0.847808
vn 0.345583 0.382869 0.856728
vn -0.015534 -0.024343 0.999583
vn 0.342950 -0.010838 0.939291
vn -0.195877 0.240893 0.950580
vn 0.004489 -0.021677 0.999755
vn -0.260916 -0.047232 0.964206
vn -0.000000 -0.016486 0.999864
vn -0.000291 -0.016333 0.999867
vn 0.231318 -0.174726 0.957060
vn 0.040570 -0.222161 0.974166
vn 0.000152 -0.016365 0.999866
vn -0.141210 -0.193410 0.970903
vn -0.026009 0.445297 0.895005
vn 0.292595 0.266435 0.918368
vn 0.494142 -0.002971 0.869376
vn -0.465758 0.270736 0.842479
vn -0.696613 -0.076190 0.713390
vn 0.399027 -0.334120 0.853898
vn 0.047188 -0.531541 0.845717
vn -0.442216 -0.458357 0.770944
vn -0.417122 -0.536853 0.733348
vn 0.027914 -0.707591 0.706071
vn 0.029375 -0.707549 0.706053
vn -0.479854 -0.492340 0.726183
vn -0.771178 -0.085984 0.630787
vn -0.785238 0.012816 0.619062
vn 0.489229 -0.487268 0.723343
vn 0.555592 -0.429238 0.712090
vn 0.780334 0.034454 0.624413
vn 0.775035 0.107165 0.622765
vn -0.061283 0.650110 0.757365
vn -0.558002 0.481257 0.676036
vn -0.546298 0.489513 0.679658
vn -0.067694 0.649923 0.756979
vn 0.419380 0.552787 0.720102
vn 0.435981 0.545395 0.715867
vn 0.000126 -0.027151 0.999631
vn -0.000912 -0.022553 0.999745
vn -0.000344 -0.037693 0.999289
vn -0.005529 -0.037196 0.999293
vn 0.001855 -0.023575 0.999720
vn -0.008942 -0.027914 0.999570
vn -0.000165 -0.025665 0.999671
vn 0.007597 -0.031221 0.999484
vn -0.000870 -0.022483 0.999747
vn 0.007876 -0.020658 0.999756
vn -0.000023 -0.016465 0.999864
vn 0.000432 -0.014577 0.999894
vn -0.003592 -0.005439 0.999979
vn -0.002338 0.001538 0.999996
vn -0.000297 -0.015391 0.999882
vn 0.002648 -0.003438 0.999991
vn -0.094396 -0.994510 -0.045164
vn -0.094396 -0.994510 -0.045164
vn -0.094396 -0.994510 -0.045164
vn 0.985561 0.169237 0.005283
vn 0.981546 0.190898 0.011220
vn 0.987802 0.154190 0.021739
vn 0.999107 0.038318 0.017782
vn 0.998502 -0.054705 -0.001206
vn 0.993434 0.106728 0.041200
vn 0.891296 0.406538 0.200796
vn 0.373161 0.860587 0.346612
vn -0.124597 0.907495 0.401159
vn -0.619783 0.730915 0.285713
vn -0.999424 -0.033892 -0.001923
vn -0.940221 0.306705 0.148044
vn -0.968388 -0.247201 -0.033410
vn -0.956577 -0.291439 -0.004912
vn -0.951290 -0.308059 0.012145
vn -0.957490 -0.287941 0.017420
vn -0.957685 -0.287557 0.012281
s 1
g polySurface1
usemtl aiStandardSurface1OPBR_SG
f 1/1/1 16/23/2 46/61/3 47/62/4
s 2
f 3/3/5 13/20/6 42/57/7 31/43/8
s 3
f 49/65/9 50/66/10 15/22/11 7/7/12
s 4
f 33/46/13 34/47/14 16/24/15 1/9/16
s 5
f 2/2/17 37/51/18 54/71/19 43/58/20
s 6
f 33/45/21 1/1/22 47/62/23 48/63/24
s 2
f 9/15/25 4/4/26 39/53/27 40/55/28
s 3
f 11/17/29 52/68/30 53/69/31 8/8/32
s 4
f 12/19/33 36/49/34 37/50/35 2/10/36
s 1
f 44/59/37 12/18/38 2/2/39 43/58/40
s 2
f 13/20/6 25/35/41 41/56/42 42/57/7
s 3
f 15/22/11 50/66/10 51/67/43 28/38/44
s 4
f 16/24/15 34/47/14 35/48/45 29/40/46
s 1
f 46/61/3 16/23/2 29/39/47 45/60/48
f 66/85/49 55/72/50 18/26/51 17/25/52
f 57/74/53 19/27/54 30/41/55 56/73/56
f 20/28/57 19/27/54 57/74/53 58/75/58
s 6
f 32/44/59 20/28/60 58/75/61 59/76/62
s 3
f 60/78/63 61/79/64 22/31/65 21/30/66
f 27/37/67 22/31/65 61/79/64 62/80/68
f 24/33/69 23/32/70 63/81/71 64/82/72
s 5
f 17/25/73 38/52/74 65/84/75 66/85/76
s 2
f 25/35/41 9/15/25 40/55/28 41/56/42
s 3
f 23/32/70 27/37/67 62/80/68 63/81/71
f 28/38/44 51/67/43 52/68/30 11/17/29
s 4
f 29/40/46 35/48/45 36/49/34 12/19/33
s 1
f 45/60/48 29/39/47 12/18/38 44/59/37
f 56/73/56 30/41/55 18/26/51 55/72/50
s 6
f 21/29/77 32/44/59 59/76/62 60/77/78
f 7/13/79 33/45/21 48/63/24 49/64/80
s 4
f 7/7/81 15/22/82 34/47/14 33/46/13
f 35/48/45 34/47/14 15/22/82 28/38/83
f 36/49/34 35/48/45 28/38/83 11/17/84
f 37/50/35 36/49/34 11/17/84 8/8/85
s 5
f 54/71/19 37/51/18 8/11/86 53/70/87
f 65/84/75 38/52/74 24/34/88 64/83/89
s 2
f 40/55/28 39/53/27 6/6/90 10/16/91
f 41/56/42 40/55/28 10/16/91 26/36/92
f 42/57/7 41/56/42 26/36/92 14/21/93
f 31/43/8 42/57/7 14/21/93 5/5/94
s 1
f 18/26/51 74/94/95 75/95/96 17/25/52
f 30/41/55 73/93/97 74/94/95 18/26/51
f 19/27/54 72/92/98 73/93/97 30/41/55
f 71/91/99 72/92/98 19/27/54 20/28/57
s 6
f 70/90/100 71/91/101 20/28/60 32/44/59
f 69/88/102 70/90/100 32/44/59 21/29/77
s 3
f 21/30/66 22/31/65 68/87/103 69/89/104
f 67/86/105 68/87/103 22/31/65 27/37/67
f 78/99/106 67/86/105 27/37/67 23/32/70
f 77/97/107 78/99/106 23/32/70 24/33/69
s 5
f 38/52/74 76/96/108 77/98/109 24/34/88
f 75/95/110 76/96/108 38/52/74 17/25/73
s 1
f 25/35/111 56/73/56 55/72/50 9/15/112
f 13/20/113 57/74/53 56/73/56 25/35/111
f 58/75/58 57/74/53 13/20/113 3/3/114
s 6
f 59/76/62 58/75/61 3/3/115 31/42/116
f 60/77/78 59/76/62 31/42/116 5/14/117
s 3
f 5/5/118 14/21/119 61/79/64 60/78/63
f 62/80/68 61/79/64 14/21/119 26/36/120
f 63/81/71 62/80/68 26/36/120 10/16/121
f 64/82/72 63/81/71 10/16/121 6/6/122
s 5
f 39/54/123 65/84/75 64/83/89 6/12/124
f 66/85/76 65/84/75 39/54/123 4/4/125
s 1
f 9/15/112 55/72/50 66/85/49 4/4/126
s 3
f 51/67/43 50/66/10 68/87/103 67/86/105
f 69/89/104 68/87/103 50/66/10 49/65/9
s 6
f 49/64/80 48/63/24 70/90/100 69/88/102
f 48/63/24 47/62/23 71/91/101 70/90/100
s 1
f 47/62/4 46/61/3 72/92/98 71/91/99
f 73/93/97 72/92/98 46/61/3 45/60/48
f 74/94/95 73/93/97 45/60/48 44/59/37
f 75/95/96 74/94/95 44/59/37 43/58/40
s 5
f 43/58/20 54/71/19 76/96/108 75/95/110
f 77/98/109 76/96/108 54/71/19 53/70/87
s 3
f 53/69/31 52/68/30 78/99/106 77/97/107
f 52/68/30 51/67/43 67/86/105 78/99/106
s 17
f 91/100/127 79/101/128 119/102/129 120/103/130
s 18
f 95/104/131 127/105/132 128/106/133 114/107/134
s 19
f 99/108/135 83/109/136 115/110/137 116/111/138
s 20
f 137/112/139 85/113/140 117/114/141 136/115/142
s 21
f 132/116/143 121/117/144 101/118/145 103/119/146
s 22
f 99/120/147 85/121/148 137/122/149 138/123/150
s 23
f 88/124/151 111/125/152 112/126/153 87/127/154
s 24
f 112/126/155 105/128/156 90/129/157 87/127/158
s 25
f 120/103/159 113/130/160 81/131/161 91/100/162
s 26
f 129/132/163 130/133/164 106/134/165 92/135/166
s 27
f 142/136/167 107/137/168 94/138/169 141/139/170
s 28
f 115/110/171 83/109/172 139/140/173 140/141/174
s 29
f 94/138/175 107/137/176 108/142/177 96/143/178
s 30
f 108/142/179 109/144/180 98/145/181 96/143/182
s 31
f 117/114/183 85/113/184 99/108/185 116/111/186
s 32
f 98/145/187 109/144/188 134/146/189 135/147/190
s 33
f 110/148/191 122/149/192 123/150/193 100/151/194
s 34
f 124/152/195 125/153/196 102/154/197 118/155/198
s 35
f 144/156/199 133/157/200 86/158/201 97/159/202
s 36
f 97/159/203 84/160/204 143/161/205 144/156/206
s 37
f 93/162/207 131/163/208 132/116/209 103/119/210
s 38
f 102/164/211 125/165/212 126/166/213 104/167/214
s 39
f 126/166/215 127/168/216 95/169/217 104/167/218
s 40
f 139/170/219 83/171/220 99/120/221 138/123/222
s 26
f 130/133/164 131/172/223 93/173/224 106/134/165
s 27
f 143/174/225 84/175/226 107/137/168 142/136/167
s 29
f 108/142/177 107/137/176 84/175/227 97/176/228
s 30
f 97/176/229 86/177/230 109/144/180 108/142/179
s 32
f 134/146/189 109/144/188 86/177/231 133/178/232
s 33
f 101/179/233 121/180/234 122/149/192 110/148/191
s 23
f 112/126/153 111/125/152 80/181/235 89/182/236
s 24
f 89/182/237 82/183/238 105/128/156 112/126/155
s 18
f 114/107/134 128/106/133 129/132/239 92/135/240
s 28
f 94/138/241 115/110/171 140/141/174 141/139/242
s 19
f 116/111/138 115/110/137 94/138/243 96/143/244
s 31
f 98/145/245 117/114/183 116/111/186 96/143/246
s 20
f 136/115/142 117/114/141 98/145/247 135/147/248
s 34
f 123/150/249 124/152/195 118/155/198 100/151/250
s 17
f 120/103/130 119/102/129 88/124/251 87/127/252
s 25
f 90/129/253 113/130/160 120/103/159 87/127/254
s 33
f 121/180/234 80/184/255 111/185/256 122/149/192
f 123/150/193 122/149/192 111/185/256 88/186/257
s 34
f 88/186/258 119/187/259 124/152/195 123/150/249
f 119/187/259 79/188/260 125/153/196 124/152/195
s 38
f 126/166/213 125/165/212 79/101/261 91/100/262
s 39
f 91/100/263 81/131/264 127/168/216 126/166/215
s 18
f 128/106/133 127/105/132 81/131/265 113/130/266
f 129/132/239 128/106/133 113/130/266 90/129/267
s 26
f 90/129/268 105/128/269 130/133/164 129/132/163
f 105/128/269 82/183/270 131/172/223 130/133/164
s 37
f 132/116/209 131/163/208 82/183/271 89/182/272
s 21
f 89/182/273 80/181/274 121/117/144 132/116/143
s 32
f 110/148/275 134/146/189 133/178/232 101/179/276
f 135/147/190 134/146/189 110/148/275 100/151/277
s 20
f 118/155/278 136/115/142 135/147/248 100/151/279
f 102/154/280 137/112/139 136/115/142 118/155/278
s 22
f 138/123/150 137/122/149 102/164/281 104/167/282
s 40
f 95/169/283 139/170/219 138/123/222 104/167/284
s 28
f 140/141/174 139/140/173 95/104/285 114/107/286
f 141/139/242 140/141/174 114/107/286 92/135/287
s 27
f 106/134/288 142/136/167 141/139/170 92/135/289
f 93/173/290 143/174/225 142/136/167 106/134/288
s 36
f 144/156/206 143/161/205 93/162/291 103/119/292
s 35
f 101/118/293 133/157/200 144/156/199 103/119/294
s 41
f 157/189/295 145/190/296 185/191/297 186/192/298
s 42
f 161/193/299 193/194/300 194/195/301 180/196/302
s 43
f 165/197/303 149/198/304 181/199/305 182/200/306
s 44
f 203/201/307 151/202/308 183/203/309 202/204/310
s 45
f 198/205/311 187/206/312 167/207/313 169/208/314
s 46
f 165/209/315 151/210/316 203/211/317 204/212/318
s 47
f 154/213/319 177/214/320 178/215/321 153/216/322
s 48
f 178/215/323 171/217/324 156/218/325 153/216/326
s 49
f 186/192/327 179/219/328 147/220/329 157/189/330
s 50
f 195/221/331 196/222/332 172/223/333 158/224/334
s 51
f 208/225/335 173/226/336 160/227/337 207/228/338
s 52
f 181/199/339 149/198/340 205/229/341 206/230/342
s 53
f 160/227/343 173/226/344 174/231/345 162/232/346
s 54
f 174/231/347 175/233/348 164/234/349 162/232/350
s 55
f 183/203/351 151/202/352 165/197/353 182/200/354
s 56
f 164/234/355 175/233/356 200/235/357 201/236/358
s 57
f 176/237/359 188/238/360 189/239/361 166/240/362
s 58
f 190/241/363 191/242/364 168/243/365 184/244/366
s 59
f 210/245/367 199/246/368 152/247/369 163/248/370
s 60
f 163/248/371 150/249/372 209/250/373 210/245/374
s 61
f 159/251/375 197/252/376 198/205/377 169/208/378
s 62
f 168/253/379 191/254/380 192/255/381 170/256/382
s 63
f 192/255/383 193/257/384 161/258/385 170/256/386
s 64
f 205/259/387 149/260/388 165/209/389 204/212/390
s 50
f 196/222/332 197/261/391 159/262/392 172/223/333
s 51
f 209/263/393 150/264/394 173/226/336 208/225/335
s 53
f 174/231/345 173/226/344 150/264/395 163/265/396
s 54
f 163/265/397 152/266/398 175/233/348 174/231/347
s 56
f 200/235/357 175/233/356 152/266/399 199/267/400
s 57
f 167/268/401 187/269/402 188/238/360 176/237/359
s 47
f 178/215/321 177/214/320 146/270/403 155/271/404
s 48
f 155/271/405 148/272/406 171/217/324 178/215/323
s 42
f 180/196/302 194/195/301 195/221/407 158/224/408
s 52
f 160/227/409 181/199/339 206/230/342 207/228/410
s 43
f 182/200/306 181/199/305 160/227/411 162/232/412
s 55
f 164/234/413 183/203/351 182/200/354 162/232/414
s 44
f 202/204/310 183/203/309 164/234/415 201/236/416
s 58
f 189/239/417 190/241/363 184/244/366 166/240/418
s 41
f 186/192/298 185/191/297 154/213/419 153/216/420
s 49
f 156/218/421 179/219/328 186/192/327 153/216/422
s 57
f 187/269/402 146/273/423 177/274/424 188/238/360
f 189/239/361 188/238/360 177/274/424 154/275/425
s 58
f 154/275/426 185/276/427 190/241/363 189/239/417
f 185/276/427 145/277/428 191/242/364 190/241/363
s 62
f 192/255/381 191/254/380 145/190/429 157/189/430
s 63
f 157/189/431 147/220/432 193/257/384 192/255/383
s 42
f 194/195/301 193/194/300 147/220/433 179/219/434
f 195/221/407 194/195/301 179/219/434 156/218/435
s 50
f 156/218/436 171/217/437 196/222/332 195/221/331
f 171/217/437 148/272/438 197/261/391 196/222/332
s 61
f 198/205/377 197/252/376 148/272/439 155/271/440
s 45
f 155/271/441 146/270/442 187/206/312 198/205/311
s 56
f 176/237/443 200/235/357 199/267/400 167/268/444
f 201/236/358 200/235/357 176/237/443 166/240/445
s 44
f 184/244/446 202/204/310 201/236/416 166/240/447
f 168/243/448 203/201/307 202/204/310 184/244/446
s 46
f 204/212/318 203/211/317 168/253/449 170/256/450
s 64
f 161/258/451 205/259/387 204/212/390 170/256/452
s 52
f 206/230/342 205/229/341 161/193/453 180/196/454
f 207/228/410 206/230/342 180/196/454 158/224/455
s 51
f 172/223/456 208/225/335 207/228/338 158/224/457
f 159/262/458 209/263/393 208/225/335 172/223/456
s 60
f 210/245/374 209/250/373 159/251/459 169/208/460
s 59
f 167/207/461 199/246/368 210/245/367 169/208/462
s 65
f 223/278/463 211/279/464 251/280/465 252/281/466
s 66
f 227/282/467 259/283/468 260/284/469 246/285/470
s 67
f 231/286/471 215/287/472 247/288/473 248/289/474
s 68
f 269/290/475 217/291/476 249/292/477 268/293/478
s 69
f 264/294/479 253/295/480 233/296/481 235/297/482
s 70
f 231/298/483 217/299/484 269/300/485 270/301/486
s 71
f 220/302/487 243/303/488 244/304/489 219/305/490
s 72
f 244/304/491 237/306/492 222/307/493 219/305/494
s 73
f 252/281/495 245/308/496 213/309/497 223/278/498
s 74
f 261/310/499 262/311/500 238/312/501 224/313/502
s 75
f 274/314/503 239/315/504 226/316/505 273/317/506
s 76
f 247/288/507 215/287/508 271/318/509 272/319/510
s 77
f 226/316/511 239/315/512 240/320/513 228/321/514
s 78
f 240/320/515 241/322/516 230/323/517 228/321/518
s 79
f 249/292/519 217/291/520 231/286/521 248/289/522
s 80
f 230/323/523 241/322/524 266/324/525 267/325/526
s 81
f 242/326/527 254/327/528 255/328/529 232/329/530
s 82
f 256/330/531 257/331/532 234/332/533 250/333/534
s 83
f 276/334/535 265/335/536 218/336/537 229/337/538
s 84
f 229/337/539 216/338/540 275/339/541 276/334/542
s 85
f 225/340/543 263/341/544 264/294/545 235/297/546
s 86
f 234/342/547 257/343/548 258/344/549 236/345/550
s 87
f 258/344/551 259/346/552 227/347/553 236/345/554
s 88
f 271/348/555 215/349/556 231/298/557 270/301/558
s 74
f 262/311/500 263/350/559 225/351/560 238/312/501
s 75
f 275/352/561 216/353/562 239/315/504 274/314/503
s 77
f 240/320/513 239/315/512 216/353/563 229/354/564
s 78
f 229/354/565 218/355/566 241/322/516 240/320/515
s 80
f 266/324/525 241/322/524 218/355/567 265/356/568
s 81
f 233/357/569 253/358/570 254/327/528 242/326/527
s 71
f 244/304/489 243/303/488 212/359/571 221/360/572
s 72
f 221/360/573 214/361/574 237/306/492 244/304/491
s 66
f 246/285/470 260/284/469 261/310/575 224/313/576
s 76
f 226/316/577 247/288/507 272/319/510 273/317/578
s 67
f 248/289/474 247/288/473 226/316/579 228/321/580
s 79
f 230/323/581 249/292/519 248/289/522 228/321/582
s 68
f 268/293/478 249/292/477 230/323/583 267/325/584
s 82
f 255/328/585 256/330/531 250/333/534 232/329/586
s 65
f 252/281/466 251/280/465 220/302/587 219/305/588
s 73
f 222/307/589 245/308/496 252/281/495 219/305/590
s 81
f 253/358/570 212/362/591 243/363/592 254/327/528
f 255/328/529 254/327/528 243/363/592 220/364/593
s 82
f 220/364/594 251/365/595 256/330/531 255/328/585
f 251/365/595 211/366/596 257/331/532 256/330/531
s 86
f 258/344/549 257/343/548 211/279/597 223/278/598
s 87
f 223/278/599 213/309/600 259/346/552 258/344/551
s 66
f 260/284/469 259/283/468 213/309/601 245/308/602
f 261/310/575 260/284/469 245/308/602 222/307/603
s 74
f 222/307/604 237/306/605 262/311/500 261/310/499
f 237/306/605 214/361/606 263/350/559 262/311/500
s 85
f 264/294/545 263/341/544 214/361/607 221/360/608
s 69
f 221/360/609 212/359/610 253/295/480 264/294/479
s 80
f 242/326/611 266/324/525 265/356/568 233/357/612
f 267/325/526 266/324/525 242/326/611 232/329/613
s 68
f 250/333/614 268/293/478 267/325/584 232/329/615
f 234/332/616 269/290/475 268/293/478 250/333/614
s 70
f 270/301/486 269/300/485 234/342/617 236/345/618
s 88
f 227/347/619 271/348/555 270/301/558 236/345/620
s 76
f 272/319/510 271/318/509 227/282/621 246/285/622
f 273/317/578 272/319/510 246/285/622 224/313/623
s 75
f 238/312/624 274/314/503 273/317/506 224/313/625
f 225/351/626 275/352/561 274/314/503 238/312/624
s 84
f 276/334/542 275/339/541 225/340/627 235/297/628
s 83
f 233/296/629 265/335/536 276/334/535 235/297/630
s 89
f 289/367/631 277/368/632 317/369/633 318/370/634
s 90
f 293/371/635 325/372/636 326/373/637 312/374/638
s 91
f 297/375/639 281/376/640 313/377/641 314/378/642
s 92
f 335/379/643 283/380/644 315/381/645 334/382/646
s 93
f 330/383/647 319/384/648 299/385/649 301/386/650
s 94
f 297/387/651 283/388/652 335/389/653 336/390/654
s 95
f 286/391/655 309/392/656 310/393/657 285/394/658
s 96
f 310/393/659 303/395/660 288/396/661 285/394/662
s 97
f 318/370/663 311/397/664 279/398/665 289/367/666
s 98
f 327/399/667 328/400/668 304/401/669 290/402/670
s 99
f 340/403/671 305/404/672 292/405/673 339/406/674
s 100
f 313/377/675 281/376/676 337/407/677 338/408/678
s 101
f 292/405/679 305/404/680 306/409/681 294/410/682
s 102
f 306/409/683 307/411/684 296/412/685 294/410/686
s 103
f 315/381/687 283/380/688 297/375/689 314/378/690
s 104
f 296/412/691 307/411/692 332/413/693 333/414/694
s 105
f 308/415/695 320/416/696 321/417/697 298/418/698
s 106
f 322/419/699 323/420/700 300/421/701 316/422/702
s 107
f 342/423/703 331/424/704 284/425/705 295/426/706
s 108
f 295/426/707 282/427/708 341/428/709 342/423/710
s 109
f 291/429/711 329/430/712 330/383/713 301/386/714
s 110
f 300/431/715 323/432/716 324/433/717 302/434/718
s 111
f 324/433/719 325/435/720 293/436/721 302/434/722
s 112
f 337/437/723 281/438/724 297/387/725 336/390/726
s 98
f 328/400/668 329/439/727 291/440/728 304/401/669
s 99
f 341/441/729 282/442/730 305/404/672 340/403/671
s 101
f 306/409/681 305/404/680 282/442/731 295/443/732
s 102
f 295/443/733 284/444/734 307/411/684 306/409/683
s 104
f 332/413/693 307/411/692 284/444/735 331/445/736
s 105
f 299/446/737 319/447/738 320/416/696 308/415/695
s 95
f 310/393/657 309/392/656 278/448/739 287/449/740
s 96
f 287/449/741 280/450/742 303/395/660 310/393/659
s 90
f 312/374/638 326/373/637 327/399/743 290/402/744
s 100
f 292/405/745 313/377/675 338/408/678 339/406/746
s 91
f 314/378/642 313/377/641 292/405/747 294/410/748
s 103
f 296/412/749 315/381/687 314/378/690 294/410/750
s 92
f 334/382/646 315/381/645 296/412/751 333/414/752
s 106
f 321/417/753 322/419/699 316/422/702 298/418/754
s 89
f 318/370/634 317/369/633 286/391/755 285/394/756
s 97
f 288/396/757 311/397/664 318/370/663 285/394/758
s 105
f 319/447/738 278/451/759 309/452/760 320/416/696
f 321/417/697 320/416/696 309/452/760 286/453/761
s 106
f 286/453/762 317/454/763 322/419/699 321/417/753
f 317/454/763 277/455/764 323/420/700 322/419/699
s 110
f 324/433/717 323/432/716 277/368/765 289/367/766
s 111
f 289/367/767 279/398/768 325/435/720 324/433/719
s 90
f 326/373/637 325/372/636 279/398/769 311/397/770
f 327/399/743 326/373/637 311/397/770 288/396/771
s 98
f 288/396/772 303/395/773 328/400/668 327/399/667
f 303/395/773 280/450/774 329/439/727 328/400/668
s 109
f 330/383/713 329/430/712 280/450/775 287/449/776
s 93
f 287/449/777 278/448/778 319/384/648 330/383/647
s 104
f 308/415/779 332/413/693 331/445/736 299/446/780
f 333/414/694 332/413/693 308/415/779 298/418/781
s 92
f 316/422/782 334/382/646 333/414/752 298/418/783
f 300/421/784 335/379/643 334/382/646 316/422/782
s 94
f 336/390/654 335/389/653 300/431/785 302/434/786
s 112
f 293/436/787 337/437/723 336/390/726 302/434/788
s 100
f 338/408/678 337/407/677 293/371/789 312/374/790
f 339/406/746 338/408/678 312/374/790 290/402/791
s 99
f 304/401/792 340/403/671 339/406/674 290/402/793
f 291/440/794 341/441/729 340/403/671 304/401/792
s 108
f 342/423/710 341/428/709 291/429/795 301/386/796
s 107
f 299/385/797 331/424/704 342/423/703 301/386/798
s 113
f 355/456/799 343/457/800 383/458/801 384/459/802
s 114
f 359/460/803 391/461/804 392/462/805 378/463/806
s 115
f 363/464/807 347/465/808 379/466/809 380/467/810
s 116
f 401/468/811 349/469/812 381/470/813 400/471/814
s 117
f 396/472/815 385/473/816 365/474/817 367/475/818
s 118
f 363/476/819 349/477/820 401/478/821 402/479/822
s 119
f 352/480/823 375/481/824 376/482/825 351/483/826
s 120
f 376/482/827 369/484/828 354/485/829 351/483/830
s 121
f 384/459/831 377/486/832 345/487/833 355/456/834
s 122
f 393/488/835 394/489/836 370/490/837 356/491/838
s 123
f 406/492/839 371/493/840 358/494/841 405/495/842
s 124
f 379/466/843 347/465/844 403/496/845 404/497/846
s 125
f 358/494/847 371/493/848 372/498/849 360/499/850
s 126
f 372/498/851 373/500/852 362/501/853 360/499/854
s 127
f 381/470/855 349/469/856 363/464/857 380/467/858
s 128
f 362/501/859 373/500/860 398/502/861 399/503/862
s 129
f 374/504/863 386/505/864 387/506/865 364/507/866
s 130
f 388/508/867 389/509/868 366/510/869 382/511/870
s 131
f 408/512/871 397/513/872 350/514/873 361/515/874
s 132
f 361/515/875 348/516/876 407/517/877 408/512/878
s 133
f 357/518/879 395/519/880 396/472/881 367/475/882
s 134
f 366/520/883 389/521/884 390/522/885 368/523/886
s 135
f 390/522/887 391/524/888 359/525/889 368/523/890
s 136
f 403/526/891 347/527/892 363/476/893 402/479/894
s 122
f 394/489/836 395/528/895 357/529/896 370/490/837
s 123
f 407/530/897 348/531/898 371/493/840 406/492/839
s 125
f 372/498/849 371/493/848 348/531/899 361/532/900
s 126
f 361/532/901 350/533/902 373/500/852 372/498/851
s 128
f 398/502/861 373/500/860 350/533/903 397/534/904
s 129
f 365/535/905 385/536/906 386/505/864 374/504/863
s 119
f 376/482/825 375/481/824 344/537/907 353/538/908
s 120
f 353/538/909 346/539/910 369/484/828 376/482/827
s 114
f 378/463/806 392/462/805 393/488/911 356/491/912
s 124
f 358/494/913 379/466/843 404/497/846 405/495/914
s 115
f 380/467/810 379/466/809 358/494/915 360/499/916
s 127
f 362/501/917 381/470/855 380/467/858 360/499/918
s 116
f 400/471/814 381/470/813 362/501/919 399/503/920
s 130
f 387/506/921 388/508/867 382/511/870 364/507/922
s 113
f 384/459/802 383/458/801 352/480/923 351/483/924
s 121
f 354/485/925 377/486/832 384/459/831 351/483/926
s 129
f 385/536/906 344/540/927 375/541/928 386/505/864
f 387/506/865 386/505/864 375/541/928 352/542/929
s 130
f 352/542/930 383/543/931 388/508/867 387/506/921
f 383/543/931 343/544/932 389/509/868 388/508/867
s 134
f 390/522/885 389/521/884 343/457/933 355/456/934
s 135
f 355/456/935 345/487/936 391/524/888 390/522/887
s 114
f 392/462/805 391/461/804 345/487/937 377/486/938
f 393/488/911 392/462/805 377/486/938 354/485/939
s 122
f 354/485/940 369/484/941 394/489/836 393/488/835
f 369/484/941 346/539/942 395/528/895 394/489/836
s 133
f 396/472/881 395/519/880 346/539/943 353/538/944
s 117
f 353/538/945 344/537/946 385/473/816 396/472/815
s 128
f 374/504/947 398/502/861 397/534/904 365/535/948
f 399/503/862 398/502/861 374/504/947 364/507/949
s 116
f 382/511/950 400/471/814 399/503/920 364/507/951
f 366/510/952 401/468/811 400/471/814 382/511/950
s 118
f 402/479/822 401/478/821 366/520/953 368/523/954
s 136
f 359/525/955 403/526/891 402/479/894 368/523/956
s 124
f 404/497/846 403/496/845 359/460/957 378/463/958
f 405/495/914 404/497/846 378/463/958 356/491/959
s 123
f 370/490/960 406/492/839 405/495/842 356/491/961
f 357/529/962 407/530/897 406/492/839 370/490/960
s 132
f 408/512/878 407/517/877 357/518/963 367/475/964
s 131
f 365/474/965 397/513/872 408/512/871 367/475/966
s 137
f 421/545/967 409/546/968 449/547/969 450/548/970
s 138
f 425/549/971 457/550/972 458/551/973 444/552/974
s 139
f 429/553/975 413/554/976 445/555/977 446/556/978
s 140
f 467/557/979 415/558/980 447/559/981 466/560/982
s 141
f 462/561/983 451/562/984 431/563/985 433/564/986
s 142
f 429/565/987 415/566/988 467/567/989 468/568/990
s 143
f 418/569/991 441/570/992 442/571/993 417/572/994
s 144
f 442/571/995 435/573/996 420/574/997 417/572/998
s 145
f 450/548/999 443/575/1000 411/576/1001 421/545/1002
s 146
f 459/577/1003 460/578/1004 436/579/1005 422/580/1006
s 147
f 472/581/1007 437/582/1008 424/583/1009 471/584/1010
s 148
f 445/555/1011 413/554/1012 469/585/1013 470/586/1014
s 149
f 424/583/1015 437/582/1016 438/587/1017 426/588/1018
s 150
f 438/587/1019 439/589/1020 428/590/1021 426/588/1022
s 151
f 447/559/1023 415/558/1024 429/553/1025 446/556/1026
s 152
f 428/590/1027 439/589/1028 464/591/1029 465/592/1030
s 153
f 440/593/1031 452/594/1032 453/595/1033 430/596/1034
s 154
f 454/597/1035 455/598/1036 432/599/1037 448/600/1038
s 155
f 474/601/1039 463/602/1040 416/603/1041 427/604/1042
s 156
f 427/604/1043 414/605/1044 473/606/1045 474/601/1046
s 157
f 423/607/1047 461/608/1048 462/561/1049 433/564/1050
s 158
f 432/609/1051 455/610/1052 456/611/1053 434/612/1054
s 159
f 456/611/1055 457/613/1056 425/614/1057 434/612/1058
s 160
f 469/615/1059 413/616/1060 429/565/1061 468/568/1062
s 146
f 460/578/1004 461/617/1063 423/618/1064 436/579/1005
s 147
f 473/619/1065 414/620/1066 437/582/1008 472/581/1007
s 149
f 438/587/1017 437/582/1016 414/620/1067 427/621/1068
s 150
f 427/621/1069 416/622/1070 439/589/1020 438/587/1019
s 152
f 464/591/1029 439/589/1028 416/622/1071 463/623/1072
s 153
f 431/624/1073 451/625/1074 452/594/1032 440/593/1031
s 143
f 442/571/993 441/570/992 410/626/1075 419/627/1076
s 144
f 419/627/1077 412/628/1078 435/573/996 442/571/995
s 138
f 444/552/974 458/551/973 459/577/1079 422/580/1080
s 148
f 424/583/1081 445/555/1011 470/586/1014 471/584/1082
s 139
f 446/556/978 445/555/977 424/583/1083 426/588/1084
s 151
f 428/590/1085 447/559/1023 446/556/1026 426/588/1086
s 140
f 466/560/982 447/559/981 428/590/1087 465/592/1088
s 154
f 453/595/1089 454/597/1035 448/600/1038 430/596/1090
s 137
f 450/548/970 449/547/969 418/569/1091 417/572/1092
s 145
f 420/574/1093 443/575/1000 450/548/999 417/572/1094
s 153
f 451/625/1074 410/629/1095 441/630/1096 452/594/1032
f 453/595/1033 452/594/1032 441/630/1096 418/631/1097
s 154
f 418/631/1098 449/632/1099 454/597/1035 453/595/1089
f 449/632/1099 409/633/1100 455/598/1036 454/597/1035
s 158
f 456/611/1053 455/610/1052 409/546/1101 421/545/1102
s 159
f 421/545/1103 411/576/1104 457/613/1056 456/611/1055
s 138
f 458/551/973 457/550/972 411/576/1105 443/575/1106
f 459/577/1079 458/551/973 443/575/1106 420/574/1107
s 146
f 420/574/1108 435/573/1109 460/578/1004 459/577/1003
f 435/573/1109 412/628/1110 461/617/1063 460/578/1004
s 157
f 462/561/1049 461/608/1048 412/628/1111 419/627/1112
s 141
f 419/627/1113 410/626/1114 451/562/984 462/561/983
s 152
f 440/593/1115 464/591/1029 463/623/1072 431/624/1116
f 465/592/1030 464/591/1029 440/593/1115 430/596/1117
s 140
f 448/600/1118 466/560/982 465/592/1088 430/596/1119
f 432/599/1120 467/557/979 466/560/982 448/600/1118
s 142
f 468/568/990 467/567/989 432/609/1121 434/612/1122
s 160
f 425/614/1123 469/615/1059 468/568/1062 434/612/1124
s 148
f 470/586/1014 469/585/1013 425/549/1125 444/552/1126
f 471/584/1082 470/586/1014 444/552/1126 422/580/1127
s 147
f 436/579/1128 472/581/1007 471/584/1010 422/580/1129
f 423/618/1130 473/619/1065 472/581/1007 436/579/1128
s 156
f 474/601/1046 473/606/1045 423/607/1131 433/564/1132
s 155
f 431/563/1133 463/602/1040 474/601/1039 433/564/1134
s 161
f 487/634/1135 475/635/1136 515/636/1137 516/637/1138
s 162
f 491/638/1139 523/639/1140 524/640/1141 510/641/1142
s 163
f 495/642/1143 479/643/1144 511/644/1145 512/645/1146
s 164
f 533/646/1147 481/647/1148 513/648/1149 532/649/1150
s 165
f 528/650/1151 517/651/1152 497/652/1153 499/653/1154
s 166
f 495/654/1155 481/655/1156 533/656/1157 534/657/1158
s 167
f 484/658/1159 507/659/1160 508/660/1161 483/661/1162
s 168
f 508/660/1163 501/662/1164 486/663/1165 483/661/1166
s 169
f 516/637/1167 509/664/1168 477/665/1169 487/634/1170
s 170
f 525/666/1171 526/667/1172 502/668/1173 488/669/1174
s 171
f 538/670/1175 503/671/1176 490/672/1177 537/673/1178
s 172
f 511/644/1179 479/643/1180 535/674/1181 536/675/1182
s 173
f 490/672/1183 503/671/1184 504/676/1185 492/677/1186
s 174
f 504/676/1187 505/678/1188 494/679/1189 492/677/1190
s 175
f 513/648/1191 481/647/1192 495/642/1193 512/645/1194
s 176
f 494/679/1195 505/678/1196 530/680/1197 531/681/1198
s 177
f 506/682/1199 518/683/1200 519/684/1201 496/685/1202
s 178
f 520/686/1203 521/687/1204 498/688/1205 514/689/1206
s 179
f 540/690/1207 529/691/1208 482/692/1209 493/693/1210
s 180
f 493/693/1211 480/694/1212 539/695/1213 540/690/1214
s 181
f 489/696/1215 527/697/1216 528/650/1217 499/653/1218
s 182
f 498/698/1219 521/699/1220 522/700/1221 500/701/1222
s 183
f 522/700/1223 523/702/1224 491/703/1225 500/701/1226
s 184
f 535/704/1227 479/705/1228 495/654/1229 534/657/1230
s 170
f 526/667/1172 527/706/1231 489/707/1232 502/668/1173
s 171
f 539/708/1233 480/709/1234 503/671/1176 538/670/1175
s 173
f 504/676/1185 503/671/1184 480/709/1235 493/710/1236
s 174
f 493/710/1237 482/711/1238 505/678/1188 504/676/1187
s 176
f 530/680/1197 505/678/1196 482/711/1239 529/712/1240
s 177
f 497/713/1241 517/714/1242 518/683/1200 506/682/1199
s 167
f 508/660/1161 507/659/1160 476/715/1243 485/716/1244
s 168
f 485/716/1245 478/717/1246 501/662/1164 508/660/1163
s 162
f 510/641/1142 524/640/1141 525/666/1247 488/669/1248
s 172
f 490/672/1249 511/644/1179 536/675/1182 537/673/1250
s 163
f 512/645/1146 511/644/1145 490/672/1251 492/677/1252
s 175
f 494/679/1253 513/648/1191 512/645/1194 492/677/1254
s 164
f 532/649/1150 513/648/1149 494/679/1255 531/681/1256
s 178
f 519/684/1257 520/686/1203 514/689/1206 496/685/1258
s 161
f 516/637/1138 515/636/1137 484/658/1259 483/661/1260
s 169
f 486/663/1261 509/664/1168 516/637/1167 483/661/1262
s 177
f 517/714/1242 476/718/1263 507/719/1264 518/683/1200
f 519/684/1201 518/683/1200 507/719/1264 484/720/1265
s 178
f 484/720/1266 515/721/1267 520/686/1203 519/684/1257
f 515/721/1267 475/722/1268 521/687/1204 520/686/1203
s 182
f 522/700/1221 521/699/1220 475/635/1269 487/634/1270
s 183
f 487/634/1271 477/665/1272 523/702/1224 522/700/1223
s 162
f 524/640/1141 523/639/1140 477/665/1273 509/664/1274
f 525/666/1247 524/640/1141 509/664/1274 486/663/1275
s 170
f 486/663/1276 501/662/1277 526/667/1172 525/666/1171
f 501/662/1277 478/717/1278 527/706/1231 526/667/1172
s 181
f 528/650/1217 527/697/1216 478/717/1279 485/716/1280
s 165
f 485/716/1281 476/715/1282 517/651/1152 528/650/1151
s 176
f 506/682/1283 530/680/1197 529/712/1240 497/713/1284
f 531/681/1198 530/680/1197 506/682/1283 496/685/1285
s 164
f 514/689/1286 532/649/1150 531/681/1256 496/685/1287
f 498/688/1288 533/646/1147 532/649/1150 514/689/1286
s 166
f 534/657/1158 533/656/1157 498/698/1289 500/701/1290
s 184
f 491/703/1291 535/704/1227 534/657/1230 500/701/1292
s 172
f 536/675/1182 535/674/1181 491/638/1293 510/641/1294
f 537/673/1250 536/675/1182 510/641/1294 488/669/1295
s 171
f 502/668/1296 538/670/1175 537/673/1178 488/669/1297
f 489/707/1298 539/708/1233 538/670/1175 502/668/1296
s 180
f 540/690/1214 539/695/1213 489/696/1299 499/653/1300
s 179
f 497/652/1301 529/691/1208 540/690/1207 499/653/1302
s 185
f 553/723/1303 541/724/1304 581/725/1305 582/726/1306
s 186
f 557/727/1307 589/728/1308 590/729/1309 576/730/1310
s 187
f 561/731/1311 545/732/1312 577/733/1313 578/734/1314
s 188
f 599/735/1315 547/736/1316 579/737/1317 598/738/1318
s 189
f 594/739/1319 583/740/1320 563/741/1321 565/742/1322
s 190
f 561/743/1323 547/744/1324 599/745/1325 600/746/1326
s 191
f 550/747/1327 573/748/1328 574/749/1329 549/750/1330
s 192
f 574/749/1331 567/751/1332 552/752/1333 549/750/1334
s 193
f 582/726/1335 575/753/1336 543/754/1337 553/723/1338
s 194
f 591/755/1339 592/756/1340 568/757/1341 554/758/1342
s 195
f 604/759/1343 569/760/1344 556/761/1345 603/762/1346
s 196
f 577/733/1347 545/732/1348 601/763/1349 602/764/1350
s 197
f 556/761/1351 569/760/1352 570/765/1353 558/766/1354
s 198
f 570/765/1355 571/767/1356 560/768/1357 558/766/1358
s 199
f 579/737/1359 547/736/1360 561/731/1361 578/734/1362
s 200
f 560/768/1363 571/767/1364 596/769/1365 597/770/1366
s 201
f 572/771/1367 584/772/1368 585/773/1369 562/774/1370
s 202
f 586/775/1371 587/776/1372 564/777/1373 580/778/1374
s 203
f 606/779/1375 595/780/1376 548/781/1377 559/782/1378
s 204
f 559/782/1379 546/783/1380 605/784/1381 606/779/1382
s 205
f 555/785/1383 593/786/1384 594/739/1385 565/742/1386
s 206
f 564/787/1387 587/788/1388 588/789/1389 566/790/1390
s 207
f 588/789/1391 589/791/1392 557/792/1393 566/790/1394
s 208
f 601/793/1395 545/794/1396 561/743/1397 600/746/1398
s 194
f 592/756/1340 593/795/1399 555/796/1400 568/757/1341
s 195
f 605/797/1401 546/798/1402 569/760/1344 604/759/1343
s 197
f 570/765/1353 569/760/1352 546/798/1403 559/799/1404
s 198
f 559/799/1405 548/800/1406 571/767/1356 570/765/1355
s 200
f 596/769/1365 571/767/1364 548/800/1407 595/801/1408
s 201
f 563/802/1409 583/803/1410 584/772/1368 572/771/1367
s 191
f 574/749/1329 573/748/1328 542/804/1411 551/805/1412
s 192
f 551/805/1413 544/806/1414 567/751/1332 574/749/1331
s 186
f 576/730/1310 590/729/1309 591/755/1415 554/758/1416
s 196
f 556/761/1417 577/733/1347 602/764/1350 603/762/1418
s 187
f 578/734/1314 577/733/1313 556/761/1419 558/766/1420
s 199
f 560/768/1421 579/737/1359 578/734/1362 558/766/1422
s 188
f 598/738/1318 579/737/1317 560/768/1423 597/770/1424
s 202
f 585/773/1425 586/775/1371 580/778/1374 562/774/1426
s 185
f 582/726/1306 581/725/1305 550/747/1427 549/750/1428
s 193
f 552/752/1429 575/753/1336 582/726/1335 549/750/1430
s 201
f 583/803/1410 542/807/1431 573/808/1432 584/772/1368
f 585/773/1369 584/772/1368 573/808/1432 550/809/1433
s 202
f 550/809/1434 581/810/1435 586/775/1371 585/773/1425
f 581/810/1435 541/811/1436 587/776/1372 586/775/1371
s 206
f 588/789/1389 587/788/1388 541/724/1437 553/723/1438
s 207
f 553/723/1439 543/754/1440 589/791/1392 588/789/1391
s 186
f 590/729/1309 589/728/1308 543/754/1441 575/753/1442
f 591/755/1415 590/729/1309 575/753/1442 552/752/1443
s 194
f 552/752/1444 567/751/1445 592/756/1340 591/755/1339
f 567/751/1445 544/806/1446 593/795/1399 592/756/1340
s 205
f 594/739/1385 593/786/1384 544/806/1447 551/805/1448
s 189
f 551/805/1449 542/804/1450 583/740/1320 594/739/1319
s 200
f 572/771/1451 596/769/1365 595/801/1408 563/802/1452
f 597/770/1366 596/769/1365 572/771/1451 562/774/1453
s 188
f 580/778/1454 598/738/1318 597/770/1424 562/774/1455
f 564/777/1456 599/735/1315 598/738/1318 580/778/1454
s 190
f 600/746/1326 599/745/1325 564/787/1457 566/790/1458
s 208
f 557/792/1459 601/793/1395 600/746/1398 566/790/1460
s 196
f 602/764/1350 601/763/1349 557/727/1461 576/730/1462
f 603/762/1418 602/764/1350 576/730/1462 554/758/1463
s 195
f 568/757/1464 604/759/1343 603/762/1346 554/758/1465
f 555/796/1466 605/797/1401 604/759/1343 568/757/1464
s 204
f 606/779/1382 605/784/1381 555/785/1467 565/742/1468
s 203
f 563/741/1469 595/780/1376 606/779/1375 565/742/1470
s 209
f 619/812/1471 607/813/1472 647/814/1473 648/815/1474
s 210
f 623/816/1475 655/817/1476 656/818/1477 642/819/1478
s 211
f 627/820/1479 611/821/1480 643/822/1481 644/823/1482
s 212
f 665/824/1483 613/825/1484 645/826/1485 664/827/1486
s 213
f 660/828/1487 649/829/1488 629/830/1489 631/831/1490
s 214
f 627/832/1491 613/833/1492 665/834/1493 666/835/1494
s 215
f 616/836/1495 639/837/1496 640/838/1497 615/839/1498
s 216
f 640/838/1499 633/840/1500 618/841/1501 615/839/1502
s 217
f 648/815/1503 641/842/1504 609/843/1505 619/812/1506
s 218
f 657/844/1507 658/845/1508 634/846/1509 620/847/1510
s 219
f 670/848/1511 635/849/1512 622/850/1513 669/851/1514
s 220
f 643/822/1515 611/821/1516 667/852/1517 668/853/1518
s 221
f 622/850/1519 635/849/1520 636/854/1521 624/855/1522
s 222
f 636/854/1523 637/856/1524 626/857/1525 624/855/1526
s 223
f 645/826/1527 613/825/1528 627/820/1529 644/823/1530
s 224
f 626/857/1531 637/856/1532 662/858/1533 663/859/1534
s 225
f 638/860/1535 650/861/1536 651/862/1537 628/863/1538
s 226
f 652/864/1539 653/865/1540 630/866/1541 646/867/1542
s 227
f 672/868/1543 661/869/1544 614/870/1545 625/871/1546
s 228
f 625/871/1547 612/872/1548 671/873/1549 672/868/1550
s 229
f 621/874/1551 659/875/1552 660/828/1553 631/831/1554
s 230
f 630/876/1555 653/877/1556 654/878/1557 632/879/1558
s 231
f 654/878/1559 655/880/1560 623/881/1561 632/879/1562
s 232
f 667/882/1563 611/883/1564 627/832/1565 666/835/1566
s 218
f 658/845/1508 659/884/1567 621/885/1568 634/846/1509
s 219
f 671/886/1569 612/887/1570 635/849/1512 670/848/1511
s 221
f 636/854/1521 635/849/1520 612/887/1571 625/888/1572
s 222
f 625/888/1573 614/889/1574 637/856/1524 636/854/1523
s 224
f 662/858/1533 637/856/1532 614/889/1575 661/890/1576
s 225
f 629/891/1577 649/892/1578 650/861/1536 638/860/1535
s 215
f 640/838/1497 639/837/1496 608/893/1579 617/894/1580
s 216
f 617/894/1581 610/895/1582 633/840/1500 640/838/1499
s 210
f 642/819/1478 656/818/1477 657/844/1583 620/847/1584
s 220
f 622/850/1585 643/822/1515 668/853/1518 669/851/1586
s 211
f 644/823/1482 643/822/1481 622/850/1587 624/855/1588
s 223
f 626/857/1589 645/826/1527 644/823/1530 624/855/1590
s 212
f 664/827/1486 645/826/1485 626/857/1591 663/859/1592
s 226
f 651/862/1593 652/864/1539 646/867/1542 628/863/1594
s 209
f 648/815/1474 647/814/1473 616/836/1595 615/839/1596
s 217
f 618/841/1597 641/842/1504 648/815/1503 615/839/1598
s 225
f 649/892/1578 608/896/1599 639/897/1600 650/861/1536
f 651/862/1537 650/861/1536 639/897/1600 616/898/1601
s 226
f 616/898/1602 647/899/1603 652/864/1539 651/862/1593
f 647/899/1603 607/900/1604 653/865/1540 652/864/1539
s 230
f 654/878/1557 653/877/1556 607/813/1605 619/812/1606
s 231
f 619/812/1607 609/843/1608 655/880/1560 654/878/1559
s 210
f 656/818/1477 655/817/1476 609/843/1609 641/842/1610
f 657/844/1583 656/818/1477 641/842/1610 618/841/1611
s 218
f 618/841/1612 633/840/1613 658/845/1508 657/844/1507
f 633/840/1613 610/895/1614 659/884/1567 658/845/1508
s 229
f 660/828/1553 659/875/1552 610/895/1615 617/894/1616
s 213
f 617/894/1617 608/893/1618 649/829/1488 660/828/1487
s 224
f 638/860/1619 662/858/1533 661/890/1576 629/891/1620
f 663/859/1534 662/858/1533 638/860/1619 628/863/1621
s 212
f 646/867/1622 664/827/1486 663/859/1592 628/863/1623
f 630/866/1624 665/824/1483 664/827/1486 646/867/1622
s 214
f 666/835/1494 665/834/1493 630/876/1625 632/879/1626
s 232
f 623/881/1627 667/882/1563 666/835/1566 632/879/1628
s 220
f 668/853/1518 667/852/1517 623/816/1629 642/819/1630
f 669/851/1586 668/853/1518 642/819/1630 620/847/1631
s 219
f 634/846/1632 670/848/1511 669/851/1514 620/847/1633
f 621/885/1634 671/886/1569 670/848/1511 634/846/1632
s 228
f 672/868/1550 671/873/1549 621/874/1635 631/831/1636
s 227
f 629/830/1637 661/869/1544 672/868/1543 631/831/1638
s 233
f 685/901/1639 673/902/1640 713/903/1641 714/904/1642
s 234
f 689/905/1643 721/906/1644 722/907/1645 708/908/1646
s 235
f 693/909/1647 677/910/1648 709/911/1649 710/912/1650
s 236
f 731/913/1651 679/914/1652 711/915/1653 730/916/1654
s 237
f 726/917/1655 715/918/1656 695/919/1657 697/920/1658
s 238
f 693/921/1659 679/922/1660 731/923/1661 732/924/1662
s 239
f 682/925/1663 705/926/1664 706/927/1665 681/928/1666
s 240
f 706/927/1667 699/929/1668 684/930/1669 681/928/1670
s 241
f 714/904/1671 707/931/1672 675/932/1673 685/901/1674
s 242
f 723/933/1675 724/934/1676 700/935/1677 686/936/1678
s 243
f 736/937/1679 701/938/1680 688/939/1681 735/940/1682
s 244
f 709/911/1683 677/910/1684 733/941/1685 734/942/1686
s 245
f 688/939/1687 701/938/1688 702/943/1689 690/944/1690
s 246
f 702/943/1691 703/945/1692 692/946/1693 690/944/1694
s 247
f 711/915/1695 679/914/1696 693/909/1697 710/912/1698
s 248
f 692/946/1699 703/945/1700 728/947/1701 729/948/1702
s 249
f 704/949/1703 716/950/1704 717/951/1705 694/952/1706
s 250
f 718/953/1707 719/954/1708 696/955/1709 712/956/1710
s 251
f 738/957/1711 727/958/1712 680/959/1713 691/960/1714
s 252
f 691/960/1715 678/961/1716 737/962/1717 738/957/1718
s 253
f 687/963/1719 725/964/1720 726/917/1721 697/920/1722
s 254
f 696/965/1723 719/966/1724 720/967/1725 698/968/1726
s 255
f 720/967/1727 721/969/1728 689/970/1729 698/968/1730
s 256
f 733/971/1731 677/972/1732 693/921/1733 732/924/1734
s 242
f 724/934/1676 725/973/1735 687/974/1736 700/935/1677
s 243
f 737/975/1737 678/976/1738 701/938/1680 736/937/1679
s 245
f 702/943/1689 701/938/1688 678/976/1739 691/977/1740
s 246
f 691/977/1741 680/978/1742 703/945/1692 702/943/1691
s 248
f 728/947/1701 703/945/1700 680/978/1743 727/979/1744
s 249
f 695/980/1745 715/981/1746 716/950/1704 704/949/1703
s 239
f 706/927/1665 705/926/1664 674/982/1747 683/983/1748
s 240
f 683/983/1749 676/984/1750 699/929/1668 706/927/1667
s 234
f 708/908/1646 722/907/1645 723/933/1751 686/936/1752
s 244
f 688/939/1753 709/911/1683 734/942/1686 735/940/1754
s 235
f 710/912/1650 709/911/1649 688/939/1755 690/944/1756
s 247
f 692/946/1757 711/915/1695 710/912/1698 690/944/1758
s 236
f 730/916/1654 711/915/1653 692/946/1759 729/948/1760
s 250
f 717/951/1761 718/953/1707 712/956/1710 694/952/1762
s 233
f 714/904/1642 713/903/1641 682/925/1763 681/928/1764
s 241
f 684/930/1765 707/931/1672 714/904/1671 681/928/1766
s 249
f 715/981/1746 674/985/1767 705/986/1768 716/950/1704
f 717/951/1705 716/950/1704 705/986/1768 682/987/1769
s 250
f 682/987/1770 713/988/1771 718/953/1707 717/951/1761
f 713/988/1771 673/989/1772 719/954/1708 718/953/1707
s 254
f 720/967/1725 719/966/1724 673/902/1773 685/901/1774
s 255
f 685/901/1775 675/932/1776 721/969/1728 720/967/1727
s 234
f 722/907/1645 721/906/1644 675/932/1777 707/931/1778
f 723/933/1751 722/907/1645 707/931/1778 684/930/1779
s 242
f 684/930/1780 699/929/1781 724/934/1676 723/933/1675
f 699/929/1781 676/984/1782 725/973/1735 724/934/1676
s 253
f 726/917/1721 725/964/1720 676/984/1783 683/983/1784
s 237
f 683/983/1785 674/982/1786 715/918/1656 726/917/1655
s 248
f 704/949/1787 728/947/1701 727/979/1744 695/980/1788
f 729/948/1702 728/947/1701 704/949/1787 694/952/1789
s 236
f 712/956/1790 730/916/1654 729/948/1760 694/952/1791
f 696/955/1792 731/913/1651 730/916/1654 712/956/1790
s 238
f 732/924/1662 731/923/1661 696/965/1793 698/968/1794
s 256
f 689/970/1795 733/971/1731 732/924/1734 698/968/1796
s 244
f 734/942/1686 733/941/1685 689/905/1797 708/908/1798
f 735/940/1754 734/942/1686 708/908/1798 686/936/1799
s 243
f 700/935/1800 736/937/1679 735/940/1682 686/936/1801
f 687/974/1802 737/975/1737 736/937/1679 700/935/1800
s 252
f 738/957/1718 737/962/1717 687/963/1803 697/920/1804
s 251
f 695/919/1805 727/958/1712 738/957/1711 697/920/1806
s 257
f 739/990/1807 754/991/1808 784/992/1809 785/993/1810
s 258
f 741/994/1811 751/995/1812 780/996/1813 769/997/1814
s 259
f 787/998/1815 788/999/1816 753/1000/1817 745/1001/1818
s 260
f 771/1002/1819 772/1003/1820 754/1004/1821 739/1005/1822
s 261
f 740/1006/1823 775/1007/1824 792/1008/1825 781/1009/1826
s 262
f 771/1010/1827 739/990/1828 785/993/1829 786/1011/1830
s 258
f 747/1012/1831 742/1013/1832 777/1014/1833 778/1015/1834
s 259
f 749/1016/1835 790/1017/1836 791/1018/1837 746/1019/1838
s 260
f 750/1020/1839 774/1021/1840 775/1022/1841 740/1023/1842
s 257
f 782/1024/1843 750/1025/1844 740/1006/1845 781/1009/1846
s 258
f 751/995/1812 763/1026/1847 779/1027/1848 780/996/1813
s 259
f 753/1000/1817 788/999/1816 789/1028/1849 766/1029/1850
s 260
f 754/1004/1821 772/1003/1820 773/1030/1851 767/1031/1852
s 257
f 784/992/1809 754/991/1808 767/1032/1853 783/1033/1854
f 804/1034/1855 793/1035/1856 756/1036/1857 755/1037/1858
f 795/1038/1859 757/1039/1860 768/1040/1861 794/1041/1862
f 758/1042/1863 757/1039/1860 795/1038/1859 796/1043/1864
s 262
f 770/1044/1865 758/1042/1866 796/1043/1867 797/1045/1868
s 259
f 798/1046/1869 799/1047/1870 760/1048/1871 759/1049/1872
f 765/1050/1873 760/1048/1871 799/1047/1870 800/1051/1874
f 762/1052/1875 761/1053/1876 801/1054/1877 802/1055/1878
s 261
f 755/1037/1879 776/1056/1880 803/1057/1881 804/1034/1882
s 258
f 763/1026/1847 747/1012/1831 778/1015/1834 779/1027/1848
s 259
f 761/1053/1876 765/1050/1873 800/1051/1874 801/1054/1877
f 766/1029/1850 789/1028/1849 790/1017/1836 749/1016/1835
s 260
f 767/1031/1852 773/1030/1851 774/1021/1840 750/1020/1839
s 257
f 783/1033/1854 767/1032/1853 750/1025/1844 782/1024/1843
f 794/1041/1862 768/1040/1861 756/1036/1857 793/1035/1856
s 262
f 759/1058/1883 770/1044/1865 797/1045/1868 798/1059/1884
f 745/1060/1885 771/1010/1827 786/1011/1830 787/1061/1886
s 260
f 745/1001/1887 753/1000/1888 772/1003/1820 771/1002/1819
f 773/1030/1851 772/1003/1820 753/1000/1888 766/1029/1889
f 774/1021/1840 773/1030/1851 766/1029/1889 749/1016/1890
f 775/1022/1841 774/1021/1840 749/1016/1890 746/1019/1891
s 261
f 792/1008/1825 775/1007/1824 746/1062/1892 791/1063/1893
f 803/1057/1881 776/1056/1880 762/1064/1894 802/1065/1895
s 258
f 778/1015/1834 777/1014/1833 744/1066/1896 748/1067/1897
f 779/1027/1848 778/1015/1834 748/1067/1897 764/1068/1898
f 780/996/1813 779/1027/1848 764/1068/1898 752/1069/1899
f 769/997/1814 780/996/1813 752/1069/1899 743/1070/1900
s 257
f 756/1036/1857 812/1071/1901 813/1072/1902 755/1037/1858
f 768/1040/1861 811/1073/1903 812/1071/1901 756/1036/1857
f 757/1039/1860 810/1074/1904 811/1073/1903 768/1040/1861
f 809/1075/1905 810/1074/1904 757/1039/1860 758/1042/1863
s 262
f 808/1076/1906 809/1075/1907 758/1042/1866 770/1044/1865
f 807/1077/1908 808/1076/1906 770/1044/1865 759/1058/1883
s 259
f 759/1049/1872 760/1048/1871 806/1078/1909 807/1079/1910
f 805/1080/1911 806/1078/1909 760/1048/1871 765/1050/1873
f 816/1081/1912 805/1080/1911 765/1050/1873 761/1053/1876
f 815/1082/1913 816/1081/1912 761/1053/1876 762/1052/1875
s 261
f 776/1056/1880 814/1083/1914 815/1084/1915 762/1064/1894
f 813/1072/1916 814/1083/1914 776/1056/1880 755/1037/1879
s 257
f 763/1026/1917 794/1041/1862 793/1035/1856 747/1012/1918
f 751/995/1919 795/1038/1859 794/1041/1862 763/1026/1917
f 796/1043/1864 795/1038/1859 751/995/1919 741/994/1920
s 262
f 797/1045/1868 796/1043/1867 741/994/1921 769/1085/1922
f 798/1059/1884 797/1045/1868 769/1085/1922 743/1086/1923
s 259
f 743/1070/1924 752/1069/1925 799/1047/1870 798/1046/1869
f 800/1051/1874 799/1047/1870 752/1069/1925 764/1068/1926
f 801/1054/1877 800/1051/1874 764/1068/1926 748/1067/1927
f 802/1055/1878 801/1054/1877 748/1067/1927 744/1066/1928
s 261
f 777/1087/1929 803/1057/1881 802/1065/1895 744/1088/1930
f 804/1034/1882 803/1057/1881 777/1087/1929 742/1013/1931
s 257
f 747/1012/1918 793/1035/1856 804/1034/1855 742/1013/1932
s 259
f 789/1028/1849 788/999/1816 806/1078/1909 805/1080/1911
f 807/1079/1910 806/1078/1909 788/999/1816 787/998/1815
s 262
f 787/1061/1886 786/1011/1830 808/1076/1906 807/1077/1908
f 786/1011/1830 785/993/1829 809/1075/1907 808/1076/1906
s 257
f 785/993/1810 784/992/1809 810/1074/1904 809/1075/1905
f 811/1073/1903 810/1074/1904 784/992/1809 783/1033/1854
f 812/1071/1901 811/1073/1903 783/1033/1854 782/1024/1843
f 813/1072/1902 812/1071/1901 782/1024/1843 781/1009/1846
s 261
f 781/1009/1826 792/1008/1825 814/1083/1914 813/1072/1916
f 815/1084/1915 814/1083/1914 792/1008/1825 791/1063/1893
s 259
f 791/1018/1837 790/1017/1836 816/1081/1912 815/1082/1913
f 790/1017/1836 789/1028/1849 805/1080/1911 816/1081/1912
s 273
f 829/1089/1933 817/1090/1934 857/1091/1935 858/1092/1936
s 274
f 833/1093/1937 865/1094/1938 866/1095/1939 852/1096/1940
s 275
f 837/1097/1941 821/1098/1942 853/1099/1943 854/1100/1944
s 276
f 875/1101/1945 823/1102/1946 855/1103/1947 874/1104/1948
s 277
f 870/1105/1949 859/1106/1950 839/1107/1951 841/1108/1952
s 278
f 837/1109/1953 823/1110/1954 875/1111/1955 876/1112/1956
s 279
f 826/1113/1957 849/1114/1958 850/1115/1959 825/1116/1960
s 280
f 850/1115/1961 843/1117/1962 828/1118/1963 825/1116/1964
s 281
f 858/1092/1965 851/1119/1966 819/1120/1967 829/1089/1968
s 282
f 867/1121/1969 868/1122/1970 844/1123/1971 830/1124/1972
s 283
f 880/1125/1973 845/1126/1974 832/1127/1975 879/1128/1976
s 284
f 853/1099/1977 821/1098/1978 877/1129/1979 878/1130/1980
s 285
f 832/1127/1981 845/1126/1982 846/1131/1983 834/1132/1984
s 286
f 846/1131/1985 847/1133/1986 836/1134/1987 834/1132/1988
s 287
f 855/1103/1989 823/1102/1990 837/1097/1991 854/1100/1992
s 288
f 836/1134/1993 847/1133/1994 872/1135/1995 873/1136/1996
s 289
f 848/1137/1997 860/1138/1998 861/1139/1999 838/1140/2000
s 290
f 862/1141/2001 863/1142/2002 840/1143/2003 856/1144/2004
s 291
f 882/1145/2005 871/1146/2006 824/1147/2007 835/1148/2008
s 292
f 835/1148/2009 822/1149/2010 881/1150/2011 882/1145/2012
s 293
f 831/1151/2013 869/1152/2014 870/1105/2015 841/1108/2016
s 294
f 840/1153/2017 863/1154/2018 864/1155/2019 842/1156/2020
s 295
f 864/1155/2021 865/1157/2022 833/1158/2023 842/1156/2024
s 296
f 877/1159/2025 821/1160/2026 837/1109/2027 876/1112/2028
s 282
f 868/1122/1970 869/1161/2029 831/1162/2030 844/1123/1971
s 283
f 881/1163/2031 822/1164/2032 845/1126/1974 880/1125/1973
s 285
f 846/1131/1983 845/1126/1982 822/1164/2033 835/1165/2034
s 286
f 835/1165/2035 824/1166/2036 847/1133/1986 846/1131/1985
s 288
f 872/1135/1995 847/1133/1994 824/1166/2037 871/1167/2038
s 289
f 839/1168/2039 859/1169/2040 860/1138/1998 848/1137/1997
s 279
f 850/1115/1959 849/1114/1958 818/1170/2041 827/1171/2042
s 280
f 827/1171/2043 820/1172/2044 843/1117/1962 850/1115/1961
s 274
f 852/1096/1940 866/1095/1939 867/1121/2045 830/1124/2046
s 284
f 832/1127/2047 853/1099/1977 878/1130/1980 879/1128/2048
s 275
f 854/1100/1944 853/1099/1943 832/1127/2049 834/1132/2050
s 287
f 836/1134/2051 855/1103/1989 854/1100/1992 834/1132/2052
s 276
f 874/1104/1948 855/1103/1947 836/1134/2053 873/1136/2054
s 290
f 861/1139/2055 862/1141/2001 856/1144/2004 838/1140/2056
s 273
f 858/1092/1936 857/1091/1935 826/1113/2057 825/1116/2058
s 281
f 828/1118/2059 851/1119/1966 858/1092/1965 825/1116/2060
s 289
f 859/1169/2040 818/1173/2061 849/1174/2062 860/1138/1998
f 861/1139/1999 860/1138/1998 849/1174/2062 826/1175/2063
s 290
f 826/1175/2064 857/1176/2065 862/1141/2001 861/1139/2055
f 857/1176/2065 817/1177/2066 863/1142/2002 862/1141/2001
s 294
f 864/1155/2019 863/1154/2018 817/1090/2067 829/1089/2068
s 295
f 829/1089/2069 819/1120/2070 865/1157/2022 864/1155/2021
s 274
f 866/1095/1939 865/1094/1938 819/1120/2071 851/1119/2072
f 867/1121/2045 866/1095/1939 851/1119/2072 828/1118/2073
s 282
f 828/1118/2074 843/1117/2075 868/1122/1970 867/1121/1969
f 843/1117/2075 820/1172/2076 869/1161/2029 868/1122/1970
s 293
f 870/1105/2015 869/1152/2014 820/1172/2077 827/1171/2078
s 277
f 827/1171/2079 818/1170/2080 859/1106/1950 870/1105/1949
s 288
f 848/1137/2081 872/1135/1995 871/1167/2038 839/1168/2082
f 873/1136/1996 872/1135/1995 848/1137/2081 838/1140/2083
s 276
f 856/1144/2084 874/1104/1948 873/1136/2054 838/1140/2085
f 840/1143/2086 875/1101/1945 874/1104/1948 856/1144/2084
s 278
f 876/1112/1956 875/1111/1955 840/1153/2087 842/1156/2088
s 296
f 833/1158/2089 877/1159/2025 876/1112/2028 842/1156/2090
s 284
f 878/1130/1980 877/1129/1979 833/1093/2091 852/1096/2092
f 879/1128/2048 878/1130/1980 852/1096/2092 830/1124/2093
s 283
f 844/1123/2094 880/1125/1973 879/1128/1976 830/1124/2095
f 831/1162/2096 881/1163/2031 880/1125/1973 844/1123/2094
s 292
f 882/1145/2012 881/1150/2011 831/1151/2097 841/1108/2098
s 291
f 839/1107/2099 871/1146/2006 882/1145/2005 841/1108/2100
s 297
f 895/1178/2101 883/1179/2102 923/1180/2103 924/1181/2104
s 298
f 899/1182/2105 931/1183/2106 932/1184/2107 918/1185/2108
s 299
f 903/1186/2109 887/1187/2110 919/1188/2111 920/1189/2112
s 300
f 941/1190/2113 889/1191/2114 921/1192/2115 940/1193/2116
s 301
f 936/1194/2117 925/1195/2118 905/1196/2119 907/1197/2120
s 302
f 903/1198/2121 889/1199/2122 941/1200/2123 942/1201/2124
s 303
f 892/1202/2125 915/1203/2126 916/1204/2127 891/1205/2128
s 304
f 916/1204/2129 909/1206/2130 894/1207/2131 891/1205/2132
s 305
f 924/1181/2133 917/1208/2134 885/1209/2135 895/1178/2136
s 306
f 933/1210/2137 934/1211/2138 910/1212/2139 896/1213/2140
s 307
f 946/1214/2141 911/1215/2142 898/1216/2143 945/1217/2144
s 308
f 919/1188/2145 887/1187/2146 943/1218/2147 944/1219/2148
s 309
f 898/1216/2149 911/1215/2150 912/1220/2151 900/1221/2152
s 310
f 912/1220/2153 913/1222/2154 902/1223/2155 900/1221/2156
s 311
f 921/1192/2157 889/1191/2158 903/1186/2159 920/1189/2160
s 312
f 902/1223/2161 913/1222/2162 938/1224/2163 939/1225/2164
s 313
f 914/1226/2165 926/1227/2166 927/1228/2167 904/1229/2168
s 314
f 928/1230/2169 929/1231/2170 906/1232/2171 922/1233/2172
s 315
f 948/1234/2173 937/1235/2174 890/1236/2175 901/1237/2176
s 316
f 901/1237/2177 888/1238/2178 947/1239/2179 948/1234/2180
s 317
f 897/1240/2181 935/1241/2182 936/1194/2183 907/1197/2184
s 318
f 906/1242/2185 929/1243/2186 930/1244/2187 908/1245/2188
s 319
f 930/1244/2189 931/1246/2190 899/1247/2191 908/1245/2192
s 320
f 943/1248/2193 887/1249/2194 903/1198/2195 942/1201/2196
s 306
f 934/1211/2138 935/1250/2197 897/1251/2198 910/1212/2139
s 307
f 947/1252/2199 888/1253/2200 911/1215/2142 946/1214/2141
s 309
f 912/1220/2151 911/1215/2150 888/1253/2201 901/1254/2202
s 310
f 901/1254/2203 890/1255/2204 913/1222/2154 912/1220/2153
s 312
f 938/1224/2163 913/1222/2162 890/1255/2205 937/1256/2206
s 313
f 905/1257/2207 925/1258/2208 926/1227/2166 914/1226/2165
s 303
f 916/1204/2127 915/1203/2126 884/1259/2209 893/1260/2210
s 304
f 893/1260/2211 886/1261/2212 909/1206/2130 916/1204/2129
s 298
f 918/1185/2108 932/1184/2107 933/1210/2213 896/1213/2214
s 308
f 898/1216/2215 919/1188/2145 944/1219/2148 945/1217/2216
s 299
f 920/1189/2112 919/1188/2111 898/1216/2217 900/1221/2218
s 311
f 902/1223/2219 921/1192/2157 920/1189/2160 900/1221/2220
s 300
f 940/1193/2116 921/1192/2115 902/1223/2221 939/1225/2222
s 314
f 927/1228/2223 928/1230/2169 922/1233/2172 904/1229/2224
s 297
f 924/1181/2104 923/1180/2103 892/1202/2225 891/1205/2226
s 305
f 894/1207/2227 917/1208/2134 924/1181/2133 891/1205/2228
s 313
f 925/1258/2208 884/1262/2229 915/1263/2230 926/1227/2166
f 927/1228/2167 926/1227/2166 915/1263/2230 892/1264/2231
s 314
f 892/1264/2232 923/1265/2233 928/1230/2169 927/1228/2223
f 923/1265/2233 883/1266/2234 929/1231/2170 928/1230/2169
s 318
f 930/1244/2187 929/1243/2186 883/1179/2235 895/1178/2236
s 319
f 895/1178/2237 885/1209/2238 931/1246/2190 930/1244/2189
s 298
f 932/1184/2107 931/1183/2106 885/1209/2239 917/1208/2240
f 933/1210/2213 932/1184/2107 917/1208/2240 894/1207/2241
s 306
f 894/1207/2242 909/1206/2243 934/1211/2138 933/1210/2137
f 909/1206/2243 886/1261/2244 935/1250/2197 934/1211/2138
s 317
f 936/1194/2183 935/1241/2182 886/1261/2245 893/1260/2246
s 301
f 893/1260/2247 884/1259/2248 925/1195/2118 936/1194/2117
s 312
f 914/1226/2249 938/1224/2163 937/1256/2206 905/1257/2250
f 939/1225/2164 938/1224/2163 914/1226/2249 904/1229/2251
s 300
f 922/1233/2252 940/1193/2116 939/1225/2222 904/1229/2253
f 906/1232/2254 941/1190/2113 940/1193/2116 922/1233/2252
s 302
f 942/1201/2124 941/1200/2123 906/1242/2255 908/1245/2256
s 320
f 899/1247/2257 943/1248/2193 942/1201/2196 908/1245/2258
s 308
f 944/1219/2148 943/1218/2147 899/1182/2259 918/1185/2260
f 945/1217/2216 944/1219/2148 918/1185/2260 896/1213/2261
s 307
f 910/1212/2262 946/1214/2141 945/1217/2144 896/1213/2263
f 897/1251/2264 947/1252/2199 946/1214/2141 910/1212/2262
s 316
f 948/1234/2180 947/1239/2179 897/1240/2265 907/1197/2266
s 315
f 905/1196/2267 937/1235/2174 948/1234/2173 907/1197/2268
s 321
f 961/1267/2269 949/1268/2270 989/1269/2271 990/1270/2272
s 322
f 965/1271/2273 997/1272/2274 998/1273/2275 984/1274/2276
s 323
f 969/1275/2277 953/1276/2278 985/1277/2279 986/1278/2280
s 324
f 1007/1279/2281 955/1280/2282 987/1281/2283 1006/1282/2284
s 325
f 1002/1283/2285 991/1284/2286 971/1285/2287 973/1286/2288
s 326
f 969/1287/2289 955/1288/2290 1007/1289/2291 1008/1290/2292
s 327
f 958/1291/2293 981/1292/2294 982/1293/2295 957/1294/2296
s 328
f 982/1293/2297 975/1295/2298 960/1296/2299 957/1294/2300
s 329
f 990/1270/2301 983/1297/2302 951/1298/2303 961/1267/2304
s 330
f 999/1299/2305 1000/1300/2306 976/1301/2307 962/1302/2308
s 331
f 1012/1303/2309 977/1304/2310 964/1305/2311 1011/1306/2312
s 332
f 985/1277/2313 953/1276/2314 1009/1307/2315 1010/1308/2316
s 333
f 964/1305/2317 977/1304/2318 978/1309/2319 966/1310/2320
s 334
f 978/1309/2321 979/1311/2322 968/1312/2323 966/1310/2324
s 335
f 987/1281/2325 955/1280/2326 969/1275/2327 986/1278/2328
s 336
f 968/1312/2329 979/1311/2330 1004/1313/2331 1005/1314/2332
s 337
f 980/1315/2333 992/1316/2334 993/1317/2335 970/1318/2336
s 338
f 994/1319/2337 995/1320/2338 972/1321/2339 988/1322/2340
s 339
f 1014/1323/2341 1003/1324/2342 956/1325/2343 967/1326/2344
s 340
f 967/1326/2345 954/1327/2346 1013/1328/2347 1014/1323/2348
s 341
f 963/1329/2349 1001/1330/2350 1002/1283/2351 973/1286/2352
s 342
f 972/1331/2353 995/1332/2354 996/1333/2355 974/1334/2356
s 343
f 996/1333/2357 997/1335/2358 965/1336/2359 974/1334/2360
s 344
f 1009/1337/2361 953/1338/2362 969/1287/2363 1008/1290/2364
s 330
f 1000/1300/2306 1001/1339/2365 963/1340/2366 976/1301/2307
s 331
f 1013/1341/2367 954/1342/2368 977/1304/2310 1012/1303/2309
s 333
f 978/1309/2319 977/1304/2318 954/1342/2369 967/1343/2370
s 334
f 967/1343/2371 956/1344/2372 979/1311/2322 978/1309/2321
s 336
f 1004/1313/2331 979/1311/2330 956/1344/2373 1003/1345/2374
s 337
f 971/1346/2375 991/1347/2376 992/1316/2334 980/1315/2333
s 327
f 982/1293/2295 981/1292/2294 950/1348/2377 959/1349/2378
s 328
f 959/1349/2379 952/1350/2380 975/1295/2298 982/1293/2297
s 322
f 984/1274/2276 998/1273/2275 999/1299/2381 962/1302/2382
s 332
f 964/1305/2383 985/1277/2313 1010/1308/2316 1011/1306/2384
s 323
f 986/1278/2280 985/1277/2279 964/1305/2385 966/1310/2386
s 335
f 968/1312/2387 987/1281/2325 986/1278/2328 966/1310/2388
s 324
f 1006/1282/2284 987/1281/2283 968/1312/2389 1005/1314/2390
s 338
f 993/1317/2391 994/1319/2337 988/1322/2340 970/1318/2392
s 321
f 990/1270/2272 989/1269/2271 958/1291/2393 957/1294/2394
s 329
f 960/1296/2395 983/1297/2302 990/1270/2301 957/1294/2396
s 337
f 991/1347/2376 950/1351/2397 981/1352/2398 992/1316/2334
f 993/1317/2335 992/1316/2334 981/1352/2398 958/1353/2399
s 338
f 958/1353/2400 989/1354/2401 994/1319/2337 993/1317/2391
f 989/1354/2401 949/1355/2402 995/1320/2338 994/1319/2337
s 342
f 996/1333/2355 995/1332/2354 949/1268/2403 961/1267/2404
s 343
f 961/1267/2405 951/1298/2406 997/1335/2358 996/1333/2357
s 322
f 998/1273/2275 997/1272/2274 951/1298/2407 983/1297/2408
f 999/1299/2381 998/1273/2275 983/1297/2408 960/1296/2409
s 330
f 960/1296/2410 975/1295/2411 1000/1300/2306 999/1299/2305
f 975/1295/2411 952/1350/2412 1001/1339/2365 1000/1300/2306
s 341
f 1002/1283/2351 1001/1330/2350 952/1350/2413 959/1349/2414
s 325
f 959/1349/2415 950/1348/2416 991/1284/2286 1002/1283/2285
s 336
f 980/1315/2417 1004/1313/2331 1003/1345/2374 971/1346/2418
f 1005/1314/2332 1004/1313/2331 980/1315/2417 970/1318/2419
s 324
f 988/1322/2420 1006/1282/2284 1005/1314/2390 970/1318/2421
f 972/1321/2422 1007/1279/2281 1006/1282/2284 988/1322/2420
s 326
f 1008/1290/2292 1007/1289/2291 972/1331/2423 974/1334/2424
s 344
f 965/1336/2425 1009/1337/2361 1008/1290/2364 974/1334/2426
s 332
f 1010/1308/2316 1009/1307/2315 965/1271/2427 984/1274/2428
f 1011/1306/2384 1010/1308/2316 984/1274/2428 962/1302/2429
s 331
f 976/1301/2430 1012/1303/2309 1011/1306/2312 962/1302/2431
f 963/1340/2432 1013/1341/2367 1012/1303/2309 976/1301/2430
s 340
f 1014/1323/2348 1013/1328/2347 963/1329/2433 973/1286/2434
s 339
f 971/1285/2435 1003/1324/2342 1014/1323/2341 973/1286/2436
s 345
f 1027/1356/2437 1015/1357/2438 1055/1358/2439 1056/1359/2440
s 346
f 1031/1360/2441 1063/1361/2442 1064/1362/2443 1050/1363/2444
s 347
f 1035/1364/2445 1019/1365/2446 1051/1366/2447 1052/1367/2448
s 348
f 1073/1368/2449 1021/1369/2450 1053/1370/2451 1072/1371/2452
s 349
f 1068/1372/2453 1057/1373/2454 1037/1374/2455 1039/1375/2456
s 350
f 1035/1376/2457 1021/1377/2458 1073/1378/2459 1074/1379/2460
s 351
f 1024/1380/2461 1047/1381/2462 1048/1382/2463 1023/1383/2464
s 352
f 1048/1382/2465 1041/1384/2466 1026/1385/2467 1023/1383/2468
s 353
f 1056/1359/2469 1049/1386/2470 1017/1387/2471 1027/1356/2472
s 354
f 1065/1388/2473 1066/1389/2474 1042/1390/2475 1028/1391/2476
s 355
f 1078/1392/2477 1043/1393/2478 1030/1394/2479 1077/1395/2480
s 356
f 1051/1366/2481 1019/1365/2482 1075/1396/2483 1076/1397/2484
s 357
f 1030/1394/2485 1043/1393/2486 1044/1398/2487 1032/1399/2488
s 358
f 1044/1398/2489 1045/1400/2490 1034/1401/2491 1032/1399/2492
s 359
f 1053/1370/2493 1021/1369/2494 1035/1364/2495 1052/1367/2496
s 360
f 1034/1401/2497 1045/1400/2498 1070/1402/2499 1071/1403/2500
s 361
f 1046/1404/2501 1058/1405/2502 1059/1406/2503 1036/1407/2504
s 362
f 1060/1408/2505 1061/1409/2506 1038/1410/2507 1054/1411/2508
s 363
f 1080/1412/2509 1069/1413/2510 1022/1414/2511 1033/1415/2512
s 364
f 1033/1415/2513 1020/1416/2514 1079/1417/2515 1080/1412/2516
s 365
f 1029/1418/2517 1067/1419/2518 1068/1372/2519 1039/1375/2520
s 366
f 1038/1420/2521 1061/1421/2522 1062/1422/2523 1040/1423/2524
s 367
f 1062/1422/2525 1063/1424/2526 1031/1425/2527 1040/1423/2528
s 368
f 1075/1426/2529 1019/1427/2530 1035/1376/2531 1074/1379/2532
s 354
f 1066/1389/2474 1067/1428/2533 1029/1429/2534 1042/1390/2475
s 355
f 1079/1430/2535 1020/1431/2536 1043/1393/2478 1078/1392/2477
s 357
f 1044/1398/2487 1043/1393/2486 1020/1431/2537 1033/1432/2538
s 358
f 1033/1432/2539 1022/1433/2540 1045/1400/2490 1044/1398/2489
s 360
f 1070/1402/2499 1045/1400/2498 1022/1433/2541 1069/1434/2542
s 361
f 1037/1435/2543 1057/1436/2544 1058/1405/2502 1046/1404/2501
s 351
f 1048/1382/2463 1047/1381/2462 1016/1437/2545 1025/1438/2546
s 352
f 1025/1438/2547 1018/1439/2548 1041/1384/2466 1048/1382/2465
s 346
f 1050/1363/2444 1064/1362/2443 1065/1388/2549 1028/1391/2550
s 356
f 1030/1394/2551 1051/1366/2481 1076/1397/2484 1077/1395/2552
s 347
f 1052/1367/2448 1051/1366/2447 1030/1394/2553 1032/1399/2554
s 359
f 1034/1401/2555 1053/1370/2493 1052/1367/2496 1032/1399/2556
s 348
f 1072/1371/2452 1053/1370/2451 1034/1401/2557 1071/1403/2558
s 362
f 1059/1406/2559 1060/1408/2505 1054/1411/2508 1036/1407/2560
s 345
f 1056/1359/2440 1055/1358/2439 1024/1380/2561 1023/1383/2562
s 353
f 1026/1385/2563 1049/1386/2470 1056/1359/2469 1023/1383/2564
s 361
f 1057/1436/2544 1016/1440/2565 1047/1441/2566 1058/1405/2502
f 1059/1406/2503 1058/1405/2502 1047/1441/2566 1024/1442/2567
s 362
f 1024/1442/2568 1055/1443/2569 1060/1408/2505 1059/1406/2559
f 1055/1443/2569 1015/1444/2570 1061/1409/2506 1060/1408/2505
s 366
f 1062/1422/2523 1061/1421/2522 1015/1357/2571 1027/1356/2572
s 367
f 1027/1356/2573 1017/1387/2574 1063/1424/2526 1062/1422/2525
s 346
f 1064/1362/2443 1063/1361/2442 1017/1387/2575 1049/1386/2576
f 1065/1388/2549 1064/1362/2443 1049/1386/2576 1026/1385/2577
s 354
f 1026/1385/2578 1041/1384/2579 1066/1389/2474 1065/1388/2473
f 1041/1384/2579 1018/1439/2580 1067/1428/2533 1066/1389/2474
s 365
f 1068/1372/2519 1067/1419/2518 1018/1439/2581 1025/1438/2582
s 349
f 1025/1438/2583 1016/1437/2584 1057/1373/2454 1068/1372/2453
s 360
f 1046/1404/2585 1070/1402/2499 1069/1434/2542 1037/1435/2586
f 1071/1403/2500 1070/1402/2499 1046/1404/2585 1036/1407/2587
s 348
f 1054/1411/2588 1072/1371/2452 1071/1403/2558 1036/1407/2589
f 1038/1410/2590 1073/1368/2449 1072/1371/2452 1054/1411/2588
s 350
f 1074/1379/2460 1073/1378/2459 1038/1420/2591 1040/1423/2592
s 368
f 1031/1425/2593 1075/1426/2529 1074/1379/2532 1040/1423/2594
s 356
f 1076/1397/2484 1075/1396/2483 1031/1360/2595 1050/1363/2596
f 1077/1395/2552 1076/1397/2484 1050/1363/2596 1028/1391/2597
s 355
f 1042/1390/2598 1078/1392/2477 1077/1395/2480 1028/1391/2599
f 1029/1429/2600 1079/1430/2535 1078/1392/2477 1042/1390/2598
s 364
f 1080/1412/2516 1079/1417/2515 1029/1418/2601 1039/1375/2602
s 363
f 1037/1374/2603 1069/1413/2510 1080/1412/2509 1039/1375/2604
s 369
f 1081/1445/2605 1096/1446/2606 1126/1447/2607 1127/1448/2608
s 370
f 1083/1449/2609 1093/1450/2610 1122/1451/2611 1111/1452/2612
s 371
f 1129/1453/2613 1130/1454/2614 1095/1455/2615 1087/1456/2616
s 372
f 1113/1457/2617 1114/1458/2618 1096/1459/2619 1081/1460/2620
s 373
f 1082/1461/2621 1117/1462/2622 1134/1463/2623 1123/1464/2624
s 374
f 1113/1465/2625 1081/1445/2626 1127/1448/2627 1128/1466/2628
s 370
f 1089/1467/2629 1084/1468/2630 1119/1469/2631 1120/1470/2632
s 371
f 1091/1471/2633 1132/1472/2634 1133/1473/2635 1088/1474/2636
s 372
f 1092/1475/2637 1116/1476/2638 1117/1477/2639 1082/1478/2640
s 369
f 1124/1479/2641 1092/1480/2642 1082/1461/2643 1123/1464/2644
s 370
f 1093/1450/2610 1105/1481/2645 1121/1482/2646 1122/1451/2611
s 371
f 1095/1455/2615 1130/1454/2614 1131/1483/2647 1108/1484/2648
s 372
f 1096/1459/2619 1114/1458/2618 1115/1485/2649 1109/1486/2650
s 369
f 1126/1447/2607 1096/1446/2606 1109/1487/2651 1125/1488/2652
f 1146/1489/2653 1135/1490/2654 1098/1491/2655 1097/1492/2656
f 1137/1493/2657 1099/1494/2658 1110/1495/2659 1136/1496/2660
f 1100/1497/2661 1099/1494/2658 1137/1493/2657 1138/1498/2662
s 374
f 1112/1499/2663 1100/1497/2664 1138/1498/2665 1139/1500/2666
s 371
f 1140/1501/2667 1141/1502/2668 1102/1503/2669 1101/1504/2670
f 1107/1505/2671 1102/1503/2669 1141/1502/2668 1142/1506/2672
f 1104/1507/2673 1103/1508/2674 1143/1509/2675 1144/1510/2676
s 373
f 1097/1492/2677 1118/1511/2678 1145/1512/2679 1146/1489/2680
s 370
f 1105/1481/2645 1089/1467/2629 1120/1470/2632 1121/1482/2646
s 371
f 1103/1508/2674 1107/1505/2671 1142/1506/2672 1143/1509/2675
f 1108/1484/2648 1131/1483/2647 1132/1472/2634 1091/1471/2633
s 372
f 1109/1486/2650 1115/1485/2649 1116/1476/2638 1092/1475/2637
s 369
f 1125/1488/2652 1109/1487/2651 1092/1480/2642 1124/1479/2641
f 1136/1496/2660 1110/1495/2659 1098/1491/2655 1135/1490/2654
s 374
f 1101/1513/2681 1112/1499/2663 1139/1500/2666 1140/1514/2682
f 1087/1515/2683 1113/1465/2625 1128/1466/2628 1129/1516/2684
s 372
f 1087/1456/2685 1095/1455/2686 1114/1458/2618 1113/1457/2617
f 1115/1485/2649 1114/1458/2618 1095/1455/2686 1108/1484/2687
f 1116/1476/2638 1115/1485/2649 1108/1484/2687 1091/1471/2688
f 1117/1477/2639 1116/1476/2638 1091/1471/2688 1088/1474/2689
s 373
f 1134/1463/2623 1117/1462/2622 1088/1517/2690 1133/1518/2691
f 1145/1512/2679 1118/1511/2678 1104/1519/2692 1144/1520/2693
s 370
f 1120/1470/2632 1119/1469/2631 1086/1521/2694 1090/1522/2695
f 1121/1482/2646 1120/1470/2632 1090/1522/2695 1106/1523/2696
f 1122/1451/2611 1121/1482/2646 1106/1523/2696 1094/1524/2697
f 1111/1452/2612 1122/1451/2611 1094/1524/2697 1085/1525/2698
s 369
f 1098/1491/2655 1154/1526/2699 1155/1527/2700 1097/1492/2656
f 1110/1495/2659 1153/1528/2701 1154/1526/2699 1098/1491/2655
f 1099/1494/2658 1152/1529/2702 1153/1528/2701 1110/1495/2659
f 1151/1530/2703 1152/1529/2702 1099/1494/2658 1100/1497/2661
s 374
f 1150/1531/2704 1151/1530/2705 1100/1497/2664 1112/1499/2663
f 1149/1532/2706 1150/1531/2704 1112/1499/2663 1101/1513/2681
s 371
f 1101/1504/2670 1102/1503/2669 1148/1533/2707 1149/1534/2708
f 1147/1535/2709 1148/1533/2707 1102/1503/2669 1107/1505/2671
f 1158/1536/2710 1147/1535/2709 1107/1505/2671 1103/1508/2674
f 1157/1537/2711 1158/1536/2710 1103/1508/2674 1104/1507/2673
s 373
f 1118/1511/2678 1156/1538/2712 1157/1539/2713 1104/1519/2692
f 1155/1527/2714 1156/1538/2712 1118/1511/2678 1097/1492/2677
s 369
f 1105/1481/2715 1136/1496/2660 1135/1490/2654 1089/1467/2716
f 1093/1450/2717 1137/1493/2657 1136/1496/2660 1105/1481/2715
f 1138/1498/2662 1137/1493/2657 1093/1450/2717 1083/1449/2718
s 374
f 1139/1500/2666 1138/1498/2665 1083/1449/2719 1111/1540/2720
f 1140/1514/2682 1139/1500/2666 1111/1540/2720 1085/1541/2721
s 371
f 1085/1525/2722 1094/1524/2723 1141/1502/2668 1140/1501/2667
f 1142/1506/2672 1141/1502/2668 1094/1524/2723 1106/1523/2724
f 1143/1509/2675 1142/1506/2672 1106/1523/2724 1090/1522/2725
f 1144/1510/2676 1143/1509/2675 1090/1522/2725 1086/1521/2726
s 373
f 1119/1542/2727 1145/1512/2679 1144/1520/2693 1086/1543/2728
f 1146/1489/2680 1145/1512/2679 1119/1542/2727 1084/1468/2729
s 369
f 1089/1467/2716 1135/1490/2654 1146/1489/2653 1084/1468/2730
s 371
f 1131/1483/2647 1130/1454/2614 1148/1533/2707 1147/1535/2709
f 1149/1534/2708 1148/1533/2707 1130/1454/2614 1129/1453/2613
s 374
f 1129/1516/2684 1128/1466/2628 1150/1531/2704 1149/1532/2706
f 1128/1466/2628 1127/1448/2627 1151/1530/2705 1150/1531/2704
s 369
f 1127/1448/2608 1126/1447/2607 1152/1529/2702 1151/1530/2703
f 1153/1528/2701 1152/1529/2702 1126/1447/2607 1125/1488/2652
f 1154/1526/2699 1153/1528/2701 1125/1488/2652 1124/1479/2641
f 1155/1527/2700 1154/1526/2699 1124/1479/2641 1123/1464/2644
s 373
f 1123/1464/2624 1134/1463/2623 1156/1538/2712 1155/1527/2714
f 1157/1539/2713 1156/1538/2712 1134/1463/2623 1133/1518/2691
s 371
f 1133/1473/2635 1132/1472/2634 1158/1536/2710 1157/1537/2711
f 1132/1472/2634 1131/1483/2647 1147/1535/2709 1158/1536/2710
s 385
usemtl aiStandardSurface4OPBR_SG
f 1159//2731 1186//2732 1241//2733 1242//2734
s 386
f 1245//2735 1246//2736 1183//2737 1165//2738
s 387
f 1173//2739 1185//2740 1186//2741 1159//2742
s 388
f 1160//2743 1174//2744 1250//2745 1239//2746
s 389
f 1173//2747 1159//2748 1242//2749 1243//2750
f 1165//2751 1169//2752 1244//2753 1245//2754
s 387
f 1165//2755 1183//2756 1184//2757 1169//2758
s 388
f 1249//2759 1170//2760 1166//2761 1248//2762
s 389
f 1169//2752 1173//2747 1243//2750 1244//2753
s 387
f 1169//2758 1184//2757 1185//2740 1173//2739
s 388
f 1250//2745 1174//2744 1170//2760 1249//2759
s off
f 1191//2763 1188//2764 1194//2765 1189//2766
s 386
f 1177//2767 1247//2768 1248//2769 1166//2770
s 387
f 1178//2771 1177//2772 1166//2773 1170//2774
f 1179//2775 1178//2771 1170//2774 1174//2776
f 1180//2777 1179//2775 1174//2776 1160//2778
s 385
f 1240//2779 1180//2780 1160//2781 1239//2782
s 386
f 1183//2737 1246//2736 1247//2768 1177//2767
s 387
f 1184//2757 1183//2756 1177//2772 1178//2771
f 1185//2740 1184//2757 1178//2771 1179//2775
f 1186//2741 1185//2740 1179//2775 1180//2777
s 385
f 1241//2733 1186//2732 1180//2780 1240//2779
s 391
f 1211//2783 1212//2784 1213//2785 1214//2786 1215//2787
s off
f 1195//2788 1187//2789 1196//2790 1192//2791
f 1198//2792 1190//2793 1200//2794 1197//2795
s 391
f 1217//2796 1216//2797 1218//2798 1214//2786 1213//2785 1219//2799
f 1221//2800 1220//2801 1217//2796 1219//2799 1222//2802
f 1223//2803 1211//2783 1215//2787 1224//2804 1225//2805 1226//2806
s off
f 1201//2807 1193//2808 1202//2809 1199//2810
s 391
f 1227//2811 1223//2803 1226//2806 1228//2812 1229//2813
s off
f 1204//2814 1203//2815 1205//2816 1206//2817 1207//2818 1208//2819 1209//2820 1210//2821
s 391
f 1231//2822 1230//2823 1232//2824 1233//2825 1220//2801 1221//2800
f 1235//2826 1234//2827 1230//2823 1231//2822 1236//2828
f 1229//2813 1228//2812 1237//2829 1238//2830 1234//2827 1235//2826
s 392
f 1193//2831 1201//2832 1203//2833 1204//2834
f 1201//2832 1200//2835 1205//2836 1203//2833
f 1200//2835 1190//2837 1206//2838 1205//2836
f 1190//2837 1189//2839 1207//2840 1206//2838
f 1189//2839 1194//2841 1208//2842 1207//2840
f 1194//2841 1195//2843 1209//2844 1208//2842
f 1195//2843 1192//2845 1210//2846 1209//2844
f 1192//2845 1193//2831 1204//2834 1210//2846
s 393
f 1175//2847 1162//2848 1212//2849 1211//2850
s 394
f 1162//2851 1171//2852 1213//2853 1212//2854
s off
f 1188//2855 1191//2856 1215//2857 1214//2858
s 395
f 1187//2859 1195//2860 1216//2861 1217//2862
f 1195//2860 1194//2863 1218//2864 1216//2861
f 1194//2863 1188//2865 1214//2866 1218//2864
s 394
f 1171//2852 1167//2867 1219//2868 1213//2853
s off
f 1196//2869 1187//2870 1217//2871 1220//2872
s 394
f 1167//2867 1164//2873 1222//2874 1219//2868
s 396
f 1164//2875 1176//2876 1221//2877 1222//2878
s 393
f 1181//2879 1175//2847 1211//2850 1223//2880
s 397
f 1191//2881 1189//2882 1224//2883 1215//2884
f 1189//2882 1190//2885 1225//2886 1224//2883
f 1190//2885 1198//2887 1226//2888 1225//2886
s 393
f 1161//2889 1181//2879 1223//2880 1227//2890
s off
f 1198//2891 1197//2892 1228//2893 1226//2894
s 398
f 1172//2895 1161//2896 1227//2897 1229//2898
s 399
f 1202//2899 1193//2900 1232//2901 1230//2902
f 1193//2900 1192//2903 1233//2904 1232//2901
f 1192//2903 1196//2905 1220//2906 1233//2904
s 396
f 1176//2876 1182//2907 1231//2908 1221//2877
s off
f 1199//2909 1202//2910 1230//2911 1234//2912
s 396
f 1182//2907 1163//2913 1236//2914 1231//2908
s 398
f 1163//2915 1168//2916 1235//2917 1236//2918
s 400
f 1197//2919 1200//2920 1237//2921 1228//2922
f 1200//2920 1201//2923 1238//2924 1237//2921
f 1201//2923 1199//2925 1234//2926 1238//2924
s 398
f 1168//2916 1172//2895 1229//2898 1235//2917
s 385
f 1252//2927 1240//2779 1239//2782 1251//2928
f 1253//2929 1241//2733 1240//2779 1252//2927
f 1242//2734 1241//2733 1253//2929 1254//2930
s 389
f 1243//2750 1242//2749 1254//2931 1255//2932
f 1244//2753 1243//2750 1255//2932 1256//2933
f 1245//2754 1244//2753 1256//2933 1257//2934
s 386
f 1257//2935 1258//2936 1246//2736 1245//2735
f 1247//2768 1246//2736 1258//2936 1259//2937
f 1248//2769 1247//2768 1259//2937 1260//2938
s 388
f 1261//2939 1249//2759 1248//2762 1260//2940
f 1262//2941 1250//2745 1249//2759 1261//2939
f 1239//2746 1250//2745 1262//2941 1251//2942
s 401
f 1312//2943 1311//2944 1313//2945 1314//2946
f 1316//2947 1315//2948 1311//2944 1312//2943
f 1317//2949 1315//2948 1316//2947 1318//2950
s 402
f 1319//2951 1317//2952 1318//2953 1320//2954
f 1321//2955 1319//2951 1320//2954 1322//2956
f 1323//2957 1321//2955 1322//2956 1324//2958
s 403
f 1324//2959 1325//2960 1326//2961 1323//2962
f 1327//2963 1326//2961 1325//2960 1328//2964
f 1329//2965 1327//2963 1328//2964 1330//2966
s 404
f 1332//2967 1331//2968 1329//2969 1330//2970
f 1334//2971 1333//2972 1331//2968 1332//2967
f 1313//2973 1333//2972 1334//2971 1314//2974
s off
f 1252//2975 1251//2976 1265//2977 1263//2978
f 1162//2979 1175//2980 1264//2981 1266//2982
f 1253//2983 1252//2984 1263//2985 1267//2986
f 1175//2987 1181//2988 1268//2989 1264//2990
f 1254//2991 1253//2992 1267//2993 1269//2994
f 1181//2995 1161//2996 1270//2997 1268//2998
f 1255//2999 1254//3000 1269//3001 1271//3002
f 1161//3003 1172//3004 1272//3005 1270//3006
f 1256//3007 1255//3008 1271//3009 1273//3010
f 1172//3011 1168//3012 1274//3013 1272//3014
f 1257//3015 1256//3016 1273//3017 1275//3018
f 1168//3019 1163//3020 1276//3021 1274//3022
f 1163//3023 1182//3024 1277//3025 1276//3026
f 1258//3027 1257//3028 1275//3029 1278//3030
f 1259//3031 1258//3032 1278//3033 1279//3034
f 1182//3035 1176//3036 1280//3037 1277//3038
f 1260//3039 1259//3040 1279//3041 1281//3042
f 1176//3043 1164//3044 1282//3045 1280//3046
f 1261//3047 1260//3048 1281//3049 1283//3050
f 1164//3051 1167//3052 1284//3053 1282//3054
f 1262//3055 1261//3056 1283//3057 1285//3058
f 1167//3059 1171//3060 1286//3061 1284//3062
f 1251//3063 1262//3064 1285//3065 1265//3066
f 1171//3067 1162//3068 1266//3069 1286//3070
s 405
f 1263//3071 1265//3072 1289//3073 1287//3074
s 406
f 1266//3075 1264//3076 1288//3077 1290//3078
s 405
f 1267//3079 1263//3071 1287//3074 1291//3080
s 406
f 1264//3076 1268//3081 1292//3082 1288//3077
s 405
f 1269//3083 1267//3079 1291//3080 1293//3084
s 406
f 1268//3081 1270//3085 1294//3086 1292//3082
s 405
f 1271//3087 1269//3083 1293//3084 1295//3088
s 406
f 1270//3085 1272//3089 1296//3090 1294//3086
s 405
f 1273//3091 1271//3087 1295//3088 1297//3092
s 406
f 1272//3089 1274//3093 1298//3094 1296//3090
s 405
f 1275//3095 1273//3091 1297//3092 1299//3096
s 406
f 1274//3093 1276//3097 1300//3098 1298//3094
f 1276//3097 1277//3099 1301//3100 1300//3098
s 405
f 1278//3101 1275//3095 1299//3096 1302//3102
f 1279//3103 1278//3101 1302//3102 1303//3104
s 406
f 1277//3099 1280//3105 1304//3106 1301//3100
s 405
f 1281//3107 1279//3103 1303//3104 1305//3108
s 406
f 1280//3105 1282//3109 1306//3110 1304//3106
s 405
f 1283//3111 1281//3107 1305//3108 1307//3112
s 406
f 1282//3109 1284//3113 1308//3114 1306//3110
s 405
f 1285//3115 1283//3111 1307//3112 1309//3116
s 406
f 1284//3113 1286//3117 1310//3118 1308//3114
s 405
f 1265//3072 1285//3115 1309//3116 1289//3073
s 406
f 1286//3117 1266//3075 1290//3078 1310//3118
s 407
f 1287//3119 1289//3120 1313//3121 1311//3122
s 408
f 1290//3123 1288//3124 1312//3125 1314//3126
s 407
f 1291//3127 1287//3119 1311//3122 1315//3128
s 408
f 1288//3124 1292//3129 1316//3130 1312//3125
s 407
f 1293//3131 1291//3127 1315//3128 1317//3132
s 408
f 1292//3129 1294//3133 1318//3134 1316//3130
s 407
f 1295//3135 1293//3131 1317//3132 1319//3136
s 408
f 1294//3133 1296//3137 1320//3138 1318//3134
s 407
f 1297//3139 1295//3135 1319//3136 1321//3140
s 408
f 1296//3137 1298//3141 1322//3142 1320//3138
s 407
f 1299//3143 1297//3139 1321//3140 1323//3144
s 408
f 1298//3141 1300//3145 1324//3146 1322//3142
f 1300//3145 1301//3147 1325//3148 1324//3146
s 407
f 1302//3149 1299//3143 1323//3144 1326//3150
f 1303//3151 1302//3149 1326//3150 1327//3152
s 408
f 1301//3147 1304//3153 1328//3154 1325//3148
s 407
f 1305//3155 1303//3151 1327//3152 1329//3156
s 408
f 1304//3153 1306//3157 1330//3158 1328//3154
s 407
f 1307//3159 1305//3155 1329//3156 1331//3160
s 408
f 1306//3157 1308//3161 1332//3162 1330//3158
s 407
f 1309//3163 1307//3159 1331//3160 1333//3164
s 408
f 1308//3161 1310//3165 1334//3166 1332//3162
s 407
f 1289//3120 1309//3163 1333//3164 1313//3121
s 408
f 1310//3165 1290//3123 1314//3126 1334//3166
s 409
f 1335//3167 1362//3168 1417//3169 1418//3170
s 410
f 1421//3171 1422//3172 1359//3173 1341//3174
s 411
f 1349//3175 1361//3176 1362//3177 1335//3178
s 412
f 1336//3179 1350//3180 1426//3181 1415//3182
s 413
f 1349//3183 1335//3184 1418//3185 1419//3186
f 1341//3187 1345//3188 1420//3189 1421//3190
s 411
f 1341//3191 1359//3192 1360//3193 1345//3194
s 412
f 1425//3195 1346//3196 1342//3197 1424//3198
s 413
f 1345//3188 1349//3183 1419//3186 1420//3189
s 411
f 1345//3194 1360//3193 1361//3176 1349//3175
s 412
f 1426//3181 1350//3180 1346//3196 1425//3195
s off
f 1367//3199 1364//3200 1370//3201 1365//3202
s 410
f 1353//3203 1423//3204 1424//3205 1342//3206
s 411
f 1354//3207 1353//3208 1342//3209 1346//3210
f 1355//3211 1354//3207 1346//3210 1350//3212
f 1356//3213 1355//3211 1350//3212 1336//3214
s 409
f 1416//3215 1356//3216 1336//3217 1415//3218
s 410
f 1359//3173 1422//3172 1423//3204 1353//3203
s 411
f 1360//3193 1359//3192 1353//3208 1354//3207
f 1361//3176 1360//3193 1354//3207 1355//3211
f 1362//3177 1361//3176 1355//3211 1356//3213
s 409
f 1417//3169 1362//3168 1356//3216 1416//3215
s 415
f 1387//3219 1388//3220 1389//3221 1390//3222 1391//3223
s off
f 1371//3224 1363//3225 1372//3226 1368//3227
f 1374//3228 1366//3229 1376//3230 1373//3231
s 415
f 1393//3232 1392//3233 1394//3234 1390//3222 1389//3221 1395//3235
f 1397//3236 1396//3237 1393//3232 1395//3235 1398//3238
f 1399//3239 1387//3219 1391//3223 1400//3240 1401//3241 1402//3242
s off
f 1377//3243 1369//3244 1378//3245 1375//3246
s 415
f 1403//3247 1399//3239 1402//3242 1404//3248 1405//3249
s off
f 1380//3250 1379//3251 1381//3252 1382//3253 1383//3254 1384//3255 1385//3256 1386//3257
s 415
f 1407//3258 1406//3259 1408//3260 1409//3261 1396//3237 1397//3236
f 1411//3262 1410//3263 1406//3259 1407//3258 1412//3264
f 1405//3249 1404//3248 1413//3265 1414//3266 1410//3263 1411//3262
s 416
f 1369//3267 1377//3268 1379//3269 1380//3270
f 1377//3268 1376//3271 1381//3272 1379//3269
f 1376//3271 1366//3273 1382//3274 1381//3272
f 1366//3273 1365//3275 1383//3276 1382//3274
f 1365//3275 1370//3277 1384//3278 1383//3276
f 1370//3277 1371//3279 1385//3280 1384//3278
f 1371//3279 1368//3281 1386//3282 1385//3280
f 1368//3281 1369//3267 1380//3270 1386//3282
s 417
f 1351//3283 1338//3284 1388//3285 1387//3286
s 418
f 1338//3287 1347//3288 1389//3289 1388//3290
s off
f 1364//3291 1367//3292 1391//3293 1390//3294
s 419
f 1363//3295 1371//3296 1392//3297 1393//3298
f 1371//3296 1370//3299 1394//3300 1392//3297
f 1370//3299 1364//3301 1390//3302 1394//3300
s 418
f 1347//3288 1343//3303 1395//3304 1389//3289
s off
f 1372//3305 1363//3306 1393//3307 1396//3308
s 418
f 1343//3303 1340//3309 1398//3310 1395//3304
s 420
f 1340//3311 1352//3312 1397//3313 1398//3314
s 417
f 1357//3315 1351//3283 1387//3286 1399//3316
s 421
f 1367//3317 1365//3318 1400//3319 1391//3320
f 1365//3318 1366//3321 1401//3322 1400//3319
f 1366//3321 1374//3323 1402//3324 1401//3322
s 417
f 1337//3325 1357//3315 1399//3316 1403//3326
s off
f 1374//3327 1373//3328 1404//3329 1402//3330
s 422
f 1348//3331 1337//3332 1403//3333 1405//3334
s 423
f 1378//3335 1369//3336 1408//3337 1406//3338
f 1369//3336 1368//3339 1409//3340 1408//3337
f 1368//3339 1372//3341 1396//3342 1409//3340
s 420
f 1352//3312 1358//3343 1407//3344 1397//3313
s off
f 1375//3345 1378//3346 1406//3347 1410//3348
s 420
f 1358//3343 1339//3349 1412//3350 1407//3344
s 422
f 1339//3351 1344//3352 1411//3353 1412//3354
s 424
f 1373//3355 1376//3356 1413//3357 1404//3358
f 1376//3356 1377//3359 1414//3360 1413//3357
f 1377//3359 1375//3361 1410//3362 1414//3360
s 422
f 1344//3352 1348//3331 1405//3334 1411//3353
s 409
f 1428//3363 1416//3215 1415//3218 1427//3364
f 1429//3365 1417//3169 1416//3215 1428//3363
f 1418//3170 1417//3169 1429//3365 1430//3366
s 413
f 1419//3186 1418//3185 1430//3367 1431//3368
f 1420//3189 1419//3186 1431//3368 1432//3369
f 1421//3190 1420//3189 1432//3369 1433//3370
s 410
f 1433//3371 1434//3372 1422//3172 1421//3171
f 1423//3204 1422//3172 1434//3372 1435//3373
f 1424//3205 1423//3204 1435//3373 1436//3374
s 412
f 1437//3375 1425//3195 1424//3198 1436//3376
f 1438//3377 1426//3181 1425//3195 1437//3375
f 1415//3182 1426//3181 1438//3377 1427//3378
s 425
f 1488//3379 1487//3380 1489//3381 1490//3382
f 1492//3383 1491//3384 1487//3380 1488//3379
f 1493//3385 1491//3384 1492//3383 1494//3386
s 426
f 1495//3387 1493//3388 1494//3389 1496//3390
f 1497//3391 1495//3387 1496//3390 1498//3392
f 1499//3393 1497//3391 1498//3392 1500//3394
s 427
f 1500//3395 1501//3396 1502//3397 1499//3398
f 1503//3399 1502//3397 1501//3396 1504//3400
f 1505//3401 1503//3399 1504//3400 1506//3402
s 428
f 1508//3403 1507//3404 1505//3405 1506//3406
f 1510//3407 1509//3408 1507//3404 1508//3403
f 1489//3409 1509//3408 1510//3407 1490//3410
s off
f 1428//3411 1427//3412 1441//3413 1439//3414
f 1338//3415 1351//3416 1440//3417 1442//3418
f 1429//3419 1428//3420 1439//3421 1443//3422
f 1351//3423 1357//3424 1444//3425 1440//3426
f 1430//3427 1429//3428 1443//3429 1445//3430
f 1357//3431 1337//3432 1446//3433 1444//3434
f 1431//3435 1430//3436 1445//3437 1447//3438
f 1337//3439 1348//3440 1448//3441 1446//3442
f 1432//3443 1431//3444 1447//3445 1449//3446
f 1348//3447 1344//3448 1450//3449 1448//3450
f 1433//3451 1432//3452 1449//3453 1451//3454
f 1344//3455 1339//3456 1452//3457 1450//3458
f 1339//3459 1358//3460 1453//3461 1452//3462
f 1434//3463 1433//3464 1451//3465 1454//3466
f 1435//3467 1434//3468 1454//3469 1455//3470
f 1358//3471 1352//3472 1456//3473 1453//3474
f 1436//3475 1435//3476 1455//3477 1457//3478
f 1352//3479 1340//3480 1458//3481 1456//3482
f 1437//3483 1436//3484 1457//3485 1459//3486
f 1340//3487 1343//3488 1460//3489 1458//3490
f 1438//3491 1437//3492 1459//3493 1461//3494
f 1343//3495 1347//3496 1462//3497 1460//3498
f 1427//3499 1438//3500 1461//3501 1441//3502
f 1347//3503 1338//3504 1442//3505 1462//3506
s 429
f 1439//3507 1441//3508 1465//3509 1463//3510
s 430
f 1442//3511 1440//3512 1464//3513 1466//3514
s 429
f 1443//3515 1439//3507 1463//3510 1467//3516
s 430
f 1440//3512 1444//3517 1468//3518 1464//3513
s 429
f 1445//3519 1443//3515 1467//3516 1469//3520
s 430
f 1444//3517 1446//3521 1470//3522 1468//3518
s 429
f 1447//3523 1445//3519 1469//3520 1471//3524
s 430
f 1446//3521 1448//3525 1472//3526 1470//3522
s 429
f 1449//3527 1447//3523 1471//3524 1473//3528
s 430
f 1448//3525 1450//3529 1474//3530 1472//3526
s 429
f 1451//3531 1449//3527 1473//3528 1475//3532
s 430
f 1450//3529 1452//3533 1476//3534 1474//3530
f 1452//3533 1453//3535 1477//3536 1476//3534
s 429
f 1454//3537 1451//3531 1475//3532 1478//3538
f 1455//3539 1454//3537 1478//3538 1479//3540
s 430
f 1453//3535 1456//3541 1480//3542 1477//3536
s 429
f 1457//3543 1455//3539 1479//3540 1481//3544
s 430
f 1456//3541 1458//3545 1482//3546 1480//3542
s 429
f 1459//3547 1457//3543 1481//3544 1483//3548
s 430
f 1458//3545 1460//3549 1484//3550 1482//3546
s 429
f 1461//3551 1459//3547 1483//3548 1485//3552
s 430
f 1460//3549 1462//3553 1486//3554 1484//3550
s 429
f 1441//3508 1461//3551 1485//3552 1465//3509
s 430
f 1462//3553 1442//3511 1466//3514 1486//3554
s 431
f 1463//3555 1465//3556 1489//3557 1487//3558
s 432
f 1466//3559 1464//3560 1488//3561 1490//3562
s 431
f 1467//3563 1463//3555 1487//3558 1491//3564
s 432
f 1464//3560 1468//3565 1492//3566 1488//3561
s 431
f 1469//3567 1467//3563 1491//3564 1493//3568
s 432
f 1468//3565 1470//3569 1494//3570 1492//3566
s 431
f 1471//3571 1469//3567 1493//3568 1495//3572
s 432
f 1470//3569 1472//3573 1496//3574 1494//3570
s 431
f 1473//3575 1471//3571 1495//3572 1497//3576
s 432
f 1472//3573 1474//3577 1498//3578 1496//3574
s 431
f 1475//3579 1473//3575 1497//3576 1499//3580
s 432
f 1474//3577 1476//3581 1500//3582 1498//3578
f 1476//3581 1477//3583 1501//3584 1500//3582
s 431
f 1478//3585 1475//3579 1499//3580 1502//3586
f 1479//3587 1478//3585 1502//3586 1503//3588
s 432
f 1477//3583 1480//3589 1504//3590 1501//3584
s 431
f 1481//3591 1479//3587 1503//3588 1505//3592
s 432
f 1480//3589 1482//3593 1506//3594 1504//3590
s 431
f 1483//3595 1481//3591 1505//3592 1507//3596
s 432
f 1482//3593 1484//3597 1508//3598 1506//3594
s 431
f 1485//3599 1483//3595 1507//3596 1509//3600
s 432
f 1484//3597 1486//3601 1510//3602 1508//3598
s 431
f 1465//3556 1485//3599 1509//3600 1489//3557
s 432
f 1486//3601 1466//3559 1490//3562 1510//3602
s 433
usemtl aiStandardSurface1OPBR_SG
f 1511/1544/3603 1526/1545/3604 1556/1546/3605 1557/1547/3606
s 434
f 1513/1548/3607 1523/1549/3608 1552/1550/3609 1541/1551/3610
s 435
f 1559/1552/3611 1560/1553/3612 1525/1554/3613 1517/1555/3614
s 436
f 1543/1556/3615 1544/1557/3616 1526/1558/3617 1511/1559/3618
s 437
f 1512/1560/3619 1547/1561/3620 1564/1562/3621 1553/1563/3622
s 438
f 1543/1564/3623 1511/1544/3624 1557/1547/3625 1558/1565/3626
s 434
f 1519/1566/3627 1514/1567/3628 1549/1568/3629 1550/1569/3630
s 435
f 1521/1570/3631 1562/1571/3632 1563/1572/3633 1518/1573/3634
s 436
f 1522/1574/3635 1546/1575/3636 1547/1576/3637 1512/1577/3638
s 433
f 1554/1578/3639 1522/1579/3640 1512/1560/3641 1553/1563/3642
s 434
f 1523/1549/3608 1535/1580/3643 1551/1581/3644 1552/1550/3609
s 435
f 1525/1554/3613 1560/1553/3612 1561/1582/3645 1538/1583/3646
s 436
f 1526/1558/3617 1544/1557/3616 1545/1584/3647 1539/1585/3648
s 433
f 1556/1546/3605 1526/1545/3604 1539/1586/3649 1555/1587/3650
f 1576/1588/3651 1565/1589/3652 1528/1590/3653 1527/1591/3654
f 1567/1592/3655 1529/1593/3656 1540/1594/3657 1566/1595/3658
f 1530/1596/3659 1529/1593/3656 1567/1592/3655 1568/1597/3660
s 438
f 1542/1598/3661 1530/1596/3662 1568/1597/3663 1569/1599/3664
s 435
f 1570/1600/3665 1571/1601/3666 1532/1602/3667 1531/1603/3668
f 1537/1604/3669 1532/1602/3667 1571/1601/3666 1572/1605/3670
f 1534/1606/3671 1533/1607/3672 1573/1608/3673 1574/1609/3674
s 437
f 1527/1591/3675 1548/1610/3676 1575/1611/3677 1576/1588/3678
s 434
f 1535/1580/3643 1519/1566/3627 1550/1569/3630 1551/1581/3644
s 435
f 1533/1607/3672 1537/1604/3669 1572/1605/3670 1573/1608/3673
f 1538/1583/3646 1561/1582/3645 1562/1571/3632 1521/1570/3631
s 436
f 1539/1585/3648 1545/1584/3647 1546/1575/3636 1522/1574/3635
s 433
f 1555/1587/3650 1539/1586/3649 1522/1579/3640 1554/1578/3639
f 1566/1595/3658 1540/1594/3657 1528/1590/3653 1565/1589/3652
s 438
f 1531/1612/3679 1542/1598/3661 1569/1599/3664 1570/1613/3680
f 1517/1614/3681 1543/1564/3623 1558/1565/3626 1559/1615/3682
s 436
f 1517/1555/3683 1525/1554/3684 1544/1557/3616 1543/1556/3615
f 1545/1584/3647 1544/1557/3616 1525/1554/3684 1538/1583/3685
f 1546/1575/3636 1545/1584/3647 1538/1583/3685 1521/1570/3686
f 1547/1576/3637 1546/1575/3636 1521/1570/3686 1518/1573/3687
s 437
f 1564/1562/3621 1547/1561/3620 1518/1616/3688 1563/1617/3689
f 1575/1611/3677 1548/1610/3676 1534/1618/3690 1574/1619/3691
s 434
f 1550/1569/3630 1549/1568/3629 1516/1620/3692 1520/1621/3693
f 1551/1581/3644 1550/1569/3630 1520/1621/3693 1536/1622/3694
f 1552/1550/3609 1551/1581/3644 1536/1622/3694 1524/1623/3695
f 1541/1551/3610 1552/1550/3609 1524/1623/3695 1515/1624/3696
s 433
f 1528/1590/3653 1584/1625/3697 1585/1626/3698 1527/1591/3654
f 1540/1594/3657 1583/1627/3699 1584/1625/3697 1528/1590/3653
f 1529/1593/3656 1582/1628/3700 1583/1627/3699 1540/1594/3657
f 1581/1629/3701 1582/1628/3700 1529/1593/3656 1530/1596/3659
s 438
f 1580/1630/3702 1581/1629/3703 1530/1596/3662 1542/1598/3661
f 1579/1631/3704 1580/1630/3702 1542/1598/3661 1531/1612/3679
s 435
f 1531/1603/3668 1532/1602/3667 1578/1632/3705 1579/1633/3706
f 1577/1634/3707 1578/1632/3705 1532/1602/3667 1537/1604/3669
f 1588/1635/3708 1577/1634/3707 1537/1604/3669 1533/1607/3672
f 1587/1636/3709 1588/1635/3708 1533/1607/3672 1534/1606/3671
s 437
f 1548/1610/3676 1586/1637/3710 1587/1638/3711 1534/1618/3690
f 1585/1626/3712 1586/1637/3710 1548/1610/3676 1527/1591/3675
s 433
f 1535/1580/3713 1566/1595/3658 1565/1589/3652 1519/1566/3714
f 1523/1549/3715 1567/1592/3655 1566/1595/3658 1535/1580/3713
f 1568/1597/3660 1567/1592/3655 1523/1549/3715 1513/1548/3716
s 438
f 1569/1599/3664 1568/1597/3663 1513/1548/3717 1541/1639/3718
f 1570/1613/3680 1569/1599/3664 1541/1639/3718 1515/1640/3719
s 435
f 1515/1624/3720 1524/1623/3721 1571/1601/3666 1570/1600/3665
f 1572/1605/3670 1571/1601/3666 1524/1623/3721 1536/1622/3722
f 1573/1608/3673 1572/1605/3670 1536/1622/3722 1520/1621/3723
f 1574/1609/3674 1573/1608/3673 1520/1621/3723 1516/1620/3724
s 437
f 1549/1641/3725 1575/1611/3677 1574/1619/3691 1516/1642/3726
f 1576/1588/3678 1575/1611/3677 1549/1641/3725 1514/1567/3727
s 433
f 1519/1566/3714 1565/1589/3652 1576/1588/3651 1514/1567/3728
s 435
f 1561/1582/3645 1560/1553/3612 1578/1632/3705 1577/1634/3707
f 1579/1633/3706 1578/1632/3705 1560/1553/3612 1559/1552/3611
s 438
f 1559/1615/3682 1558/1565/3626 1580/1630/3702 1579/1631/3704
f 1558/1565/3626 1557/1547/3625 1581/1629/3703 1580/1630/3702
s 433
f 1557/1547/3606 1556/1546/3605 1582/1628/3700 1581/1629/3701
f 1583/1627/3699 1582/1628/3700 1556/1546/3605 1555/1587/3650
f 1584/1625/3697 1583/1627/3699 1555/1587/3650 1554/1578/3639
f 1585/1626/3698 1584/1625/3697 1554/1578/3639 1553/1563/3642
s 437
f 1553/1563/3622 1564/1562/3621 1586/1637/3710 1585/1626/3712
f 1587/1638/3711 1586/1637/3710 1564/1562/3621 1563/1617/3689
s 435
f 1563/1572/3633 1562/1571/3632 1588/1635/3708 1587/1636/3709
f 1562/1571/3632 1561/1582/3645 1577/1634/3707 1588/1635/3708
s 449
f 1601/1643/3729 1589/1644/3730 1629/1645/3731 1630/1646/3732
s 450
f 1605/1647/3733 1637/1648/3734 1638/1649/3735 1624/1650/3736
s 451
f 1609/1651/3737 1593/1652/3738 1625/1653/3739 1626/1654/3740
s 452
f 1647/1655/3741 1595/1656/3742 1627/1657/3743 1646/1658/3744
s 453
f 1642/1659/3745 1631/1660/3746 1611/1661/3747 1613/1662/3748
s 454
f 1609/1663/3749 1595/1664/3750 1647/1665/3751 1648/1666/3752
s 455
f 1598/1667/3753 1621/1668/3754 1622/1669/3755 1597/1670/3756
s 456
f 1622/1669/3757 1615/1671/3758 1600/1672/3759 1597/1670/3760
s 457
f 1630/1646/3761 1623/1673/3762 1591/1674/3763 1601/1643/3764
s 458
f 1639/1675/3765 1640/1676/3766 1616/1677/3767 1602/1678/3768
s 459
f 1652/1679/3769 1617/1680/3770 1604/1681/3771 1651/1682/3772
s 460
f 1625/1653/3773 1593/1652/3774 1649/1683/3775 1650/1684/3776
s 461
f 1604/1681/3777 1617/1680/3778 1618/1685/3779 1606/1686/3780
s 462
f 1618/1685/3781 1619/1687/3782 1608/1688/3783 1606/1686/3784
s 463
f 1627/1657/3785 1595/1656/3786 1609/1651/3787 1626/1654/3788
s 464
f 1608/1688/3789 1619/1687/3790 1644/1689/3791 1645/1690/3792
s 465
f 1620/1691/3793 1632/1692/3794 1633/1693/3795 1610/1694/3796
s 466
f 1634/1695/3797 1635/1696/3798 1612/1697/3799 1628/1698/3800
s 467
f 1654/1699/3801 1643/1700/3802 1596/1701/3803 1607/1702/3804
s 468
f 1607/1702/3805 1594/1703/3806 1653/1704/3807 1654/1699/3808
s 469
f 1603/1705/3809 1641/1706/3810 1642/1659/3811 1613/1662/3812
s 470
f 1612/1707/3813 1635/1708/3814 1636/1709/3815 1614/1710/3816
s 471
f 1636/1709/3817 1637/1711/3818 1605/1712/3819 1614/1710/3820
s 472
f 1649/1713/3821 1593/1714/3822 1609/1663/3823 1648/1666/3824
s 458
f 1640/1676/3766 1641/1715/3825 1603/1716/3826 1616/1677/3767
s 459
f 1653/1717/3827 1594/1718/3828 1617/1680/3770 1652/1679/3769
s 461
f 1618/1685/3779 1617/1680/3778 1594/1718/3829 1607/1719/3830
s 462
f 1607/1719/3831 1596/1720/3832 1619/1687/3782 1618/1685/3781
s 464
f 1644/1689/3791 1619/1687/3790 1596/1720/3833 1643/1721/3834
s 465
f 1611/1722/3835 1631/1723/3836 1632/1692/3794 1620/1691/3793
s 455
f 1622/1669/3755 1621/1668/3754 1590/1724/3837 1599/1725/3838
s 456
f 1599/1725/3839 1592/1726/3840 1615/1671/3758 1622/1669/3757
s 450
f 1624/1650/3736 1638/1649/3735 1639/1675/3841 1602/1678/3842
s 460
f 1604/1681/3843 1625/1653/3773 1650/1684/3776 1651/1682/3844
s 451
f 1626/1654/3740 1625/1653/3739 1604/1681/3845 1606/1686/3846
s 463
f 1608/1688/3847 1627/1657/3785 1626/1654/3788 1606/1686/3848
s 452
f 1646/1658/3744 1627/1657/3743 1608/1688/3849 1645/1690/3850
s 466
f 1633/1693/3851 1634/1695/3797 1628/1698/3800 1610/1694/3852
s 449
f 1630/1646/3732 1629/1645/3731 1598/1667/3853 1597/1670/3854
s 457
f 1600/1672/3855 1623/1673/3762 1630/1646/3761 1597/1670/3856
s 465
f 1631/1723/3836 1590/1727/3857 1621/1728/3858 1632/1692/3794
f 1633/1693/3795 1632/1692/3794 1621/1728/3858 1598/1729/3859
s 466
f 1598/1729/3860 1629/1730/3861 1634/1695/3797 1633/1693/3851
f 1629/1730/3861 1589/1731/3862 1635/1696/3798 1634/1695/3797
s 470
f 1636/1709/3815 1635/1708/3814 1589/1644/3863 1601/1643/3864
s 471
f 1601/1643/3865 1591/1674/3866 1637/1711/3818 1636/1709/3817
s 450
f 1638/1649/3735 1637/1648/3734 1591/1674/3867 1623/1673/3868
f 1639/1675/3841 1638/1649/3735 1623/1673/3868 1600/1672/3869
s 458
f 1600/1672/3870 1615/1671/3871 1640/1676/3766 1639/1675/3765
f 1615/1671/3871 1592/1726/3872 1641/1715/3825 1640/1676/3766
s 469
f 1642/1659/3811 1641/1706/3810 1592/1726/3873 1599/1725/3874
s 453
f 1599/1725/3875 1590/1724/3876 1631/1660/3746 1642/1659/3745
s 464
f 1620/1691/3877 1644/1689/3791 1643/1721/3834 1611/1722/3878
f 1645/1690/3792 1644/1689/3791 1620/1691/3877 1610/1694/3879
s 452
f 1628/1698/3880 1646/1658/3744 1645/1690/3850 1610/1694/3881
f 1612/1697/3882 1647/1655/3741 1646/1658/3744 1628/1698/3880
s 454
f 1648/1666/3752 1647/1665/3751 1612/1707/3883 1614/1710/3884
s 472
f 1605/1712/3885 1649/1713/3821 1648/1666/3824 1614/1710/3886
s 460
f 1650/1684/3776 1649/1683/3775 1605/1647/3887 1624/1650/3888
f 1651/1682/3844 1650/1684/3776 1624/1650/3888 1602/1678/3889
s 459
f 1616/1677/3890 1652/1679/3769 1651/1682/3772 1602/1678/3891
f 1603/1716/3892 1653/1717/3827 1652/1679/3769 1616/1677/3890
s 468
f 1654/1699/3808 1653/1704/3807 1603/1705/3893 1613/1662/3894
s 467
f 1611/1661/3895 1643/1700/3802 1654/1699/3801 1613/1662/3896
s 473
f 1667/1732/3897 1655/1733/3898 1695/1734/3899 1696/1735/3900
s 474
f 1671/1736/3901 1703/1737/3902 1704/1738/3903 1690/1739/3904
s 475
f 1675/1740/3905 1659/1741/3906 1691/1742/3907 1692/1743/3908
s 476
f 1713/1744/3909 1661/1745/3910 1693/1746/3911 1712/1747/3912
s 477
f 1708/1748/3913 1697/1749/3914 1677/1750/3915 1679/1751/3916
s 478
f 1675/1752/3917 1661/1753/3918 1713/1754/3919 1714/1755/3920
s 479
f 1664/1756/3921 1687/1757/3922 1688/1758/3923 1663/1759/3924
s 480
f 1688/1758/3925 1681/1760/3926 1666/1761/3927 1663/1759/3928
s 481
f 1696/1735/3929 1689/1762/3930 1657/1763/3931 1667/1732/3932
s 482
f 1705/1764/3933 1706/1765/3934 1682/1766/3935 1668/1767/3936
s 483
f 1718/1768/3937 1683/1769/3938 1670/1770/3939 1717/1771/3940
s 484
f 1691/1742/3941 1659/1741/3942 1715/1772/3943 1716/1773/3944
s 485
f 1670/1770/3945 1683/1769/3946 1684/1774/3947 1672/1775/3948
s 486
f 1684/1774/3949 1685/1776/3950 1674/1777/3951 1672/1775/3952
s 487
f 1693/1746/3953 1661/1745/3954 1675/1740/3955 1692/1743/3956
s 488
f 1674/1777/3957 1685/1776/3958 1710/1778/3959 1711/1779/3960
s 489
f 1686/1780/3961 1698/1781/3962 1699/1782/3963 1676/1783/3964
s 490
f 1700/1784/3965 1701/1785/3966 1678/1786/3967 1694/1787/3968
s 491
f 1720/1788/3969 1709/1789/3970 1662/1790/3971 1673/1791/3972
s 492
f 1673/1791/3973 1660/1792/3974 1719/1793/3975 1720/1788/3976
s 493
f 1669/1794/3977 1707/1795/3978 1708/1748/3979 1679/1751/3980
s 494
f 1678/1796/3981 1701/1797/3982 1702/1798/3983 1680/1799/3984
s 495
f 1702/1798/3985 1703/1800/3986 1671/1801/3987 1680/1799/3988
s 496
f 1715/1802/3989 1659/1803/3990 1675/1752/3991 1714/1755/3992
s 482
f 1706/1765/3934 1707/1804/3993 1669/1805/3994 1682/1766/3935
s 483
f 1719/1806/3995 1660/1807/3996 1683/1769/3938 1718/1768/3937
s 485
f 1684/1774/3947 1683/1769/3946 1660/1807/3997 1673/1808/3998
s 486
f 1673/1808/3999 1662/1809/4000 1685/1776/3950 1684/1774/3949
s 488
f 1710/1778/3959 1685/1776/3958 1662/1809/4001 1709/1810/4002
s 489
f 1677/1811/4003 1697/1812/4004 1698/1781/3962 1686/1780/3961
s 479
f 1688/1758/3923 1687/1757/3922 1656/1813/4005 1665/1814/4006
s 480
f 1665/1814/4007 1658/1815/4008 1681/1760/3926 1688/1758/3925
s 474
f 1690/1739/3904 1704/1738/3903 1705/1764/4009 1668/1767/4010
s 484
f 1670/1770/4011 1691/1742/3941 1716/1773/3944 1717/1771/4012
s 475
f 1692/1743/3908 1691/1742/3907 1670/1770/4013 1672/1775/4014
s 487
f 1674/1777/4015 1693/1746/3953 1692/1743/3956 1672/1775/4016
s 476
f 1712/1747/3912 1693/1746/3911 1674/1777/4017 1711/1779/4018
s 490
f 1699/1782/4019 1700/1784/3965 1694/1787/3968 1676/1783/4020
s 473
f 1696/1735/3900 1695/1734/3899 1664/1756/4021 1663/1759/4022
s 481
f 1666/1761/4023 1689/1762/3930 1696/1735/3929 1663/1759/4024
s 489
f 1697/1812/4004 1656/1816/4025 1687/1817/4026 1698/1781/3962
f 1699/1782/3963 1698/1781/3962 1687/1817/4026 1664/1818/4027
s 490
f 1664/1818/4028 1695/1819/4029 1700/1784/3965 1699/1782/4019
f 1695/1819/4029 1655/1820/4030 1701/1785/3966 1700/1784/3965
s 494
f 1702/1798/3983 1701/1797/3982 1655/1733/4031 1667/1732/4032
s 495
f 1667/1732/4033 1657/1763/4034 1703/1800/3986 1702/1798/3985
s 474
f 1704/1738/3903 1703/1737/3902 1657/1763/4035 1689/1762/4036
f 1705/1764/4009 1704/1738/3903 1689/1762/4036 1666/1761/4037
s 482
f 1666/1761/4038 1681/1760/4039 1706/1765/3934 1705/1764/3933
f 1681/1760/4039 1658/1815/4040 1707/1804/3993 1706/1765/3934
s 493
f 1708/1748/3979 1707/1795/3978 1658/1815/4041 1665/1814/4042
s 477
f 1665/1814/4043 1656/1813/4044 1697/1749/3914 1708/1748/3913
s 488
f 1686/1780/4045 1710/1778/3959 1709/1810/4002 1677/1811/4046
f 1711/1779/3960 1710/1778/3959 1686/1780/4045 1676/1783/4047
s 476
f 1694/1787/4048 1712/1747/3912 1711/1779/4018 1676/1783/4049
f 1678/1786/4050 1713/1744/3909 1712/1747/3912 1694/1787/4048
s 478
f 1714/1755/3920 1713/1754/3919 1678/1796/4051 1680/1799/4052
s 496
f 1671/1801/4053 1715/1802/3989 1714/1755/3992 1680/1799/4054
s 484
f 1716/1773/3944 1715/1772/3943 1671/1736/4055 1690/1739/4056
f 1717/1771/4012 1716/1773/3944 1690/1739/4056 1668/1767/4057
s 483
f 1682/1766/4058 1718/1768/3937 1717/1771/3940 1668/1767/4059
f 1669/1805/4060 1719/1806/3995 1718/1768/3937 1682/1766/4058
s 492
f 1720/1788/3976 1719/1793/3975 1669/1794/4061 1679/1751/4062
s 491
f 1677/1750/4063 1709/1789/3970 1720/1788/3969 1679/1751/4064
s 497
f 1733/1821/4065 1721/1822/4066 1761/1823/4067 1762/1824/4068
s 498
f 1737/1825/4069 1769/1826/4070 1770/1827/4071 1756/1828/4072
s 499
f 1741/1829/4073 1725/1830/4074 1757/1831/4075 1758/1832/4076
s 500
f 1779/1833/4077 1727/1834/4078 1759/1835/4079 1778/1836/4080
s 501
f 1774/1837/4081 1763/1838/4082 1743/1839/4083 1745/1840/4084
s 502
f 1741/1841/4085 1727/1842/4086 1779/1843/4087 1780/1844/4088
s 503
f 1730/1845/4089 1753/1846/4090 1754/1847/4091 1729/1848/4092
s 504
f 1754/1847/4093 1747/1849/4094 1732/1850/4095 1729/1848/4096
s 505
f 1762/1824/4097 1755/1851/4098 1723/1852/4099 1733/1821/4100
s 506
f 1771/1853/4101 1772/1854/4102 1748/1855/4103 1734/1856/4104
s 507
f 1784/1857/4105 1749/1858/4106 1736/1859/4107 1783/1860/4108
s 508
f 1757/1831/4109 1725/1830/4110 1781/1861/4111 1782/1862/4112
s 509
f 1736/1859/4113 1749/1858/4114 1750/1863/4115 1738/1864/4116
s 510
f 1750/1863/4117 1751/1865/4118 1740/1866/4119 1738/1864/4120
s 511
f 1759/1835/4121 1727/1834/4122 1741/1829/4123 1758/1832/4124
s 512
f 1740/1866/4125 1751/1865/4126 1776/1867/4127 1777/1868/4128
s 513
f 1752/1869/4129 1764/1870/4130 1765/1871/4131 1742/1872/4132
s 514
f 1766/1873/4133 1767/1874/4134 1744/1875/4135 1760/1876/4136
s 515
f 1786/1877/4137 1775/1878/4138 1728/1879/4139 1739/1880/4140
s 516
f 1739/1880/4141 1726/1881/4142 1785/1882/4143 1786/1877/4144
s 517
f 1735/1883/4145 1773/1884/4146 1774/1837/4147 1745/1840/4148
s 518
f 1744/1885/4149 1767/1886/4150 1768/1887/4151 1746/1888/4152
s 519
f 1768/1887/4153 1769/1889/4154 1737/1890/4155 1746/1888/4156
s 520
f 1781/1891/4157 1725/1892/4158 1741/1841/4159 1780/1844/4160
s 506
f 1772/1854/4102 1773/1893/4161 1735/1894/4162 1748/1855/4103
s 507
f 1785/1895/4163 1726/1896/4164 1749/1858/4106 1784/1857/4105
s 509
f 1750/1863/4115 1749/1858/4114 1726/1896/4165 1739/1897/4166
s 510
f 1739/1897/4167 1728/1898/4168 1751/1865/4118 1750/1863/4117
s 512
f 1776/1867/4127 1751/1865/4126 1728/1898/4169 1775/1899/4170
s 513
f 1743/1900/4171 1763/1901/4172 1764/1870/4130 1752/1869/4129
s 503
f 1754/1847/4091 1753/1846/4090 1722/1902/4173 1731/1903/4174
s 504
f 1731/1903/4175 1724/1904/4176 1747/1849/4094 1754/1847/4093
s 498
f 1756/1828/4072 1770/1827/4071 1771/1853/4177 1734/1856/4178
s 508
f 1736/1859/4179 1757/1831/4109 1782/1862/4112 1783/1860/4180
s 499
f 1758/1832/4076 1757/1831/4075 1736/1859/4181 1738/1864/4182
s 511
f 1740/1866/4183 1759/1835/4121 1758/1832/4124 1738/1864/4184
s 500
f 1778/1836/4080 1759/1835/4079 1740/1866/4185 1777/1868/4186
s 514
f 1765/1871/4187 1766/1873/4133 1760/1876/4136 1742/1872/4188
s 497
f 1762/1824/4068 1761/1823/4067 1730/1845/4189 1729/1848/4190
s 505
f 1732/1850/4191 1755/1851/4098 1762/1824/4097 1729/1848/4192
s 513
f 1763/1901/4172 1722/1905/4193 1753/1906/4194 1764/1870/4130
f 1765/1871/4131 1764/1870/4130 1753/1906/4194 1730/1907/4195
s 514
f 1730/1907/4196 1761/1908/4197 1766/1873/4133 1765/1871/4187
f 1761/1908/4197 1721/1909/4198 1767/1874/4134 1766/1873/4133
s 518
f 1768/1887/4151 1767/1886/4150 1721/1822/4199 1733/1821/4200
s 519
f 1733/1821/4201 1723/1852/4202 1769/1889/4154 1768/1887/4153
s 498
f 1770/1827/4071 1769/1826/4070 1723/1852/4203 1755/1851/4204
f 1771/1853/4177 1770/1827/4071 1755/1851/4204 1732/1850/4205
s 506
f 1732/1850/4206 1747/1849/4207 1772/1854/4102 1771/1853/4101
f 1747/1849/4207 1724/1904/4208 1773/1893/4161 1772/1854/4102
s 517
f 1774/1837/4147 1773/1884/4146 1724/1904/4209 1731/1903/4210
s 501
f 1731/1903/4211 1722/1902/4212 1763/1838/4082 1774/1837/4081
s 512
f 1752/1869/4213 1776/1867/4127 1775/1899/4170 1743/1900/4214
f 1777/1868/4128 1776/1867/4127 1752/1869/4213 1742/1872/4215
s 500
f 1760/1876/4216 1778/1836/4080 1777/1868/4186 1742/1872/4217
f 1744/1875/4218 1779/1833/4077 1778/1836/4080 1760/1876/4216
s 502
f 1780/1844/4088 1779/1843/4087 1744/1885/4219 1746/1888/4220
s 520
f 1737/1890/4221 1781/1891/4157 1780/1844/4160 1746/1888/4222
s 508
f 1782/1862/4112 1781/1861/4111 1737/1825/4223 1756/1828/4224
f 1783/1860/4180 1782/1862/4112 1756/1828/4224 1734/1856/4225
s 507
f 1748/1855/4226 1784/1857/4105 1783/1860/4108 1734/1856/4227
f 1735/1894/4228 1785/1895/4163 1784/1857/4105 1748/1855/4226
s 516
f 1786/1877/4144 1785/1882/4143 1735/1883/4229 1745/1840/4230
s 515
f 1743/1839/4231 1775/1878/4138 1786/1877/4137 1745/1840/4232
s 521
f 1799/1910/4233 1787/1911/4234 1827/1912/4235 1828/1913/4236
s 522
f 1803/1914/4237 1835/1915/4238 1836/1916/4239 1822/1917/4240
s 523
f 1807/1918/4241 1791/1919/4242 1823/1920/4243 1824/1921/4244
s 524
f 1845/1922/4245 1793/1923/4246 1825/1924/4247 1844/1925/4248
s 525
f 1840/1926/4249 1829/1927/4250 1809/1928/4251 1811/1929/4252
s 526
f 1807/1930/4253 1793/1931/4254 1845/1932/4255 1846/1933/4256
s 527
f 1796/1934/4257 1819/1935/4258 1820/1936/4259 1795/1937/4260
s 528
f 1820/1936/4261 1813/1938/4262 1798/1939/4263 1795/1937/4264
s 529
f 1828/1913/4265 1821/1940/4266 1789/1941/4267 1799/1910/4268
s 530
f 1837/1942/4269 1838/1943/4270 1814/1944/4271 1800/1945/4272
s 531
f 1850/1946/4273 1815/1947/4274 1802/1948/4275 1849/1949/4276
s 532
f 1823/1920/4277 1791/1919/4278 1847/1950/4279 1848/1951/4280
s 533
f 1802/1948/4281 1815/1947/4282 1816/1952/4283 1804/1953/4284
s 534
f 1816/1952/4285 1817/1954/4286 1806/1955/4287 1804/1953/4288
s 535
f 1825/1924/4289 1793/1923/4290 1807/1918/4291 1824/1921/4292
s 536
f 1806/1955/4293 1817/1954/4294 1842/1956/4295 1843/1957/4296
s 537
f 1818/1958/4297 1830/1959/4298 1831/1960/4299 1808/1961/4300
s 538
f 1832/1962/4301 1833/1963/4302 1810/1964/4303 1826/1965/4304
s 539
f 1852/1966/4305 1841/1967/4306 1794/1968/4307 1805/1969/4308
s 540
f 1805/1969/4309 1792/1970/4310 1851/1971/4311 1852/1966/4312
s 541
f 1801/1972/4313 1839/1973/4314 1840/1926/4315 1811/1929/4316
s 542
f 1810/1974/4317 1833/1975/4318 1834/1976/4319 1812/1977/4320
s 543
f 1834/1976/4321 1835/1978/4322 1803/1979/4323 1812/1977/4324
s 544
f 1847/1980/4325 1791/1981/4326 1807/1930/4327 1846/1933/4328
s 530
f 1838/1943/4270 1839/1982/4329 1801/1983/4330 1814/1944/4271
s 531
f 1851/1984/4331 1792/1985/4332 1815/1947/4274 1850/1946/4273
s 533
f 1816/1952/4283 1815/1947/4282 1792/1985/4333 1805/1986/4334
s 534
f 1805/1986/4335 1794/1987/4336 1817/1954/4286 1816/1952/4285
s 536
f 1842/1956/4295 1817/1954/4294 1794/1987/4337 1841/1988/4338
s 537
f 1809/1989/4339 1829/1990/4340 1830/1959/4298 1818/1958/4297
s 527
f 1820/1936/4259 1819/1935/4258 1788/1991/4341 1797/1992/4342
s 528
f 1797/1992/4343 1790/1993/4344 1813/1938/4262 1820/1936/4261
s 522
f 1822/1917/4240 1836/1916/4239 1837/1942/4345 1800/1945/4346
s 532
f 1802/1948/4347 1823/1920/4277 1848/1951/4280 1849/1949/4348
s 523
f 1824/1921/4244 1823/1920/4243 1802/1948/4349 1804/1953/4350
s 535
f 1806/1955/4351 1825/1924/4289 1824/1921/4292 1804/1953/4352
s 524
f 1844/1925/4248 1825/1924/4247 1806/1955/4353 1843/1957/4354
s 538
f 1831/1960/4355 1832/1962/4301 1826/1965/4304 1808/1961/4356
s 521
f 1828/1913/4236 1827/1912/4235 1796/1934/4357 1795/1937/4358
s 529
f 1798/1939/4359 1821/1940/4266 1828/1913/4265 1795/1937/4360
s 537
f 1829/1990/4340 1788/1994/4361 1819/1995/4362 1830/1959/4298
f 1831/1960/4299 1830/1959/4298 1819/1995/4362 1796/1996/4363
s 538
f 1796/1996/4364 1827/1997/4365 1832/1962/4301 1831/1960/4355
f 1827/1997/4365 1787/1998/4366 1833/1963/4302 1832/1962/4301
s 542
f 1834/1976/4319 1833/1975/4318 1787/1911/4367 1799/1910/4368
s 543
f 1799/1910/4369 1789/1941/4370 1835/1978/4322 1834/1976/4321
s 522
f 1836/1916/4239 1835/1915/4238 1789/1941/4371 1821/1940/4372
f 1837/1942/4345 1836/1916/4239 1821/1940/4372 1798/1939/4373
s 530
f 1798/1939/4374 1813/1938/4375 1838/1943/4270 1837/1942/4269
f 1813/1938/4375 1790/1993/4376 1839/1982/4329 1838/1943/4270
s 541
f 1840/1926/4315 1839/1973/4314 1790/1993/4377 1797/1992/4378
s 525
f 1797/1992/4379 1788/1991/4380 1829/1927/4250 1840/1926/4249
s 536
f 1818/1958/4381 1842/1956/4295 1841/1988/4338 1809/1989/4382
f 1843/1957/4296 1842/1956/4295 1818/1958/4381 1808/1961/4383
s 524
f 1826/1965/4384 1844/1925/4248 1843/1957/4354 1808/1961/4385
f 1810/1964/4386 1845/1922/4245 1844/1925/4248 1826/1965/4384
s 526
f 1846/1933/4256 1845/1932/4255 1810/1974/4387 1812/1977/4388
s 544
f 1803/1979/4389 1847/1980/4325 1846/1933/4328 1812/1977/4390
s 532
f 1848/1951/4280 1847/1950/4279 1803/1914/4391 1822/1917/4392
f 1849/1949/4348 1848/1951/4280 1822/1917/4392 1800/1945/4393
s 531
f 1814/1944/4394 1850/1946/4273 1849/1949/4276 1800/1945/4395
f 1801/1983/4396 1851/1984/4331 1850/1946/4273 1814/1944/4394
s 540
f 1852/1966/4312 1851/1971/4311 1801/1972/4397 1811/1929/4398
s 539
f 1809/1928/4399 1841/1967/4306 1852/1966/4305 1811/1929/4400
s 545
f 1865/1999/4401 1853/2000/4402 1893/2001/4403 1894/2002/4404
s 546
f 1869/2003/4405 1901/2004/4406 1902/2005/4407 1888/2006/4408
s 547
f 1873/2007/4409 1857/2008/4410 1889/2009/4411 1890/2010/4412
s 548
f 1911/2011/4413 1859/2012/4414 1891/2013/4415 1910/2014/4416
s 549
f 1906/2015/4417 1895/2016/4418 1875/2017/4419 1877/2018/4420
s 550
f 1873/2019/4421 1859/2020/4422 1911/2021/4423 1912/2022/4424
s 551
f 1862/2023/4425 1885/2024/4426 1886/2025/4427 1861/2026/4428
s 552
f 1886/2025/4429 1879/2027/4430 1864/2028/4431 1861/2026/4432
s 553
f 1894/2002/4433 1887/2029/4434 1855/2030/4435 1865/1999/4436
s 554
f 1903/2031/4437 1904/2032/4438 1880/2033/4439 1866/2034/4440
s 555
f 1916/2035/4441 1881/2036/4442 1868/2037/4443 1915/2038/4444
s 556
f 1889/2009/4445 1857/2008/4446 1913/2039/4447 1914/2040/4448
s 557
f 1868/2037/4449 1881/2036/4450 1882/2041/4451 1870/2042/4452
s 558
f 1882/2041/4453 1883/2043/4454 1872/2044/4455 1870/2042/4456
s 559
f 1891/2013/4457 1859/2012/4458 1873/2007/4459 1890/2010/4460
s 560
f 1872/2044/4461 1883/2043/4462 1908/2045/4463 1909/2046/4464
s 561
f 1884/2047/4465 1896/2048/4466 1897/2049/4467 1874/2050/4468
s 562
f 1898/2051/4469 1899/2052/4470 1876/2053/4471 1892/2054/4472
s 563
f 1918/2055/4473 1907/2056/4474 1860/2057/4475 1871/2058/4476
s 564
f 1871/2058/4477 1858/2059/4478 1917/2060/4479 1918/2055/4480
s 565
f 1867/2061/4481 1905/2062/4482 1906/2015/4483 1877/2018/4484
s 566
f 1876/2063/4485 1899/2064/4486 1900/2065/4487 1878/2066/4488
s 567
f 1900/2065/4489 1901/2067/4490 1869/2068/4491 1878/2066/4492
s 568
f 1913/2069/4493 1857/2070/4494 1873/2019/4495 1912/2022/4496
s 554
f 1904/2032/4438 1905/2071/4497 1867/2072/4498 1880/2033/4439
s 555
f 1917/2073/4499 1858/2074/4500 1881/2036/4442 1916/2035/4441
s 557
f 1882/2041/4451 1881/2036/4450 1858/2074/4501 1871/2075/4502
s 558
f 1871/2075/4503 1860/2076/4504 1883/2043/4454 1882/2041/4453
s 560
f 1908/2045/4463 1883/2043/4462 1860/2076/4505 1907/2077/4506
s 561
f 1875/2078/4507 1895/2079/4508 1896/2048/4466 1884/2047/4465
s 551
f 1886/2025/4427 1885/2024/4426 1854/2080/4509 1863/2081/4510
s 552
f 1863/2081/4511 1856/2082/4512 1879/2027/4430 1886/2025/4429
s 546
f 1888/2006/4408 1902/2005/4407 1903/2031/4513 1866/2034/4514
s 556
f 1868/2037/4515 1889/2009/4445 1914/2040/4448 1915/2038/4516
s 547
f 1890/2010/4412 1889/2009/4411 1868/2037/4517 1870/2042/4518
s 559
f 1872/2044/4519 1891/2013/4457 1890/2010/4460 1870/2042/4520
s 548
f 1910/2014/4416 1891/2013/4415 1872/2044/4521 1909/2046/4522
s 562
f 1897/2049/4523 1898/2051/4469 1892/2054/4472 1874/2050/4524
s 545
f 1894/2002/4404 1893/2001/4403 1862/2023/4525 1861/2026/4526
s 553
f 1864/2028/4527 1887/2029/4434 1894/2002/4433 1861/2026/4528
s 561
f 1895/2079/4508 1854/2083/4529 1885/2084/4530 1896/2048/4466
f 1897/2049/4467 1896/2048/4466 1885/2084/4530 1862/2085/4531
s 562
f 1862/2085/4532 1893/2086/4533 1898/2051/4469 1897/2049/4523
f 1893/2086/4533 1853/2087/4534 1899/2052/4470 1898/2051/4469
s 566
f 1900/2065/4487 1899/2064/4486 1853/2000/4535 1865/1999/4536
s 567
f 1865/1999/4537 1855/2030/4538 1901/2067/4490 1900/2065/4489
s 546
f 1902/2005/4407 1901/2004/4406 1855/2030/4539 1887/2029/4540
f 1903/2031/4513 1902/2005/4407 1887/2029/4540 1864/2028/4541
s 554
f 1864/2028/4542 1879/2027/4543 1904/2032/4438 1903/2031/4437
f 1879/2027/4543 1856/2082/4544 1905/2071/4497 1904/2032/4438
s 565
f 1906/2015/4483 1905/2062/4482 1856/2082/4545 1863/2081/4546
s 549
f 1863/2081/4547 1854/2080/4548 1895/2016/4418 1906/2015/4417
s 560
f 1884/2047/4549 1908/2045/4463 1907/2077/4506 1875/2078/4550
f 1909/2046/4464 1908/2045/4463 1884/2047/4549 1874/2050/4551
s 548
f 1892/2054/4552 1910/2014/4416 1909/2046/4522 1874/2050/4553
f 1876/2053/4554 1911/2011/4413 1910/2014/4416 1892/2054/4552
s 550
f 1912/2022/4424 1911/2021/4423 1876/2063/4555 1878/2066/4556
s 568
f 1869/2068/4557 1913/2069/4493 1912/2022/4496 1878/2066/4558
s 556
f 1914/2040/4448 1913/2039/4447 1869/2003/4559 1888/2006/4560
f 1915/2038/4516 1914/2040/4448 1888/2006/4560 1866/2034/4561
s 555
f 1880/2033/4562 1916/2035/4441 1915/2038/4444 1866/2034/4563
f 1867/2072/4564 1917/2073/4499 1916/2035/4441 1880/2033/4562
s 564
f 1918/2055/4480 1917/2060/4479 1867/2061/4565 1877/2018/4566
s 563
f 1875/2017/4567 1907/2056/4474 1918/2055/4473 1877/2018/4568
s 569
f 1931/2088/4569 1919/2089/4570 1959/2090/4571 1960/2091/4572
s 570
f 1935/2092/4573 1967/2093/4574 1968/2094/4575 1954/2095/4576
s 571
f 1939/2096/4577 1923/2097/4578 1955/2098/4579 1956/2099/4580
s 572
f 1977/2100/4581 1925/2101/4582 1957/2102/4583 1976/2103/4584
s 573
f 1972/2104/4585 1961/2105/4586 1941/2106/4587 1943/2107/4588
s 574
f 1939/2108/4589 1925/2109/4590 1977/2110/4591 1978/2111/4592
s 575
f 1928/2112/4593 1951/2113/4594 1952/2114/4595 1927/2115/4596
s 576
f 1952/2114/4597 1945/2116/4598 1930/2117/4599 1927/2115/4600
s 577
f 1960/2091/4601 1953/2118/4602 1921/2119/4603 1931/2088/4604
s 578
f 1969/2120/4605 1970/2121/4606 1946/2122/4607 1932/2123/4608
s 579
f 1982/2124/4609 1947/2125/4610 1934/2126/4611 1981/2127/4612
s 580
f 1955/2098/4613 1923/2097/4614 1979/2128/4615 1980/2129/4616
s 581
f 1934/2126/4617 1947/2125/4618 1948/2130/4619 1936/2131/4620
s 582
f 1948/2130/4621 1949/2132/4622 1938/2133/4623 1936/2131/4624
s 583
f 1957/2102/4625 1925/2101/4626 1939/2096/4627 1956/2099/4628
s 584
f 1938/2133/4629 1949/2132/4630 1974/2134/4631 1975/2135/4632
s 585
f 1950/2136/4633 1962/2137/4634 1963/2138/4635 1940/2139/4636
s 586
f 1964/2140/4637 1965/2141/4638 1942/2142/4639 1958/2143/4640
s 587
f 1984/2144/4641 1973/2145/4642 1926/2146/4643 1937/2147/4644
s 588
f 1937/2147/4645 1924/2148/4646 1983/2149/4647 1984/2144/4648
s 589
f 1933/2150/4649 1971/2151/4650 1972/2104/4651 1943/2107/4652
s 590
f 1942/2152/4653 1965/2153/4654 1966/2154/4655 1944/2155/4656
s 591
f 1966/2154/4657 1967/2156/4658 1935/2157/4659 1944/2155/4660
s 592
f 1979/2158/4661 1923/2159/4662 1939/2108/4663 1978/2111/4664
s 578
f 1970/2121/4606 1971/2160/4665 1933/2161/4666 1946/2122/4607
s 579
f 1983/2162/4667 1924/2163/4668 1947/2125/4610 1982/2124/4609
s 581
f 1948/2130/4619 1947/2125/4618 1924/2163/4669 1937/2164/4670
s 582
f 1937/2164/4671 1926/2165/4672 1949/2132/4622 1948/2130/4621
s 584
f 1974/2134/4631 1949/2132/4630 1926/2165/4673 1973/2166/4674
s 585
f 1941/2167/4675 1961/2168/4676 1962/2137/4634 1950/2136/4633
s 575
f 1952/2114/4595 1951/2113/4594 1920/2169/4677 1929/2170/4678
s 576
f 1929/2170/4679 1922/2171/4680 1945/2116/4598 1952/2114/4597
s 570
f 1954/2095/4576 1968/2094/4575 1969/2120/4681 1932/2123/4682
s 580
f 1934/2126/4683 1955/2098/4613 1980/2129/4616 1981/2127/4684
s 571
f 1956/2099/4580 1955/2098/4579 1934/2126/4685 1936/2131/4686
s 583
f 1938/2133/4687 1957/2102/4625 1956/2099/4628 1936/2131/4688
s 572
f 1976/2103/4584 1957/2102/4583 1938/2133/4689 1975/2135/4690
s 586
f 1963/2138/4691 1964/2140/4637 1958/2143/4640 1940/2139/4692
s 569
f 1960/2091/4572 1959/2090/4571 1928/2112/4693 1927/2115/4694
s 577
f 1930/2117/4695 1953/2118/4602 1960/2091/4601 1927/2115/4696
s 585
f 1961/2168/4676 1920/2172/4697 1951/2173/4698 1962/2137/4634
f 1963/2138/4635 1962/2137/4634 1951/2173/4698 1928/2174/4699
s 586
f 1928/2174/4700 1959/2175/4701 1964/2140/4637 1963/2138/4691
f 1959/2175/4701 1919/2176/4702 1965/2141/4638 1964/2140/4637
s 590
f 1966/2154/4655 1965/2153/4654 1919/2089/4703 1931/2088/4704
s 591
f 1931/2088/4705 1921/2119/4706 1967/2156/4658 1966/2154/4657
s 570
f 1968/2094/4575 1967/2093/4574 1921/2119/4707 1953/2118/4708
f 1969/2120/4681 1968/2094/4575 1953/2118/4708 1930/2117/4709
s 578
f 1930/2117/4710 1945/2116/4711 1970/2121/4606 1969/2120/4605
f 1945/2116/4711 1922/2171/4712 1971/2160/4665 1970/2121/4606
s 589
f 1972/2104/4651 1971/2151/4650 1922/2171/4713 1929/2170/4714
s 573
f 1929/2170/4715 1920/2169/4716 1961/2105/4586 1972/2104/4585
s 584
f 1950/2136/4717 1974/2134/4631 1973/2166/4674 1941/2167/4718
f 1975/2135/4632 1974/2134/4631 1950/2136/4717 1940/2139/4719
s 572
f 1958/2143/4720 1976/2103/4584 1975/2135/4690 1940/2139/4721
f 1942/2142/4722 1977/2100/4581 1976/2103/4584 1958/2143/4720
s 574
f 1978/2111/4592 1977/2110/4591 1942/2152/4723 1944/2155/4724
s 592
f 1935/2157/4725 1979/2158/4661 1978/2111/4664 1944/2155/4726
s 580
f 1980/2129/4616 1979/2128/4615 1935/2092/4727 1954/2095/4728
f 1981/2127/4684 1980/2129/4616 1954/2095/4728 1932/2123/4729
s 579
f 1946/2122/4730 1982/2124/4609 1981/2127/4612 1932/2123/4731
f 1933/2161/4732 1983/2162/4667 1982/2124/4609 1946/2122/4730
s 588
f 1984/2144/4648 1983/2149/4647 1933/2150/4733 1943/2107/4734
s 587
f 1941/2106/4735 1973/2145/4642 1984/2144/4641 1943/2107/4736
s 593
f 1997/2177/4737 1985/2178/4738 2025/2179/4739 2026/2180/4740
s 594
f 2001/2181/4741 2033/2182/4742 2034/2183/4743 2020/2184/4744
s 595
f 2005/2185/4745 1989/2186/4746 2021/2187/4747 2022/2188/4748
s 596
f 2043/2189/4749 1991/2190/4750 2023/2191/4751 2042/2192/4752
s 597
f 2038/2193/4753 2027/2194/4754 2007/2195/4755 2009/2196/4756
s 598
f 2005/2197/4757 1991/2198/4758 2043/2199/4759 2044/2200/4760
s 599
f 1994/2201/4761 2017/2202/4762 2018/2203/4763 1993/2204/4764
s 600
f 2018/2203/4765 2011/2205/4766 1996/2206/4767 1993/2204/4768
s 601
f 2026/2180/4769 2019/2207/4770 1987/2208/4771 1997/2177/4772
s 602
f 2035/2209/4773 2036/2210/4774 2012/2211/4775 1998/2212/4776
s 603
f 2048/2213/4777 2013/2214/4778 2000/2215/4779 2047/2216/4780
s 604
f 2021/2187/4781 1989/2186/4782 2045/2217/4783 2046/2218/4784
s 605
f 2000/2215/4785 2013/2214/4786 2014/2219/4787 2002/2220/4788
s 606
f 2014/2219/4789 2015/2221/4790 2004/2222/4791 2002/2220/4792
s 607
f 2023/2191/4793 1991/2190/4794 2005/2185/4795 2022/2188/4796
s 608
f 2004/2222/4797 2015/2221/4798 2040/2223/4799 2041/2224/4800
s 609
f 2016/2225/4801 2028/2226/4802 2029/2227/4803 2006/2228/4804
s 610
f 2030/2229/4805 2031/2230/4806 2008/2231/4807 2024/2232/4808
s 611
f 2050/2233/4809 2039/2234/4810 1992/2235/4811 2003/2236/4812
s 612
f 2003/2236/4813 1990/2237/4814 2049/2238/4815 2050/2233/4816
s 613
f 1999/2239/4817 2037/2240/4818 2038/2193/4819 2009/2196/4820
s 614
f 2008/2241/4821 2031/2242/4822 2032/2243/4823 2010/2244/4824
s 615
f 2032/2243/4825 2033/2245/4826 2001/2246/4827 2010/2244/4828
s 616
f 2045/2247/4829 1989/2248/4830 2005/2197/4831 2044/2200/4832
s 602
f 2036/2210/4774 2037/2249/4833 1999/2250/4834 2012/2211/4775
s 603
f 2049/2251/4835 1990/2252/4836 2013/2214/4778 2048/2213/4777
s 605
f 2014/2219/4787 2013/2214/4786 1990/2252/4837 2003/2253/4838
s 606
f 2003/2253/4839 1992/2254/4840 2015/2221/4790 2014/2219/4789
s 608
f 2040/2223/4799 2015/2221/4798 1992/2254/4841 2039/2255/4842
s 609
f 2007/2256/4843 2027/2257/4844 2028/2226/4802 2016/2225/4801
s 599
f 2018/2203/4763 2017/2202/4762 1986/2258/4845 1995/2259/4846
s 600
f 1995/2259/4847 1988/2260/4848 2011/2205/4766 2018/2203/4765
s 594
f 2020/2184/4744 2034/2183/4743 2035/2209/4849 1998/2212/4850
s 604
f 2000/2215/4851 2021/2187/4781 2046/2218/4784 2047/2216/4852
s 595
f 2022/2188/4748 2021/2187/4747 2000/2215/4853 2002/2220/4854
s 607
f 2004/2222/4855 2023/2191/4793 2022/2188/4796 2002/2220/4856
s 596
f 2042/2192/4752 2023/2191/4751 2004/2222/4857 2041/2224/4858
s 610
f 2029/2227/4859 2030/2229/4805 2024/2232/4808 2006/2228/4860
s 593
f 2026/2180/4740 2025/2179/4739 1994/2201/4861 1993/2204/4862
s 601
f 1996/2206/4863 2019/2207/4770 2026/2180/4769 1993/2204/4864
s 609
f 2027/2257/4844 1986/2261/4865 2017/2262/4866 2028/2226/4802
f 2029/2227/4803 2028/2226/4802 2017/2262/4866 1994/2263/4867
s 610
f 1994/2263/4868 2025/2264/4869 2030/2229/4805 2029/2227/4859
f 2025/2264/4869 1985/2265/4870 2031/2230/4806 2030/2229/4805
s 614
f 2032/2243/4823 2031/2242/4822 1985/2178/4871 1997/2177/4872
s 615
f 1997/2177/4873 1987/2208/4874 2033/2245/4826 2032/2243/4825
s 594
f 2034/2183/4743 2033/2182/4742 1987/2208/4875 2019/2207/4876
f 2035/2209/4849 2034/2183/4743 2019/2207/4876 1996/2206/4877
s 602
f 1996/2206/4878 2011/2205/4879 2036/2210/4774 2035/2209/4773
f 2011/2205/4879 1988/2260/4880 2037/2249/4833 2036/2210/4774
s 613
f 2038/2193/4819 2037/2240/4818 1988/2260/4881 1995/2259/4882
s 597
f 1995/2259/4883 1986/2258/4884 2027/2194/4754 2038/2193/4753
s 608
f 2016/2225/4885 2040/2223/4799 2039/2255/4842 2007/2256/4886
f 2041/2224/4800 2040/2223/4799 2016/2225/4885 2006/2228/4887
s 596
f 2024/2232/4888 2042/2192/4752 2041/2224/4858 2006/2228/4889
f 2008/2231/4890 2043/2189/4749 2042/2192/4752 2024/2232/4888
s 598
f 2044/2200/4760 2043/2199/4759 2008/2241/4891 2010/2244/4892
s 616
f 2001/2246/4893 2045/2247/4829 2044/2200/4832 2010/2244/4894
s 604
f 2046/2218/4784 2045/2217/4783 2001/2181/4895 2020/2184/4896
f 2047/2216/4852 2046/2218/4784 2020/2184/4896 1998/2212/4897
s 603
f 2012/2211/4898 2048/2213/4777 2047/2216/4780 1998/2212/4899
f 1999/2250/4900 2049/2251/4835 2048/2213/4777 2012/2211/4898
s 612
f 2050/2233/4816 2049/2238/4815 1999/2239/4901 2009/2196/4902
s 611
f 2007/2195/4903 2039/2234/4810 2050/2233/4809 2009/2196/4904
s 617
f 2063/2266/4905 2051/2267/4906 2091/2268/4907 2092/2269/4908
s 618
f 2067/2270/4909 2099/2271/4910 2100/2272/4911 2086/2273/4912
s 619
f 2071/2274/4913 2055/2275/4914 2087/2276/4915 2088/2277/4916
s 620
f 2109/2278/4917 2057/2279/4918 2089/2280/4919 2108/2281/4920
s 621
f 2104/2282/4921 2093/2283/4922 2073/2284/4923 2075/2285/4924
s 622
f 2071/2286/4925 2057/2287/4926 2109/2288/4927 2110/2289/4928
s 623
f 2060/2290/4929 2083/2291/4930 2084/2292/4931 2059/2293/4932
s 624
f 2084/2292/4933 2077/2294/4934 2062/2295/4935 2059/2293/4936
s 625
f 2092/2269/4937 2085/2296/4938 2053/2297/4939 2063/2266/4940
s 626
f 2101/2298/4941 2102/2299/4942 2078/2300/4943 2064/2301/4944
s 627
f 2114/2302/4945 2079/2303/4946 2066/2304/4947 2113/2305/4948
s 628
f 2087/2276/4949 2055/2275/4950 2111/2306/4951 2112/2307/4952
s 629
f 2066/2304/4953 2079/2303/4954 2080/2308/4955 2068/2309/4956
s 630
f 2080/2308/4957 2081/2310/4958 2070/2311/4959 2068/2309/4960
s 631
f 2089/2280/4961 2057/2279/4962 2071/2274/4963 2088/2277/4964
s 632
f 2070/2311/4965 2081/2310/4966 2106/2312/4967 2107/2313/4968
s 633
f 2082/2314/4969 2094/2315/4970 2095/2316/4971 2072/2317/4972
s 634
f 2096/2318/4973 2097/2319/4974 2074/2320/4975 2090/2321/4976
s 635
f 2116/2322/4977 2105/2323/4978 2058/2324/4979 2069/2325/4980
s 636
f 2069/2325/4981 2056/2326/4982 2115/2327/4983 2116/2322/4984
s 637
f 2065/2328/4985 2103/2329/4986 2104/2282/4987 2075/2285/4988
s 638
f 2074/2330/4989 2097/2331/4990 2098/2332/4991 2076/2333/4992
s 639
f 2098/2332/4993 2099/2334/4994 2067/2335/4995 2076/2333/4996
s 640
f 2111/2336/4997 2055/2337/4998 2071/2286/4999 2110/2289/5000
s 626
f 2102/2299/4942 2103/2338/5001 2065/2339/5002 2078/2300/4943
s 627
f 2115/2340/5003 2056/2341/5004 2079/2303/4946 2114/2302/4945
s 629
f 2080/2308/4955 2079/2303/4954 2056/2341/5005 2069/2342/5006
s 630
f 2069/2342/5007 2058/2343/5008 2081/2310/4958 2080/2308/4957
s 632
f 2106/2312/4967 2081/2310/4966 2058/2343/5009 2105/2344/5010
s 633
f 2073/2345/5011 2093/2346/5012 2094/2315/4970 2082/2314/4969
s 623
f 2084/2292/4931 2083/2291/4930 2052/2347/5013 2061/2348/5014
s 624
f 2061/2348/5015 2054/2349/5016 2077/2294/4934 2084/2292/4933
s 618
f 2086/2273/4912 2100/2272/4911 2101/2298/5017 2064/2301/5018
s 628
f 2066/2304/5019 2087/2276/4949 2112/2307/4952 2113/2305/5020
s 619
f 2088/2277/4916 2087/2276/4915 2066/2304/5021 2068/2309/5022
s 631
f 2070/2311/5023 2089/2280/4961 2088/2277/4964 2068/2309/5024
s 620
f 2108/2281/4920 2089/2280/4919 2070/2311/5025 2107/2313/5026
s 634
f 2095/2316/5027 2096/2318/4973 2090/2321/4976 2072/2317/5028
s 617
f 2092/2269/4908 2091/2268/4907 2060/2290/5029 2059/2293/5030
s 625
f 2062/2295/5031 2085/2296/4938 2092/2269/4937 2059/2293/5032
s 633
f 2093/2346/5012 2052/2350/5033 2083/2351/5034 2094/2315/4970
f 2095/2316/4971 2094/2315/4970 2083/2351/5034 2060/2352/5035
s 634
f 2060/2352/5036 2091/2353/5037 2096/2318/4973 2095/2316/5027
f 2091/2353/5037 2051/2354/5038 2097/2319/4974 2096/2318/4973
s 638
f 2098/2332/4991 2097/2331/4990 2051/2267/5039 2063/2266/5040
s 639
f 2063/2266/5041 2053/2297/5042 2099/2334/4994 2098/2332/4993
s 618
f 2100/2272/4911 2099/2271/4910 2053/2297/5043 2085/2296/5044
f 2101/2298/5017 2100/2272/4911 2085/2296/5044 2062/2295/5045
s 626
f 2062/2295/5046 2077/2294/5047 2102/2299/4942 2101/2298/4941
f 2077/2294/5047 2054/2349/5048 2103/2338/5001 2102/2299/4942
s 637
f 2104/2282/4987 2103/2329/4986 2054/2349/5049 2061/2348/5050
s 621
f 2061/2348/5051 2052/2347/5052 2093/2283/4922 2104/2282/4921
s 632
f 2082/2314/5053 2106/2312/4967 2105/2344/5010 2073/2345/5054
f 2107/2313/4968 2106/2312/4967 2082/2314/5053 2072/2317/5055
s 620
f 2090/2321/5056 2108/2281/4920 2107/2313/5026 2072/2317/5057
f 2074/2320/5058 2109/2278/4917 2108/2281/4920 2090/2321/5056
s 622
f 2110/2289/4928 2109/2288/4927 2074/2330/5059 2076/2333/5060
s 640
f 2067/2335/5061 2111/2336/4997 2110/2289/5000 2076/2333/5062
s 628
f 2112/2307/4952 2111/2306/4951 2067/2270/5063 2086/2273/5064
f 2113/2305/5020 2112/2307/4952 2086/2273/5064 2064/2301/5065
s 627
f 2078/2300/5066 2114/2302/4945 2113/2305/4948 2064/2301/5067
f 2065/2339/5068 2115/2340/5003 2114/2302/4945 2078/2300/5066
s 636
f 2116/2322/4984 2115/2327/4983 2065/2328/5069 2075/2285/5070
s 635
f 2073/2284/5071 2105/2323/4978 2116/2322/4977 2075/2285/5072
s 641
f 2117/2355/5073 2132/2356/5074 2162/2357/5075 2163/2358/5076
s 642
f 2119/2359/5077 2129/2360/5078 2158/2361/5079 2147/2362/5080
s 643
f 2165/2363/5081 2166/2364/5082 2131/2365/5083 2123/2366/5084
s 644
f 2149/2367/5085 2150/2368/5086 2132/2369/5087 2117/2370/5088
s 645
f 2118/2371/5089 2153/2372/5090 2170/2373/5091 2159/2374/5092
s 646
f 2149/2375/5093 2117/2355/5094 2163/2358/5095 2164/2376/5096
s 642
f 2125/2377/5097 2120/2378/5098 2155/2379/5099 2156/2380/5100
s 643
f 2127/2381/5101 2168/2382/5102 2169/2383/5103 2124/2384/5104
s 644
f 2128/2385/5105 2152/2386/5106 2153/2387/5107 2118/2388/5108
s 641
f 2160/2389/5109 2128/2390/5110 2118/2371/5111 2159/2374/5112
s 642
f 2129/2360/5078 2141/2391/5113 2157/2392/5114 2158/2361/5079
s 643
f 2131/2365/5083 2166/2364/5082 2167/2393/5115 2144/2394/5116
s 644
f 2132/2369/5087 2150/2368/5086 2151/2395/5117 2145/2396/5118
s 641
f 2162/2357/5075 2132/2356/5074 2145/2397/5119 2161/2398/5120
f 2182/2399/5121 2171/2400/5122 2134/2401/5123 2133/2402/5124
f 2173/2403/5125 2135/2404/5126 2146/2405/5127 2172/2406/5128
f 2136/2407/5129 2135/2404/5126 2173/2403/5125 2174/2408/5130
s 646
f 2148/2409/5131 2136/2407/5132 2174/2408/5133 2175/2410/5134
s 643
f 2176/2411/5135 2177/2412/5136 2138/2413/5137 2137/2414/5138
f 2143/2415/5139 2138/2413/5137 2177/2412/5136 2178/2416/5140
f 2140/2417/5141 2139/2418/5142 2179/2419/5143 2180/2420/5144
s 645
f 2133/2402/5145 2154/2421/5146 2181/2422/5147 2182/2399/5148
s 642
f 2141/2391/5113 2125/2377/5097 2156/2380/5100 2157/2392/5114
s 643
f 2139/2418/5142 2143/2415/5139 2178/2416/5140 2179/2419/5143
f 2144/2394/5116 2167/2393/5115 2168/2382/5102 2127/2381/5101
s 644
f 2145/2396/5118 2151/2395/5117 2152/2386/5106 2128/2385/5105
s 641
f 2161/2398/5120 2145/2397/5119 2128/2390/5110 2160/2389/5109
f 2172/2406/5128 2146/2405/5127 2134/2401/5123 2171/2400/5122
s 646
f 2137/2423/5149 2148/2409/5131 2175/2410/5134 2176/2424/5150
f 2123/2425/5151 2149/2375/5093 2164/2376/5096 2165/2426/5152
s 644
f 2123/2366/5153 2131/2365/5154 2150/2368/5086 2149/2367/5085
f 2151/2395/5117 2150/2368/5086 2131/2365/5154 2144/2394/5155
f 2152/2386/5106 2151/2395/5117 2144/2394/5155 2127/2381/5156
f 2153/2387/5107 2152/2386/5106 2127/2381/5156 2124/2384/5157
s 645
f 2170/2373/5091 2153/2372/5090 2124/2427/5158 2169/2428/5159
f 2181/2422/5147 2154/2421/5146 2140/2429/5160 2180/2430/5161
s 642
f 2156/2380/5100 2155/2379/5099 2122/2431/5162 2126/2432/5163
f 2157/2392/5114 2156/2380/5100 2126/2432/5163 2142/2433/5164
f 2158/2361/5079 2157/2392/5114 2142/2433/5164 2130/2434/5165
f 2147/2362/5080 2158/2361/5079 2130/2434/5165 2121/2435/5166
s 641
f 2134/2401/5123 2190/2436/5167 2191/2437/5168 2133/2402/5124
f 2146/2405/5127 2189/2438/5169 2190/2436/5167 2134/2401/5123
f 2135/2404/5126 2188/2439/5170 2189/2438/5169 2146/2405/5127
f 2187/2440/5171 2188/2439/5170 2135/2404/5126 2136/2407/5129
s 646
f 2186/2441/5172 2187/2440/5173 2136/2407/5132 2148/2409/5131
f 2185/2442/5174 2186/2441/5172 2148/2409/5131 2137/2423/5149
s 643
f 2137/2414/5138 2138/2413/5137 2184/2443/5175 2185/2444/5176
f 2183/2445/5177 2184/2443/5175 2138/2413/5137 2143/2415/5139
f 2194/2446/5178 2183/2445/5177 2143/2415/5139 2139/2418/5142
f 2193/2447/5179 2194/2446/5178 2139/2418/5142 2140/2417/5141
s 645
f 2154/2421/5146 2192/2448/5180 2193/2449/5181 2140/2429/5160
f 2191/2437/5182 2192/2448/5180 2154/2421/5146 2133/2402/5145
s 641
f 2141/2391/5183 2172/2406/5128 2171/2400/5122 2125/2377/5184
f 2129/2360/5185 2173/2403/5125 2172/2406/5128 2141/2391/5183
f 2174/2408/5130 2173/2403/5125 2129/2360/5185 2119/2359/5186
s 646
f 2175/2410/5134 2174/2408/5133 2119/2359/5187 2147/2450/5188
f 2176/2424/5150 2175/2410/5134 2147/2450/5188 2121/2451/5189
s 643
f 2121/2435/5190 2130/2434/5191 2177/2412/5136 2176/2411/5135
f 2178/2416/5140 2177/2412/5136 2130/2434/5191 2142/2433/5192
f 2179/2419/5143 2178/2416/5140 2142/2433/5192 2126/2432/5193
f 2180/2420/5144 2179/2419/5143 2126/2432/5193 2122/2431/5194
s 645
f 2155/2452/5195 2181/2422/5147 2180/2430/5161 2122/2453/5196
f 2182/2399/5148 2181/2422/5147 2155/2452/5195 2120/2378/5197
s 641
f 2125/2377/5184 2171/2400/5122 2182/2399/5121 2120/2378/5198
s 643
f 2167/2393/5115 2166/2364/5082 2184/2443/5175 2183/2445/5177
f 2185/2444/5176 2184/2443/5175 2166/2364/5082 2165/2363/5081
s 646
f 2165/2426/5152 2164/2376/5096 2186/2441/5172 2185/2442/5174
f 2164/2376/5096 2163/2358/5095 2187/2440/5173 2186/2441/5172
s 641
f 2163/2358/5076 2162/2357/5075 2188/2439/5170 2187/2440/5171
f 2189/2438/5169 2188/2439/5170 2162/2357/5075 2161/2398/5120
f 2190/2436/5167 2189/2438/5169 2161/2398/5120 2160/2389/5109
f 2191/2437/5168 2190/2436/5167 2160/2389/5109 2159/2374/5112
s 645
f 2159/2374/5092 2170/2373/5091 2192/2448/5180 2191/2437/5182
f 2193/2449/5181 2192/2448/5180 2170/2373/5091 2169/2428/5159
s 643
f 2169/2383/5103 2168/2382/5102 2194/2446/5178 2193/2447/5179
f 2168/2382/5102 2167/2393/5115 2183/2445/5177 2194/2446/5178
s 657
f 2207/2454/5199 2195/2455/5200 2235/2456/5201 2236/2457/5202
s 658
f 2211/2458/5203 2243/2459/5204 2244/2460/5205 2230/2461/5206
s 659
f 2215/2462/5207 2199/2463/5208 2231/2464/5209 2232/2465/5210
s 660
f 2253/2466/5211 2201/2467/5212 2233/2468/5213 2252/2469/5214
s 661
f 2248/2470/5215 2237/2471/5216 2217/2472/5217 2219/2473/5218
s 662
f 2215/2474/5219 2201/2475/5220 2253/2476/5221 2254/2477/5222
s 663
f 2204/2478/5223 2227/2479/5224 2228/2480/5225 2203/2481/5226
s 664
f 2228/2480/5227 2221/2482/5228 2206/2483/5229 2203/2481/5230
s 665
f 2236/2457/5231 2229/2484/5232 2197/2485/5233 2207/2454/5234
s 666
f 2245/2486/5235 2246/2487/5236 2222/2488/5237 2208/2489/5238
s 667
f 2258/2490/5239 2223/2491/5240 2210/2492/5241 2257/2493/5242
s 668
f 2231/2464/5243 2199/2463/5244 2255/2494/5245 2256/2495/5246
s 669
f 2210/2492/5247 2223/2491/5248 2224/2496/5249 2212/2497/5250
s 670
f 2224/2496/5251 2225/2498/5252 2214/2499/5253 2212/2497/5254
s 671
f 2233/2468/5255 2201/2467/5256 2215/2462/5257 2232/2465/5258
s 672
f 2214/2499/5259 2225/2498/5260 2250/2500/5261 2251/2501/5262
s 673
f 2226/2502/5263 2238/2503/5264 2239/2504/5265 2216/2505/5266
s 674
f 2240/2506/5267 2241/2507/5268 2218/2508/5269 2234/2509/5270
s 675
f 2260/2510/5271 2249/2511/5272 2202/2512/5273 2213/2513/5274
s 676
f 2213/2513/5275 2200/2514/5276 2259/2515/5277 2260/2510/5278
s 677
f 2209/2516/5279 2247/2517/5280 2248/2470/5281 2219/2473/5282
s 678
f 2218/2518/5283 2241/2519/5284 2242/2520/5285 2220/2521/5286
s 679
f 2242/2520/5287 2243/2522/5288 2211/2523/5289 2220/2521/5290
s 680
f 2255/2524/5291 2199/2525/5292 2215/2474/5293 2254/2477/5294
s 666
f 2246/2487/5236 2247/2526/5295 2209/2527/5296 2222/2488/5237
s 667
f 2259/2528/5297 2200/2529/5298 2223/2491/5240 2258/2490/5239
s 669
f 2224/2496/5249 2223/2491/5248 2200/2529/5299 2213/2530/5300
s 670
f 2213/2530/5301 2202/2531/5302 2225/2498/5252 2224/2496/5251
s 672
f 2250/2500/5261 2225/2498/5260 2202/2531/5303 2249/2532/5304
s 673
f 2217/2533/5305 2237/2534/5306 2238/2503/5264 2226/2502/5263
s 663
f 2228/2480/5225 2227/2479/5224 2196/2535/5307 2205/2536/5308
s 664
f 2205/2536/5309 2198/2537/5310 2221/2482/5228 2228/2480/5227
s 658
f 2230/2461/5206 2244/2460/5205 2245/2486/5311 2208/2489/5312
s 668
f 2210/2492/5313 2231/2464/5243 2256/2495/5246 2257/2493/5314
s 659
f 2232/2465/5210 2231/2464/5209 2210/2492/5315 2212/2497/5316
s 671
f 2214/2499/5317 2233/2468/5255 2232/2465/5258 2212/2497/5318
s 660
f 2252/2469/5214 2233/2468/5213 2214/2499/5319 2251/2501/5320
s 674
f 2239/2504/5321 2240/2506/5267 2234/2509/5270 2216/2505/5322
s 657
f 2236/2457/5202 2235/2456/5201 2204/2478/5323 2203/2481/5324
s 665
f 2206/2483/5325 2229/2484/5232 2236/2457/5231 2203/2481/5326
s 673
f 2237/2534/5306 2196/2538/5327 2227/2539/5328 2238/2503/5264
f 2239/2504/5265 2238/2503/5264 2227/2539/5328 2204/2540/5329
s 674
f 2204/2540/5330 2235/2541/5331 2240/2506/5267 2239/2504/5321
f 2235/2541/5331 2195/2542/5332 2241/2507/5268 2240/2506/5267
s 678
f 2242/2520/5285 2241/2519/5284 2195/2455/5333 2207/2454/5334
s 679
f 2207/2454/5335 2197/2485/5336 2243/2522/5288 2242/2520/5287
s 658
f 2244/2460/5205 2243/2459/5204 2197/2485/5337 2229/2484/5338
f 2245/2486/5311 2244/2460/5205 2229/2484/5338 2206/2483/5339
s 666
f 2206/2483/5340 2221/2482/5341 2246/2487/5236 2245/2486/5235
f 2221/2482/5341 2198/2537/5342 2247/2526/5295 2246/2487/5236
s 677
f 2248/2470/5281 2247/2517/5280 2198/2537/5343 2205/2536/5344
s 661
f 2205/2536/5345 2196/2535/5346 2237/2471/5216 2248/2470/5215
s 672
f 2226/2502/5347 2250/2500/5261 2249/2532/5304 2217/2533/5348
f 2251/2501/5262 2250/2500/5261 2226/2502/5347 2216/2505/5349
s 660
f 2234/2509/5350 2252/2469/5214 2251/2501/5320 2216/2505/5351
f 2218/2508/5352 2253/2466/5211 2252/2469/5214 2234/2509/5350
s 662
f 2254/2477/5222 2253/2476/5221 2218/2518/5353 2220/2521/5354
s 680
f 2211/2523/5355 2255/2524/5291 2254/2477/5294 2220/2521/5356
s 668
f 2256/2495/5246 2255/2494/5245 2211/2458/5357 2230/2461/5358
f 2257/2493/5314 2256/2495/5246 2230/2461/5358 2208/2489/5359
s 667
f 2222/2488/5360 2258/2490/5239 2257/2493/5242 2208/2489/5361
f 2209/2527/5362 2259/2528/5297 2258/2490/5239 2222/2488/5360
s 676
f 2260/2510/5278 2259/2515/5277 2209/2516/5363 2219/2473/5364
s 675
f 2217/2472/5365 2249/2511/5272 2260/2510/5271 2219/2473/5366
s 681
f 2273/2543/5367 2261/2544/5368 2301/2545/5369 2302/2546/5370
s 682
f 2277/2547/5371 2309/2548/5372 2310/2549/5373 2296/2550/5374
s 683
f 2281/2551/5375 2265/2552/5376 2297/2553/5377 2298/2554/5378
s 684
f 2319/2555/5379 2267/2556/5380 2299/2557/5381 2318/2558/5382
s 685
f 2314/2559/5383 2303/2560/5384 2283/2561/5385 2285/2562/5386
s 686
f 2281/2563/5387 2267/2564/5388 2319/2565/5389 2320/2566/5390
s 687
f 2270/2567/5391 2293/2568/5392 2294/2569/5393 2269/2570/5394
s 688
f 2294/2569/5395 2287/2571/5396 2272/2572/5397 2269/2570/5398
s 689
f 2302/2546/5399 2295/2573/5400 2263/2574/5401 2273/2543/5402
s 690
f 2311/2575/5403 2312/2576/5404 2288/2577/5405 2274/2578/5406
s 691
f 2324/2579/5407 2289/2580/5408 2276/2581/5409 2323/2582/5410
s 692
f 2297/2553/5411 2265/2552/5412 2321/2583/5413 2322/2584/5414
s 693
f 2276/2581/5415 2289/2580/5416 2290/2585/5417 2278/2586/5418
s 694
f 2290/2585/5419 2291/2587/5420 2280/2588/5421 2278/2586/5422
s 695
f 2299/2557/5423 2267/2556/5424 2281/2551/5425 2298/2554/5426
s 696
f 2280/2588/5427 2291/2587/5428 2316/2589/5429 2317/2590/5430
s 697
f 2292/2591/5431 2304/2592/5432 2305/2593/5433 2282/2594/5434
s 698
f 2306/2595/5435 2307/2596/5436 2284/2597/5437 2300/2598/5438
s 699
f 2326/2599/5439 2315/2600/5440 2268/2601/5441 2279/2602/5442
s 700
f 2279/2602/5443 2266/2603/5444 2325/2604/5445 2326/2599/5446
s 701
f 2275/2605/5447 2313/2606/5448 2314/2559/5449 2285/2562/5450
s 702
f 2284/2607/5451 2307/2608/5452 2308/2609/5453 2286/2610/5454
s 703
f 2308/2609/5455 2309/2611/5456 2277/2612/5457 2286/2610/5458
s 704
f 2321/2613/5459 2265/2614/5460 2281/2563/5461 2320/2566/5462
s 690
f 2312/2576/5404 2313/2615/5463 2275/2616/5464 2288/2577/5405
s 691
f 2325/2617/5465 2266/2618/5466 2289/2580/5408 2324/2579/5407
s 693
f 2290/2585/5417 2289/2580/5416 2266/2618/5467 2279/2619/5468
s 694
f 2279/2619/5469 2268/2620/5470 2291/2587/5420 2290/2585/5419
s 696
f 2316/2589/5429 2291/2587/5428 2268/2620/5471 2315/2621/5472
s 697
f 2283/2622/5473 2303/2623/5474 2304/2592/5432 2292/2591/5431
s 687
f 2294/2569/5393 2293/2568/5392 2262/2624/5475 2271/2625/5476
s 688
f 2271/2625/5477 2264/2626/5478 2287/2571/5396 2294/2569/5395
s 682
f 2296/2550/5374 2310/2549/5373 2311/2575/5479 2274/2578/5480
s 692
f 2276/2581/5481 2297/2553/5411 2322/2584/5414 2323/2582/5482
s 683
f 2298/2554/5378 2297/2553/5377 2276/2581/5483 2278/2586/5484
s 695
f 2280/2588/5485 2299/2557/5423 2298/2554/5426 2278/2586/5486
s 684
f 2318/2558/5382 2299/2557/5381 2280/2588/5487 2317/2590/5488
s 698
f 2305/2593/5489 2306/2595/5435 2300/2598/5438 2282/2594/5490
s 681
f 2302/2546/5370 2301/2545/5369 2270/2567/5491 2269/2570/5492
s 689
f 2272/2572/5493 2295/2573/5400 2302/2546/5399 2269/2570/5494
s 697
f 2303/2623/5474 2262/2627/5495 2293/2628/5496 2304/2592/5432
f 2305/2593/5433 2304/2592/5432 2293/2628/5496 2270/2629/5497
s 698
f 2270/2629/5498 2301/2630/5499 2306/2595/5435 2305/2593/5489
f 2301/2630/5499 2261/2631/5500 2307/2596/5436 2306/2595/5435
s 702
f 2308/2609/5453 2307/2608/5452 2261/2544/5501 2273/2543/5502
s 703
f 2273/2543/5503 2263/2574/5504 2309/2611/5456 2308/2609/5455
s 682
f 2310/2549/5373 2309/2548/5372 2263/2574/5505 2295/2573/5506
f 2311/2575/5479 2310/2549/5373 2295/2573/5506 2272/2572/5507
s 690
f 2272/2572/5508 2287/2571/5509 2312/2576/5404 2311/2575/5403
f 2287/2571/5509 2264/2626/5510 2313/2615/5463 2312/2576/5404
s 701
f 2314/2559/5449 2313/2606/5448 2264/2626/5511 2271/2625/5512
s 685
f 2271/2625/5513 2262/2624/5514 2303/2560/5384 2314/2559/5383
s 696
f 2292/2591/5515 2316/2589/5429 2315/2621/5472 2283/2622/5516
f 2317/2590/5430 2316/2589/5429 2292/2591/5515 2282/2594/5517
s 684
f 2300/2598/5518 2318/2558/5382 2317/2590/5488 2282/2594/5519
f 2284/2597/5520 2319/2555/5379 2318/2558/5382 2300/2598/5518
s 686
f 2320/2566/5390 2319/2565/5389 2284/2607/5521 2286/2610/5522
s 704
f 2277/2612/5523 2321/2613/5459 2320/2566/5462 2286/2610/5524
s 692
f 2322/2584/5414 2321/2583/5413 2277/2547/5525 2296/2550/5526
f 2323/2582/5482 2322/2584/5414 2296/2550/5526 2274/2578/5527
s 691
f 2288/2577/5528 2324/2579/5407 2323/2582/5410 2274/2578/5529
f 2275/2616/5530 2325/2617/5465 2324/2579/5407 2288/2577/5528
s 700
f 2326/2599/5446 2325/2604/5445 2275/2605/5531 2285/2562/5532
s 699
f 2283/2561/5533 2315/2600/5440 2326/2599/5439 2285/2562/5534
s 705
f 2339/2632/5535 2327/2633/5536 2367/2634/5537 2368/2635/5538
s 706
f 2343/2636/5539 2375/2637/5540 2376/2638/5541 2362/2639/5542
s 707
f 2347/2640/5543 2331/2641/5544 2363/2642/5545 2364/2643/5546
s 708
f 2385/2644/5547 2333/2645/5548 2365/2646/5549 2384/2647/5550
s 709
f 2380/2648/5551 2369/2649/5552 2349/2650/5553 2351/2651/5554
s 710
f 2347/2652/5555 2333/2653/5556 2385/2654/5557 2386/2655/5558
s 711
f 2336/2656/5559 2359/2657/5560 2360/2658/5561 2335/2659/5562
s 712
f 2360/2658/5563 2353/2660/5564 2338/2661/5565 2335/2659/5566
s 713
f 2368/2635/5567 2361/2662/5568 2329/2663/5569 2339/2632/5570
s 714
f 2377/2664/5571 2378/2665/5572 2354/2666/5573 2340/2667/5574
s 715
f 2390/2668/5575 2355/2669/5576 2342/2670/5577 2389/2671/5578
s 716
f 2363/2642/5579 2331/2641/5580 2387/2672/5581 2388/2673/5582
s 717
f 2342/2670/5583 2355/2669/5584 2356/2674/5585 2344/2675/5586
s 718
f 2356/2674/5587 2357/2676/5588 2346/2677/5589 2344/2675/5590
s 719
f 2365/2646/5591 2333/2645/5592 2347/2640/5593 2364/2643/5594
s 720
f 2346/2677/5595 2357/2676/5596 2382/2678/5597 2383/2679/5598
s 721
f 2358/2680/5599 2370/2681/5600 2371/2682/5601 2348/2683/5602
s 722
f 2372/2684/5603 2373/2685/5604 2350/2686/5605 2366/2687/5606
s 723
f 2392/2688/5607 2381/2689/5608 2334/2690/5609 2345/2691/5610
s 724
f 2345/2691/5611 2332/2692/5612 2391/2693/5613 2392/2688/5614
s 725
f 2341/2694/5615 2379/2695/5616 2380/2648/5617 2351/2651/5618
s 726
f 2350/2696/5619 2373/2697/5620 2374/2698/5621 2352/2699/5622
s 727
f 2374/2698/5623 2375/2700/5624 2343/2701/5625 2352/2699/5626
s 728
f 2387/2702/5627 2331/2703/5628 2347/2652/5629 2386/2655/5630
s 714
f 2378/2665/5572 2379/2704/5631 2341/2705/5632 2354/2666/5573
s 715
f 2391/2706/5633 2332/2707/5634 2355/2669/5576 2390/2668/5575
s 717
f 2356/2674/5585 2355/2669/5584 2332/2707/5635 2345/2708/5636
s 718
f 2345/2708/5637 2334/2709/5638 2357/2676/5588 2356/2674/5587
s 720
f 2382/2678/5597 2357/2676/5596 2334/2709/5639 2381/2710/5640
s 721
f 2349/2711/5641 2369/2712/5642 2370/2681/5600 2358/2680/5599
s 711
f 2360/2658/5561 2359/2657/5560 2328/2713/5643 2337/2714/5644
s 712
f 2337/2714/5645 2330/2715/5646 2353/2660/5564 2360/2658/5563
s 706
f 2362/2639/5542 2376/2638/5541 2377/2664/5647 2340/2667/5648
s 716
f 2342/2670/5649 2363/2642/5579 2388/2673/5582 2389/2671/5650
s 707
f 2364/2643/5546 2363/2642/5545 2342/2670/5651 2344/2675/5652
s 719
f 2346/2677/5653 2365/2646/5591 2364/2643/5594 2344/2675/5654
s 708
f 2384/2647/5550 2365/2646/5549 2346/2677/5655 2383/2679/5656
s 722
f 2371/2682/5657 2372/2684/5603 2366/2687/5606 2348/2683/5658
s 705
f 2368/2635/5538 2367/2634/5537 2336/2656/5659 2335/2659/5660
s 713
f 2338/2661/5661 2361/2662/5568 2368/2635/5567 2335/2659/5662
s 721
f 2369/2712/5642 2328/2716/5663 2359/2717/5664 2370/2681/5600
f 2371/2682/5601 2370/2681/5600 2359/2717/5664 2336/2718/5665
s 722
f 2336/2718/5666 2367/2719/5667 2372/2684/5603 2371/2682/5657
f 2367/2719/5667 2327/2720/5668 2373/2685/5604 2372/2684/5603
s 726
f 2374/2698/5621 2373/2697/5620 2327/2633/5669 2339/2632/5670
s 727
f 2339/2632/5671 2329/2663/5672 2375/2700/5624 2374/2698/5623
s 706
f 2376/2638/5541 2375/2637/5540 2329/2663/5673 2361/2662/5674
f 2377/2664/5647 2376/2638/5541 2361/2662/5674 2338/2661/5675
s 714
f 2338/2661/5676 2353/2660/5677 2378/2665/5572 2377/2664/5571
f 2353/2660/5677 2330/2715/5678 2379/2704/5631 2378/2665/5572
s 725
f 2380/2648/5617 2379/2695/5616 2330/2715/5679 2337/2714/5680
s 709
f 2337/2714/5681 2328/2713/5682 2369/2649/5552 2380/2648/5551
s 720
f 2358/2680/5683 2382/2678/5597 2381/2710/5640 2349/2711/5684
f 2383/2679/5598 2382/2678/5597 2358/2680/5683 2348/2683/5685
s 708
f 2366/2687/5686 2384/2647/5550 2383/2679/5656 2348/2683/5687
f 2350/2686/5688 2385/2644/5547 2384/2647/5550 2366/2687/5686
s 710
f 2386/2655/5558 2385/2654/5557 2350/2696/5689 2352/2699/5690
s 728
f 2343/2701/5691 2387/2702/5627 2386/2655/5630 2352/2699/5692
s 716
f 2388/2673/5582 2387/2672/5581 2343/2636/5693 2362/2639/5694
f 2389/2671/5650 2388/2673/5582 2362/2639/5694 2340/2667/5695
s 715
f 2354/2666/5696 2390/2668/5575 2389/2671/5578 2340/2667/5697
f 2341/2705/5698 2391/2706/5633 2390/2668/5575 2354/2666/5696
s 724
f 2392/2688/5614 2391/2693/5613 2341/2694/5699 2351/2651/5700
s 723
f 2349/2650/5701 2381/2689/5608 2392/2688/5607 2351/2651/5702
s 729
f 2405/2721/5703 2393/2722/5704 2433/2723/5705 2434/2724/5706
s 730
f 2409/2725/5707 2441/2726/5708 2442/2727/5709 2428/2728/5710
s 731
f 2413/2729/5711 2397/2730/5712 2429/2731/5713 2430/2732/5714
s 732
f 2451/2733/5715 2399/2734/5716 2431/2735/5717 2450/2736/5718
s 733
f 2446/2737/5719 2435/2738/5720 2415/2739/5721 2417/2740/5722
s 734
f 2413/2741/5723 2399/2742/5724 2451/2743/5725 2452/2744/5726
s 735
f 2402/2745/5727 2425/2746/5728 2426/2747/5729 2401/2748/5730
s 736
f 2426/2747/5731 2419/2749/5732 2404/2750/5733 2401/2748/5734
s 737
f 2434/2724/5735 2427/2751/5736 2395/2752/5737 2405/2721/5738
s 738
f 2443/2753/5739 2444/2754/5740 2420/2755/5741 2406/2756/5742
s 739
f 2456/2757/5743 2421/2758/5744 2408/2759/5745 2455/2760/5746
s 740
f 2429/2731/5747 2397/2730/5748 2453/2761/5749 2454/2762/5750
s 741
f 2408/2759/5751 2421/2758/5752 2422/2763/5753 2410/2764/5754
s 742
f 2422/2763/5755 2423/2765/5756 2412/2766/5757 2410/2764/5758
s 743
f 2431/2735/5759 2399/2734/5760 2413/2729/5761 2430/2732/5762
s 744
f 2412/2766/5763 2423/2765/5764 2448/2767/5765 2449/2768/5766
s 745
f 2424/2769/5767 2436/2770/5768 2437/2771/5769 2414/2772/5770
s 746
f 2438/2773/5771 2439/2774/5772 2416/2775/5773 2432/2776/5774
s 747
f 2458/2777/5775 2447/2778/5776 2400/2779/5777 2411/2780/5778
s 748
f 2411/2780/5779 2398/2781/5780 2457/2782/5781 2458/2777/5782
s 749
f 2407/2783/5783 2445/2784/5784 2446/2737/5785 2417/2740/5786
s 750
f 2416/2785/5787 2439/2786/5788 2440/2787/5789 2418/2788/5790
s 751
f 2440/2787/5791 2441/2789/5792 2409/2790/5793 2418/2788/5794
s 752
f 2453/2791/5795 2397/2792/5796 2413/2741/5797 2452/2744/5798
s 738
f 2444/2754/5740 2445/2793/5799 2407/2794/5800 2420/2755/5741
s 739
f 2457/2795/5801 2398/2796/5802 2421/2758/5744 2456/2757/5743
s 741
f 2422/2763/5753 2421/2758/5752 2398/2796/5803 2411/2797/5804
s 742
f 2411/2797/5805 2400/2798/5806 2423/2765/5756 2422/2763/5755
s 744
f 2448/2767/5765 2423/2765/5764 2400/2798/5807 2447/2799/5808
s 745
f 2415/2800/5809 2435/2801/5810 2436/2770/5768 2424/2769/5767
s 735
f 2426/2747/5729 2425/2746/5728 2394/2802/5811 2403/2803/5812
s 736
f 2403/2803/5813 2396/2804/5814 2419/2749/5732 2426/2747/5731
s 730
f 2428/2728/5710 2442/2727/5709 2443/2753/5815 2406/2756/5816
s 740
f 2408/2759/5817 2429/2731/5747 2454/2762/5750 2455/2760/5818
s 731
f 2430/2732/5714 2429/2731/5713 2408/2759/5819 2410/2764/5820
s 743
f 2412/2766/5821 2431/2735/5759 2430/2732/5762 2410/2764/5822
s 732
f 2450/2736/5718 2431/2735/5717 2412/2766/5823 2449/2768/5824
s 746
f 2437/2771/5825 2438/2773/5771 2432/2776/5774 2414/2772/5826
s 729
f 2434/2724/5706 2433/2723/5705 2402/2745/5827 2401/2748/5828
s 737
f 2404/2750/5829 2427/2751/5736 2434/2724/5735 2401/2748/5830
s 745
f 2435/2801/5810 2394/2805/5831 2425/2806/5832 2436/2770/5768
f 2437/2771/5769 2436/2770/5768 2425/2806/5832 2402/2807/5833
s 746
f 2402/2807/5834 2433/2808/5835 2438/2773/5771 2437/2771/5825
f 2433/2808/5835 2393/2809/5836 2439/2774/5772 2438/2773/5771
s 750
f 2440/2787/5789 2439/2786/5788 2393/2722/5837 2405/2721/5838
s 751
f 2405/2721/5839 2395/2752/5840 2441/2789/5792 2440/2787/5791
s 730
f 2442/2727/5709 2441/2726/5708 2395/2752/5841 2427/2751/5842
f 2443/2753/5815 2442/2727/5709 2427/2751/5842 2404/2750/5843
s 738
f 2404/2750/5844 2419/2749/5845 2444/2754/5740 2443/2753/5739
f 2419/2749/5845 2396/2804/5846 2445/2793/5799 2444/2754/5740
s 749
f 2446/2737/5785 2445/2784/5784 2396/2804/5847 2403/2803/5848
s 733
f 2403/2803/5849 2394/2802/5850 2435/2738/5720 2446/2737/5719
s 744
f 2424/2769/5851 2448/2767/5765 2447/2799/5808 2415/2800/5852
f 2449/2768/5766 2448/2767/5765 2424/2769/5851 2414/2772/5853
s 732
f 2432/2776/5854 2450/2736/5718 2449/2768/5824 2414/2772/5855
f 2416/2775/5856 2451/2733/5715 2450/2736/5718 2432/2776/5854
s 734
f 2452/2744/5726 2451/2743/5725 2416/2785/5857 2418/2788/5858
s 752
f 2409/2790/5859 2453/2791/5795 2452/2744/5798 2418/2788/5860
s 740
f 2454/2762/5750 2453/2761/5749 2409/2725/5861 2428/2728/5862
f 2455/2760/5818 2454/2762/5750 2428/2728/5862 2406/2756/5863
s 739
f 2420/2755/5864 2456/2757/5743 2455/2760/5746 2406/2756/5865
f 2407/2794/5866 2457/2795/5801 2456/2757/5743 2420/2755/5864
s 748
f 2458/2777/5782 2457/2782/5781 2407/2783/5867 2417/2740/5868
s 747
f 2415/2739/5869 2447/2778/5776 2458/2777/5775 2417/2740/5870
s 753
f 2471/2810/5871 2459/2811/5872 2499/2812/5873 2500/2813/5874
s 754
f 2475/2814/5875 2507/2815/5876 2508/2816/5877 2494/2817/5878
s 755
f 2479/2818/5879 2463/2819/5880 2495/2820/5881 2496/2821/5882
s 756
f 2517/2822/5883 2465/2823/5884 2497/2824/5885 2516/2825/5886
s 757
f 2512/2826/5887 2501/2827/5888 2481/2828/5889 2483/2829/5890
s 758
f 2479/2830/5891 2465/2831/5892 2517/2832/5893 2518/2833/5894
s 759
f 2468/2834/5895 2491/2835/5896 2492/2836/5897 2467/2837/5898
s 760
f 2492/2836/5899 2485/2838/5900 2470/2839/5901 2467/2837/5902
s 761
f 2500/2813/5903 2493/2840/5904 2461/2841/5905 2471/2810/5906
s 762
f 2509/2842/5907 2510/2843/5908 2486/2844/5909 2472/2845/5910
s 763
f 2522/2846/5911 2487/2847/5912 2474/2848/5913 2521/2849/5914
s 764
f 2495/2820/5915 2463/2819/5916 2519/2850/5917 2520/2851/5918
s 765
f 2474/2848/5919 2487/2847/5920 2488/2852/5921 2476/2853/5922
s 766
f 2488/2852/5923 2489/2854/5924 2478/2855/5925 2476/2853/5926
s 767
f 2497/2824/5927 2465/2823/5928 2479/2818/5929 2496/2821/5930
s 768
f 2478/2855/5931 2489/2854/5932 2514/2856/5933 2515/2857/5934
s 769
f 2490/2858/5935 2502/2859/5936 2503/2860/5937 2480/2861/5938
s 770
f 2504/2862/5939 2505/2863/5940 2482/2864/5941 2498/2865/5942
s 771
f 2524/2866/5943 2513/2867/5944 2466/2868/5945 2477/2869/5946
s 772
f 2477/2869/5947 2464/2870/5948 2523/2871/5949 2524/2866/5950
s 773
f 2473/2872/5951 2511/2873/5952 2512/2826/5953 2483/2829/5954
s 774
f 2482/2874/5955 2505/2875/5956 2506/2876/5957 2484/2877/5958
s 775
f 2506/2876/5959 2507/2878/5960 2475/2879/5961 2484/2877/5962
s 776
f 2519/2880/5963 2463/2881/5964 2479/2830/5965 2518/2833/5966
s 762
f 2510/2843/5908 2511/2882/5967 2473/2883/5968 2486/2844/5909
s 763
f 2523/2884/5969 2464/2885/5970 2487/2847/5912 2522/2846/5911
s 765
f 2488/2852/5921 2487/2847/5920 2464/2885/5971 2477/2886/5972
s 766
f 2477/2886/5973 2466/2887/5974 2489/2854/5924 2488/2852/5923
s 768
f 2514/2856/5933 2489/2854/5932 2466/2887/5975 2513/2888/5976
s 769
f 2481/2889/5977 2501/2890/5978 2502/2859/5936 2490/2858/5935
s 759
f 2492/2836/5897 2491/2835/5896 2460/2891/5979 2469/2892/5980
s 760
f 2469/2892/5981 2462/2893/5982 2485/2838/5900 2492/2836/5899
s 754
f 2494/2817/5878 2508/2816/5877 2509/2842/5983 2472/2845/5984
s 764
f 2474/2848/5985 2495/2820/5915 2520/2851/5918 2521/2849/5986
s 755
f 2496/2821/5882 2495/2820/5881 2474/2848/5987 2476/2853/5988
s 767
f 2478/2855/5989 2497/2824/5927 2496/2821/5930 2476/2853/5990
s 756
f 2516/2825/5886 2497/2824/5885 2478/2855/5991 2515/2857/5992
s 770
f 2503/2860/5993 2504/2862/5939 2498/2865/5942 2480/2861/5994
s 753
f 2500/2813/5874 2499/2812/5873 2468/2834/5995 2467/2837/5996
s 761
f 2470/2839/5997 2493/2840/5904 2500/2813/5903 2467/2837/5998
s 769
f 2501/2890/5978 2460/2894/5999 2491/2895/6000 2502/2859/5936
f 2503/2860/5937 2502/2859/5936 2491/2895/6000 2468/2896/6001
s 770
f 2468/2896/6002 2499/2897/6003 2504/2862/5939 2503/2860/5993
f 2499/2897/6003 2459/2898/6004 2505/2863/5940 2504/2862/5939
s 774
f 2506/2876/5957 2505/2875/5956 2459/2811/6005 2471/2810/6006
s 775
f 2471/2810/6007 2461/2841/6008 2507/2878/5960 2506/2876/5959
s 754
f 2508/2816/5877 2507/2815/5876 2461/2841/6009 2493/2840/6010
f 2509/2842/5983 2508/2816/5877 2493/2840/6010 2470/2839/6011
s 762
f 2470/2839/6012 2485/2838/6013 2510/2843/5908 2509/2842/5907
f 2485/2838/6013 2462/2893/6014 2511/2882/5967 2510/2843/5908
s 773
f 2512/2826/5953 2511/2873/5952 2462/2893/6015 2469/2892/6016
s 757
f 2469/2892/6017 2460/2891/6018 2501/2827/5888 2512/2826/5887
s 768
f 2490/2858/6019 2514/2856/5933 2513/2888/5976 2481/2889/6020
f 2515/2857/5934 2514/2856/5933 2490/2858/6019 2480/2861/6021
s 756
f 2498/2865/6022 2516/2825/5886 2515/2857/5992 2480/2861/6023
f 2482/2864/6024 2517/2822/5883 2516/2825/5886 2498/2865/6022
s 758
f 2518/2833/5894 2517/2832/5893 2482/2874/6025 2484/2877/6026
s 776
f 2475/2879/6027 2519/2880/5963 2518/2833/5966 2484/2877/6028
s 764
f 2520/2851/5918 2519/2850/5917 2475/2814/6029 2494/2817/6030
f 2521/2849/5986 2520/2851/5918 2494/2817/6030 2472/2845/6031
s 763
f 2486/2844/6032 2522/2846/5911 2521/2849/5914 2472/2845/6033
f 2473/2883/6034 2523/2884/5969 2522/2846/5911 2486/2844/6032
s 772
f 2524/2866/5950 2523/2871/5949 2473/2872/6035 2483/2829/6036
s 771
f 2481/2828/6037 2513/2867/5944 2524/2866/5943 2483/2829/6038
s 777
f 2537/2899/6039 2525/2900/6040 2565/2901/6041 2566/2902/6042
s 778
f 2541/2903/6043 2573/2904/6044 2574/2905/6045 2560/2906/6046
s 779
f 2545/2907/6047 2529/2908/6048 2561/2909/6049 2562/2910/6050
s 780
f 2583/2911/6051 2531/2912/6052 2563/2913/6053 2582/2914/6054
s 781
f 2578/2915/6055 2567/2916/6056 2547/2917/6057 2549/2918/6058
s 782
f 2545/2919/6059 2531/2920/6060 2583/2921/6061 2584/2922/6062
s 783
f 2534/2923/6063 2557/2924/6064 2558/2925/6065 2533/2926/6066
s 784
f 2558/2925/6067 2551/2927/6068 2536/2928/6069 2533/2926/6070
s 785
f 2566/2902/6071 2559/2929/6072 2527/2930/6073 2537/2899/6074
s 786
f 2575/2931/6075 2576/2932/6076 2552/2933/6077 2538/2934/6078
s 787
f 2588/2935/6079 2553/2936/6080 2540/2937/6081 2587/2938/6082
s 788
f 2561/2909/6083 2529/2908/6084 2585/2939/6085 2586/2940/6086
s 789
f 2540/2937/6087 2553/2936/6088 2554/2941/6089 2542/2942/6090
s 790
f 2554/2941/6091 2555/2943/6092 2544/2944/6093 2542/2942/6094
s 791
f 2563/2913/6095 2531/2912/6096 2545/2907/6097 2562/2910/6098
s 792
f 2544/2944/6099 2555/2943/6100 2580/2945/6101 2581/2946/6102
s 793
f 2556/2947/6103 2568/2948/6104 2569/2949/6105 2546/2950/6106
s 794
f 2570/2951/6107 2571/2952/6108 2548/2953/6109 2564/2954/6110
s 795
f 2590/2955/6111 2579/2956/6112 2532/2957/6113 2543/2958/6114
s 796
f 2543/2958/6115 2530/2959/6116 2589/2960/6117 2590/2955/6118
s 797
f 2539/2961/6119 2577/2962/6120 2578/2915/6121 2549/2918/6122
s 798
f 2548/2963/6123 2571/2964/6124 2572/2965/6125 2550/2966/6126
s 799
f 2572/2965/6127 2573/2967/6128 2541/2968/6129 2550/2966/6130
s 800
f 2585/2969/6131 2529/2970/6132 2545/2919/6133 2584/2922/6134
s 786
f 2576/2932/6076 2577/2971/6135 2539/2972/6136 2552/2933/6077
s 787
f 2589/2973/6137 2530/2974/6138 2553/2936/6080 2588/2935/6079
s 789
f 2554/2941/6089 2553/2936/6088 2530/2974/6139 2543/2975/6140
s 790
f 2543/2975/6141 2532/2976/6142 2555/2943/6092 2554/2941/6091
s 792
f 2580/2945/6101 2555/2943/6100 2532/2976/6143 2579/2977/6144
s 793
f 2547/2978/6145 2567/2979/6146 2568/2948/6104 2556/2947/6103
s 783
f 2558/2925/6065 2557/2924/6064 2526/2980/6147 2535/2981/6148
s 784
f 2535/2981/6149 2528/2982/6150 2551/2927/6068 2558/2925/6067
s 778
f 2560/2906/6046 2574/2905/6045 2575/2931/6151 2538/2934/6152
s 788
f 2540/2937/6153 2561/2909/6083 2586/2940/6086 2587/2938/6154
s 779
f 2562/2910/6050 2561/2909/6049 2540/2937/6155 2542/2942/6156
s 791
f 2544/2944/6157 2563/2913/6095 2562/2910/6098 2542/2942/6158
s 780
f 2582/2914/6054 2563/2913/6053 2544/2944/6159 2581/2946/6160
s 794
f 2569/2949/6161 2570/2951/6107 2564/2954/6110 2546/2950/6162
s 777
f 2566/2902/6042 2565/2901/6041 2534/2923/6163 2533/2926/6164
s 785
f 2536/2928/6165 2559/2929/6072 2566/2902/6071 2533/2926/6166
s 793
f 2567/2979/6146 2526/2983/6167 2557/2984/6168 2568/2948/6104
f 2569/2949/6105 2568/2948/6104 2557/2984/6168 2534/2985/6169
s 794
f 2534/2985/6170 2565/2986/6171 2570/2951/6107 2569/2949/6161
f 2565/2986/6171 2525/2987/6172 2571/2952/6108 2570/2951/6107
s 798
f 2572/2965/6125 2571/2964/6124 2525/2900/6173 2537/2899/6174
s 799
f 2537/2899/6175 2527/2930/6176 2573/2967/6128 2572/2965/6127
s 778
f 2574/2905/6045 2573/2904/6044 2527/2930/6177 2559/2929/6178
f 2575/2931/6151 2574/2905/6045 2559/2929/6178 2536/2928/6179
s 786
f 2536/2928/6180 2551/2927/6181 2576/2932/6076 2575/2931/6075
f 2551/2927/6181 2528/2982/6182 2577/2971/6135 2576/2932/6076
s 797
f 2578/2915/6121 2577/2962/6120 2528/2982/6183 2535/2981/6184
s 781
f 2535/2981/6185 2526/2980/6186 2567/2916/6056 2578/2915/6055
s 792
f 2556/2947/6187 2580/2945/6101 2579/2977/6144 2547/2978/6188
f 2581/2946/6102 2580/2945/6101 2556/2947/6187 2546/2950/6189
s 780
f 2564/2954/6190 2582/2914/6054 2581/2946/6160 2546/2950/6191
f 2548/2953/6192 2583/2911/6051 2582/2914/6054 2564/2954/6190
s 782
f 2584/2922/6062 2583/2921/6061 2548/2963/6193 2550/2966/6194
s 800
f 2541/2968/6195 2585/2969/6131 2584/2922/6134 2550/2966/6196
s 788
f 2586/2940/6086 2585/2939/6085 2541/2903/6197 2560/2906/6198
f 2587/2938/6154 2586/2940/6086 2560/2906/6198 2538/2934/6199
s 787
f 2552/2933/6200 2588/2935/6079 2587/2938/6082 2538/2934/6201
f 2539/2972/6202 2589/2973/6137 2588/2935/6079 2552/2933/6200
s 796
f 2590/2955/6118 2589/2960/6117 2539/2961/6203 2549/2918/6204
s 795
f 2547/2917/6205 2579/2956/6112 2590/2955/6111 2549/2918/6206
s 801
usemtl aiStandardSurface6SG
f 2630//6207 2645//6208 2646//6209 2605//6210
s 802
f 2593//6211 2635//6212 2636//6213 2611//6214
s 803
f 2606//6215 2639//6216 2640//6217 2627//6218
s 804
f 2613//6219 2643//6220 2644//6221 2591//6222
s 805
f 2632//6223 2633//6224 2616//6225 2603//6226
s 806
f 2629//6227 2630//6228 2605//6229 2612//6230
s 802
f 2599//6231 2594//6232 2609//6233 2610//6234
s 803
f 2626//6235 2607//6236 2608//6237 2625//6238
s 804
f 2602//6239 2614//6240 2615//6241 2592//6242
s 801
f 2604//6243 2631//6244 2632//6245 2603//6246
f 2599//6247 2604//6243 2603//6246 2594//6248
f 2605//6210 2646//6209 2635//6249 2593//6250
s 806
f 2612//6230 2605//6229 2593//6251 2611//6252
s 803
f 2595//6253 2638//6254 2639//6216 2606//6215
f 2608//6237 2607//6236 2600//6255 2596//6256
s 805
f 2603//6226 2616//6225 2609//6257 2594//6258
s 802
f 2610//6234 2609//6233 2617//6259 2618//6260
f 2611//6214 2636//6213 2637//6261 2619//6262
s 806
f 2620//6263 2612//6230 2611//6252 2619//6264
f 2628//6265 2629//6227 2612//6230 2620//6263
s 804
f 2621//6266 2642//6267 2643//6220 2613//6219
f 2615//6241 2614//6240 2622//6268 2623//6269
s 805
f 2616//6225 2633//6224 2634//6270 2624//6271
f 2609//6257 2616//6225 2624//6271 2617//6272
s 802
f 2618//6260 2617//6259 2596//6273 2600//6274
f 2619//6262 2637//6261 2638//6275 2595//6276
s 806
f 2606//6277 2620//6263 2619//6264 2595//6278
f 2627//6279 2628//6265 2620//6263 2606//6277
s 804
f 2597//6280 2641//6281 2642//6267 2621//6266
f 2623//6269 2622//6268 2601//6282 2598//6283
s 805
f 2624//6271 2634//6270 2625//6284 2608//6285
f 2617//6272 2624//6271 2608//6285 2596//6286
s 803
f 2601//6287 2626//6235 2625//6238 2598//6288
f 2627//6218 2640//6217 2641//6289 2597//6290
s 806
f 2597//6291 2621//6292 2628//6265 2627//6279
f 2621//6292 2613//6293 2629//6227 2628//6265
f 2613//6293 2591//6294 2630//6228 2629//6227
s 801
f 2591//6295 2644//6296 2645//6208 2630//6207
f 2632//6245 2631//6244 2602//6297 2592//6298
s 805
f 2592//6299 2615//6300 2633//6224 2632//6223
f 2634//6270 2633//6224 2615//6300 2623//6301
f 2625//6284 2634//6270 2623//6301 2598//6302
s 802
f 2635//6212 2599//6231 2610//6234 2636//6213
f 2637//6261 2636//6213 2610//6234 2618//6260
f 2638//6275 2637//6261 2618//6260 2600//6274
s 803
f 2639//6216 2638//6254 2600//6255 2607//6236
f 2640//6217 2639//6216 2607//6236 2626//6235
f 2641//6289 2640//6217 2626//6235 2601//6287
s 804
f 2642//6267 2641//6281 2601//6282 2622//6268
f 2643//6220 2642//6267 2622//6268 2614//6240
f 2644//6221 2643//6220 2614//6240 2602//6239
s 801
f 2645//6208 2644//6296 2602//6297 2631//6244
f 2646//6209 2645//6208 2631//6244 2604//6243
f 2635//6249 2646//6209 2604//6243 2599//6247
s 808
usemtl aiStandardSurface3OPBR_SG
f 2647/2988/6303 2655/2989/6304 2672/2990/6305 2665/2991/6306
s 809
f 2649/2992/6307 2656/2993/6308 2659/2994/6309 2660/2995/6310
s 810
f 2667/2996/6311 2668/2997/6312 2658/2998/6313 2653/2999/6314
s 811
f 2661/3000/6315 2662/3001/6316 2655/3002/6317 2647/3003/6318
s 812
f 2648/3004/6319 2663/3005/6320 2670/3006/6321 2671/3007/6322
s 813
f 2661/3008/6323 2647/2988/6324 2665/2991/6325 2666/3009/6326
s 808
f 2655/2989/6304 2686/3010/6327 2687/3011/6328 2672/2990/6305
s 809
f 2689/3012/6329 2659/2994/6309 2656/2993/6308 2688/3013/6330
s 810
f 2658/2998/6313 2668/2997/6312 2682/3014/6331 2683/3015/6332
s 811
f 2655/3002/6317 2662/3001/6316 2685/3016/6333 2686/3017/6334
s 809
f 2660/2995/6310 2659/2994/6309 2679/3018/6335 2680/3019/6336
s 813
f 2674/3020/6337 2661/3008/6323 2666/3009/6326 2673/3021/6338
s 811
f 2674/3022/6339 2675/3023/6340 2662/3001/6316 2661/3000/6315
f 2685/3016/6333 2662/3001/6316 2675/3023/6340 2684/3024/6341
s 812
f 2670/3006/6321 2663/3005/6320 2676/3025/6342 2677/3026/6343
s 809
f 2679/3018/6335 2659/2994/6309 2689/3012/6329 2690/3027/6344
s 813
f 2666/3009/6326 2665/2991/6325 2649/2992/6345 2660/3028/6346
f 2680/3029/6347 2673/3021/6338 2666/3009/6326 2660/3028/6346
s 810
f 2651/3030/6348 2657/3031/6349 2668/2997/6312 2667/2996/6311
f 2682/3014/6331 2668/2997/6312 2657/3031/6349 2681/3032/6350
s 812
f 2664/3033/6351 2670/3006/6321 2677/3026/6343 2678/3034/6352
f 2671/3007/6322 2670/3006/6321 2664/3033/6351 2650/3035/6353
s 808
f 2672/2990/6305 2687/3011/6328 2688/3013/6354 2656/2993/6355
f 2665/2991/6306 2672/2990/6305 2656/2993/6355 2649/2992/6356
s 813
f 2653/3036/6357 2674/3020/6337 2673/3021/6338 2667/3037/6358
s 811
f 2653/2999/6359 2658/2998/6360 2675/3023/6340 2674/3022/6339
f 2684/3024/6341 2675/3023/6340 2658/2998/6360 2683/3015/6361
s 812
f 2677/3026/6343 2676/3025/6342 2654/3038/6362 2669/3039/6363
f 2678/3034/6352 2677/3026/6343 2669/3039/6363 2652/3040/6364
s 809
f 2657/3031/6365 2679/3018/6335 2690/3027/6344 2681/3032/6366
f 2680/3019/6336 2679/3018/6335 2657/3031/6365 2651/3030/6367
s 813
f 2667/3037/6358 2673/3021/6338 2680/3029/6347 2651/3041/6368
s 810
f 2669/3042/6369 2682/3014/6331 2681/3032/6350 2652/3043/6370
f 2683/3015/6332 2682/3014/6331 2669/3042/6369 2654/3044/6371
s 811
f 2676/3045/6372 2684/3024/6341 2683/3015/6361 2654/3044/6373
f 2663/3046/6374 2685/3016/6333 2684/3024/6341 2676/3045/6372
f 2686/3017/6334 2685/3016/6333 2663/3046/6374 2648/3047/6375
s 808
f 2687/3011/6328 2686/3010/6327 2648/3004/6376 2671/3007/6377
f 2688/3013/6354 2687/3011/6328 2671/3007/6377 2650/3035/6378
s 809
f 2664/3048/6379 2689/3012/6329 2688/3013/6330 2650/3035/6380
f 2690/3027/6344 2689/3012/6329 2664/3048/6379 2678/3049/6381
f 2681/3032/6366 2690/3027/6344 2678/3049/6381 2652/3043/6382
s 814
usemtl aiStandardSurface4OPBR_SG
f 2779//6383 2755//6384 2719//6385 2780//6386
s 815
f 2769//6387 2768//6388 2723//6389 2694//6390
s 816
f 2760//6391 2784//6392 2783//6393 2722//6394
s 817
f 2757//6395 2756//6396 2692//6397 2732//6398
s 818
f 2780//6399 2719//6400 2733//6401 2781//6402
s 819
f 2777//6403 2730//6404 2720//6405 2778//6406
s 814
f 2787//6407 2804//6408 2803//6409 2788//6410
s 819
f 2785//6411 2796//6412 2795//6413 2786//6414
s 816
f 2799//6415 2792//6416 2791//6417 2800//6418
s 818
f 2788//6419 2803//6420 2802//6421 2789//6422
s 814
f 2771//6423 2770//6424 2699//6425 2703//6426
s 819
f 2726//6427 2725//6428 2700//6429 2704//6430
s 816
f 2765//6431 2764//6432 2706//6433 2702//6434
s 818
f 2703//6435 2699//6436 2738//6437 2737//6438
s 814
f 2772//6439 2771//6423 2703//6426 2707//6440
s 819
f 2727//6441 2726//6427 2704//6430 2708//6442
s 816
f 2764//6432 2763//6443 2710//6444 2706//6433
s 818
f 2707//6445 2703//6435 2737//6438 2736//6446
s 814
f 2773//6447 2772//6439 2707//6440 2711//6448
s 819
f 2728//6449 2727//6441 2708//6442 2712//6450
s 816
f 2763//6443 2762//6451 2714//6452 2710//6444
s 818
f 2711//6453 2707//6445 2736//6446 2735//6454
s 814
f 2774//6455 2773//6447 2711//6448 2715//6456
s 819
f 2729//6457 2728//6449 2712//6450 2716//6458
s 816
f 2762//6451 2761//6459 2718//6460 2714//6452
s 818
f 2715//6461 2711//6453 2735//6454 2734//6462
s 814
f 2774//6455 2715//6456 2719//6385 2755//6384
s 819
f 2730//6404 2729//6457 2716//6458 2720//6405
s 816
f 2761//6459 2760//6391 2722//6394 2718//6460
s 818
f 2719//6400 2715//6461 2734//6462 2733//6401
s 815
f 2768//6388 2828//6463 2827//6464 2723//6389
s 819
f 2807//6465 2806//6466 2796//6412 2785//6411
f 2809//6467 2808//6468 2725//6428 2726//6427
f 2810//6469 2809//6467 2726//6427 2727//6441
f 2811//6470 2810//6469 2727//6441 2728//6449
f 2812//6471 2811//6470 2728//6449 2729//6457
f 2813//6472 2812//6471 2729//6457 2730//6404
f 2814//6473 2813//6472 2730//6404 2777//6403
s 817
f 2816//6474 2757//6395 2732//6398 2817//6475
s 818
f 2733//6401 2819//6476 2818//6477 2781//6402
f 2734//6462 2820//6478 2819//6476 2733//6401
f 2735//6454 2821//6479 2820//6478 2734//6462
f 2736//6446 2822//6480 2821//6479 2735//6454
f 2737//6438 2823//6481 2822//6480 2736//6446
f 2738//6437 2824//6482 2823//6481 2737//6438
f 2802//6421 2826//6483 2825//6484 2789//6422
s 819
f 2793//6485 2798//6486 2797//6487 2794//6488
f 2705//6489 2701//6490 2740//6491 2741//6492
f 2709//6493 2705//6489 2741//6492 2742//6494
f 2713//6495 2709//6493 2742//6494 2743//6496
f 2717//6497 2713//6495 2743//6496 2744//6498
f 2721//6499 2717//6497 2744//6498 2745//6500
f 2775//6501 2721//6499 2745//6500 2776//6502
s 817
f 2759//6503 2758//6504 2747//6505 2698//6506
s 818
f 2748//6507 2722//6508 2783//6509 2782//6510
f 2749//6511 2718//6512 2722//6508 2748//6507
f 2750//6513 2714//6514 2718//6512 2749//6511
f 2751//6515 2710//6516 2714//6514 2750//6513
f 2752//6517 2706//6518 2710//6516 2751//6515
f 2753//6519 2702//6520 2706//6518 2752//6517
f 2801//6521 2800//6522 2791//6523 2790//6524
s 815
f 2767//6525 2766//6526 2696//6527 2754//6528
s 814
f 2839//6529 2838//6530 2755//6384 2779//6383
s 817
f 2841//6531 2840//6532 2756//6396 2757//6395
f 2842//6533 2841//6531 2757//6395 2816//6474
f 2844//6534 2843//6535 2758//6504 2759//6503
s 816
f 2846//6536 2845//6537 2784//6392 2760//6391
f 2847//6538 2846//6536 2760//6391 2761//6459
f 2848//6539 2847//6538 2761//6459 2762//6451
f 2849//6540 2848//6539 2762//6451 2763//6443
f 2850//6541 2849//6540 2763//6443 2764//6432
f 2851//6542 2850//6541 2764//6432 2765//6431
f 2853//6543 2852//6544 2792//6416 2799//6415
s 815
f 2855//6545 2854//6546 2766//6526 2767//6525
f 2856//6547 2828//6463 2768//6388 2829//6548
f 2830//6549 2829//6548 2768//6388 2769//6387
s 814
f 2832//6550 2831//6551 2804//6408 2787//6407
f 2834//6552 2833//6553 2770//6424 2771//6423
f 2835//6554 2834//6552 2771//6423 2772//6439
f 2836//6555 2835//6554 2772//6439 2773//6447
f 2837//6556 2836//6555 2773//6447 2774//6455
f 2838//6530 2837//6556 2774//6455 2755//6384
s 819
f 2697//6557 2775//6501 2776//6502 2746//6558
f 2815//6559 2814//6473 2777//6403 2731//6560
f 2731//6560 2777//6403 2778//6406 2691//6561
s 814
f 2840//6562 2839//6529 2779//6383 2756//6563
f 2756//6563 2779//6383 2780//6386 2692//6564
s 818
f 2692//6565 2780//6399 2781//6402 2732//6566
f 2818//6477 2817//6567 2732//6566 2781//6402
f 2783//6509 2698//6568 2747//6569 2782//6510
s 816
f 2784//6392 2759//6570 2698//6571 2783//6393
f 2845//6537 2844//6572 2759//6570 2784//6392
s 819
f 2725//6428 2785//6411 2786//6414 2700//6429
s 814
f 2833//6553 2832//6550 2787//6407 2770//6424
f 2770//6424 2787//6407 2788//6410 2699//6425
s 818
f 2699//6436 2788//6419 2789//6422 2738//6437
f 2825//6484 2824//6482 2738//6437 2789//6422
f 2791//6523 2702//6520 2753//6519 2790//6524
s 816
f 2792//6416 2765//6431 2702//6434 2791//6417
f 2852//6544 2851//6542 2765//6431 2792//6416
s 819
f 2701//6490 2793//6485 2794//6488 2740//6491
f 2808//6468 2807//6465 2785//6411 2725//6428
f 2796//6412 2724//6573 2693//6574 2795//6413
f 2806//6466 2805//6575 2724//6573 2796//6412
f 2798//6486 2695//6576 2739//6577 2797//6487
s 816
f 2854//6578 2853//6543 2799//6415 2766//6579
f 2766//6579 2799//6415 2800//6418 2696//6580
s 818
f 2754//6581 2696//6582 2800//6522 2801//6521
f 2723//6583 2827//6584 2826//6483 2802//6421
f 2803//6420 2694//6585 2723//6583 2802//6421
s 814
f 2804//6408 2769//6586 2694//6587 2803//6409
f 2831//6551 2830//6588 2769//6586 2804//6408
s 819
f 2797//6487 2739//6577 2805//6575 2806//6466
f 2794//6488 2797//6487 2806//6466 2807//6465
f 2740//6491 2794//6488 2807//6465 2808//6468
f 2741//6492 2740//6491 2808//6468 2809//6467
f 2742//6494 2741//6492 2809//6467 2810//6469
f 2743//6496 2742//6494 2810//6469 2811//6470
f 2744//6498 2743//6496 2811//6470 2812//6471
f 2745//6500 2744//6498 2812//6471 2813//6472
f 2776//6502 2745//6500 2813//6472 2814//6473
f 2746//6558 2776//6502 2814//6473 2815//6559
s 817
f 2843//6535 2842//6533 2816//6474 2758//6504
f 2758//6504 2816//6474 2817//6475 2747//6505
s 818
f 2782//6510 2747//6569 2817//6567 2818//6477
f 2819//6476 2748//6507 2782//6510 2818//6477
f 2820//6478 2749//6511 2748//6507 2819//6476
f 2821//6479 2750//6513 2749//6511 2820//6478
f 2822//6480 2751//6515 2750//6513 2821//6479
f 2823//6481 2752//6517 2751//6515 2822//6480
f 2824//6482 2753//6519 2752//6517 2823//6481
f 2790//6524 2753//6519 2824//6482 2825//6484
f 2826//6483 2801//6521 2790//6524 2825//6484
f 2827//6584 2754//6581 2801//6521 2826//6483
s 815
f 2828//6463 2767//6525 2754//6528 2827//6464
f 2856//6547 2855//6545 2767//6525 2828//6463
f 2693//6589 2724//6590 2829//6548 2830//6549
s 814
f 2795//6591 2693//6592 2830//6588 2831//6551
f 2786//6593 2795//6591 2831//6551 2832//6550
f 2700//6594 2786//6593 2832//6550 2833//6553
f 2704//6595 2700//6594 2833//6553 2834//6552
f 2708//6596 2704//6595 2834//6552 2835//6554
f 2712//6597 2708//6596 2835//6554 2836//6555
f 2716//6598 2712//6597 2836//6555 2837//6556
f 2720//6599 2716//6598 2837//6556 2838//6530
f 2778//6600 2720//6599 2838//6530 2839//6529
f 2691//6601 2778//6600 2839//6529 2840//6562
s 817
f 2731//6602 2691//6603 2840//6532 2841//6531
f 2815//6604 2731//6602 2841//6531 2842//6533
f 2746//6605 2815//6604 2842//6533 2843//6535
f 2697//6606 2746//6605 2843//6535 2844//6534
s 816
f 2775//6607 2697//6608 2844//6572 2845//6537
f 2721//6609 2775//6607 2845//6537 2846//6536
f 2717//6610 2721//6609 2846//6536 2847//6538
f 2713//6611 2717//6610 2847//6538 2848//6539
f 2709//6612 2713//6611 2848//6539 2849//6540
f 2705//6613 2709//6612 2849//6540 2850//6541
f 2701//6614 2705//6613 2850//6541 2851//6542
f 2793//6615 2701//6614 2851//6542 2852//6544
f 2798//6616 2793//6615 2852//6544 2853//6543
f 2695//6617 2798//6616 2853//6543 2854//6578
s 815
f 2739//6618 2695//6619 2854//6546 2855//6545
f 2805//6620 2739//6618 2855//6545 2856//6547
f 2724//6590 2805//6620 2856//6547 2829//6548
s 832
f 2945//6621 2946//6622 2885//6623 2921//6624
s 833
f 2935//6625 2860//6626 2889//6627 2934//6628
s 834
f 2926//6629 2888//6630 2949//6631 2950//6632
s 835
f 2923//6633 2898//6634 2858//6635 2922//6636
s 836
f 2946//6637 2947//6638 2899//6639 2885//6640
s 837
f 2943//6641 2944//6642 2886//6643 2896//6644
s 832
f 2953//6645 2954//6646 2969//6647 2970//6648
s 837
f 2951//6649 2952//6650 2961//6651 2962//6652
s 834
f 2965//6653 2966//6654 2957//6655 2958//6656
s 836
f 2954//6657 2955//6658 2968//6659 2969//6660
s 832
f 2937//6661 2869//6662 2865//6663 2936//6664
s 837
f 2892//6665 2870//6666 2866//6667 2891//6668
s 834
f 2931//6669 2868//6670 2872//6671 2930//6672
s 836
f 2869//6673 2903//6674 2904//6675 2865//6676
s 832
f 2938//6677 2873//6678 2869//6662 2937//6661
s 837
f 2893//6679 2874//6680 2870//6666 2892//6665
s 834
f 2930//6672 2872//6671 2876//6681 2929//6682
s 836
f 2873//6683 2902//6684 2903//6674 2869//6673
s 832
f 2939//6685 2877//6686 2873//6678 2938//6677
s 837
f 2894//6687 2878//6688 2874//6680 2893//6679
s 834
f 2929//6682 2876//6681 2880//6689 2928//6690
s 836
f 2877//6691 2901//6692 2902//6684 2873//6683
s 832
f 2940//6693 2881//6694 2877//6686 2939//6685
s 837
f 2895//6695 2882//6696 2878//6688 2894//6687
s 834
f 2928//6690 2880//6689 2884//6697 2927//6698
s 836
f 2881//6699 2900//6700 2901//6692 2877//6691
s 832
f 2940//6693 2921//6624 2885//6623 2881//6694
s 837
f 2896//6644 2886//6643 2882//6696 2895//6695
s 834
f 2927//6698 2884//6697 2888//6630 2926//6629
s 836
f 2885//6640 2899//6639 2900//6700 2881//6699
s 833
f 2934//6628 2889//6627 2993//6701 2994//6702
s 837
f 2973//6703 2951//6649 2962//6652 2972//6704
f 2975//6705 2892//6665 2891//6668 2974//6706
f 2976//6707 2893//6679 2892//6665 2975//6705
f 2977//6708 2894//6687 2893//6679 2976//6707
f 2978//6709 2895//6695 2894//6687 2977//6708
f 2979//6710 2896//6644 2895//6695 2978//6709
f 2980//6711 2943//6641 2896//6644 2979//6710
s 835
f 2982//6712 2983//6713 2898//6634 2923//6633
s 836
f 2899//6639 2947//6638 2984//6714 2985//6715
f 2900//6700 2899//6639 2985//6715 2986//6716
f 2901//6692 2900//6700 2986//6716 2987//6717
f 2902//6684 2901//6692 2987//6717 2988//6718
f 2903//6674 2902//6684 2988//6718 2989//6719
f 2904//6675 2903//6674 2989//6719 2990//6720
f 2968//6659 2955//6658 2991//6721 2992//6722
s 837
f 2959//6723 2960//6724 2963//6725 2964//6726
f 2871//6727 2907//6728 2906//6729 2867//6730
f 2875//6731 2908//6732 2907//6728 2871//6727
f 2879//6733 2909//6734 2908//6732 2875//6731
f 2883//6735 2910//6736 2909//6734 2879//6733
f 2887//6737 2911//6738 2910//6736 2883//6735
f 2941//6739 2942//6740 2911//6738 2887//6737
s 835
f 2925//6741 2864//6742 2913//6743 2924//6744
s 836
f 2914//6745 2948//6746 2949//6747 2888//6748
f 2915//6749 2914//6745 2888//6748 2884//6750
f 2916//6751 2915//6749 2884//6750 2880//6752
f 2917//6753 2916//6751 2880//6752 2876//6754
f 2918//6755 2917//6753 2876//6754 2872//6756
f 2919//6757 2918//6755 2872//6756 2868//6758
f 2967//6759 2956//6760 2957//6761 2966//6762
s 833
f 2933//6763 2920//6764 2862//6765 2932//6766
s 832
f 3005//6767 2945//6621 2921//6624 3004//6768
s 835
f 3007//6769 2923//6633 2922//6636 3006//6770
f 3008//6771 2982//6712 2923//6633 3007//6769
f 3010//6772 2925//6741 2924//6744 3009//6773
s 834
f 3012//6774 2926//6629 2950//6632 3011//6775
f 3013//6776 2927//6698 2926//6629 3012//6774
f 3014//6777 2928//6690 2927//6698 3013//6776
f 3015//6778 2929//6682 2928//6690 3014//6777
f 3016//6779 2930//6672 2929//6682 3015//6778
f 3017//6780 2931//6669 2930//6672 3016//6779
f 3019//6781 2965//6653 2958//6656 3018//6782
s 833
f 3021//6783 2933//6763 2932//6766 3020//6784
f 3022//6785 2995//6786 2934//6628 2994//6702
f 2996//6787 2935//6625 2934//6628 2995//6786
s 832
f 2998//6788 2953//6645 2970//6648 2997//6789
f 3000//6790 2937//6661 2936//6664 2999//6791
f 3001//6792 2938//6677 2937//6661 3000//6790
f 3002//6793 2939//6685 2938//6677 3001//6792
f 3003//6794 2940//6693 2939//6685 3002//6793
f 3004//6768 2921//6624 2940//6693 3003//6794
s 837
f 2863//6795 2912//6796 2942//6740 2941//6739
f 2981//6797 2897//6798 2943//6641 2980//6711
f 2897//6798 2857//6799 2944//6642 2943//6641
s 832
f 3006//6800 2922//6801 2945//6621 3005//6767
f 2922//6801 2858//6802 2946//6622 2945//6621
s 836
f 2858//6803 2898//6804 2947//6638 2946//6637
f 2984//6714 2947//6638 2898//6804 2983//6805
f 2949//6747 2948//6746 2913//6806 2864//6807
s 834
f 2950//6632 2949//6631 2864//6808 2925//6809
f 3011//6775 2950//6632 2925//6809 3010//6810
s 837
f 2891//6668 2866//6667 2952//6650 2951//6649
s 832
f 2999//6791 2936//6664 2953//6645 2998//6788
f 2936//6664 2865//6663 2954//6646 2953//6645
s 836
f 2865//6676 2904//6675 2955//6658 2954//6657
f 2991//6721 2955//6658 2904//6675 2990//6720
f 2957//6761 2956//6760 2919//6757 2868//6758
s 834
f 2958//6656 2957//6655 2868//6670 2931//6669
f 3018//6782 2958//6656 2931//6669 3017//6780
s 837
f 2867//6730 2906//6729 2960//6724 2959//6723
f 2974//6706 2891//6668 2951//6649 2973//6703
f 2962//6652 2961//6651 2859//6811 2890//6812
f 2972//6704 2962//6652 2890//6812 2971//6813
f 2964//6726 2963//6725 2905//6814 2861//6815
s 834
f 3020//6816 2932//6817 2965//6653 3019//6781
f 2932//6817 2862//6818 2966//6654 2965//6653
s 836
f 2920//6819 2967//6759 2966//6762 2862//6820
f 2889//6821 2968//6659 2992//6722 2993//6822
f 2969//6660 2968//6659 2889//6821 2860//6823
s 832
f 2970//6648 2969//6647 2860//6824 2935//6825
f 2997//6789 2970//6648 2935//6825 2996//6826
s 837
f 2963//6725 2972//6704 2971//6813 2905//6814
f 2960//6724 2973//6703 2972//6704 2963//6725
f 2906//6729 2974//6706 2973//6703 2960//6724
f 2907//6728 2975//6705 2974//6706 2906//6729
f 2908//6732 2976//6707 2975//6705 2907//6728
f 2909//6734 2977//6708 2976//6707 2908//6732
f 2910//6736 2978//6709 2977//6708 2909//6734
f 2911//6738 2979//6710 2978//6709 2910//6736
f 2942//6740 2980//6711 2979//6710 2911//6738
f 2912//6796 2981//6797 2980//6711 2942//6740
s 835
f 3009//6773 2924//6744 2982//6712 3008//6771
f 2924//6744 2913//6743 2983//6713 2982//6712
s 836
f 2948//6746 2984//6714 2983//6805 2913//6806
f 2985//6715 2984//6714 2948//6746 2914//6745
f 2986//6716 2985//6715 2914//6745 2915//6749
f 2987//6717 2986//6716 2915//6749 2916//6751
f 2988//6718 2987//6717 2916//6751 2917//6753
f 2989//6719 2988//6718 2917//6753 2918//6755
f 2990//6720 2989//6719 2918//6755 2919//6757
f 2956//6760 2991//6721 2990//6720 2919//6757
f 2992//6722 2991//6721 2956//6760 2967//6759
f 2993//6822 2992//6722 2967//6759 2920//6819
s 833
f 2994//6702 2993//6701 2920//6764 2933//6763
f 3022//6785 2994//6702 2933//6763 3021//6783
f 2859//6827 2996//6787 2995//6786 2890//6828
s 832
f 2961//6829 2997//6789 2996//6826 2859//6830
f 2952//6831 2998//6788 2997//6789 2961//6829
f 2866//6832 2999//6791 2998//6788 2952//6831
f 2870//6833 3000//6790 2999//6791 2866//6832
f 2874//6834 3001//6792 3000//6790 2870//6833
f 2878//6835 3002//6793 3001//6792 2874//6834
f 2882//6836 3003//6794 3002//6793 2878//6835
f 2886//6837 3004//6768 3003//6794 2882//6836
f 2944//6838 3005//6767 3004//6768 2886//6837
f 2857//6839 3006//6800 3005//6767 2944//6838
s 835
f 2897//6840 3007//6769 3006//6770 2857//6841
f 2981//6842 3008//6771 3007//6769 2897//6840
f 2912//6843 3009//6773 3008//6771 2981//6842
f 2863//6844 3010//6772 3009//6773 2912//6843
s 834
f 2941//6845 3011//6775 3010//6810 2863//6846
f 2887//6847 3012//6774 3011//6775 2941//6845
f 2883//6848 3013//6776 3012//6774 2887//6847
f 2879//6849 3014//6777 3013//6776 2883//6848
f 2875//6850 3015//6778 3014//6777 2879//6849
f 2871//6851 3016//6779 3015//6778 2875//6850
f 2867//6852 3017//6780 3016//6779 2871//6851
f 2959//6853 3018//6782 3017//6780 2867//6852
f 2964//6854 3019//6781 3018//6782 2959//6853
f 2861//6855 3020//6816 3019//6781 2964//6854
s 833
f 2905//6856 3021//6783 3020//6784 2861//6857
f 2971//6858 3022//6785 3021//6783 2905//6856
f 2890//6828 2995//6786 3022//6785 2971//6858
s 847
f 3023//6859 3114//6860 3127//6861 3024//6862
f 3024//6862 3127//6861 3126//6863 3025//6864
f 3026//6865 3029//6866 3030//6867 3027//6868
f 3027//6868 3030//6867 3031//6869 3028//6870
f 3029//6866 3032//6871 3033//6872 3030//6867
f 3030//6867 3033//6872 3034//6873 3031//6869
s 849
f 3175//6874 3178//6875 3177//6876 3176//6877
f 3176//6877 3177//6876 3180//6878 3179//6879
f 3178//6875 3182//6880 3181//6881 3177//6876
f 3177//6876 3181//6881 3183//6882 3180//6878
s 850
f 3087//6883 3040//6884 3041//6885 3088//6886
f 3088//6886 3041//6885 3042//6887 3089//6888
f 3040//6884 3043//6889 3044//6890 3041//6885
f 3041//6885 3044//6890 3045//6891 3042//6887
f 3043//6889 3192//6892 3191//6893 3044//6890
f 3044//6890 3191//6893 3190//6894 3045//6891
s 851
f 3046//6895 3049//6896 3050//6897 3047//6898
f 3047//6898 3050//6897 3051//6899 3048//6900
f 3049//6896 3052//6901 3053//6902 3050//6897
f 3050//6897 3053//6902 3054//6903 3051//6899
f 3052//6901 3055//6904 3056//6905 3053//6902
f 3053//6902 3056//6905 3057//6906 3054//6903
f 3055//6904 3058//6907 3059//6908 3056//6905
f 3056//6905 3059//6908 3060//6909 3057//6906
f 3119//6910 3061//6911 3062//6912 3120//6913
f 3120//6913 3062//6912 3063//6914 3121//6915
s 853
f 3135//6916 3109//6917 3108//6918 3065//6919 3066//6920 3184//6921 3199//6922
f 3064//6923 3067//6924 3068//6925 3065//6919
f 3065//6919 3068//6925 3069//6926 3066//6920
f 3067//6924 3096//6927 3095//6928 3068//6925
f 3068//6925 3095//6928 3094//6929 3069//6926
s 855
f 3066//6930 3123//6931 3185//6932 3184//6933
f 3069//6934 3124//6935 3123//6931 3066//6930
f 3094//6936 3125//6937 3124//6935 3069//6934
f 3070//6938 3072//6939 3187//6940 3186//6941
f 3071//6942 3073//6943 3072//6939 3070//6938
f 3093//6944 3092//6945 3073//6943 3071//6942
f 3072//6939 3074//6946 3188//6947 3187//6940
f 3092//6945 3091//6948 3075//6949 3073//6943
f 3074//6946 3076//6950 3189//6951 3188//6947
f 3075//6949 3077//6952 3076//6950 3074//6946
f 3091//6948 3090//6953 3077//6952 3075//6949
f 3076//6950 3045//6954 3190//6955 3189//6951
f 3077//6952 3042//6956 3045//6954 3076//6950
f 3090//6953 3089//6957 3042//6956 3077//6952
s 857
f 3198//6958 3197//6959 3117//6960 3064//6961
f 3064//6961 3117//6960 3116//6962 3067//6963
f 3067//6963 3116//6962 3115//6964 3096//6965
f 3196//6966 3195//6967 3080//6968 3078//6969
f 3078//6969 3080//6968 3081//6970 3079//6971
f 3079//6971 3081//6970 3098//6972 3097//6973
f 3195//6967 3194//6974 3082//6975 3080//6968
f 3080//6968 3082//6975 3083//6976 3081//6970
f 3081//6970 3083//6976 3099//6977 3098//6972
f 3194//6974 3193//6978 3084//6979 3082//6975
f 3082//6975 3084//6979 3085//6980 3083//6976
f 3083//6976 3085//6980 3086//6981 3099//6977
f 3193//6978 3192//6982 3043//6983 3084//6979
f 3084//6979 3043//6983 3040//6984 3085//6980
f 3085//6980 3040//6984 3087//6985 3086//6981
f 3086//6981 3087//6985 3037//6986 3035//6987
s 850
f 3037//6988 3087//6883 3088//6886 3038//6989
f 3038//6989 3088//6886 3089//6888 3039//6990
s 855
f 3036//6991 3039//6992 3089//6957 3090//6953
f 3034//6993 3036//6991 3090//6953 3091//6948
f 3031//6994 3034//6993 3091//6948 3092//6945
f 3028//6995 3031//6994 3092//6945 3093//6944
f 3025//6996 3126//6997 3125//6937 3094//6936
s 853
f 3095//6928 3024//6998 3025//6999 3094//6929
f 3096//6927 3023//7000 3024//6998 3095//6928
s 857
f 3115//6964 3114//7001 3023//7002 3096//6965
f 3098//6972 3029//7003 3026//7004 3097//6973
f 3099//6977 3032//7005 3029//7003 3098//6972
f 3086//6981 3035//6987 3032//7005 3099//6977
s 850
f 3101//7006 3047//7007 3048//7008 3100//7009
f 3102//7010 3046//7011 3047//7007 3101//7006
s 857
f 3049//7012 3046//7013 3102//7014 3103//7015
f 3052//7016 3049//7012 3103//7015 3104//7017
f 3055//7018 3052//7016 3104//7017 3105//7019
f 3058//7020 3055//7018 3105//7019 3106//7021
f 3061//7022 3119//7023 3118//7024 3107//7025
s 853
f 3061//7026 3107//7027 3108//6918 3062//7028
f 3062//7028 3108//6918 3109//6917 3063//7029
s 855
f 3122//7030 3121//7031 3063//7032 3109//7033
f 3111//7034 3057//7035 3060//7036 3110//7037
f 3112//7038 3054//7039 3057//7035 3111//7034
f 3113//7040 3051//7041 3054//7039 3112//7038
f 3100//7042 3048//7043 3051//7041 3113//7040
s 857
f 3097//6973 3026//7004 3114//7001 3115//6964
f 3116//6962 3079//6971 3097//6973 3115//6964
f 3117//6960 3078//6969 3079//6971 3116//6962
f 3197//6959 3196//6966 3078//6969 3117//6960
f 3119//7023 3058//7020 3106//7021 3118//7024
s 851
f 3058//6907 3119//6910 3120//6913 3059//6908
f 3059//6908 3120//6913 3121//6915 3060//6909
s 855
f 3110//7037 3060//7036 3121//7031 3122//7030
f 3123//6931 3070//6938 3186//6941 3185//6932
f 3124//6935 3071//6942 3070//6938 3123//6931
f 3125//6937 3093//6944 3071//6942 3124//6935
f 3126//6997 3028//6995 3093//6944 3125//6937
s 847
f 3127//6861 3027//6868 3028//6870 3126//6863
f 3114//6860 3026//6865 3027//6868 3127//6861
s 857
f 3103//7015 3102//7014 3128//7044 3129//7045
f 3104//7017 3103//7015 3129//7045 3130//7046
f 3105//7019 3104//7017 3130//7046 3131//7047
f 3106//7021 3105//7019 3131//7047 3132//7048
f 3118//7024 3106//7021 3132//7048 3133//7049
f 3107//7025 3118//7024 3133//7049 3134//7050
s 855
f 3136//7051 3122//7030 3109//7033 3135//7052
f 3137//7053 3110//7037 3122//7030 3136//7051
f 3138//7054 3111//7034 3110//7037 3137//7053
f 3139//7055 3112//7038 3111//7034 3138//7054
f 3140//7056 3113//7040 3112//7038 3139//7055
f 3141//7057 3100//7042 3113//7040 3140//7056
s 850
f 3142//7058 3101//7006 3100//7009 3141//7059
f 3128//7060 3102//7010 3101//7006 3142//7058
s 847
f 3032//6871 3143//7061 3144//7062 3033//6872
f 3035//7063 3145//7064 3143//7061 3032//6871
f 3033//6872 3144//7062 3146//7065 3034//6873
f 3034//6873 3146//7065 3147//7066 3036//7067
f 3038//7068 3148//7069 3149//7070 3037//7071
f 3037//7071 3149//7070 3145//7064 3035//7063
f 3036//7067 3147//7066 3150//7072 3039//7073
f 3039//7073 3150//7072 3148//7069 3038//7068
f 3143//7061 3151//7074 3152//7075 3144//7062
f 3145//7064 3153//7076 3151//7074 3143//7061
f 3144//7062 3152//7075 3154//7077 3146//7065
f 3146//7065 3154//7077 3155//7078 3147//7066
f 3148//7069 3156//7079 3157//7080 3149//7070
f 3149//7070 3157//7080 3153//7076 3145//7064
f 3147//7066 3155//7078 3158//7081 3150//7072
f 3150//7072 3158//7081 3156//7079 3148//7069
s 864
f 3151//7082 3159//7083 3160//7084 3152//7085
f 3153//7086 3161//7087 3159//7083 3151//7082
f 3152//7085 3160//7084 3162//7088 3154//7089
f 3154//7089 3162//7088 3163//7090 3155//7091
f 3156//7092 3164//7093 3165//7094 3157//7095
f 3157//7095 3165//7094 3161//7087 3153//7086
f 3155//7091 3163//7090 3166//7096 3158//7097
f 3158//7097 3166//7096 3164//7093 3156//7092
s 849
f 3159//7098 3167//7099 3168//7100 3160//7101
f 3161//7102 3169//7103 3167//7099 3159//7098
f 3160//7101 3168//7100 3170//7104 3162//7105
f 3162//7105 3170//7104 3171//7106 3163//7107
f 3164//7108 3172//7109 3173//7110 3165//7111
f 3165//7111 3173//7110 3169//7103 3161//7102
f 3163//7107 3171//7106 3174//7112 3166//7113
f 3166//7113 3174//7112 3172//7109 3164//7108
s 855
f 3075//6949 3074//6946 3072//6939 3073//6943
s 849
f 3167//7099 3175//6874 3176//6877 3168//7100
f 3169//7103 3178//6875 3175//6874 3167//7099
f 3168//7100 3176//6877 3179//6879 3170//7104
f 3170//7104 3179//6879 3180//6878 3171//7106
f 3172//7109 3181//6881 3182//6880 3173//7110
f 3173//7110 3182//6880 3178//6875 3169//7103
f 3171//7106 3180//6878 3183//6882 3174//7112
f 3174//7112 3183//6882 3181//6881 3172//7109
s 853
f 3108//6918 3107//7027 3134//7114 3213//7115 3198//7116 3064//6923 3065//6919
s 855
f 3184//6933 3185//6932 3200//7117 3199//7118
f 3186//6941 3201//7119 3200//7117 3185//6932
f 3187//6940 3202//7120 3201//7119 3186//6941
f 3188//6947 3203//7121 3202//7120 3187//6940
f 3189//6951 3204//7122 3203//7121 3188//6947
f 3190//6955 3205//7123 3204//7122 3189//6951
s 850
f 3191//6893 3206//7124 3205//7125 3190//6894
f 3192//6892 3207//7126 3206//7124 3191//6893
s 857
f 3208//7127 3207//7128 3192//6982 3193//6978
f 3209//7129 3208//7127 3193//6978 3194//6974
f 3210//7130 3209//7129 3194//6974 3195//6967
f 3211//7131 3210//7130 3195//6967 3196//6966
f 3212//7132 3211//7131 3196//6966 3197//6959
f 3213//7133 3212//7132 3197//6959 3198//6958
s 855
f 3199//7118 3200//7117 3136//7051 3135//7052
f 3201//7119 3137//7053 3136//7051 3200//7117
f 3202//7120 3138//7054 3137//7053 3201//7119
f 3203//7121 3139//7055 3138//7054 3202//7120
f 3204//7122 3140//7056 3139//7055 3203//7121
f 3205//7123 3141//7057 3140//7056 3204//7122
s 850
f 3206//7124 3142//7058 3141//7059 3205//7125
f 3207//7126 3128//7060 3142//7058 3206//7124
s 857
f 3129//7045 3128//7044 3207//7128 3208//7127
f 3130//7046 3129//7045 3208//7127 3209//7129
f 3131//7047 3130//7046 3209//7129 3210//7130
f 3132//7048 3131//7047 3210//7130 3211//7131
f 3133//7049 3132//7048 3211//7131 3212//7132
f 3134//7050 3133//7049 3212//7132 3213//7133
s 868
f 3214//7134 3215//7135 3318//7136 3305//7137
f 3215//7135 3216//7138 3317//7139 3318//7136
f 3217//7140 3218//7141 3221//7142 3220//7143
f 3218//7141 3219//7144 3222//7145 3221//7142
f 3220//7143 3221//7142 3224//7146 3223//7147
f 3221//7142 3222//7145 3225//7148 3224//7146
s 869
f 3366//7149 3367//7150 3368//7151 3369//7152
f 3367//7150 3370//7153 3371//7154 3368//7151
f 3369//7152 3368//7151 3372//7155 3373//7156
f 3368//7151 3371//7154 3374//7157 3372//7155
s 870
f 3278//7158 3279//7159 3232//7160 3231//7161
f 3279//7159 3280//7162 3233//7163 3232//7160
f 3231//7161 3232//7160 3235//7164 3234//7165
f 3232//7160 3233//7163 3236//7166 3235//7164
f 3234//7165 3235//7164 3382//7167 3383//7168
f 3235//7164 3236//7166 3381//7169 3382//7167
s 871
f 3237//7170 3238//7171 3241//7172 3240//7173
f 3238//7171 3239//7174 3242//7175 3241//7172
f 3240//7173 3241//7172 3244//7176 3243//7177
f 3241//7172 3242//7175 3245//7178 3244//7176
f 3243//7177 3244//7176 3247//7179 3246//7180
f 3244//7176 3245//7178 3248//7181 3247//7179
f 3246//7180 3247//7179 3250//7182 3249//7183
f 3247//7179 3248//7181 3251//7184 3250//7182
f 3310//7185 3311//7186 3253//7187 3252//7188
f 3311//7186 3312//7189 3254//7190 3253//7187
s 872
f 3326//7191 3390//7192 3375//7193 3257//7194 3256//7195 3299//7196 3300//7197
f 3255//7198 3256//7195 3259//7199 3258//7200
f 3256//7195 3257//7194 3260//7201 3259//7199
f 3258//7200 3259//7199 3286//7202 3287//7203
f 3259//7199 3260//7201 3285//7204 3286//7202
s 874
f 3257//7205 3375//7206 3376//7207 3314//7208
f 3260//7209 3257//7205 3314//7208 3315//7210
f 3285//7211 3260//7209 3315//7210 3316//7212
f 3261//7213 3377//7214 3378//7215 3263//7216
f 3262//7217 3261//7213 3263//7216 3264//7218
f 3284//7219 3262//7217 3264//7218 3283//7220
f 3263//7216 3378//7215 3379//7221 3265//7222
f 3283//7220 3264//7218 3266//7223 3282//7224
f 3265//7222 3379//7221 3380//7225 3267//7226
f 3266//7223 3265//7222 3267//7226 3268//7227
f 3282//7224 3266//7223 3268//7227 3281//7228
f 3267//7226 3380//7225 3381//7229 3236//7230
f 3268//7227 3267//7226 3236//7230 3233//7231
f 3281//7228 3268//7227 3233//7231 3280//7232
s 875
f 3389//7233 3255//7234 3308//7235 3388//7236
f 3255//7234 3258//7237 3307//7238 3308//7235
f 3258//7237 3287//7239 3306//7240 3307//7238
f 3387//7241 3269//7242 3271//7243 3386//7244
f 3269//7242 3270//7245 3272//7246 3271//7243
f 3270//7245 3288//7247 3289//7248 3272//7246
f 3386//7244 3271//7243 3273//7249 3385//7250
f 3271//7243 3272//7246 3274//7251 3273//7249
f 3272//7246 3289//7248 3290//7252 3274//7251
f 3385//7250 3273//7249 3275//7253 3384//7254
f 3273//7249 3274//7251 3276//7255 3275//7253
f 3274//7251 3290//7252 3277//7256 3276//7255
f 3384//7254 3275//7253 3234//7257 3383//7258
f 3275//7253 3276//7255 3231//7259 3234//7257
f 3276//7255 3277//7256 3278//7260 3231//7259
f 3277//7256 3226//7261 3228//7262 3278//7260
s 870
f 3228//7263 3229//7264 3279//7159 3278//7158
f 3229//7264 3230//7265 3280//7162 3279//7159
s 874
f 3227//7266 3281//7228 3280//7232 3230//7267
f 3225//7268 3282//7224 3281//7228 3227//7266
f 3222//7269 3283//7220 3282//7224 3225//7268
f 3219//7270 3284//7219 3283//7220 3222//7269
f 3216//7271 3285//7211 3316//7212 3317//7272
s 872
f 3286//7202 3285//7204 3216//7273 3215//7274
f 3287//7203 3286//7202 3215//7274 3214//7275
s 875
f 3306//7240 3287//7239 3214//7276 3305//7277
f 3289//7248 3288//7247 3217//7278 3220//7279
f 3290//7252 3289//7248 3220//7279 3223//7280
f 3277//7256 3290//7252 3223//7280 3226//7261
s 870
f 3292//7281 3291//7282 3239//7283 3238//7284
f 3293//7285 3292//7281 3238//7284 3237//7286
s 875
f 3240//7287 3294//7288 3293//7289 3237//7290
f 3243//7291 3295//7292 3294//7288 3240//7287
f 3246//7293 3296//7294 3295//7292 3243//7291
f 3249//7295 3297//7296 3296//7294 3246//7293
f 3252//7297 3298//7298 3309//7299 3310//7300
s 872
f 3252//7301 3253//7302 3299//7196 3298//7303
f 3253//7302 3254//7304 3300//7197 3299//7196
s 874
f 3313//7305 3300//7306 3254//7307 3312//7308
f 3302//7309 3301//7310 3251//7311 3248//7312
f 3303//7313 3302//7309 3248//7312 3245//7314
f 3304//7315 3303//7313 3245//7314 3242//7316
f 3291//7317 3304//7315 3242//7316 3239//7318
s 875
f 3288//7247 3306//7240 3305//7277 3217//7278
f 3307//7238 3306//7240 3288//7247 3270//7245
f 3308//7235 3307//7238 3270//7245 3269//7242
f 3388//7236 3308//7235 3269//7242 3387//7241
f 3310//7300 3309//7299 3297//7296 3249//7295
s 871
f 3249//7183 3250//7182 3311//7186 3310//7185
f 3250//7182 3251//7184 3312//7189 3311//7186
s 874
f 3301//7310 3313//7305 3312//7308 3251//7311
f 3314//7208 3376//7207 3377//7214 3261//7213
f 3315//7210 3314//7208 3261//7213 3262//7217
f 3316//7212 3315//7210 3262//7217 3284//7219
f 3317//7272 3316//7212 3284//7219 3219//7270
s 868
f 3318//7136 3317//7139 3219//7144 3218//7141
f 3305//7137 3318//7136 3218//7141 3217//7140
s 875
f 3294//7288 3320//7319 3319//7320 3293//7289
f 3295//7292 3321//7321 3320//7319 3294//7288
f 3296//7294 3322//7322 3321//7321 3295//7292
f 3297//7296 3323//7323 3322//7322 3296//7294
f 3309//7299 3324//7324 3323//7323 3297//7296
f 3298//7298 3325//7325 3324//7324 3309//7299
s 874
f 3327//7326 3326//7327 3300//7306 3313//7305
f 3328//7328 3327//7326 3313//7305 3301//7310
f 3329//7329 3328//7328 3301//7310 3302//7309
f 3330//7330 3329//7329 3302//7309 3303//7313
f 3331//7331 3330//7330 3303//7313 3304//7315
f 3332//7332 3331//7331 3304//7315 3291//7317
s 870
f 3333//7333 3332//7334 3291//7282 3292//7281
f 3319//7335 3333//7333 3292//7281 3293//7285
s 868
f 3223//7147 3224//7146 3335//7336 3334//7337
f 3226//7338 3223//7147 3334//7337 3336//7339
f 3224//7146 3225//7148 3337//7340 3335//7336
f 3225//7148 3227//7341 3338//7342 3337//7340
f 3229//7343 3228//7344 3340//7345 3339//7346
f 3228//7344 3226//7338 3336//7339 3340//7345
f 3227//7341 3230//7347 3341//7348 3338//7342
f 3230//7347 3229//7343 3339//7346 3341//7348
f 3334//7337 3335//7336 3343//7349 3342//7350
f 3336//7339 3334//7337 3342//7350 3344//7351
f 3335//7336 3337//7340 3345//7352 3343//7349
f 3337//7340 3338//7342 3346//7353 3345//7352
f 3339//7346 3340//7345 3348//7354 3347//7355
f 3340//7345 3336//7339 3344//7351 3348//7354
f 3338//7342 3341//7348 3349//7356 3346//7353
f 3341//7348 3339//7346 3347//7355 3349//7356
s 881
f 3342//7357 3343//7358 3351//7359 3350//7360
f 3344//7361 3342//7357 3350//7360 3352//7362
f 3343//7358 3345//7363 3353//7364 3351//7359
f 3345//7363 3346//7365 3354//7366 3353//7364
f 3347//7367 3348//7368 3356//7369 3355//7370
f 3348//7368 3344//7361 3352//7362 3356//7369
f 3346//7365 3349//7371 3357//7372 3354//7366
f 3349//7371 3347//7367 3355//7370 3357//7372
s 869
f 3350//7373 3351//7374 3359//7375 3358//7376
f 3352//7377 3350//7373 3358//7376 3360//7378
f 3351//7374 3353//7379 3361//7380 3359//7375
f 3353//7379 3354//7381 3362//7382 3361//7380
f 3355//7383 3356//7384 3364//7385 3363//7386
f 3356//7384 3352//7377 3360//7378 3364//7385
f 3354//7381 3357//7387 3365//7388 3362//7382
f 3357//7387 3355//7383 3363//7386 3365//7388
s 874
f 3266//7223 3264//7218 3263//7216 3265//7222
s 869
f 3358//7376 3359//7375 3367//7150 3366//7149
f 3360//7378 3358//7376 3366//7149 3369//7152
f 3359//7375 3361//7380 3370//7153 3367//7150
f 3361//7380 3362//7382 3371//7154 3370//7153
f 3363//7386 3364//7385 3373//7156 3372//7155
f 3364//7385 3360//7378 3369//7152 3373//7156
f 3362//7382 3365//7388 3374//7157 3371//7154
f 3365//7388 3363//7386 3372//7155 3374//7157
s 872
f 3299//7196 3256//7195 3255//7198 3389//7389 3404//7390 3325//7391 3298//7303
s 874
f 3375//7206 3390//7392 3391//7393 3376//7207
f 3377//7214 3376//7207 3391//7393 3392//7394
f 3378//7215 3377//7214 3392//7394 3393//7395
f 3379//7221 3378//7215 3393//7395 3394//7396
f 3380//7225 3379//7221 3394//7396 3395//7397
f 3381//7229 3380//7225 3395//7397 3396//7398
s 870
f 3382//7167 3381//7169 3396//7399 3397//7400
f 3383//7168 3382//7167 3397//7400 3398//7401
s 875
f 3399//7402 3384//7254 3383//7258 3398//7403
f 3400//7404 3385//7250 3384//7254 3399//7402
f 3401//7405 3386//7244 3385//7250 3400//7404
f 3402//7406 3387//7241 3386//7244 3401//7405
f 3403//7407 3388//7236 3387//7241 3402//7406
f 3404//7408 3389//7233 3388//7236 3403//7407
s 874
f 3390//7392 3326//7327 3327//7326 3391//7393
f 3392//7394 3391//7393 3327//7326 3328//7328
f 3393//7395 3392//7394 3328//7328 3329//7329
f 3394//7396 3393//7395 3329//7329 3330//7330
f 3395//7397 3394//7396 3330//7330 3331//7331
f 3396//7398 3395//7397 3331//7331 3332//7332
s 870
f 3397//7400 3396//7399 3332//7334 3333//7333
f 3398//7401 3397//7400 3333//7333 3319//7335
s 875
f 3320//7319 3399//7402 3398//7403 3319//7320
f 3321//7321 3400//7404 3399//7402 3320//7319
f 3322//7322 3401//7405 3400//7404 3321//7321
f 3323//7323 3402//7406 3401//7405 3322//7322
f 3324//7324 3403//7407 3402//7406 3323//7323
f 3325//7325 3404//7408 3403//7407 3324//7324
g default
v -0.324832 5.514548 1.340778
v 0.066177 5.528769 0.777576
v 0.492688 5.516550 1.309140
v -0.358141 5.845135 1.415091
v 0.066725 5.786910 0.863740
v 0.532014 5.847357 1.381783
v -0.299951 5.871985 0.593265
v 0.076946 5.805655 0.670123
v 0.422957 5.873442 0.568823
v -0.298458 5.831460 0.136498
v 0.063245 5.767556 0.125203
v 0.413754 5.833234 0.123182
v -0.284719 5.753897 -0.345480
v 0.052352 5.698313 -0.326334
v 0.380190 5.755671 -0.354712
v -0.260967 5.681839 -0.809963
v 0.046286 5.631010 -0.849631
v 0.344957 5.682603 -0.819059
v -0.176406 5.651161 -1.340662
v 0.044166 5.603531 -1.337099
v 0.255986 5.651119 -1.344949
v 0.066955 5.464459 -1.890785
v -0.176555 5.319245 -1.334530
v 0.044070 5.346560 -1.331871
v 0.255826 5.319223 -1.338819
v -0.260592 5.349967 -0.807346
v 0.046570 5.374104 -0.848166
v 0.345331 5.350753 -0.816367
v -0.284392 5.422175 -0.351696
v 0.052570 5.441332 -0.337636
v 0.380490 5.424031 -0.360858
v -0.297501 5.500309 0.144880
v 0.063805 5.511556 0.100142
v 0.414705 5.502131 0.131169
v -0.245268 5.540848 0.534079
v 0.077442 5.542459 0.575084
v 0.377893 5.541955 0.511956
v 0.064028 5.337340 -1.332124
v 0.071537 5.366402 -0.836422
v 0.079862 5.436465 -0.337449
v 0.093013 5.509518 0.099794
v 0.118778 5.541470 0.557237
v 0.109903 5.521764 0.907203
v 0.195453 5.815168 1.223557
v 0.118197 5.829550 0.649094
v 0.092407 5.790739 0.126731
v 0.079607 5.718688 -0.328889
v 0.071176 5.648706 -0.838824
v 0.064136 5.619727 -1.337845
v -0.006656 5.338649 -1.331458
v -0.016309 5.367390 -0.836580
v -0.016529 5.436867 -0.336265
v -0.010238 5.509532 0.102789
v -0.029565 5.544038 0.578974
v 0.008529 5.523365 0.908914
v -0.037731 5.812953 1.233520
v -0.029835 5.825947 0.655660
v -0.010832 5.787166 0.129142
v -0.016765 5.715476 -0.328106
v -0.016633 5.646129 -0.838551
v -0.006536 5.617465 -1.336973
v 0.188728 5.319312 -1.335464
v 0.245532 5.351115 -0.814646
v 0.270685 5.425605 -0.348858
v 0.297325 5.503902 0.123718
v 0.379777 5.543637 0.539154
v 0.425217 5.522588 1.447607
v 0.438176 5.853251 1.520163
v 0.388141 5.875008 0.595542
v 0.296481 5.834538 0.126221
v 0.270427 5.756951 -0.345706
v 0.245167 5.682936 -0.817287
v 0.188880 5.651200 -1.341831
v -0.099295 5.319360 -1.332236
v -0.146829 5.350686 -0.808594
v -0.159873 5.424588 -0.341526
v -0.163874 5.502962 0.131090
v -0.242348 5.542451 0.558000
v -0.261530 5.521060 1.477488
v -0.272714 5.851661 1.550767
v -0.249389 5.873734 0.615088
v -0.164707 5.833590 0.134957
v -0.160142 5.755941 -0.338899
v -0.147196 5.682519 -0.811190
v -0.099139 5.651260 -1.338540
vt 0.375000 0.000000
vt 0.500000 0.000000
vt 0.625000 0.000000
vt 0.375000 0.250000
vt 0.500000 0.250000
vt 0.625000 0.250000
vt 0.375000 0.291667
vt 0.500000 0.291667
vt 0.625000 0.291667
vt 0.375000 0.333333
vt 0.500000 0.333333
vt 0.625000 0.333333
vt 0.375000 0.375000
vt 0.500000 0.375000
vt 0.625000 0.375000
vt 0.375000 0.416667
vt 0.500000 0.416667
vt 0.625000 0.416667
vt 0.375000 0.458333
vt 0.500000 0.458333
vt 0.625000 0.458333
vt 0.391624 0.500000
vt 0.490889 0.500000
vt 0.580694 0.500000
vt 0.391624 0.750000
vt 0.490889 0.750000
vt 0.580694 0.750000
vt 0.375000 0.791667
vt 0.500000 0.791667
vt 0.625000 0.791667
vt 0.375000 0.833333
vt 0.500000 0.833333
vt 0.625000 0.833333
vt 0.375000 0.875000
vt 0.500000 0.875000
vt 0.625000 0.875000
vt 0.375000 0.916667
vt 0.500000 0.916667
vt 0.625000 0.916667
vt 0.375000 0.958333
vt 0.500000 0.958333
vt 0.625000 0.958333
vt 0.375000 1.000000
vt 0.500000 1.000000
vt 0.625000 1.000000
vt 0.875000 0.125000
vt 0.833333 0.000000
vt 0.791667 0.000000
vt 0.750000 0.000000
vt 0.708333 0.000000
vt 0.666667 0.000000
vt 0.833333 0.250000
vt 0.791667 0.250000
vt 0.750000 0.250000
vt 0.708333 0.250000
vt 0.666667 0.250000
vt 0.125000 0.125000
vt 0.166667 0.000000
vt 0.208333 0.000000
vt 0.250000 0.000000
vt 0.291667 0.000000
vt 0.333333 0.000000
vt 0.166667 0.250000
vt 0.208333 0.250000
vt 0.250000 0.250000
vt 0.291667 0.250000
vt 0.333333 0.250000
vt 0.521206 0.791667
vt 0.521206 0.833333
vt 0.521206 0.875000
vt 0.521206 0.916667
vt 0.521206 0.958333
vt 0.521206 0.000000
vt 0.521206 1.000000
vt 0.521206 0.250000
vt 0.521206 0.291667
vt 0.521206 0.333333
vt 0.521206 0.375000
vt 0.521206 0.416667
vt 0.521206 0.458333
vt 0.481779 0.791667
vt 0.481779 0.833333
vt 0.481779 0.875000
vt 0.481779 0.916667
vt 0.481779 0.958333
vt 0.481779 0.000000
vt 0.481779 1.000000
vt 0.481779 0.250000
vt 0.481779 0.291667
vt 0.481779 0.333333
vt 0.481779 0.375000
vt 0.481779 0.416667
vt 0.481779 0.458333
vt 0.595875 0.791667
vt 0.595875 0.833333
vt 0.595875 0.875000
vt 0.595875 0.916667
vt 0.595875 0.958333
vt 0.595875 0.000000
vt 0.595875 1.000000
vt 0.595875 0.250000
vt 0.595875 0.291667
vt 0.595875 0.333333
vt 0.595875 0.375000
vt 0.595875 0.416667
vt 0.595875 0.458333
vt 0.408247 0.791667
vt 0.408247 0.833333
vt 0.408247 0.875000
vt 0.408247 0.916667
vt 0.408247 0.958333
vt 0.408247 0.000000
vt 0.408247 1.000000
vt 0.408247 0.250000
vt 0.408247 0.291667
vt 0.408247 0.333333
vt 0.408247 0.375000
vt 0.408247 0.416667
vt 0.408247 0.458333
vn -0.862330 -0.164894 0.478746
vn 0.618670 -0.321681 0.716776
vn 0.602772 -0.325858 0.728342
vn -0.862330 -0.164894 0.478746
vn 0.022116 -0.364611 0.930897
vn -0.891005 -0.148461 0.429033
vn -0.825146 -0.202476 0.527387
vn 0.023404 -0.364639 0.930855
vn -0.087978 0.995842 0.023640
vn 0.129153 0.991277 0.026246
vn 0.132701 0.991140 -0.005705
vn -0.047847 0.998259 -0.034486
vn -0.005752 0.998032 0.062449
vn -0.182258 0.982460 0.039418
vn -0.231062 0.972920 0.006020
vn -0.033607 0.999394 0.009023
vn 0.163832 0.980799 -0.105796
vn -0.012233 0.991480 -0.129687
vn -0.260820 0.960845 -0.093540
vn -0.033131 0.994312 -0.101222
vn 0.143295 0.977992 -0.151654
vn -0.010430 0.987500 -0.157271
vn -0.262192 0.955141 -0.137701
vn -0.031681 0.989637 -0.140055
vn 0.147642 0.983536 -0.104209
vn -0.006087 0.993620 -0.112612
vn -0.265497 0.959969 -0.089284
vn -0.027030 0.995614 -0.089571
vn 0.165679 0.979303 -0.116263
vn -0.001082 0.992526 -0.122029
vn -0.284830 0.951663 -0.114932
vn -0.032001 0.991987 -0.122218
vn -0.017168 0.962698 -0.270033
vn -0.010850 -0.975062 -0.221669
vn 0.095902 -0.995106 -0.023833
vn 0.005225 -0.999880 -0.014589
vn -0.161051 -0.986603 -0.026010
vn -0.016547 -0.999280 -0.034132
vn 0.075034 -0.990719 0.113338
vn 0.005772 -0.993425 0.114342
vn -0.122538 -0.986501 0.108632
vn -0.012005 -0.995385 0.095204
vn 0.057916 -0.985948 0.156691
vn 0.014617 -0.987288 0.158271
vn -0.077202 -0.984527 0.157312
vn -0.002438 -0.989019 0.147770
vn 0.035588 -0.991559 0.124675
vn 0.022291 -0.989882 0.140134
vn -0.033243 -0.991719 0.124050
vn -0.001348 -0.994115 0.108317
vn 0.027259 -0.999620 0.004064
vn 0.035504 -0.995424 0.088718
vn 0.016249 -0.999824 0.009333
vn -0.010076 -0.999818 0.016215
vn 0.007091 -0.999513 -0.030374
vn 0.164184 -0.986268 -0.017856
vn 0.034974 -0.998822 -0.033636
vn -0.023413 -0.997788 -0.062215
vn 0.975826 -0.003371 -0.218524
vn 0.945601 -0.006463 -0.325264
vn 0.976421 -0.003294 -0.215850
vn 0.991705 -0.000480 -0.128534
vn 0.992439 -0.000269 -0.122742
vn 0.997292 0.001538 -0.073535
vn 0.997345 0.001569 -0.072801
vn 0.999322 -0.028576 -0.023237
vn 0.999319 -0.033255 -0.015992
vn 0.993754 -0.087173 -0.069674
vn 0.991753 -0.090497 -0.090754
vn 0.985259 -0.098143 -0.140115
vn 0.985259 -0.098143 -0.140115
vn -0.915369 -0.007025 -0.402554
vn -0.970966 -0.003947 -0.239185
vn -0.971949 -0.003871 -0.235159
vn -0.993710 -0.001711 -0.111974
vn -0.994433 -0.001609 -0.105360
vn -0.999187 -0.001350 -0.040292
vn -0.999293 -0.001488 -0.037576
vn -0.999125 -0.039439 0.013931
vn -0.998784 -0.045033 0.020074
vn -0.994219 -0.104238 -0.025738
vn -0.993262 -0.107172 -0.044106
vn -0.989631 -0.113955 -0.087430
vn -0.989631 -0.113955 -0.087430
vn -0.081141 -0.996385 -0.025153
vn -0.057626 -0.991722 0.114750
vn -0.040415 -0.986493 0.158742
vn -0.020283 -0.992000 0.124598
vn -0.014164 -0.999893 0.003677
vn 0.003461 -0.999547 -0.029907
vn -0.535205 -0.300938 0.789299
vn -0.557343 -0.296119 0.775682
vn -0.115642 0.993290 -0.001508
vn -0.113043 0.992999 0.034267
vn -0.142529 0.984271 -0.104385
vn -0.128118 0.980582 -0.148473
vn -0.128526 0.986232 -0.104059
vn -0.144287 0.982028 -0.121661
vn 0.167074 -0.985714 -0.021328
vn 0.132463 -0.985646 0.104670
vn 0.087884 -0.984412 0.152345
vn 0.040993 -0.992113 0.118451
vn -0.011606 -0.999904 0.007533
vn -0.029553 -0.998983 -0.034067
vn 0.852994 -0.227155 0.469895
vn 0.901647 -0.190037 0.388482
vn 0.224927 0.974370 -0.003301
vn 0.204794 0.978423 0.027349
vn 0.251432 0.962903 -0.097976
vn 0.258909 0.955229 -0.143189
vn 0.263904 0.960400 -0.089373
vn 0.291384 0.951246 -0.101126
vn -0.004181 -0.999819 -0.018554
vn 0.000330 -0.993276 0.115769
vn -0.005273 -0.987174 0.159560
vn -0.011723 -0.989789 0.142059
vn -0.020364 -0.995382 0.093813
vn -0.149044 -0.988746 -0.012928
vn 0.847057 -0.176968 0.501175
vn 0.847057 -0.176968 0.501175
vn 0.083199 0.996336 0.019815
vn 0.038873 0.998485 -0.038944
vn 0.002238 0.991230 -0.132129
vn 0.001211 0.987370 -0.158427
vn 0.000096 0.993492 -0.113905
vn -0.002981 0.991893 -0.127045
s 1
g pasted__Tongue pasted__Tongue group1
usemtl pasted__aiStandardSurface2OPBR_SG
f 3405/3050/7409 3483/3161/7410 3484/3163/7411 3408/3053/7412
f 3406/3051/7413 3447/3122/7414 3448/3124/7415 3409/3054/7416
s 3
f 3408/3053/7417 3484/3163/7418 3485/3164/7419 3411/3056/7420
f 3409/3054/7421 3448/3124/7422 3449/3125/7423 3412/3057/7424
f 3411/3056/7420 3485/3164/7419 3486/3165/7425 3414/3059/7426
f 3412/3057/7424 3449/3125/7423 3450/3126/7427 3415/3060/7428
f 3414/3059/7426 3486/3165/7425 3487/3166/7429 3417/3062/7430
f 3415/3060/7428 3450/3126/7427 3451/3127/7431 3418/3063/7432
f 3417/3062/7430 3487/3166/7429 3488/3167/7433 3420/3065/7434
f 3418/3063/7432 3451/3127/7431 3452/3128/7435 3421/3066/7436
f 3420/3065/7434 3488/3167/7433 3489/3168/7437 3423/3068/7438
f 3421/3066/7436 3452/3128/7435 3453/3129/7439 3424/3069/7440
f 3423/3068/7438 3489/3168/7437 3426/3071/7441
f 3424/3069/7440 3453/3129/7439 3426/3073/7441
s 5
f 3426/3074/7442 3478/3156/7443 3427/3077/7444
f 3426/3075/7442 3442/3117/7445 3428/3078/7446
f 3427/3077/7444 3478/3156/7443 3479/3157/7447 3430/3080/7448
f 3428/3078/7446 3442/3117/7445 3443/3118/7449 3431/3081/7450
f 3430/3080/7448 3479/3157/7447 3480/3158/7451 3433/3083/7452
f 3431/3081/7450 3443/3118/7449 3444/3119/7453 3434/3084/7454
f 3433/3083/7452 3480/3158/7451 3481/3159/7455 3436/3086/7456
f 3434/3084/7454 3444/3119/7453 3445/3120/7457 3437/3087/7458
f 3436/3086/7456 3481/3159/7455 3482/3160/7459 3439/3089/7460
f 3437/3087/7458 3445/3120/7457 3446/3121/7461 3440/3090/7462
f 3439/3089/7460 3482/3160/7459 3483/3162/7463 3405/3092/7464
f 3440/3090/7462 3446/3121/7461 3447/3123/7465 3406/3093/7466
s 7
f 3429/3096/7467 3426/3095/7468 3425/3101/7469
f 3432/3097/7470 3429/3096/7467 3425/3101/7469 3422/3102/7471
f 3435/3098/7472 3432/3097/7470 3422/3102/7471 3419/3103/7473
f 3438/3099/7474 3435/3098/7472 3419/3103/7473 3416/3104/7475
f 3441/3100/7476 3438/3099/7474 3416/3104/7475 3413/3105/7477
f 3407/3052/7478 3441/3100/7476 3413/3105/7477 3410/3055/7479
s 8
f 3426/3106/7480 3427/3107/7481 3423/3112/7482
f 3427/3107/7481 3430/3108/7483 3420/3113/7484 3423/3112/7482
f 3430/3108/7483 3433/3109/7485 3417/3114/7486 3420/3113/7484
f 3433/3109/7485 3436/3110/7487 3414/3115/7488 3417/3114/7486
f 3436/3110/7487 3439/3111/7489 3411/3116/7490 3414/3115/7488
f 3439/3111/7489 3405/3050/7491 3408/3053/7492 3411/3116/7490
s 5
f 3466/3143/7493 3442/3117/7445 3426/3076/7442
f 3467/3144/7494 3443/3118/7449 3442/3117/7445 3466/3143/7493
f 3468/3145/7495 3444/3119/7453 3443/3118/7449 3467/3144/7494
f 3469/3146/7496 3445/3120/7457 3444/3119/7453 3468/3145/7495
f 3470/3147/7497 3446/3121/7461 3445/3120/7457 3469/3146/7496
f 3471/3149/7498 3447/3123/7465 3446/3121/7461 3470/3147/7497
s 1
f 3472/3150/7499 3448/3124/7415 3447/3122/7414 3471/3148/7500
s 3
f 3473/3151/7501 3449/3125/7423 3448/3124/7422 3472/3150/7502
f 3474/3152/7503 3450/3126/7427 3449/3125/7423 3473/3151/7501
f 3475/3153/7504 3451/3127/7431 3450/3126/7427 3474/3152/7503
f 3476/3154/7505 3452/3128/7435 3451/3127/7431 3475/3153/7504
f 3477/3155/7506 3453/3129/7439 3452/3128/7435 3476/3154/7505
f 3426/3073/7441 3453/3129/7439 3477/3155/7506
s 5
f 3426/3075/7442 3428/3078/7446 3454/3130/7507
f 3455/3131/7508 3454/3130/7507 3428/3078/7446 3431/3081/7450
f 3456/3132/7509 3455/3131/7508 3431/3081/7450 3434/3084/7454
f 3457/3133/7510 3456/3132/7509 3434/3084/7454 3437/3087/7458
f 3458/3134/7511 3457/3133/7510 3437/3087/7458 3440/3090/7462
f 3459/3136/7512 3458/3134/7511 3440/3090/7462 3406/3093/7466
s 1
f 3460/3137/7513 3459/3135/7514 3406/3051/7413 3409/3054/7416
s 3
f 3461/3138/7515 3460/3137/7516 3409/3054/7421 3412/3057/7424
f 3462/3139/7517 3461/3138/7515 3412/3057/7424 3415/3060/7428
f 3463/3140/7518 3462/3139/7517 3415/3060/7428 3418/3063/7432
f 3464/3141/7519 3463/3140/7518 3418/3063/7432 3421/3066/7436
f 3465/3142/7520 3464/3141/7519 3421/3066/7436 3424/3069/7440
f 3426/3072/7441 3465/3142/7520 3424/3069/7440
s 5
f 3426/3076/7442 3429/3079/7521 3466/3143/7493
f 3467/3144/7494 3466/3143/7493 3429/3079/7521 3432/3082/7522
f 3468/3145/7495 3467/3144/7494 3432/3082/7522 3435/3085/7523
f 3469/3146/7496 3468/3145/7495 3435/3085/7523 3438/3088/7524
f 3470/3147/7497 3469/3146/7496 3438/3088/7524 3441/3091/7525
f 3471/3149/7498 3470/3147/7497 3441/3091/7525 3407/3094/7526
s 1
f 3472/3150/7499 3471/3148/7500 3407/3052/7527 3410/3055/7528
s 3
f 3473/3151/7501 3472/3150/7502 3410/3055/7529 3413/3058/7530
f 3474/3152/7503 3473/3151/7501 3413/3058/7530 3416/3061/7531
f 3475/3153/7504 3474/3152/7503 3416/3061/7531 3419/3064/7532
f 3476/3154/7505 3475/3153/7504 3419/3064/7532 3422/3067/7533
f 3477/3155/7506 3476/3154/7505 3422/3067/7533 3425/3070/7534
f 3426/3073/7441 3477/3155/7506 3425/3070/7534
s 5
f 3454/3130/7507 3478/3156/7443 3426/3074/7442
f 3455/3131/7508 3479/3157/7447 3478/3156/7443 3454/3130/7507
f 3456/3132/7509 3480/3158/7451 3479/3157/7447 3455/3131/7508
f 3457/3133/7510 3481/3159/7455 3480/3158/7451 3456/3132/7509
f 3458/3134/7511 3482/3160/7459 3481/3159/7455 3457/3133/7510
f 3459/3136/7512 3483/3162/7463 3482/3160/7459 3458/3134/7511
s 1
f 3460/3137/7513 3484/3163/7411 3483/3161/7410 3459/3135/7514
s 3
f 3461/3138/7515 3485/3164/7419 3484/3163/7418 3460/3137/7516
f 3462/3139/7517 3486/3165/7425 3485/3164/7419 3461/3138/7515
f 3463/3140/7518 3487/3166/7429 3486/3165/7425 3462/3139/7517
f 3464/3141/7519 3488/3167/7433 3487/3166/7429 3463/3140/7518
f 3465/3142/7520 3489/3168/7437 3488/3167/7433 3464/3141/7519
f 3426/3072/7441 3489/3168/7437 3465/3142/7520
g default
v -0.324832 5.514548 1.340778
v 0.066177 5.528769 0.777576
v 0.492688 5.516550 1.309140
v -0.358141 5.845135 1.415091
v 0.066725 5.786910 0.863740
v 0.532014 5.847357 1.381783
v -0.299951 5.871985 0.593265
v 0.076946 5.805655 0.670123
v 0.422957 5.873442 0.568823
v -0.298458 5.831460 0.136498
v 0.063245 5.767556 0.125203
v 0.413754 5.833234 0.123182
v -0.284719 5.753897 -0.345480
v 0.052352 5.698313 -0.326334
v 0.380190 5.755671 -0.354712
v -0.260967 5.681839 -0.809963
v 0.046286 5.631010 -0.849631
v 0.344957 5.682603 -0.819059
v -0.176406 5.651161 -1.340662
v 0.044166 5.603531 -1.337099
v 0.255986 5.651119 -1.344949
v 0.066955 5.464459 -1.890785
v -0.176555 5.319245 -1.334530
v 0.044070 5.346560 -1.331871
v 0.255826 5.319223 -1.338819
v -0.260592 5.349967 -0.807346
v 0.046570 5.374104 -0.848166
v 0.345331 5.350753 -0.816367
v -0.284392 5.422175 -0.351696
v 0.052570 5.441332 -0.337636
v 0.380490 5.424031 -0.360858
v -0.297501 5.500309 0.144880
v 0.063805 5.511556 0.100142
v 0.414705 5.502131 0.131169
v -0.245268 5.540848 0.534079
v 0.077442 5.542459 0.575084
v 0.377893 5.541955 0.511956
v 0.064028 5.337340 -1.332124
v 0.071537 5.366402 -0.836422
v 0.079862 5.436465 -0.337449
v 0.093013 5.509518 0.099794
v 0.118778 5.541470 0.557237
v 0.109903 5.521764 0.907203
v 0.195453 5.815168 1.223557
v 0.118197 5.829550 0.649094
v 0.092407 5.790739 0.126731
v 0.079607 5.718688 -0.328889
v 0.071176 5.648706 -0.838824
v 0.064136 5.619727 -1.337845
v -0.006656 5.338649 -1.331458
v -0.016309 5.367390 -0.836580
v -0.016529 5.436867 -0.336265
v -0.010238 5.509532 0.102789
v -0.029565 5.544038 0.578974
v 0.008529 5.523365 0.908914
v -0.037731 5.812953 1.233520
v -0.029835 5.825947 0.655660
v -0.010832 5.787166 0.129142
v -0.016765 5.715476 -0.328106
v -0.016633 5.646129 -0.838551
v -0.006536 5.617465 -1.336973
v 0.188728 5.319312 -1.335464
v 0.245532 5.351115 -0.814646
v 0.270685 5.425605 -0.348858
v 0.297325 5.503902 0.123718
v 0.379777 5.543637 0.539154
v 0.425217 5.522588 1.447607
v 0.438176 5.853251 1.520163
v 0.388141 5.875008 0.595542
v 0.296481 5.834538 0.126221
v 0.270427 5.756951 -0.345706
v 0.245167 5.682936 -0.817287
v 0.188880 5.651200 -1.341831
v -0.099295 5.319360 -1.332236
v -0.146829 5.350686 -0.808594
v -0.159873 5.424588 -0.341526
v -0.163874 5.502962 0.131090
v -0.242348 5.542451 0.558000
v -0.261530 5.521060 1.477488
v -0.272714 5.851661 1.550767
v -0.249389 5.873734 0.615088
v -0.164707 5.833590 0.134957
v -0.160142 5.755941 -0.338899
v -0.147196 5.682519 -0.811190
v -0.099139 5.651260 -1.338540
vt 0.375000 0.000000
vt 0.500000 0.000000
vt 0.625000 0.000000
vt 0.375000 0.250000
vt 0.500000 0.250000
vt 0.625000 0.250000
vt 0.375000 0.291667
vt 0.500000 0.291667
vt 0.625000 0.291667
vt 0.375000 0.333333
vt 0.500000 0.333333
vt 0.625000 0.333333
vt 0.375000 0.375000
vt 0.500000 0.375000
vt 0.625000 0.375000
vt 0.375000 0.416667
vt 0.500000 0.416667
vt 0.625000 0.416667
vt 0.375000 0.458333
vt 0.500000 0.458333
vt 0.625000 0.458333
vt 0.391624 0.500000
vt 0.490889 0.500000
vt 0.580694 0.500000
vt 0.391624 0.750000
vt 0.490889 0.750000
vt 0.580694 0.750000
vt 0.375000 0.791667
vt 0.500000 0.791667
vt 0.625000 0.791667
vt 0.375000 0.833333
vt 0.500000 0.833333
vt 0.625000 0.833333
vt 0.375000 0.875000
vt 0.500000 0.875000
vt 0.625000 0.875000
vt 0.375000 0.916667
vt 0.500000 0.916667
vt 0.625000 0.916667
vt 0.375000 0.958333
vt 0.500000 0.958333
vt 0.625000 0.958333
vt 0.375000 1.000000
vt 0.500000 1.000000
vt 0.625000 1.000000
vt 0.875000 0.125000
vt 0.833333 0.000000
vt 0.791667 0.000000
vt 0.750000 0.000000
vt 0.708333 0.000000
vt 0.666667 0.000000
vt 0.833333 0.250000
vt 0.791667 0.250000
vt 0.750000 0.250000
vt 0.708333 0.250000
vt 0.666667 0.250000
vt 0.125000 0.125000
vt 0.166667 0.000000
vt 0.208333 0.000000
vt 0.250000 0.000000
vt 0.291667 0.000000
vt 0.333333 0.000000
vt 0.166667 0.250000
vt 0.208333 0.250000
vt 0.250000 0.250000
vt 0.291667 0.250000
vt 0.333333 0.250000
vt 0.521206 0.791667
vt 0.521206 0.833333
vt 0.521206 0.875000
vt 0.521206 0.916667
vt 0.521206 0.958333
vt 0.521206 0.000000
vt 0.521206 1.000000
vt 0.521206 0.250000
vt 0.521206 0.291667
vt 0.521206 0.333333
vt 0.521206 0.375000
vt 0.521206 0.416667
vt 0.521206 0.458333
vt 0.481779 0.791667
vt 0.481779 0.833333
vt 0.481779 0.875000
vt 0.481779 0.916667
vt 0.481779 0.958333
vt 0.481779 0.000000
vt 0.481779 1.000000
vt 0.481779 0.250000
vt 0.481779 0.291667
vt 0.481779 0.333333
vt 0.481779 0.375000
vt 0.481779 0.416667
vt 0.481779 0.458333
vt 0.595875 0.791667
vt 0.595875 0.833333
vt 0.595875 0.875000
vt 0.595875 0.916667
vt 0.595875 0.958333
vt 0.595875 0.000000
vt 0.595875 1.000000
vt 0.595875 0.250000
vt 0.595875 0.291667
vt 0.595875 0.333333
vt 0.595875 0.375000
vt 0.595875 0.416667
vt 0.595875 0.458333
vt 0.408247 0.791667
vt 0.408247 0.833333
vt 0.408247 0.875000
vt 0.408247 0.916667
vt 0.408247 0.958333
vt 0.408247 0.000000
vt 0.408247 1.000000
vt 0.408247 0.250000
vt 0.408247 0.291667
vt 0.408247 0.333333
vt 0.408247 0.375000
vt 0.408247 0.416667
vt 0.408247 0.458333
vn -0.862330 -0.164894 0.478746
vn 0.618670 -0.321681 0.716776
vn 0.602772 -0.325858 0.728342
vn -0.862330 -0.164894 0.478746
vn 0.022116 -0.364611 0.930897
vn -0.891005 -0.148461 0.429033
vn -0.825146 -0.202476 0.527387
vn 0.023404 -0.364639 0.930855
vn -0.087978 0.995842 0.023640
vn 0.129153 0.991277 0.026246
vn 0.132701 0.991140 -0.005705
vn -0.047847 0.998259 -0.034486
vn -0.005752 0.998032 0.062449
vn -0.182258 0.982460 0.039418
vn -0.231062 0.972920 0.006020
vn -0.033607 0.999394 0.009023
vn 0.163832 0.980799 -0.105796
vn -0.012233 0.991480 -0.129687
vn -0.260820 0.960845 -0.093540
vn -0.033131 0.994312 -0.101222
vn 0.143295 0.977992 -0.151654
vn -0.010430 0.987500 -0.157271
vn -0.262192 0.955141 -0.137701
vn -0.031681 0.989637 -0.140055
vn 0.147642 0.983536 -0.104209
vn -0.006087 0.993620 -0.112612
vn -0.265497 0.959969 -0.089284
vn -0.027030 0.995614 -0.089571
vn 0.165679 0.979303 -0.116263
vn -0.001082 0.992526 -0.122029
vn -0.284830 0.951663 -0.114932
vn -0.032001 0.991987 -0.122218
vn -0.017168 0.962698 -0.270033
vn -0.010850 -0.975062 -0.221669
vn 0.095902 -0.995106 -0.023833
vn 0.005225 -0.999880 -0.014589
vn -0.161051 -0.986603 -0.026010
vn -0.016547 -0.999280 -0.034132
vn 0.075034 -0.990719 0.113338
vn 0.005772 -0.993425 0.114342
vn -0.122538 -0.986501 0.108632
vn -0.012005 -0.995385 0.095204
vn 0.057916 -0.985948 0.156691
vn 0.014617 -0.987288 0.158271
vn -0.077202 -0.984527 0.157312
vn -0.002438 -0.989019 0.147770
vn 0.035588 -0.991559 0.124675
vn 0.022291 -0.989882 0.140134
vn -0.033243 -0.991719 0.124050
vn -0.001348 -0.994115 0.108317
vn 0.027259 -0.999620 0.004064
vn 0.035504 -0.995424 0.088718
vn 0.016249 -0.999824 0.009333
vn -0.010076 -0.999818 0.016215
vn 0.007091 -0.999513 -0.030374
vn 0.164184 -0.986268 -0.017856
vn 0.034974 -0.998822 -0.033636
vn -0.023413 -0.997788 -0.062215
vn 0.975826 -0.003371 -0.218524
vn 0.945601 -0.006463 -0.325264
vn 0.976421 -0.003294 -0.215850
vn 0.991705 -0.000480 -0.128534
vn 0.992439 -0.000269 -0.122742
vn 0.997292 0.001538 -0.073535
vn 0.997345 0.001569 -0.072801
vn 0.999322 -0.028576 -0.023237
vn 0.999319 -0.033255 -0.015992
vn 0.993754 -0.087173 -0.069674
vn 0.991753 -0.090497 -0.090754
vn 0.985259 -0.098143 -0.140115
vn 0.985259 -0.098143 -0.140115
vn -0.915369 -0.007025 -0.402554
vn -0.970966 -0.003947 -0.239185
vn -0.971949 -0.003871 -0.235159
vn -0.993710 -0.001711 -0.111974
vn -0.994433 -0.001609 -0.105360
vn -0.999187 -0.001350 -0.040292
vn -0.999293 -0.001488 -0.037576
vn -0.999125 -0.039439 0.013931
vn -0.998784 -0.045033 0.020074
vn -0.994219 -0.104238 -0.025738
vn -0.993262 -0.107172 -0.044106
vn -0.989631 -0.113955 -0.087430
vn -0.989631 -0.113955 -0.087430
vn -0.081141 -0.996385 -0.025153
vn -0.057626 -0.991722 0.114750
vn -0.040415 -0.986493 0.158742
vn -0.020283 -0.992000 0.124598
vn -0.014164 -0.999893 0.003677
vn 0.003461 -0.999547 -0.029907
vn -0.535205 -0.300938 0.789299
vn -0.557343 -0.296119 0.775682
vn -0.115642 0.993290 -0.001508
vn -0.113043 0.992999 0.034267
vn -0.142529 0.984271 -0.104385
vn -0.128118 0.980582 -0.148473
vn -0.128526 0.986232 -0.104059
vn -0.144287 0.982028 -0.121661
vn 0.167074 -0.985714 -0.021328
vn 0.132463 -0.985646 0.104670
vn 0.087884 -0.984412 0.152345
vn 0.040993 -0.992113 0.118451
vn -0.011606 -0.999904 0.007533
vn -0.029553 -0.998983 -0.034067
vn 0.852994 -0.227155 0.469895
vn 0.901647 -0.190037 0.388482
vn 0.224927 0.974370 -0.003301
vn 0.204794 0.978423 0.027349
vn 0.251432 0.962903 -0.097976
vn 0.258909 0.955229 -0.143189
vn 0.263904 0.960400 -0.089373
vn 0.291384 0.951246 -0.101126
vn -0.004181 -0.999819 -0.018554
vn 0.000330 -0.993276 0.115769
vn -0.005273 -0.987174 0.159560
vn -0.011723 -0.989789 0.142059
vn -0.020364 -0.995382 0.093813
vn -0.149044 -0.988746 -0.012928
vn 0.847057 -0.176968 0.501175
vn 0.847057 -0.176968 0.501175
vn 0.083199 0.996336 0.019815
vn 0.038873 0.998485 -0.038944
vn 0.002238 0.991230 -0.132129
vn 0.001211 0.987370 -0.158427
vn 0.000096 0.993492 -0.113905
vn -0.002981 0.991893 -0.127045
s 1
g pasted__Tongue pasted__Tongue group1
f 3490/3169/7535 3568/3280/7536 3569/3282/7537 3493/3172/7538
f 3491/3170/7539 3532/3241/7540 3533/3243/7541 3494/3173/7542
s 3
f 3493/3172/7543 3569/3282/7544 3570/3283/7545 3496/3175/7546
f 3494/3173/7547 3533/3243/7548 3534/3244/7549 3497/3176/7550
f 3496/3175/7546 3570/3283/7545 3571/3284/7551 3499/3178/7552
f 3497/3176/7550 3534/3244/7549 3535/3245/7553 3500/3179/7554
f 3499/3178/7552 3571/3284/7551 3572/3285/7555 3502/3181/7556
f 3500/3179/7554 3535/3245/7553 3536/3246/7557 3503/3182/7558
f 3502/3181/7556 3572/3285/7555 3573/3286/7559 3505/3184/7560
f 3503/3182/7558 3536/3246/7557 3537/3247/7561 3506/3185/7562
f 3505/3184/7560 3573/3286/7559 3574/3287/7563 3508/3187/7564
f 3506/3185/7562 3537/3247/7561 3538/3248/7565 3509/3188/7566
f 3508/3187/7564 3574/3287/7563 3511/3190/7567
f 3509/3188/7566 3538/3248/7565 3511/3192/7567
s 5
f 3511/3193/7568 3563/3275/7569 3512/3196/7570
f 3511/3194/7568 3527/3236/7571 3513/3197/7572
f 3512/3196/7570 3563/3275/7569 3564/3276/7573 3515/3199/7574
f 3513/3197/7572 3527/3236/7571 3528/3237/7575 3516/3200/7576
f 3515/3199/7574 3564/3276/7573 3565/3277/7577 3518/3202/7578
f 3516/3200/7576 3528/3237/7575 3529/3238/7579 3519/3203/7580
f 3518/3202/7578 3565/3277/7577 3566/3278/7581 3521/3205/7582
f 3519/3203/7580 3529/3238/7579 3530/3239/7583 3522/3206/7584
f 3521/3205/7582 3566/3278/7581 3567/3279/7585 3524/3208/7586
f 3522/3206/7584 3530/3239/7583 3531/3240/7587 3525/3209/7588
f 3524/3208/7586 3567/3279/7585 3568/3281/7589 3490/3211/7590
f 3525/3209/7588 3531/3240/7587 3532/3242/7591 3491/3212/7592
s 7
f 3514/3215/7593 3511/3214/7594 3510/3220/7595
f 3517/3216/7596 3514/3215/7593 3510/3220/7595 3507/3221/7597
f 3520/3217/7598 3517/3216/7596 3507/3221/7597 3504/3222/7599
f 3523/3218/7600 3520/3217/7598 3504/3222/7599 3501/3223/7601
f 3526/3219/7602 3523/3218/7600 3501/3223/7601 3498/3224/7603
f 3492/3171/7604 3526/3219/7602 3498/3224/7603 3495/3174/7605
s 8
f 3511/3225/7606 3512/3226/7607 3508/3231/7608
f 3512/3226/7607 3515/3227/7609 3505/3232/7610 3508/3231/7608
f 3515/3227/7609 3518/3228/7611 3502/3233/7612 3505/3232/7610
f 3518/3228/7611 3521/3229/7613 3499/3234/7614 3502/3233/7612
f 3521/3229/7613 3524/3230/7615 3496/3235/7616 3499/3234/7614
f 3524/3230/7615 3490/3169/7617 3493/3172/7618 3496/3235/7616
s 5
f 3551/3262/7619 3527/3236/7571 3511/3195/7568
f 3552/3263/7620 3528/3237/7575 3527/3236/7571 3551/3262/7619
f 3553/3264/7621 3529/3238/7579 3528/3237/7575 3552/3263/7620
f 3554/3265/7622 3530/3239/7583 3529/3238/7579 3553/3264/7621
f 3555/3266/7623 3531/3240/7587 3530/3239/7583 3554/3265/7622
f 3556/3268/7624 3532/3242/7591 3531/3240/7587 3555/3266/7623
s 1
f 3557/3269/7625 3533/3243/7541 3532/3241/7540 3556/3267/7626
s 3
f 3558/3270/7627 3534/3244/7549 3533/3243/7548 3557/3269/7628
f 3559/3271/7629 3535/3245/7553 3534/3244/7549 3558/3270/7627
f 3560/3272/7630 3536/3246/7557 3535/3245/7553 3559/3271/7629
f 3561/3273/7631 3537/3247/7561 3536/3246/7557 3560/3272/7630
f 3562/3274/7632 3538/3248/7565 3537/3247/7561 3561/3273/7631
f 3511/3192/7567 3538/3248/7565 3562/3274/7632
s 5
f 3511/3194/7568 3513/3197/7572 3539/3249/7633
f 3540/3250/7634 3539/3249/7633 3513/3197/7572 3516/3200/7576
f 3541/3251/7635 3540/3250/7634 3516/3200/7576 3519/3203/7580
f 3542/3252/7636 3541/3251/7635 3519/3203/7580 3522/3206/7584
f 3543/3253/7637 3542/3252/7636 3522/3206/7584 3525/3209/7588
f 3544/3255/7638 3543/3253/7637 3525/3209/7588 3491/3212/7592
s 1
f 3545/3256/7639 3544/3254/7640 3491/3170/7539 3494/3173/7542
s 3
f 3546/3257/7641 3545/3256/7642 3494/3173/7547 3497/3176/7550
f 3547/3258/7643 3546/3257/7641 3497/3176/7550 3500/3179/7554
f 3548/3259/7644 3547/3258/7643 3500/3179/7554 3503/3182/7558
f 3549/3260/7645 3548/3259/7644 3503/3182/7558 3506/3185/7562
f 3550/3261/7646 3549/3260/7645 3506/3185/7562 3509/3188/7566
f 3511/3191/7567 3550/3261/7646 3509/3188/7566
s 5
f 3511/3195/7568 3514/3198/7647 3551/3262/7619
f 3552/3263/7620 3551/3262/7619 3514/3198/7647 3517/3201/7648
f 3553/3264/7621 3552/3263/7620 3517/3201/7648 3520/3204/7649
f 3554/3265/7622 3553/3264/7621 3520/3204/7649 3523/3207/7650
f 3555/3266/7623 3554/3265/7622 3523/3207/7650 3526/3210/7651
f 3556/3268/7624 3555/3266/7623 3526/3210/7651 3492/3213/7652
s 1
f 3557/3269/7625 3556/3267/7626 3492/3171/7653 3495/3174/7654
s 3
f 3558/3270/7627 3557/3269/7628 3495/3174/7655 3498/3177/7656
f 3559/3271/7629 3558/3270/7627 3498/3177/7656 3501/3180/7657
f 3560/3272/7630 3559/3271/7629 3501/3180/7657 3504/3183/7658
f 3561/3273/7631 3560/3272/7630 3504/3183/7658 3507/3186/7659
f 3562/3274/7632 3561/3273/7631 3507/3186/7659 3510/3189/7660
f 3511/3192/7567 3562/3274/7632 3510/3189/7660
s 5
f 3539/3249/7633 3563/3275/7569 3511/3193/7568
f 3540/3250/7634 3564/3276/7573 3563/3275/7569 3539/3249/7633
f 3541/3251/7635 3565/3277/7577 3564/3276/7573 3540/3250/7634
f 3542/3252/7636 3566/3278/7581 3565/3277/7577 3541/3251/7635
f 3543/3253/7637 3567/3279/7585 3566/3278/7581 3542/3252/7636
f 3544/3255/7638 3568/3281/7589 3567/3279/7585 3543/3253/7637
s 1
f 3545/3256/7639 3569/3282/7537 3568/3280/7536 3544/3254/7640
s 3
f 3546/3257/7641 3570/3283/7545 3569/3282/7544 3545/3256/7642
f 3547/3258/7643 3571/3284/7551 3570/3283/7545 3546/3257/7641
f 3548/3259/7644 3572/3285/7555 3571/3284/7551 3547/3258/7643
f 3549/3260/7645 3573/3286/7559 3572/3285/7555 3548/3259/7644
f 3550/3261/7646 3574/3287/7563 3573/3286/7559 3549/3260/7645
f 3511/3191/7567 3574/3287/7563 3550/3261/7646
g default
v -0.324832 5.514548 1.340778
v 0.066177 5.528769 0.777576
v 0.492688 5.516550 1.309140
v -0.358141 5.845135 1.415091
v 0.066725 5.786910 0.863740
v 0.532014 5.847357 1.381783
v -0.299951 5.871985 0.593265
v 0.076946 5.805655 0.670123
v 0.422957 5.873442 0.568823
v -0.298458 5.831460 0.136498
v 0.063245 5.767556 0.125203
v 0.413754 5.833234 0.123182
v -0.284719 5.753897 -0.345480
v 0.052352 5.698313 -0.326334
v 0.380190 5.755671 -0.354712
v -0.260967 5.681839 -0.809963
v 0.046286 5.631010 -0.849631
v 0.344957 5.682603 -0.819059
v -0.176406 5.651161 -1.340662
v 0.044166 5.603531 -1.337099
v 0.255986 5.651119 -1.344949
v 0.066955 5.464459 -1.890785
v -0.176555 5.319245 -1.334530
v 0.044070 5.346560 -1.331871
v 0.255826 5.319223 -1.338819
v -0.260592 5.349967 -0.807346
v 0.046570 5.374104 -0.848166
v 0.345331 5.350753 -0.816367
v -0.284392 5.422175 -0.351696
v 0.052570 5.441332 -0.337636
v 0.380490 5.424031 -0.360858
v -0.297501 5.500309 0.144880
v 0.063805 5.511556 0.100142
v 0.414705 5.502131 0.131169
v -0.245268 5.540848 0.534079
v 0.077442 5.542459 0.575084
v 0.377893 5.541955 0.511956
v 0.064028 5.337340 -1.332124
v 0.071537 5.366402 -0.836422
v 0.079862 5.436465 -0.337449
v 0.093013 5.509518 0.099794
v 0.118778 5.541470 0.557237
v 0.109903 5.521764 0.907203
v 0.195453 5.815168 1.223557
v 0.118197 5.829550 0.649094
v 0.092407 5.790739 0.126731
v 0.079607 5.718688 -0.328889
v 0.071176 5.648706 -0.838824
v 0.064136 5.619727 -1.337845
v -0.006656 5.338649 -1.331458
v -0.016309 5.367390 -0.836580
v -0.016529 5.436867 -0.336265
v -0.010238 5.509532 0.102789
v -0.029565 5.544038 0.578974
v 0.008529 5.523365 0.908914
v -0.037731 5.812953 1.233520
v -0.029835 5.825947 0.655660
v -0.010832 5.787166 0.129142
v -0.016765 5.715476 -0.328106
v -0.016633 5.646129 -0.838551
v -0.006536 5.617465 -1.336973
v 0.188728 5.319312 -1.335464
v 0.245532 5.351115 -0.814646
v 0.270685 5.425605 -0.348858
v 0.297325 5.503902 0.123718
v 0.379777 5.543637 0.539154
v 0.425217 5.522588 1.447607
v 0.438176 5.853251 1.520163
v 0.388141 5.875008 0.595542
v 0.296481 5.834538 0.126221
v 0.270427 5.756951 -0.345706
v 0.245167 5.682936 -0.817287
v 0.188880 5.651200 -1.341831
v -0.099295 5.319360 -1.332236
v -0.146829 5.350686 -0.808594
v -0.159873 5.424588 -0.341526
v -0.163874 5.502962 0.131090
v -0.242348 5.542451 0.558000
v -0.261530 5.521060 1.477488
v -0.272714 5.851661 1.550767
v -0.249389 5.873734 0.615088
v -0.164707 5.833590 0.134957
v -0.160142 5.755941 -0.338899
v -0.147196 5.682519 -0.811190
v -0.099139 5.651260 -1.338540
vt 0.375000 0.000000
vt 0.500000 0.000000
vt 0.625000 0.000000
vt 0.375000 0.250000
vt 0.500000 0.250000
vt 0.625000 0.250000
vt 0.375000 0.291667
vt 0.500000 0.291667
vt 0.625000 0.291667
vt 0.375000 0.333333
vt 0.500000 0.333333
vt 0.625000 0.333333
vt 0.375000 0.375000
vt 0.500000 0.375000
vt 0.625000 0.375000
vt 0.375000 0.416667
vt 0.500000 0.416667
vt 0.625000 0.416667
vt 0.375000 0.458333
vt 0.500000 0.458333
vt 0.625000 0.458333
vt 0.391624 0.500000
vt 0.490889 0.500000
vt 0.580694 0.500000
vt 0.391624 0.750000
vt 0.490889 0.750000
vt 0.580694 0.750000
vt 0.375000 0.791667
vt 0.500000 0.791667
vt 0.625000 0.791667
vt 0.375000 0.833333
vt 0.500000 0.833333
vt 0.625000 0.833333
vt 0.375000 0.875000
vt 0.500000 0.875000
vt 0.625000 0.875000
vt 0.375000 0.916667
vt 0.500000 0.916667
vt 0.625000 0.916667
vt 0.375000 0.958333
vt 0.500000 0.958333
vt 0.625000 0.958333
vt 0.375000 1.000000
vt 0.500000 1.000000
vt 0.625000 1.000000
vt 0.875000 0.125000
vt 0.833333 0.000000
vt 0.791667 0.000000
vt 0.750000 0.000000
vt 0.708333 0.000000
vt 0.666667 0.000000
vt 0.833333 0.250000
vt 0.791667 0.250000
vt 0.750000 0.250000
vt 0.708333 0.250000
vt 0.666667 0.250000
vt 0.125000 0.125000
vt 0.166667 0.000000
vt 0.208333 0.000000
vt 0.250000 0.000000
vt 0.291667 0.000000
vt 0.333333 0.000000
vt 0.166667 0.250000
vt 0.208333 0.250000
vt 0.250000 0.250000
vt 0.291667 0.250000
vt 0.333333 0.250000
vt 0.521206 0.791667
vt 0.521206 0.833333
vt 0.521206 0.875000
vt 0.521206 0.916667
vt 0.521206 0.958333
vt 0.521206 0.000000
vt 0.521206 1.000000
vt 0.521206 0.250000
vt 0.521206 0.291667
vt 0.521206 0.333333
vt 0.521206 0.375000
vt 0.521206 0.416667
vt 0.521206 0.458333
vt 0.481779 0.791667
vt 0.481779 0.833333
vt 0.481779 0.875000
vt 0.481779 0.916667
vt 0.481779 0.958333
vt 0.481779 0.000000
vt 0.481779 1.000000
vt 0.481779 0.250000
vt 0.481779 0.291667
vt 0.481779 0.333333
vt 0.481779 0.375000
vt 0.481779 0.416667
vt 0.481779 0.458333
vt 0.595875 0.791667
vt 0.595875 0.833333
vt 0.595875 0.875000
vt 0.595875 0.916667
vt 0.595875 0.958333
vt 0.595875 0.000000
vt 0.595875 1.000000
vt 0.595875 0.250000
vt 0.595875 0.291667
vt 0.595875 0.333333
vt 0.595875 0.375000
vt 0.595875 0.416667
vt 0.595875 0.458333
vt 0.408247 0.791667
vt 0.408247 0.833333
vt 0.408247 0.875000
vt 0.408247 0.916667
vt 0.408247 0.958333
vt 0.408247 0.000000
vt 0.408247 1.000000
vt 0.408247 0.250000
vt 0.408247 0.291667
vt 0.408247 0.333333
vt 0.408247 0.375000
vt 0.408247 0.416667
vt 0.408247 0.458333
vn -0.862330 -0.164894 0.478746
vn 0.618670 -0.321681 0.716776
vn 0.602772 -0.325858 0.728342
vn -0.862330 -0.164894 0.478746
vn 0.022116 -0.364611 0.930897
vn -0.891005 -0.148461 0.429033
vn -0.825146 -0.202476 0.527387
vn 0.023404 -0.364639 0.930855
vn -0.087978 0.995842 0.023640
vn 0.129153 0.991277 0.026246
vn 0.132701 0.991140 -0.005705
vn -0.047847 0.998259 -0.034486
vn -0.005752 0.998032 0.062449
vn -0.182258 0.982460 0.039418
vn -0.231062 0.972920 0.006020
vn -0.033607 0.999394 0.009023
vn 0.163832 0.980799 -0.105796
vn -0.012233 0.991480 -0.129687
vn -0.260820 0.960845 -0.093540
vn -0.033131 0.994312 -0.101222
vn 0.143295 0.977992 -0.151654
vn -0.010430 0.987500 -0.157271
vn -0.262192 0.955141 -0.137701
vn -0.031681 0.989637 -0.140055
vn 0.147642 0.983536 -0.104209
vn -0.006087 0.993620 -0.112612
vn -0.265497 0.959969 -0.089284
vn -0.027030 0.995614 -0.089571
vn 0.165679 0.979303 -0.116263
vn -0.001082 0.992526 -0.122029
vn -0.284830 0.951663 -0.114932
vn -0.032001 0.991987 -0.122218
vn -0.017168 0.962698 -0.270033
vn -0.010850 -0.975062 -0.221669
vn 0.095902 -0.995106 -0.023833
vn 0.005225 -0.999880 -0.014589
vn -0.161051 -0.986603 -0.026010
vn -0.016547 -0.999280 -0.034132
vn 0.075034 -0.990719 0.113338
vn 0.005772 -0.993425 0.114342
vn -0.122538 -0.986501 0.108632
vn -0.012005 -0.995385 0.095204
vn 0.057916 -0.985948 0.156691
vn 0.014617 -0.987288 0.158271
vn -0.077202 -0.984527 0.157312
vn -0.002438 -0.989019 0.147770
vn 0.035588 -0.991559 0.124675
vn 0.022291 -0.989882 0.140134
vn -0.033243 -0.991719 0.124050
vn -0.001348 -0.994115 0.108317
vn 0.027259 -0.999620 0.004064
vn 0.035504 -0.995424 0.088718
vn 0.016249 -0.999824 0.009333
vn -0.010076 -0.999818 0.016215
vn 0.007091 -0.999513 -0.030374
vn 0.164184 -0.986268 -0.017856
vn 0.034974 -0.998822 -0.033636
vn -0.023413 -0.997788 -0.062215
vn 0.975826 -0.003371 -0.218524
vn 0.945601 -0.006463 -0.325264
vn 0.976421 -0.003294 -0.215850
vn 0.991705 -0.000480 -0.128534
vn 0.992439 -0.000269 -0.122742
vn 0.997292 0.001538 -0.073535
vn 0.997345 0.001569 -0.072801
vn 0.999322 -0.028576 -0.023237
vn 0.999319 -0.033255 -0.015992
vn 0.993754 -0.087173 -0.069674
vn 0.991753 -0.090497 -0.090754
vn 0.985259 -0.098143 -0.140115
vn 0.985259 -0.098143 -0.140115
vn -0.915369 -0.007025 -0.402554
vn -0.970966 -0.003947 -0.239185
vn -0.971949 -0.003871 -0.235159
vn -0.993710 -0.001711 -0.111974
vn -0.994433 -0.001609 -0.105360
vn -0.999187 -0.001350 -0.040292
vn -0.999293 -0.001488 -0.037576
vn -0.999125 -0.039439 0.013931
vn -0.998784 -0.045033 0.020074
vn -0.994219 -0.104238 -0.025738
vn -0.993262 -0.107172 -0.044106
vn -0.989631 -0.113955 -0.087430
vn -0.989631 -0.113955 -0.087430
vn -0.081141 -0.996385 -0.025153
vn -0.057626 -0.991722 0.114750
vn -0.040415 -0.986493 0.158742
vn -0.020283 -0.992000 0.124598
vn -0.014164 -0.999893 0.003677
vn 0.003461 -0.999547 -0.029907
vn -0.535205 -0.300938 0.789299
vn -0.557343 -0.296119 0.775682
vn -0.115642 0.993290 -0.001508
vn -0.113043 0.992999 0.034267
vn -0.142529 0.984271 -0.104385
vn -0.128118 0.980582 -0.148473
vn -0.128526 0.986232 -0.104059
vn -0.144287 0.982028 -0.121661
vn 0.167074 -0.985714 -0.021328
vn 0.132463 -0.985646 0.104670
vn 0.087884 -0.984412 0.152345
vn 0.040993 -0.992113 0.118451
vn -0.011606 -0.999904 0.007533
vn -0.029553 -0.998983 -0.034067
vn 0.852994 -0.227155 0.469895
vn 0.901647 -0.190037 0.388482
vn 0.224927 0.974370 -0.003301
vn 0.204794 0.978423 0.027349
vn 0.251432 0.962903 -0.097976
vn 0.258909 0.955229 -0.143189
vn 0.263904 0.960400 -0.089373
vn 0.291384 0.951246 -0.101126
vn -0.004181 -0.999819 -0.018554
vn 0.000330 -0.993276 0.115769
vn -0.005273 -0.987174 0.159560
vn -0.011723 -0.989789 0.142059
vn -0.020364 -0.995382 0.093813
vn -0.149044 -0.988746 -0.012928
vn 0.847057 -0.176968 0.501175
vn 0.847057 -0.176968 0.501175
vn 0.083199 0.996336 0.019815
vn 0.038873 0.998485 -0.038944
vn 0.002238 0.991230 -0.132129
vn 0.001211 0.987370 -0.158427
vn 0.000096 0.993492 -0.113905
vn -0.002981 0.991893 -0.127045
s 1
g pasted__Tongue pasted__Tongue group1
f 3575/3288/7661 3653/3399/7662 3654/3401/7663 3578/3291/7664
f 3576/3289/7665 3617/3360/7666 3618/3362/7667 3579/3292/7668
s 3
f 3578/3291/7669 3654/3401/7670 3655/3402/7671 3581/3294/7672
f 3579/3292/7673 3618/3362/7674 3619/3363/7675 3582/3295/7676
f 3581/3294/7672 3655/3402/7671 3656/3403/7677 3584/3297/7678
f 3582/3295/7676 3619/3363/7675 3620/3364/7679 3585/3298/7680
f 3584/3297/7678 3656/3403/7677 3657/3404/7681 3587/3300/7682
f 3585/3298/7680 3620/3364/7679 3621/3365/7683 3588/3301/7684
f 3587/3300/7682 3657/3404/7681 3658/3405/7685 3590/3303/7686
f 3588/3301/7684 3621/3365/7683 3622/3366/7687 3591/3304/7688
f 3590/3303/7686 3658/3405/7685 3659/3406/7689 3593/3306/7690
f 3591/3304/7688 3622/3366/7687 3623/3367/7691 3594/3307/7692
f 3593/3306/7690 3659/3406/7689 3596/3309/7693
f 3594/3307/7692 3623/3367/7691 3596/3311/7693
s 5
f 3596/3312/7694 3648/3394/7695 3597/3315/7696
f 3596/3313/7694 3612/3355/7697 3598/3316/7698
f 3597/3315/7696 3648/3394/7695 3649/3395/7699 3600/3318/7700
f 3598/3316/7698 3612/3355/7697 3613/3356/7701 3601/3319/7702
f 3600/3318/7700 3649/3395/7699 3650/3396/7703 3603/3321/7704
f 3601/3319/7702 3613/3356/7701 3614/3357/7705 3604/3322/7706
f 3603/3321/7704 3650/3396/7703 3651/3397/7707 3606/3324/7708
f 3604/3322/7706 3614/3357/7705 3615/3358/7709 3607/3325/7710
f 3606/3324/7708 3651/3397/7707 3652/3398/7711 3609/3327/7712
f 3607/3325/7710 3615/3358/7709 3616/3359/7713 3610/3328/7714
f 3609/3327/7712 3652/3398/7711 3653/3400/7715 3575/3330/7716
f 3610/3328/7714 3616/3359/7713 3617/3361/7717 3576/3331/7718
s 7
f 3599/3334/7719 3596/3333/7720 3595/3339/7721
f 3602/3335/7722 3599/3334/7719 3595/3339/7721 3592/3340/7723
f 3605/3336/7724 3602/3335/7722 3592/3340/7723 3589/3341/7725
f 3608/3337/7726 3605/3336/7724 3589/3341/7725 3586/3342/7727
f 3611/3338/7728 3608/3337/7726 3586/3342/7727 3583/3343/7729
f 3577/3290/7730 3611/3338/7728 3583/3343/7729 3580/3293/7731
s 8
f 3596/3344/7732 3597/3345/7733 3593/3350/7734
f 3597/3345/7733 3600/3346/7735 3590/3351/7736 3593/3350/7734
f 3600/3346/7735 3603/3347/7737 3587/3352/7738 3590/3351/7736
f 3603/3347/7737 3606/3348/7739 3584/3353/7740 3587/3352/7738
f 3606/3348/7739 3609/3349/7741 3581/3354/7742 3584/3353/7740
f 3609/3349/7741 3575/3288/7743 3578/3291/7744 3581/3354/7742
s 5
f 3636/3381/7745 3612/3355/7697 3596/3314/7694
f 3637/3382/7746 3613/3356/7701 3612/3355/7697 3636/3381/7745
f 3638/3383/7747 3614/3357/7705 3613/3356/7701 3637/3382/7746
f 3639/3384/7748 3615/3358/7709 3614/3357/7705 3638/3383/7747
f 3640/3385/7749 3616/3359/7713 3615/3358/7709 3639/3384/7748
f 3641/3387/7750 3617/3361/7717 3616/3359/7713 3640/3385/7749
s 1
f 3642/3388/7751 3618/3362/7667 3617/3360/7666 3641/3386/7752
s 3
f 3643/3389/7753 3619/3363/7675 3618/3362/7674 3642/3388/7754
f 3644/3390/7755 3620/3364/7679 3619/3363/7675 3643/3389/7753
f 3645/3391/7756 3621/3365/7683 3620/3364/7679 3644/3390/7755
f 3646/3392/7757 3622/3366/7687 3621/3365/7683 3645/3391/7756
f 3647/3393/7758 3623/3367/7691 3622/3366/7687 3646/3392/7757
f 3596/3311/7693 3623/3367/7691 3647/3393/7758
s 5
f 3596/3313/7694 3598/3316/7698 3624/3368/7759
f 3625/3369/7760 3624/3368/7759 3598/3316/7698 3601/3319/7702
f 3626/3370/7761 3625/3369/7760 3601/3319/7702 3604/3322/7706
f 3627/3371/7762 3626/3370/7761 3604/3322/7706 3607/3325/7710
f 3628/3372/7763 3627/3371/7762 3607/3325/7710 3610/3328/7714
f 3629/3374/7764 3628/3372/7763 3610/3328/7714 3576/3331/7718
s 1
f 3630/3375/7765 3629/3373/7766 3576/3289/7665 3579/3292/7668
s 3
f 3631/3376/7767 3630/3375/7768 3579/3292/7673 3582/3295/7676
f 3632/3377/7769 3631/3376/7767 3582/3295/7676 3585/3298/7680
f 3633/3378/7770 3632/3377/7769 3585/3298/7680 3588/3301/7684
f 3634/3379/7771 3633/3378/7770 3588/3301/7684 3591/3304/7688
f 3635/3380/7772 3634/3379/7771 3591/3304/7688 3594/3307/7692
f 3596/3310/7693 3635/3380/7772 3594/3307/7692
s 5
f 3596/3314/7694 3599/3317/7773 3636/3381/7745
f 3637/3382/7746 3636/3381/7745 3599/3317/7773 3602/3320/7774
f 3638/3383/7747 3637/3382/7746 3602/3320/7774 3605/3323/7775
f 3639/3384/7748 3638/3383/7747 3605/3323/7775 3608/3326/7776
f 3640/3385/7749 3639/3384/7748 3608/3326/7776 3611/3329/7777
f 3641/3387/7750 3640/3385/7749 3611/3329/7777 3577/3332/7778
s 1
f 3642/3388/7751 3641/3386/7752 3577/3290/7779 3580/3293/7780
s 3
f 3643/3389/7753 3642/3388/7754 3580/3293/7781 3583/3296/7782
f 3644/3390/7755 3643/3389/7753 3583/3296/7782 3586/3299/7783
f 3645/3391/7756 3644/3390/7755 3586/3299/7783 3589/3302/7784
f 3646/3392/7757 3645/3391/7756 3589/3302/7784 3592/3305/7785
f 3647/3393/7758 3646/3392/7757 3592/3305/7785 3595/3308/7786
f 3596/3311/7693 3647/3393/7758 3595/3308/7786
s 5
f 3624/3368/7759 3648/3394/7695 3596/3312/7694
f 3625/3369/7760 3649/3395/7699 3648/3394/7695 3624/3368/7759
f 3626/3370/7761 3650/3396/7703 3649/3395/7699 3625/3369/7760
f 3627/3371/7762 3651/3397/7707 3650/3396/7703 3626/3370/7761
f 3628/3372/7763 3652/3398/7711 3651/3397/7707 3627/3371/7762
f 3629/3374/7764 3653/3400/7715 3652/3398/7711 3628/3372/7763
s 1
f 3630/3375/7765 3654/3401/7663 3653/3399/7662 3629/3373/7766
s 3
f 3631/3376/7767 3655/3402/7671 3654/3401/7670 3630/3375/7768
f 3632/3377/7769 3656/3403/7677 3655/3402/7671 3631/3376/7767
f 3633/3378/7770 3657/3404/7681 3656/3403/7677 3632/3377/7769
f 3634/3379/7771 3658/3405/7685 3657/3404/7681 3633/3378/7770
f 3635/3380/7772 3659/3406/7689 3658/3405/7685 3634/3379/7771
f 3596/3310/7693 3659/3406/7689 3635/3380/7772
